
 /----------------------------------------------------------------------------\
 |                                                                            |
 |  yosys -- Yosys Open SYnthesis Suite                                       |
 |                                                                            |
 |  Copyright (C) 2012 - 2020  Claire Xenia Wolf <claire@yosyshq.com>         |
 |                                                                            |
 |  Permission to use, copy, modify, and/or distribute this software for any  |
 |  purpose with or without fee is hereby granted, provided that the above    |
 |  copyright notice and this permission notice appear in all copies.         |
 |                                                                            |
 |  THE SOFTWARE IS PROVIDED "AS IS" AND THE AUTHOR DISCLAIMS ALL WARRANTIES  |
 |  WITH REGARD TO THIS SOFTWARE INCLUDING ALL IMPLIED WARRANTIES OF          |
 |  MERCHANTABILITY AND FITNESS. IN NO EVENT SHALL THE AUTHOR BE LIABLE FOR   |
 |  ANY SPECIAL, DIRECT, INDIRECT, OR CONSEQUENTIAL DAMAGES OR ANY DAMAGES    |
 |  WHATSOEVER RESULTING FROM LOSS OF USE, DATA OR PROFITS, WHETHER IN AN     |
 |  ACTION OF CONTRACT, NEGLIGENCE OR OTHER TORTIOUS ACTION, ARISING OUT OF   |
 |  OR IN CONNECTION WITH THE USE OR PERFORMANCE OF THIS SOFTWARE.            |
 |                                                                            |
 \----------------------------------------------------------------------------/

 Yosys 0.33 (git sha1 2584903a060)


-- Executing script file `synth.ys' --

1. Executing Liberty frontend: /opt/sky130_sram_macros/sky130_sram_2kbyte_1rw1r_32x512_8/sky130_sram_2kbyte_1rw1r_32x512_8_TT_1p8V_25C.lib
Imported 1 cell types from liberty file.

2. Executing Verilog-2005 frontend: ../../rtl/spark_core.v
Parsing SystemVerilog input from `../../rtl/spark_core.v' to AST representation.
Generating RTLIL representation for module `\spark_core'.
Warning: Replacing memory \s_ra with list of registers. See ../../rtl/spark_core.v:289
Warning: Replacing memory \s_wd with list of registers. See ../../rtl/spark_core.v:289
Warning: Replacing memory \s_wa with list of registers. See ../../rtl/spark_core.v:289
Warning: Replacing memory \s_we with list of registers. See ../../rtl/spark_core.v:289
Warning: Replacing memory \h_ra with list of registers. See ../../rtl/spark_core.v:288
Warning: Replacing memory \h_wd with list of registers. See ../../rtl/spark_core.v:288
Warning: Replacing memory \h_wa with list of registers. See ../../rtl/spark_core.v:288
Warning: Replacing memory \h_we with list of registers. See ../../rtl/spark_core.v:288
Warning: Replacing memory \sn_ra with list of registers. See ../../rtl/spark_core.v:285
Warning: Replacing memory \sn_wd with list of registers. See ../../rtl/spark_core.v:285
Warning: Replacing memory \sn_wa with list of registers. See ../../rtl/spark_core.v:285
Warning: Replacing memory \sn_we with list of registers. See ../../rtl/spark_core.v:285
Warning: Replacing memory \acc_ra with list of registers. See ../../rtl/spark_core.v:284
Warning: Replacing memory \acc_wd with list of registers. See ../../rtl/spark_core.v:284
Warning: Replacing memory \acc_wa with list of registers. See ../../rtl/spark_core.v:284
Warning: Replacing memory \acc_we with list of registers. See ../../rtl/spark_core.v:284
Warning: Replacing memory \vlat with list of registers. See ../../rtl/spark_core.v:208
Successfully finished Verilog frontend.

3. Executing Verilog-2005 frontend: ../spark_mem_sky130.v
Parsing SystemVerilog input from `../spark_mem_sky130.v' to AST representation.
Generating RTLIL representation for module `\sram_array'.
Generating RTLIL representation for module `\spark_bram'.
Generating RTLIL representation for module `\spark_spram'.
Successfully finished Verilog frontend.

4. Executing Verilog-2005 frontend: ../spark_ram_asic.v
Parsing SystemVerilog input from `../spark_ram_asic.v' to AST representation.
Generating RTLIL representation for module `\spark_ram'.
Successfully finished Verilog frontend.

5. Executing HIERARCHY pass (managing design hierarchy).

5.1. Analyzing design hierarchy..
Top module:  \spark_core
Used module:     \spark_spram
Used module:         \sram_array
Used module:     \spark_ram
Used module:     \spark_bram
Parameter 1 (\W) = 10
Parameter 2 (\DEPTH) = 1024
Parameter 3 (\AW) = 10

5.2. Executing AST frontend in derive mode using pre-parsed AST for module `\spark_spram'.
Parameter 1 (\W) = 10
Parameter 2 (\DEPTH) = 1024
Parameter 3 (\AW) = 10
Generating RTLIL representation for module `$paramod$4d3c4ff6ab1be9973e955659d38e203320f28619\spark_spram'.
Parameter 1 (\W) = 33
Parameter 2 (\DEPTH) = 1024
Parameter 3 (\AW) = 10

5.3. Executing AST frontend in derive mode using pre-parsed AST for module `\spark_spram'.
Parameter 1 (\W) = 33
Parameter 2 (\DEPTH) = 1024
Parameter 3 (\AW) = 10
Generating RTLIL representation for module `$paramod$8f93e5a50923ff060caee78116dfcb18e6d470aa\spark_spram'.
Parameter 1 (\W) = 32
Parameter 2 (\DEPTH) = 16
Parameter 3 (\AW) = 6

5.4. Executing AST frontend in derive mode using pre-parsed AST for module `\spark_ram'.
Parameter 1 (\W) = 32
Parameter 2 (\DEPTH) = 16
Parameter 3 (\AW) = 6
Generating RTLIL representation for module `$paramod$bcf365f4146dd7b8dd7973b9792131c6e19538bf\spark_ram'.
Parameter 1 (\W) = 32
Parameter 2 (\DEPTH) = 16
Parameter 3 (\AW) = 6
Found cached RTLIL representation for module `$paramod$bcf365f4146dd7b8dd7973b9792131c6e19538bf\spark_ram'.
Parameter 1 (\W) = 32
Parameter 2 (\DEPTH) = 16
Parameter 3 (\AW) = 6
Found cached RTLIL representation for module `$paramod$bcf365f4146dd7b8dd7973b9792131c6e19538bf\spark_ram'.
Parameter 1 (\W) = 32
Parameter 2 (\DEPTH) = 24
Parameter 3 (\AW) = 6

5.5. Executing AST frontend in derive mode using pre-parsed AST for module `\spark_ram'.
Parameter 1 (\W) = 32
Parameter 2 (\DEPTH) = 24
Parameter 3 (\AW) = 6
Generating RTLIL representation for module `$paramod$5ef048927887dab421ae4d77be9d31047db88ca2\spark_ram'.
Parameter 1 (\W) = 32
Parameter 2 (\DEPTH) = 16
Parameter 3 (\AW) = 6
Found cached RTLIL representation for module `$paramod$bcf365f4146dd7b8dd7973b9792131c6e19538bf\spark_ram'.
Parameter 1 (\W) = 32
Parameter 2 (\DEPTH) = 16
Parameter 3 (\AW) = 6
Found cached RTLIL representation for module `$paramod$bcf365f4146dd7b8dd7973b9792131c6e19538bf\spark_ram'.
Parameter 1 (\W) = 128
Parameter 2 (\DEPTH) = 16
Parameter 3 (\AW) = 6

5.6. Executing AST frontend in derive mode using pre-parsed AST for module `\spark_ram'.
Parameter 1 (\W) = 128
Parameter 2 (\DEPTH) = 16
Parameter 3 (\AW) = 6
Generating RTLIL representation for module `$paramod$b60b308f1fe104c2737e410a4ba6465ac6270627\spark_ram'.
Parameter 1 (\W) = 128
Parameter 2 (\DEPTH) = 16
Parameter 3 (\AW) = 6
Found cached RTLIL representation for module `$paramod$b60b308f1fe104c2737e410a4ba6465ac6270627\spark_ram'.
Parameter 1 (\W) = 128
Parameter 2 (\DEPTH) = 32
Parameter 3 (\AW) = 6

5.7. Executing AST frontend in derive mode using pre-parsed AST for module `\spark_ram'.
Parameter 1 (\W) = 128
Parameter 2 (\DEPTH) = 32
Parameter 3 (\AW) = 6
Generating RTLIL representation for module `$paramod$3cd4f12c67766e10179630e6778f5a719138134d\spark_ram'.
Parameter 1 (\W) = 128
Parameter 2 (\DEPTH) = 32
Parameter 3 (\AW) = 6
Found cached RTLIL representation for module `$paramod$3cd4f12c67766e10179630e6778f5a719138134d\spark_ram'.
Parameter 1 (\W) = 128
Parameter 2 (\DEPTH) = 16
Parameter 3 (\AW) = 6
Found cached RTLIL representation for module `$paramod$b60b308f1fe104c2737e410a4ba6465ac6270627\spark_ram'.
Parameter 1 (\W) = 128
Parameter 2 (\DEPTH) = 16
Parameter 3 (\AW) = 6
Found cached RTLIL representation for module `$paramod$b60b308f1fe104c2737e410a4ba6465ac6270627\spark_ram'.
Parameter 1 (\W) = 32
Parameter 2 (\DEPTH) = 4096
Parameter 3 (\AW) = 12
Parameter 4 (\INIT) = 48'011101110011001100101110011010000110010101111000

5.8. Executing AST frontend in derive mode using pre-parsed AST for module `\spark_bram'.
Parameter 1 (\W) = 32
Parameter 2 (\DEPTH) = 4096
Parameter 3 (\AW) = 12
Parameter 4 (\INIT) = 48'011101110011001100101110011010000110010101111000
Generating RTLIL representation for module `$paramod$65bb511039255751eac159e7db0d031ba93508a5\spark_bram'.
Parameter 1 (\W) = 32
Parameter 2 (\DEPTH) = 4096
Parameter 3 (\AW) = 12
Parameter 4 (\INIT) = 48'011101110011001000101110011010000110010101111000

5.9. Executing AST frontend in derive mode using pre-parsed AST for module `\spark_bram'.
Parameter 1 (\W) = 32
Parameter 2 (\DEPTH) = 4096
Parameter 3 (\AW) = 12
Parameter 4 (\INIT) = 48'011101110011001000101110011010000110010101111000
Generating RTLIL representation for module `$paramod$dbbf05626a65085e653cdb145c977d1230a96f2f\spark_bram'.
Parameter 1 (\W) = 32
Parameter 2 (\DEPTH) = 2048
Parameter 3 (\AW) = 12
Parameter 4 (\INIT) = 48'011101110011000100101110011010000110010101111000

5.10. Executing AST frontend in derive mode using pre-parsed AST for module `\spark_bram'.
Parameter 1 (\W) = 32
Parameter 2 (\DEPTH) = 2048
Parameter 3 (\AW) = 12
Parameter 4 (\INIT) = 48'011101110011000100101110011010000110010101111000
Generating RTLIL representation for module `$paramod$d9ab2efa7eea0d192502537985c8f7561002c9b0\spark_bram'.
Parameter 1 (\W) = 128
Parameter 2 (\DEPTH) = 16
Parameter 3 (\AW) = 6
Parameter 4 (\INIT) = 56'01110100011010000011000100101110011010000110010101111000

5.11. Executing AST frontend in derive mode using pre-parsed AST for module `\spark_ram'.
Parameter 1 (\W) = 128
Parameter 2 (\DEPTH) = 16
Parameter 3 (\AW) = 6
Parameter 4 (\INIT) = 56'01110100011010000011000100101110011010000110010101111000
Generating RTLIL representation for module `$paramod$429c1f82066657abfcb96a496d5ead908f1f3b7c\spark_ram'.
Parameter 1 (\W) = 128
Parameter 2 (\DEPTH) = 16
Parameter 3 (\AW) = 6
Parameter 4 (\INIT) = 56'01110100011010000011000000101110011010000110010101111000

5.12. Executing AST frontend in derive mode using pre-parsed AST for module `\spark_ram'.
Parameter 1 (\W) = 128
Parameter 2 (\DEPTH) = 16
Parameter 3 (\AW) = 6
Parameter 4 (\INIT) = 56'01110100011010000011000000101110011010000110010101111000
Generating RTLIL representation for module `$paramod$a80fd39dadfcac33f5f91ba005c92717acda455a\spark_ram'.
Parameter 1 (\W) = 32
Parameter 2 (\DEPTH) = 3072
Parameter 3 (\AW) = 12
Parameter 4 (\INIT) = 48'011101110011000000101110011010000110010101111000

5.13. Executing AST frontend in derive mode using pre-parsed AST for module `\spark_bram'.
Parameter 1 (\W) = 32
Parameter 2 (\DEPTH) = 3072
Parameter 3 (\AW) = 12
Parameter 4 (\INIT) = 48'011101110011000000101110011010000110010101111000
Generating RTLIL representation for module `$paramod$6af0f02836453051d3d8ffed61fa77235a0a147a\spark_bram'.
Parameter 1 (\W) = 32
Parameter 2 (\DEPTH) = 2048
Parameter 3 (\AW) = 12
Parameter 4 (\INIT) = 64'0110010101101101011000100011001000101110011010000110010101111000

5.14. Executing AST frontend in derive mode using pre-parsed AST for module `\spark_bram'.
Parameter 1 (\W) = 32
Parameter 2 (\DEPTH) = 2048
Parameter 3 (\AW) = 12
Parameter 4 (\INIT) = 64'0110010101101101011000100011001000101110011010000110010101111000
Generating RTLIL representation for module `$paramod$c400bcddbad704c723253f185e204a10552e06d7\spark_bram'.
Parameter 1 (\W) = 32
Parameter 2 (\DEPTH) = 2048
Parameter 3 (\AW) = 12
Parameter 4 (\INIT) = 64'0110010101101101011000100011000100101110011010000110010101111000

5.15. Executing AST frontend in derive mode using pre-parsed AST for module `\spark_bram'.
Parameter 1 (\W) = 32
Parameter 2 (\DEPTH) = 2048
Parameter 3 (\AW) = 12
Parameter 4 (\INIT) = 64'0110010101101101011000100011000100101110011010000110010101111000
Generating RTLIL representation for module `$paramod$5ee7912e9d6f13c8ac6d054bdcd9f41199fbdf36\spark_bram'.
Parameter 1 (\W) = 32
Parameter 2 (\DEPTH) = 2048
Parameter 3 (\AW) = 12
Parameter 4 (\INIT) = 56'01100101011011010110001000101110011010000110010101111000

5.16. Executing AST frontend in derive mode using pre-parsed AST for module `\spark_bram'.
Parameter 1 (\W) = 32
Parameter 2 (\DEPTH) = 2048
Parameter 3 (\AW) = 12
Parameter 4 (\INIT) = 56'01100101011011010110001000101110011010000110010101111000
Generating RTLIL representation for module `$paramod$993060fb790aecc93c4c127468665a67bf1ba400\spark_bram'.
Reprocessing module spark_core because instantiated module spark_ram has become available.
Generating RTLIL representation for module `\spark_core'.
Warning: Replacing memory \s_ra with list of registers. See ../../rtl/spark_core.v:289
Warning: Replacing memory \s_wd with list of registers. See ../../rtl/spark_core.v:289
Warning: Replacing memory \s_wa with list of registers. See ../../rtl/spark_core.v:289
Warning: Replacing memory \s_we with list of registers. See ../../rtl/spark_core.v:289
Warning: Replacing memory \h_ra with list of registers. See ../../rtl/spark_core.v:288
Warning: Replacing memory \h_wd with list of registers. See ../../rtl/spark_core.v:288
Warning: Replacing memory \h_wa with list of registers. See ../../rtl/spark_core.v:288
Warning: Replacing memory \h_we with list of registers. See ../../rtl/spark_core.v:288
Warning: Replacing memory \sn_ra with list of registers. See ../../rtl/spark_core.v:285
Warning: Replacing memory \sn_wd with list of registers. See ../../rtl/spark_core.v:285
Warning: Replacing memory \sn_wa with list of registers. See ../../rtl/spark_core.v:285
Warning: Replacing memory \sn_we with list of registers. See ../../rtl/spark_core.v:285
Warning: Replacing memory \acc_ra with list of registers. See ../../rtl/spark_core.v:284
Warning: Replacing memory \acc_wd with list of registers. See ../../rtl/spark_core.v:284
Warning: Replacing memory \acc_wa with list of registers. See ../../rtl/spark_core.v:284
Warning: Replacing memory \acc_we with list of registers. See ../../rtl/spark_core.v:284
Warning: Replacing memory \vlat with list of registers. See ../../rtl/spark_core.v:208
Parameter \W = 64
Parameter \DEPTH = 16
Parameter \AW = 4

5.17. Executing AST frontend in derive mode using pre-parsed AST for module `\sram_array'.
Parameter \W = 64
Parameter \DEPTH = 16
Parameter \AW = 4
Generating RTLIL representation for module `$paramod$2ca8776e02014a553182cc1bde0189fec6e4293e\sram_array'.
../spark_mem_sky130.v:29: Warning: Range [8:0] select out of bounds on signal `\wa': Setting 5 MSB bits to undef.
../spark_mem_sky130.v:30: Warning: Range [8:0] select out of bounds on signal `\ra': Setting 5 MSB bits to undef.
../spark_mem_sky130.v:29: Warning: Range [8:0] select out of bounds on signal `\wa': Setting 5 MSB bits to undef.
../spark_mem_sky130.v:30: Warning: Range [8:0] select out of bounds on signal `\ra': Setting 5 MSB bits to undef.
Parameter \W = 64
Parameter \DEPTH = 16
Parameter \AW = 4
Found cached RTLIL representation for module `$paramod$2ca8776e02014a553182cc1bde0189fec6e4293e\sram_array'.

5.18. Analyzing design hierarchy..
Top module:  \spark_core
Used module:     \spark_spram
Used module:         $paramod$2ca8776e02014a553182cc1bde0189fec6e4293e\sram_array
Used module:     \spark_ram
Used module:     \spark_bram
Parameter 1 (\W) = 10
Parameter 2 (\DEPTH) = 1024
Parameter 3 (\AW) = 10
Found cached RTLIL representation for module `$paramod$4d3c4ff6ab1be9973e955659d38e203320f28619\spark_spram'.
Parameter 1 (\W) = 33
Parameter 2 (\DEPTH) = 1024
Parameter 3 (\AW) = 10
Found cached RTLIL representation for module `$paramod$8f93e5a50923ff060caee78116dfcb18e6d470aa\spark_spram'.
Parameter 1 (\W) = 32
Parameter 2 (\DEPTH) = 16
Parameter 3 (\AW) = 6
Found cached RTLIL representation for module `$paramod$bcf365f4146dd7b8dd7973b9792131c6e19538bf\spark_ram'.
Parameter 1 (\W) = 32
Parameter 2 (\DEPTH) = 16
Parameter 3 (\AW) = 6
Found cached RTLIL representation for module `$paramod$bcf365f4146dd7b8dd7973b9792131c6e19538bf\spark_ram'.
Parameter 1 (\W) = 32
Parameter 2 (\DEPTH) = 16
Parameter 3 (\AW) = 6
Found cached RTLIL representation for module `$paramod$bcf365f4146dd7b8dd7973b9792131c6e19538bf\spark_ram'.
Parameter 1 (\W) = 32
Parameter 2 (\DEPTH) = 24
Parameter 3 (\AW) = 6
Found cached RTLIL representation for module `$paramod$5ef048927887dab421ae4d77be9d31047db88ca2\spark_ram'.
Parameter 1 (\W) = 32
Parameter 2 (\DEPTH) = 16
Parameter 3 (\AW) = 6
Found cached RTLIL representation for module `$paramod$bcf365f4146dd7b8dd7973b9792131c6e19538bf\spark_ram'.
Parameter 1 (\W) = 32
Parameter 2 (\DEPTH) = 16
Parameter 3 (\AW) = 6
Found cached RTLIL representation for module `$paramod$bcf365f4146dd7b8dd7973b9792131c6e19538bf\spark_ram'.
Parameter 1 (\W) = 128
Parameter 2 (\DEPTH) = 16
Parameter 3 (\AW) = 6
Found cached RTLIL representation for module `$paramod$b60b308f1fe104c2737e410a4ba6465ac6270627\spark_ram'.
Parameter 1 (\W) = 128
Parameter 2 (\DEPTH) = 16
Parameter 3 (\AW) = 6
Found cached RTLIL representation for module `$paramod$b60b308f1fe104c2737e410a4ba6465ac6270627\spark_ram'.
Parameter 1 (\W) = 128
Parameter 2 (\DEPTH) = 32
Parameter 3 (\AW) = 6
Found cached RTLIL representation for module `$paramod$3cd4f12c67766e10179630e6778f5a719138134d\spark_ram'.
Parameter 1 (\W) = 128
Parameter 2 (\DEPTH) = 32
Parameter 3 (\AW) = 6
Found cached RTLIL representation for module `$paramod$3cd4f12c67766e10179630e6778f5a719138134d\spark_ram'.
Parameter 1 (\W) = 128
Parameter 2 (\DEPTH) = 16
Parameter 3 (\AW) = 6
Found cached RTLIL representation for module `$paramod$b60b308f1fe104c2737e410a4ba6465ac6270627\spark_ram'.
Parameter 1 (\W) = 128
Parameter 2 (\DEPTH) = 16
Parameter 3 (\AW) = 6
Found cached RTLIL representation for module `$paramod$b60b308f1fe104c2737e410a4ba6465ac6270627\spark_ram'.
Parameter 1 (\W) = 32
Parameter 2 (\DEPTH) = 4096
Parameter 3 (\AW) = 12
Parameter 4 (\INIT) = 48'011101110011001100101110011010000110010101111000
Found cached RTLIL representation for module `$paramod$65bb511039255751eac159e7db0d031ba93508a5\spark_bram'.
Parameter 1 (\W) = 32
Parameter 2 (\DEPTH) = 4096
Parameter 3 (\AW) = 12
Parameter 4 (\INIT) = 48'011101110011001000101110011010000110010101111000
Found cached RTLIL representation for module `$paramod$dbbf05626a65085e653cdb145c977d1230a96f2f\spark_bram'.
Parameter 1 (\W) = 32
Parameter 2 (\DEPTH) = 2048
Parameter 3 (\AW) = 12
Parameter 4 (\INIT) = 48'011101110011000100101110011010000110010101111000
Found cached RTLIL representation for module `$paramod$d9ab2efa7eea0d192502537985c8f7561002c9b0\spark_bram'.
Parameter 1 (\W) = 128
Parameter 2 (\DEPTH) = 16
Parameter 3 (\AW) = 6
Parameter 4 (\INIT) = 56'01110100011010000011000100101110011010000110010101111000
Found cached RTLIL representation for module `$paramod$429c1f82066657abfcb96a496d5ead908f1f3b7c\spark_ram'.
Parameter 1 (\W) = 128
Parameter 2 (\DEPTH) = 16
Parameter 3 (\AW) = 6
Parameter 4 (\INIT) = 56'01110100011010000011000000101110011010000110010101111000
Found cached RTLIL representation for module `$paramod$a80fd39dadfcac33f5f91ba005c92717acda455a\spark_ram'.
Parameter 1 (\W) = 32
Parameter 2 (\DEPTH) = 3072
Parameter 3 (\AW) = 12
Parameter 4 (\INIT) = 48'011101110011000000101110011010000110010101111000
Found cached RTLIL representation for module `$paramod$6af0f02836453051d3d8ffed61fa77235a0a147a\spark_bram'.
Parameter 1 (\W) = 32
Parameter 2 (\DEPTH) = 2048
Parameter 3 (\AW) = 12
Parameter 4 (\INIT) = 64'0110010101101101011000100011001000101110011010000110010101111000
Found cached RTLIL representation for module `$paramod$c400bcddbad704c723253f185e204a10552e06d7\spark_bram'.
Parameter 1 (\W) = 32
Parameter 2 (\DEPTH) = 2048
Parameter 3 (\AW) = 12
Parameter 4 (\INIT) = 64'0110010101101101011000100011000100101110011010000110010101111000
Found cached RTLIL representation for module `$paramod$5ee7912e9d6f13c8ac6d054bdcd9f41199fbdf36\spark_bram'.
Parameter 1 (\W) = 32
Parameter 2 (\DEPTH) = 2048
Parameter 3 (\AW) = 12
Parameter 4 (\INIT) = 56'01100101011011010110001000101110011010000110010101111000
Found cached RTLIL representation for module `$paramod$993060fb790aecc93c4c127468665a67bf1ba400\spark_bram'.

5.19. Analyzing design hierarchy..
Top module:  \spark_core
Used module:     $paramod$4d3c4ff6ab1be9973e955659d38e203320f28619\spark_spram
Used module:         \sram_array
Used module:     $paramod$8f93e5a50923ff060caee78116dfcb18e6d470aa\spark_spram
Used module:     $paramod$bcf365f4146dd7b8dd7973b9792131c6e19538bf\spark_ram
Used module:     $paramod$5ef048927887dab421ae4d77be9d31047db88ca2\spark_ram
Used module:     $paramod$b60b308f1fe104c2737e410a4ba6465ac6270627\spark_ram
Used module:     $paramod$3cd4f12c67766e10179630e6778f5a719138134d\spark_ram
Used module:     $paramod$65bb511039255751eac159e7db0d031ba93508a5\spark_bram
Used module:     $paramod$dbbf05626a65085e653cdb145c977d1230a96f2f\spark_bram
Used module:     $paramod$d9ab2efa7eea0d192502537985c8f7561002c9b0\spark_bram
Used module:     $paramod$429c1f82066657abfcb96a496d5ead908f1f3b7c\spark_ram
Used module:     $paramod$a80fd39dadfcac33f5f91ba005c92717acda455a\spark_ram
Used module:     $paramod$6af0f02836453051d3d8ffed61fa77235a0a147a\spark_bram
Used module:     $paramod$c400bcddbad704c723253f185e204a10552e06d7\spark_bram
Used module:     $paramod$5ee7912e9d6f13c8ac6d054bdcd9f41199fbdf36\spark_bram
Used module:     $paramod$993060fb790aecc93c4c127468665a67bf1ba400\spark_bram
Parameter \W = 10
Parameter \DEPTH = 1024
Parameter \AW = 10

5.20. Executing AST frontend in derive mode using pre-parsed AST for module `\sram_array'.
Parameter \W = 10
Parameter \DEPTH = 1024
Parameter \AW = 10
Generating RTLIL representation for module `$paramod$4d3c4ff6ab1be9973e955659d38e203320f28619\sram_array'.
Parameter \W = 33
Parameter \DEPTH = 1024
Parameter \AW = 10

5.21. Executing AST frontend in derive mode using pre-parsed AST for module `\sram_array'.
Parameter \W = 33
Parameter \DEPTH = 1024
Parameter \AW = 10
Generating RTLIL representation for module `$paramod$8f93e5a50923ff060caee78116dfcb18e6d470aa\sram_array'.
Parameter \W = 32
Parameter \DEPTH = 4096
Parameter \AW = 12

5.22. Executing AST frontend in derive mode using pre-parsed AST for module `\sram_array'.
Parameter \W = 32
Parameter \DEPTH = 4096
Parameter \AW = 12
Generating RTLIL representation for module `$paramod$0d0377702b2925ff4e344b2b32674ab0e09676c9\sram_array'.
Parameter \W = 32
Parameter \DEPTH = 4096
Parameter \AW = 12
Found cached RTLIL representation for module `$paramod$0d0377702b2925ff4e344b2b32674ab0e09676c9\sram_array'.
Parameter \W = 32
Parameter \DEPTH = 2048
Parameter \AW = 12

5.23. Executing AST frontend in derive mode using pre-parsed AST for module `\sram_array'.
Parameter \W = 32
Parameter \DEPTH = 2048
Parameter \AW = 12
Generating RTLIL representation for module `$paramod$a28ce1f40a247108f5837ac3d099bee74b2b0a07\sram_array'.
Parameter \W = 32
Parameter \DEPTH = 3072
Parameter \AW = 12

5.24. Executing AST frontend in derive mode using pre-parsed AST for module `\sram_array'.
Parameter \W = 32
Parameter \DEPTH = 3072
Parameter \AW = 12
Generating RTLIL representation for module `$paramod$5991bf1e7dfda537268c11f0f2f1f92d0f7b6ab2\sram_array'.
Parameter \W = 32
Parameter \DEPTH = 2048
Parameter \AW = 12
Found cached RTLIL representation for module `$paramod$a28ce1f40a247108f5837ac3d099bee74b2b0a07\sram_array'.
Parameter \W = 32
Parameter \DEPTH = 2048
Parameter \AW = 12
Found cached RTLIL representation for module `$paramod$a28ce1f40a247108f5837ac3d099bee74b2b0a07\sram_array'.
Parameter \W = 32
Parameter \DEPTH = 2048
Parameter \AW = 12
Found cached RTLIL representation for module `$paramod$a28ce1f40a247108f5837ac3d099bee74b2b0a07\sram_array'.

5.25. Analyzing design hierarchy..
Top module:  \spark_core
Used module:     $paramod$4d3c4ff6ab1be9973e955659d38e203320f28619\spark_spram
Used module:         $paramod$4d3c4ff6ab1be9973e955659d38e203320f28619\sram_array
Used module:     $paramod$8f93e5a50923ff060caee78116dfcb18e6d470aa\spark_spram
Used module:         $paramod$8f93e5a50923ff060caee78116dfcb18e6d470aa\sram_array
Used module:     $paramod$bcf365f4146dd7b8dd7973b9792131c6e19538bf\spark_ram
Used module:     $paramod$5ef048927887dab421ae4d77be9d31047db88ca2\spark_ram
Used module:     $paramod$b60b308f1fe104c2737e410a4ba6465ac6270627\spark_ram
Used module:     $paramod$3cd4f12c67766e10179630e6778f5a719138134d\spark_ram
Used module:     $paramod$65bb511039255751eac159e7db0d031ba93508a5\spark_bram
Used module:         $paramod$0d0377702b2925ff4e344b2b32674ab0e09676c9\sram_array
Used module:     $paramod$dbbf05626a65085e653cdb145c977d1230a96f2f\spark_bram
Used module:     $paramod$d9ab2efa7eea0d192502537985c8f7561002c9b0\spark_bram
Used module:         $paramod$a28ce1f40a247108f5837ac3d099bee74b2b0a07\sram_array
Used module:     $paramod$429c1f82066657abfcb96a496d5ead908f1f3b7c\spark_ram
Used module:     $paramod$a80fd39dadfcac33f5f91ba005c92717acda455a\spark_ram
Used module:     $paramod$6af0f02836453051d3d8ffed61fa77235a0a147a\spark_bram
Used module:         $paramod$5991bf1e7dfda537268c11f0f2f1f92d0f7b6ab2\sram_array
Used module:     $paramod$c400bcddbad704c723253f185e204a10552e06d7\spark_bram
Used module:     $paramod$5ee7912e9d6f13c8ac6d054bdcd9f41199fbdf36\spark_bram
Used module:     $paramod$993060fb790aecc93c4c127468665a67bf1ba400\spark_bram

5.26. Analyzing design hierarchy..
Top module:  \spark_core
Used module:     $paramod$4d3c4ff6ab1be9973e955659d38e203320f28619\spark_spram
Used module:         $paramod$4d3c4ff6ab1be9973e955659d38e203320f28619\sram_array
Used module:     $paramod$8f93e5a50923ff060caee78116dfcb18e6d470aa\spark_spram
Used module:         $paramod$8f93e5a50923ff060caee78116dfcb18e6d470aa\sram_array
Used module:     $paramod$bcf365f4146dd7b8dd7973b9792131c6e19538bf\spark_ram
Used module:     $paramod$5ef048927887dab421ae4d77be9d31047db88ca2\spark_ram
Used module:     $paramod$b60b308f1fe104c2737e410a4ba6465ac6270627\spark_ram
Used module:     $paramod$3cd4f12c67766e10179630e6778f5a719138134d\spark_ram
Used module:     $paramod$65bb511039255751eac159e7db0d031ba93508a5\spark_bram
Used module:         $paramod$0d0377702b2925ff4e344b2b32674ab0e09676c9\sram_array
Used module:     $paramod$dbbf05626a65085e653cdb145c977d1230a96f2f\spark_bram
Used module:     $paramod$d9ab2efa7eea0d192502537985c8f7561002c9b0\spark_bram
Used module:         $paramod$a28ce1f40a247108f5837ac3d099bee74b2b0a07\sram_array
Used module:     $paramod$429c1f82066657abfcb96a496d5ead908f1f3b7c\spark_ram
Used module:     $paramod$a80fd39dadfcac33f5f91ba005c92717acda455a\spark_ram
Used module:     $paramod$6af0f02836453051d3d8ffed61fa77235a0a147a\spark_bram
Used module:         $paramod$5991bf1e7dfda537268c11f0f2f1f92d0f7b6ab2\sram_array
Used module:     $paramod$c400bcddbad704c723253f185e204a10552e06d7\spark_bram
Used module:     $paramod$5ee7912e9d6f13c8ac6d054bdcd9f41199fbdf36\spark_bram
Used module:     $paramod$993060fb790aecc93c4c127468665a67bf1ba400\spark_bram
Removing unused module `$paramod$2ca8776e02014a553182cc1bde0189fec6e4293e\sram_array'.
Removing unused module `\spark_ram'.
Removing unused module `\spark_spram'.
Removing unused module `\spark_bram'.
Removing unused module `\sram_array'.
Removed 5 unused modules.
Mapping positional arguments of cell spark_core.u_tab_dat ($paramod$4d3c4ff6ab1be9973e955659d38e203320f28619\spark_spram).
Mapping positional arguments of cell spark_core.u_tab_tag ($paramod$8f93e5a50923ff060caee78116dfcb18e6d470aa\spark_spram).
Mapping positional arguments of cell spark_core.u_sn3 ($paramod$bcf365f4146dd7b8dd7973b9792131c6e19538bf\spark_ram).
Mapping positional arguments of cell spark_core.u_sn2 ($paramod$bcf365f4146dd7b8dd7973b9792131c6e19538bf\spark_ram).
Mapping positional arguments of cell spark_core.u_sn1 ($paramod$bcf365f4146dd7b8dd7973b9792131c6e19538bf\spark_ram).
Mapping positional arguments of cell spark_core.u_sn0 ($paramod$5ef048927887dab421ae4d77be9d31047db88ca2\spark_ram).
Mapping positional arguments of cell spark_core.u_s1 ($paramod$bcf365f4146dd7b8dd7973b9792131c6e19538bf\spark_ram).
Mapping positional arguments of cell spark_core.u_s0 ($paramod$bcf365f4146dd7b8dd7973b9792131c6e19538bf\spark_ram).
Mapping positional arguments of cell spark_core.u_h1 ($paramod$b60b308f1fe104c2737e410a4ba6465ac6270627\spark_ram).
Mapping positional arguments of cell spark_core.u_h0 ($paramod$b60b308f1fe104c2737e410a4ba6465ac6270627\spark_ram).
Mapping positional arguments of cell spark_core.u_acc3 ($paramod$3cd4f12c67766e10179630e6778f5a719138134d\spark_ram).
Mapping positional arguments of cell spark_core.u_acc2 ($paramod$3cd4f12c67766e10179630e6778f5a719138134d\spark_ram).
Mapping positional arguments of cell spark_core.u_acc1 ($paramod$b60b308f1fe104c2737e410a4ba6465ac6270627\spark_ram).
Mapping positional arguments of cell spark_core.u_acc0 ($paramod$b60b308f1fe104c2737e410a4ba6465ac6270627\spark_ram).
Mapping positional arguments of cell spark_core.u_w3 ($paramod$65bb511039255751eac159e7db0d031ba93508a5\spark_bram).
Mapping positional arguments of cell spark_core.u_w2 ($paramod$dbbf05626a65085e653cdb145c977d1230a96f2f\spark_bram).
Mapping positional arguments of cell spark_core.u_w1 ($paramod$d9ab2efa7eea0d192502537985c8f7561002c9b0\spark_bram).
Mapping positional arguments of cell spark_core.u_th1 ($paramod$429c1f82066657abfcb96a496d5ead908f1f3b7c\spark_ram).
Mapping positional arguments of cell spark_core.u_th0 ($paramod$a80fd39dadfcac33f5f91ba005c92717acda455a\spark_ram).
Mapping positional arguments of cell spark_core.u_w0 ($paramod$6af0f02836453051d3d8ffed61fa77235a0a147a\spark_bram).
Mapping positional arguments of cell spark_core.u_emb2 ($paramod$c400bcddbad704c723253f185e204a10552e06d7\spark_bram).
Mapping positional arguments of cell spark_core.u_emb1 ($paramod$5ee7912e9d6f13c8ac6d054bdcd9f41199fbdf36\spark_bram).
Mapping positional arguments of cell spark_core.u_emb ($paramod$993060fb790aecc93c4c127468665a67bf1ba400\spark_bram).

6. Executing SYNTH pass.

6.1. Executing HIERARCHY pass (managing design hierarchy).

6.1.1. Analyzing design hierarchy..
Top module:  \spark_core
Used module:     $paramod$4d3c4ff6ab1be9973e955659d38e203320f28619\spark_spram
Used module:         $paramod$4d3c4ff6ab1be9973e955659d38e203320f28619\sram_array
Used module:     $paramod$8f93e5a50923ff060caee78116dfcb18e6d470aa\spark_spram
Used module:         $paramod$8f93e5a50923ff060caee78116dfcb18e6d470aa\sram_array
Used module:     $paramod$bcf365f4146dd7b8dd7973b9792131c6e19538bf\spark_ram
Used module:     $paramod$5ef048927887dab421ae4d77be9d31047db88ca2\spark_ram
Used module:     $paramod$b60b308f1fe104c2737e410a4ba6465ac6270627\spark_ram
Used module:     $paramod$3cd4f12c67766e10179630e6778f5a719138134d\spark_ram
Used module:     $paramod$65bb511039255751eac159e7db0d031ba93508a5\spark_bram
Used module:         $paramod$0d0377702b2925ff4e344b2b32674ab0e09676c9\sram_array
Used module:     $paramod$dbbf05626a65085e653cdb145c977d1230a96f2f\spark_bram
Used module:     $paramod$d9ab2efa7eea0d192502537985c8f7561002c9b0\spark_bram
Used module:         $paramod$a28ce1f40a247108f5837ac3d099bee74b2b0a07\sram_array
Used module:     $paramod$429c1f82066657abfcb96a496d5ead908f1f3b7c\spark_ram
Used module:     $paramod$a80fd39dadfcac33f5f91ba005c92717acda455a\spark_ram
Used module:     $paramod$6af0f02836453051d3d8ffed61fa77235a0a147a\spark_bram
Used module:         $paramod$5991bf1e7dfda537268c11f0f2f1f92d0f7b6ab2\sram_array
Used module:     $paramod$c400bcddbad704c723253f185e204a10552e06d7\spark_bram
Used module:     $paramod$5ee7912e9d6f13c8ac6d054bdcd9f41199fbdf36\spark_bram
Used module:     $paramod$993060fb790aecc93c4c127468665a67bf1ba400\spark_bram

6.1.2. Analyzing design hierarchy..
Top module:  \spark_core
Used module:     $paramod$4d3c4ff6ab1be9973e955659d38e203320f28619\spark_spram
Used module:         $paramod$4d3c4ff6ab1be9973e955659d38e203320f28619\sram_array
Used module:     $paramod$8f93e5a50923ff060caee78116dfcb18e6d470aa\spark_spram
Used module:         $paramod$8f93e5a50923ff060caee78116dfcb18e6d470aa\sram_array
Used module:     $paramod$bcf365f4146dd7b8dd7973b9792131c6e19538bf\spark_ram
Used module:     $paramod$5ef048927887dab421ae4d77be9d31047db88ca2\spark_ram
Used module:     $paramod$b60b308f1fe104c2737e410a4ba6465ac6270627\spark_ram
Used module:     $paramod$3cd4f12c67766e10179630e6778f5a719138134d\spark_ram
Used module:     $paramod$65bb511039255751eac159e7db0d031ba93508a5\spark_bram
Used module:         $paramod$0d0377702b2925ff4e344b2b32674ab0e09676c9\sram_array
Used module:     $paramod$dbbf05626a65085e653cdb145c977d1230a96f2f\spark_bram
Used module:     $paramod$d9ab2efa7eea0d192502537985c8f7561002c9b0\spark_bram
Used module:         $paramod$a28ce1f40a247108f5837ac3d099bee74b2b0a07\sram_array
Used module:     $paramod$429c1f82066657abfcb96a496d5ead908f1f3b7c\spark_ram
Used module:     $paramod$a80fd39dadfcac33f5f91ba005c92717acda455a\spark_ram
Used module:     $paramod$6af0f02836453051d3d8ffed61fa77235a0a147a\spark_bram
Used module:         $paramod$5991bf1e7dfda537268c11f0f2f1f92d0f7b6ab2\sram_array
Used module:     $paramod$c400bcddbad704c723253f185e204a10552e06d7\spark_bram
Used module:     $paramod$5ee7912e9d6f13c8ac6d054bdcd9f41199fbdf36\spark_bram
Used module:     $paramod$993060fb790aecc93c4c127468665a67bf1ba400\spark_bram
Removed 0 unused modules.

6.2. Executing PROC pass (convert processes to netlists).

6.2.1. Executing PROC_CLEAN pass (remove empty switches from decision trees).
Found and cleaned up 1 empty switch in `$paramod$a80fd39dadfcac33f5f91ba005c92717acda455a\spark_ram.$proc$../spark_ram_asic.v:0$1367'.
Found and cleaned up 1 empty switch in `$paramod$429c1f82066657abfcb96a496d5ead908f1f3b7c\spark_ram.$proc$../spark_ram_asic.v:0$1356'.
Found and cleaned up 1 empty switch in `$paramod$3cd4f12c67766e10179630e6778f5a719138134d\spark_ram.$proc$../spark_ram_asic.v:0$1281'.
Found and cleaned up 1 empty switch in `$paramod$b60b308f1fe104c2737e410a4ba6465ac6270627\spark_ram.$proc$../spark_ram_asic.v:0$1175'.
Found and cleaned up 1 empty switch in `$paramod$5ef048927887dab421ae4d77be9d31047db88ca2\spark_ram.$proc$../spark_ram_asic.v:0$1085'.
Found and cleaned up 1 empty switch in `$paramod$bcf365f4146dd7b8dd7973b9792131c6e19538bf\spark_ram.$proc$../spark_ram_asic.v:0$995'.
Cleaned up 6 empty switches.

6.2.2. Executing PROC_RMDEAD pass (remove dead branches from decision trees).
Removed 3 dead cases from process $proc$../../rtl/spark_core.v:341$1978 in module spark_core.
Marked 20 switch rules as full_case in process $proc$../../rtl/spark_core.v:341$1978 in module spark_core.
Removed 18 dead cases from process $proc$../../rtl/spark_core.v:277$1818 in module spark_core.
Marked 24 switch rules as full_case in process $proc$../../rtl/spark_core.v:277$1818 in module spark_core.
Marked 8 switch rules as full_case in process $proc$../../rtl/spark_core.v:266$1773 in module spark_core.
Marked 8 switch rules as full_case in process $proc$../../rtl/spark_core.v:240$1616 in module spark_core.
Marked 8 switch rules as full_case in process $proc$../../rtl/spark_core.v:213$1598 in module spark_core.
Removed 2 dead cases from process $proc$../../rtl/spark_core.v:169$1512 in module spark_core.
Marked 4 switch rules as full_case in process $proc$../../rtl/spark_core.v:169$1512 in module spark_core.
Marked 1 switch rules as full_case in process $proc$../spark_mem_sky130.v:0$2649 in module $paramod$5991bf1e7dfda537268c11f0f2f1f92d0f7b6ab2\sram_array.
Marked 1 switch rules as full_case in process $proc$../spark_ram_asic.v:24$1358 in module $paramod$a80fd39dadfcac33f5f91ba005c92717acda455a\spark_ram.
Marked 1 switch rules as full_case in process $proc$../spark_ram_asic.v:24$1347 in module $paramod$429c1f82066657abfcb96a496d5ead908f1f3b7c\spark_ram.
Marked 1 switch rules as full_case in process $proc$../spark_ram_asic.v:24$1241 in module $paramod$3cd4f12c67766e10179630e6778f5a719138134d\spark_ram.
Marked 1 switch rules as full_case in process $proc$../spark_ram_asic.v:24$1151 in module $paramod$b60b308f1fe104c2737e410a4ba6465ac6270627\spark_ram.
Marked 1 switch rules as full_case in process $proc$../spark_ram_asic.v:24$1053 in module $paramod$5ef048927887dab421ae4d77be9d31047db88ca2\spark_ram.
Marked 1 switch rules as full_case in process $proc$../spark_ram_asic.v:24$971 in module $paramod$bcf365f4146dd7b8dd7973b9792131c6e19538bf\spark_ram.
Removed 1 dead cases from process $proc$../spark_mem_sky130.v:0$2565 in module $paramod$a28ce1f40a247108f5837ac3d099bee74b2b0a07\sram_array.
Marked 1 switch rules as full_case in process $proc$../spark_mem_sky130.v:0$2565 in module $paramod$a28ce1f40a247108f5837ac3d099bee74b2b0a07\sram_array.
Removed 1 dead cases from process $proc$../spark_mem_sky130.v:0$2507 in module $paramod$0d0377702b2925ff4e344b2b32674ab0e09676c9\sram_array.
Marked 1 switch rules as full_case in process $proc$../spark_mem_sky130.v:0$2507 in module $paramod$0d0377702b2925ff4e344b2b32674ab0e09676c9\sram_array.
Removed 1 dead cases from process $proc$../spark_mem_sky130.v:0$2397 in module $paramod$8f93e5a50923ff060caee78116dfcb18e6d470aa\sram_array.
Marked 1 switch rules as full_case in process $proc$../spark_mem_sky130.v:0$2397 in module $paramod$8f93e5a50923ff060caee78116dfcb18e6d470aa\sram_array.
Removed 1 dead cases from process $proc$../spark_mem_sky130.v:0$2339 in module $paramod$4d3c4ff6ab1be9973e955659d38e203320f28619\sram_array.
Marked 1 switch rules as full_case in process $proc$../spark_mem_sky130.v:0$2339 in module $paramod$4d3c4ff6ab1be9973e955659d38e203320f28619\sram_array.
Removed a total of 27 dead cases.

6.2.3. Executing PROC_PRUNE pass (remove redundant assignments in processes).
Removed 1 redundant assignment.
Promoted 494 assignments to connections.

6.2.4. Executing PROC_INIT pass (extract init attributes).
Found init rule in `$paramod$a80fd39dadfcac33f5f91ba005c92717acda455a\spark_ram.$proc$../spark_ram_asic.v:0$1367'.
  Set init value: \rd = 128'00000000000000000000000000000000000000000000000000000000000000000000000000000000000000000000000000000000000000000000000000000000
Found init rule in `$paramod$429c1f82066657abfcb96a496d5ead908f1f3b7c\spark_ram.$proc$../spark_ram_asic.v:0$1356'.
  Set init value: \rd = 128'00000000000000000000000000000000000000000000000000000000000000000000000000000000000000000000000000000000000000000000000000000000
Found init rule in `$paramod$3cd4f12c67766e10179630e6778f5a719138134d\spark_ram.$proc$../spark_ram_asic.v:0$1281'.
  Set init value: \rd = 128'00000000000000000000000000000000000000000000000000000000000000000000000000000000000000000000000000000000000000000000000000000000
Found init rule in `$paramod$b60b308f1fe104c2737e410a4ba6465ac6270627\spark_ram.$proc$../spark_ram_asic.v:0$1175'.
  Set init value: \rd = 128'00000000000000000000000000000000000000000000000000000000000000000000000000000000000000000000000000000000000000000000000000000000
Found init rule in `$paramod$5ef048927887dab421ae4d77be9d31047db88ca2\spark_ram.$proc$../spark_ram_asic.v:0$1085'.
  Set init value: \rd = 0
Found init rule in `$paramod$bcf365f4146dd7b8dd7973b9792131c6e19538bf\spark_ram.$proc$../spark_ram_asic.v:0$995'.
  Set init value: \rd = 0

6.2.5. Executing PROC_ARST pass (detect async resets in processes).

6.2.6. Executing PROC_ROM pass (convert switches to ROMs).
Converted 0 switches.
<suppressed ~90 debug messages>

6.2.7. Executing PROC_MUX pass (convert decision trees to multiplexers).
Creating decoders for process `\spark_core.$proc$../../rtl/spark_core.v:0$2278'.
Creating decoders for process `\spark_core.$proc$../../rtl/spark_core.v:341$1978'.
     1/167: $3$mem2reg_rd$\h_rd$../../rtl/spark_core.v:449$1467_DATA[127:0]$2231
     2/167: $5$memwr$\nzc$../../rtl/spark_core.v:426$1477_EN[15:0]$2217
     3/167: $5$memwr$\nzc$../../rtl/spark_core.v:426$1477_DATA[15:0]$2216
     4/167: $5$memwr$\nzc$../../rtl/spark_core.v:426$1477_ADDR[1:0]$2215
     5/167: $5$mem2reg_rd$\vlat$../../rtl/spark_core.v:426$1466_DATA[4:0]$2213
     6/167: $5$lookahead\sentw$1975[31:0]$2195
     7/167: $5$bitselwrite$data$../../rtl/spark_core.v:424$1437[31:0]$2193
     8/167: $5$bitselwrite$mask$../../rtl/spark_core.v:424$1436[31:0]$2192
     9/167: $5$bitselwrite$sel$../../rtl/spark_core.v:424$1438[31:0]$2194
    10/167: $5$mem2reg_rd$\vlat$../../rtl/spark_core.v:422$1465_DATA[4:0]$2181
    11/167: $4$lookahead\mask$1974[7:0]$2177
    12/167: $4$lookahead\sentw$1975[31:0]$2178
    13/167: $4$memwr$\nzc$../../rtl/spark_core.v:426$1477_EN[15:0]$2176
    14/167: $4$memwr$\nzc$../../rtl/spark_core.v:426$1477_DATA[15:0]$2175
    15/167: $4$memwr$\nzc$../../rtl/spark_core.v:426$1477_ADDR[1:0]$2174
    16/167: $4$memwr$\prc$../../rtl/spark_core.v:425$1476_EN[15:0]$2173
    17/167: $4$memwr$\prc$../../rtl/spark_core.v:425$1476_DATA[15:0]$2172
    18/167: $4$memwr$\prc$../../rtl/spark_core.v:425$1476_ADDR[1:0]$2171
    19/167: $4$mem2reg_rd$\vlat$../../rtl/spark_core.v:426$1466_DATA[4:0]$2170
    20/167: $4$mem2reg_rd$\vlat$../../rtl/spark_core.v:426$1466_ADDR[2:0]$2169
    21/167: $4$mem2reg_rd$\vlat$../../rtl/spark_core.v:422$1465_DATA[4:0]$2168
    22/167: $4$mem2reg_rd$\vlat$../../rtl/spark_core.v:422$1465_ADDR[2:0]$2167
    23/167: $4$bitselwrite$sel$../../rtl/spark_core.v:424$1438[31:0]$2166
    24/167: $4$bitselwrite$data$../../rtl/spark_core.v:424$1437[31:0]$2165
    25/167: $4$bitselwrite$mask$../../rtl/spark_core.v:424$1436[31:0]$2164
    26/167: $4$bitselwrite$sel$../../rtl/spark_core.v:423$1435[3:0]$2163
    27/167: $4$bitselwrite$data$../../rtl/spark_core.v:423$1434[7:0]$2162
    28/167: $4$bitselwrite$mask$../../rtl/spark_core.v:423$1433[7:0]$2161
    29/167: $3$lookahead\sentw$1975[31:0]$2155
    30/167: $3$lookahead\mask$1974[7:0]$2154
    31/167: $3$memwr$\nzc$../../rtl/spark_core.v:426$1477_EN[15:0]$2153
    32/167: $3$memwr$\nzc$../../rtl/spark_core.v:426$1477_DATA[15:0]$2152
    33/167: $3$memwr$\nzc$../../rtl/spark_core.v:426$1477_ADDR[1:0]$2151
    34/167: $3$memwr$\prc$../../rtl/spark_core.v:425$1476_EN[15:0]$2150
    35/167: $3$memwr$\prc$../../rtl/spark_core.v:425$1476_DATA[15:0]$2149
    36/167: $3$memwr$\prc$../../rtl/spark_core.v:425$1476_ADDR[1:0]$2148
    37/167: $3$mem2reg_rd$\vlat$../../rtl/spark_core.v:426$1466_DATA[4:0]$2147
    38/167: $3$mem2reg_rd$\vlat$../../rtl/spark_core.v:426$1466_ADDR[2:0]$2146
    39/167: $3$mem2reg_rd$\vlat$../../rtl/spark_core.v:422$1465_DATA[4:0]$2145
    40/167: $3$mem2reg_rd$\vlat$../../rtl/spark_core.v:422$1465_ADDR[2:0]$2144
    41/167: $3$bitselwrite$sel$../../rtl/spark_core.v:424$1438[31:0]$2143
    42/167: $3$bitselwrite$data$../../rtl/spark_core.v:424$1437[31:0]$2142
    43/167: $3$bitselwrite$mask$../../rtl/spark_core.v:424$1436[31:0]$2141
    44/167: $3$bitselwrite$sel$../../rtl/spark_core.v:423$1435[3:0]$2140
    45/167: $3$bitselwrite$data$../../rtl/spark_core.v:423$1434[7:0]$2139
    46/167: $3$bitselwrite$mask$../../rtl/spark_core.v:423$1433[7:0]$2138
    47/167: $3\kf[31:0]
    48/167: $3$memwr$\prc$../../rtl/spark_core.v:357$1475_EN[15:0]$2096
    49/167: $3$memwr$\nzc$../../rtl/spark_core.v:357$1474_EN[15:0]$2095
    50/167: $3$memwr$\prc$../../rtl/spark_core.v:357$1473_EN[15:0]$2094
    51/167: $3$memwr$\nzc$../../rtl/spark_core.v:357$1472_EN[15:0]$2093
    52/167: $3$memwr$\prc$../../rtl/spark_core.v:357$1471_EN[15:0]$2092
    53/167: $3$memwr$\nzc$../../rtl/spark_core.v:357$1470_EN[15:0]$2091
    54/167: $3$memwr$\prc$../../rtl/spark_core.v:357$1469_EN[15:0]$2090
    55/167: $3$memwr$\nzc$../../rtl/spark_core.v:357$1468_EN[15:0]$2089
    56/167: $2$memwr$\prc$../../rtl/spark_core.v:357$1475_EN[15:0]$2078
    57/167: $2$memwr$\nzc$../../rtl/spark_core.v:357$1474_EN[15:0]$2077
    58/167: $2$memwr$\prc$../../rtl/spark_core.v:357$1473_EN[15:0]$2076
    59/167: $2$memwr$\nzc$../../rtl/spark_core.v:357$1472_EN[15:0]$2075
    60/167: $2$memwr$\prc$../../rtl/spark_core.v:357$1471_EN[15:0]$2074
    61/167: $2$memwr$\nzc$../../rtl/spark_core.v:357$1470_EN[15:0]$2073
    62/167: $2$memwr$\prc$../../rtl/spark_core.v:357$1469_EN[15:0]$2072
    63/167: $2$memwr$\nzc$../../rtl/spark_core.v:357$1468_EN[15:0]$2071
    64/167: $2\kf[31:0]
    65/167: $2$lookahead\s_neww$1977[31:0]$2088
    66/167: $2$lookahead\h_neww$1976[127:0]$2087
    67/167: $2$lookahead\sentw$1975[31:0]$2086
    68/167: $2$lookahead\mask$1974[7:0]$2085
    69/167: $2$memwr$\nzc$../../rtl/spark_core.v:426$1477_EN[15:0]$2084
    70/167: $2$memwr$\nzc$../../rtl/spark_core.v:426$1477_DATA[15:0]$2083
    71/167: $2$memwr$\nzc$../../rtl/spark_core.v:426$1477_ADDR[1:0]$2082
    72/167: $2$memwr$\prc$../../rtl/spark_core.v:425$1476_EN[15:0]$2081
    73/167: $2$memwr$\prc$../../rtl/spark_core.v:425$1476_DATA[15:0]$2080
    74/167: $2$memwr$\prc$../../rtl/spark_core.v:425$1476_ADDR[1:0]$2079
    75/167: $2$mem2reg_rd$\h_rd$../../rtl/spark_core.v:449$1467_DATA[127:0]$2070
    76/167: $2$mem2reg_rd$\h_rd$../../rtl/spark_core.v:449$1467_ADDR[0:0]$2069
    77/167: $2$mem2reg_rd$\vlat$../../rtl/spark_core.v:426$1466_DATA[4:0]$2068
    78/167: $2$mem2reg_rd$\vlat$../../rtl/spark_core.v:426$1466_ADDR[2:0]$2067
    79/167: $2$mem2reg_rd$\vlat$../../rtl/spark_core.v:422$1465_DATA[4:0]$2066
    80/167: $2$mem2reg_rd$\vlat$../../rtl/spark_core.v:422$1465_ADDR[2:0]$2065
    81/167: $2$bitselwrite$sel$../../rtl/spark_core.v:456$1444[31:0]$2064
    82/167: $2$bitselwrite$data$../../rtl/spark_core.v:456$1443[31:0]$2063
    83/167: $2$bitselwrite$mask$../../rtl/spark_core.v:456$1442[31:0]$2062
    84/167: $2$bitselwrite$sel$../../rtl/spark_core.v:455$1441[31:0]$2061
    85/167: $2$bitselwrite$data$../../rtl/spark_core.v:455$1440[127:0]$2060
    86/167: $2$bitselwrite$mask$../../rtl/spark_core.v:455$1439[127:0]$2059
    87/167: $2$bitselwrite$sel$../../rtl/spark_core.v:424$1438[31:0]$2058
    88/167: $2$bitselwrite$data$../../rtl/spark_core.v:424$1437[31:0]$2057
    89/167: $2$bitselwrite$mask$../../rtl/spark_core.v:424$1436[31:0]$2056
    90/167: $2$bitselwrite$sel$../../rtl/spark_core.v:423$1435[3:0]$2055
    91/167: $2$bitselwrite$data$../../rtl/spark_core.v:423$1434[7:0]$2054
    92/167: $2$bitselwrite$mask$../../rtl/spark_core.v:423$1433[7:0]$2053
    93/167: $0\done[0:0]
    94/167: $1$lookahead\s_neww$1977[31:0]$2050
    95/167: $1$lookahead\h_neww$1976[127:0]$2049
    96/167: $1$lookahead\sentw$1975[31:0]$2048
    97/167: $1$lookahead\mask$1974[7:0]$2047
    98/167: $1$memwr$\nzc$../../rtl/spark_core.v:426$1477_EN[15:0]$2046
    99/167: $1$memwr$\nzc$../../rtl/spark_core.v:426$1477_DATA[15:0]$2045
   100/167: $1$memwr$\nzc$../../rtl/spark_core.v:426$1477_ADDR[1:0]$2044
   101/167: $1$memwr$\prc$../../rtl/spark_core.v:425$1476_EN[15:0]$2043
   102/167: $1$memwr$\prc$../../rtl/spark_core.v:425$1476_DATA[15:0]$2042
   103/167: $1$memwr$\prc$../../rtl/spark_core.v:425$1476_ADDR[1:0]$2041
   104/167: $1$memwr$\prc$../../rtl/spark_core.v:357$1475_EN[15:0]$2040
   105/167: $1$memwr$\nzc$../../rtl/spark_core.v:357$1474_EN[15:0]$2039
   106/167: $1$memwr$\prc$../../rtl/spark_core.v:357$1473_EN[15:0]$2038
   107/167: $1$memwr$\nzc$../../rtl/spark_core.v:357$1472_EN[15:0]$2037
   108/167: $1$memwr$\prc$../../rtl/spark_core.v:357$1471_EN[15:0]$2036
   109/167: $1$memwr$\nzc$../../rtl/spark_core.v:357$1470_EN[15:0]$2035
   110/167: $1$memwr$\prc$../../rtl/spark_core.v:357$1469_EN[15:0]$2034
   111/167: $1$memwr$\nzc$../../rtl/spark_core.v:357$1468_EN[15:0]$2033
   112/167: $1$mem2reg_rd$\h_rd$../../rtl/spark_core.v:449$1467_DATA[127:0]$2032
   113/167: $1$mem2reg_rd$\h_rd$../../rtl/spark_core.v:449$1467_ADDR[0:0]$2031
   114/167: $1$mem2reg_rd$\vlat$../../rtl/spark_core.v:426$1466_DATA[4:0]$2030
   115/167: $1$mem2reg_rd$\vlat$../../rtl/spark_core.v:426$1466_ADDR[2:0]$2029
   116/167: $1$mem2reg_rd$\vlat$../../rtl/spark_core.v:422$1465_DATA[4:0]$2028
   117/167: $1$mem2reg_rd$\vlat$../../rtl/spark_core.v:422$1465_ADDR[2:0]$2027
   118/167: $1$bitselwrite$sel$../../rtl/spark_core.v:456$1444[31:0]$2026
   119/167: $1$bitselwrite$data$../../rtl/spark_core.v:456$1443[31:0]$2025
   120/167: $1$bitselwrite$mask$../../rtl/spark_core.v:456$1442[31:0]$2024
   121/167: $1$bitselwrite$sel$../../rtl/spark_core.v:455$1441[31:0]$2023
   122/167: $1$bitselwrite$data$../../rtl/spark_core.v:455$1440[127:0]$2022
   123/167: $1$bitselwrite$mask$../../rtl/spark_core.v:455$1439[127:0]$2021
   124/167: $1$bitselwrite$sel$../../rtl/spark_core.v:424$1438[31:0]$2020
   125/167: $1$bitselwrite$data$../../rtl/spark_core.v:424$1437[31:0]$2019
   126/167: $1$bitselwrite$mask$../../rtl/spark_core.v:424$1436[31:0]$2018
   127/167: $1$bitselwrite$sel$../../rtl/spark_core.v:423$1435[3:0]$2017
   128/167: $1$bitselwrite$data$../../rtl/spark_core.v:423$1434[7:0]$2016
   129/167: $1$bitselwrite$mask$../../rtl/spark_core.v:423$1433[7:0]$2015
   130/167: $1\kf[31:0]
   131/167: $0\q[1:0]
   132/167: $0\po_th[127:0]
   133/167: $0\po_h[127:0]
   134/167: $0\po_acc[127:0]
   135/167: $0\idx[7:0]
   136/167: $0\t2[31:0]
   137/167: $0\t1[31:0]
   138/167: $0\m[6:0]
   139/167: $0\e[6:0]
   140/167: $0\ev_v[4:0]
   141/167: $0\ev_j[7:0]
   142/167: $0\srcw[31:0]
   143/167: $0\c[5:0]
   144/167: $0\started[1:0]
   145/167: $0\hist2[7:0]
   146/167: $0\hist1[7:0]
   147/167: $0\ctx_prev[31:0]
   148/167: $0\ctx[31:0]
   149/167: $0\byte_r[7:0]
   150/167: $0\stg[1:0]
   151/167: $0\rec_val[7:0]
   152/167: $0\rec_hit[0:0]
   153/167: $0\tokq[15:0]
   154/167: $0\tokcnt[15:0]
   155/167: $0\score[3:0]
   156/167: $0\n_dl[7:0]
   157/167: $0\n_nz[7:0]
   158/167: $0\use_delta[0:0]
   159/167: $0\state[4:0]
   160/167: $0\cyc_recall[31:0]
   161/167: $0\cyc_post[31:0]
   162/167: $0\cyc_scan[31:0]
   163/167: $0\cyc_engine[31:0]
   164/167: $0\wreads[31:0]
   165/167: $0\tok_cycles[31:0]
   166/167: $0\path[1:0]
   167/167: $0\pred[7:0]
Creating decoders for process `\spark_core.$proc$../../rtl/spark_core.v:277$1818'.
     1/212: $3\s_wa[0][5:0]
     2/212: $3\s_wa[1][5:0]
     3/212: $3\s_we[0][0:0]
     4/212: $3\s_we[1][0:0]
     5/212: $3\h_wa[0][5:0]
     6/212: $3\h_wa[1][5:0]
     7/212: $3\h_we[0][0:0]
     8/212: $3\h_we[1][0:0]
     9/212: $2\s_wa[1][5:0]
    10/212: $2\s_wa[0][5:0]
    11/212: $2$mem2reg_wr$\s_wa$../../rtl/spark_core.v:333$1464_ADDR[0:0]$1972
    12/212: $2$mem2reg_wr$\s_wa$../../rtl/spark_core.v:333$1464_DATA[5:0]$1973
    13/212: $2\s_we[1][0:0]
    14/212: $2\s_we[0][0:0]
    15/212: $2$mem2reg_wr$\s_we$../../rtl/spark_core.v:333$1463_ADDR[0:0]$1970
    16/212: $2$mem2reg_wr$\s_we$../../rtl/spark_core.v:333$1463_DATA[0:0]$1971
    17/212: $2\h_wa[1][5:0]
    18/212: $2\h_wa[0][5:0]
    19/212: $2$mem2reg_wr$\h_wa$../../rtl/spark_core.v:332$1462_ADDR[0:0]$1968
    20/212: $2$mem2reg_wr$\h_wa$../../rtl/spark_core.v:332$1462_DATA[5:0]$1969
    21/212: $2\h_we[1][0:0]
    22/212: $2\h_we[0][0:0]
    23/212: $2$mem2reg_wr$\h_we$../../rtl/spark_core.v:332$1461_ADDR[0:0]$1966
    24/212: $2$mem2reg_wr$\h_we$../../rtl/spark_core.v:332$1461_DATA[0:0]$1967
    25/212: $6\acc_wd[0][127:0]
    26/212: $6\acc_wd[3][127:0]
    27/212: $6\acc_wd[2][127:0]
    28/212: $6\acc_wd[1][127:0]
    29/212: $6\acc_wa[0][5:0]
    30/212: $6\acc_wa[3][5:0]
    31/212: $6\acc_wa[2][5:0]
    32/212: $6\acc_wa[1][5:0]
    33/212: $6\acc_we[0][0:0]
    34/212: $6\acc_we[3][0:0]
    35/212: $6\acc_we[2][0:0]
    36/212: $6\acc_we[1][0:0]
    37/212: $5\acc_wd[3][127:0]
    38/212: $5\acc_wd[2][127:0]
    39/212: $5\acc_wd[1][127:0]
    40/212: $5\acc_wd[0][127:0]
    41/212: $2$mem2reg_wr$\acc_wd$../../rtl/spark_core.v:329$1460_ADDR[1:0]$1963
    42/212: $2$mem2reg_wr$\acc_wd$../../rtl/spark_core.v:329$1460_DATA[127:0]$1964
    43/212: $5\acc_wa[3][5:0]
    44/212: $5\acc_wa[2][5:0]
    45/212: $5\acc_wa[1][5:0]
    46/212: $5\acc_wa[0][5:0]
    47/212: $2$mem2reg_wr$\acc_wa$../../rtl/spark_core.v:329$1459_ADDR[1:0]$1961
    48/212: $2$mem2reg_wr$\acc_wa$../../rtl/spark_core.v:329$1459_DATA[5:0]$1962
    49/212: $5\acc_we[3][0:0]
    50/212: $5\acc_we[2][0:0]
    51/212: $5\acc_we[1][0:0]
    52/212: $5\acc_we[0][0:0]
    53/212: $2$mem2reg_wr$\acc_we$../../rtl/spark_core.v:329$1458_ADDR[1:0]$1959
    54/212: $2$mem2reg_wr$\acc_we$../../rtl/spark_core.v:329$1458_DATA[0:0]$1960
    55/212: $2\h_ra[0][5:0]
    56/212: $2\h_ra[1][5:0]
    57/212: $4\acc_ra[0][5:0]
    58/212: $4\acc_ra[3][5:0]
    59/212: $4\acc_ra[2][5:0]
    60/212: $4\acc_ra[1][5:0]
    61/212: $4\acc_wd[0][127:0]
    62/212: $4\acc_wd[3][127:0]
    63/212: $4\acc_wd[2][127:0]
    64/212: $4\acc_wd[1][127:0]
    65/212: $4\acc_wa[0][5:0]
    66/212: $4\acc_wa[3][5:0]
    67/212: $4\acc_wa[2][5:0]
    68/212: $4\acc_wa[1][5:0]
    69/212: $4\acc_we[0][0:0]
    70/212: $4\acc_we[3][0:0]
    71/212: $4\acc_we[2][0:0]
    72/212: $4\acc_we[1][0:0]
    73/212: $2\sn_wa[0][5:0]
    74/212: $2\sn_wa[3][5:0]
    75/212: $2\sn_wa[2][5:0]
    76/212: $2\sn_wa[1][5:0]
    77/212: $2\sn_we[0][0:0]
    78/212: $2\sn_we[3][0:0]
    79/212: $2\sn_we[2][0:0]
    80/212: $2\sn_we[1][0:0]
    81/212: $3\acc_wd[0][127:0]
    82/212: $3\acc_wd[3][127:0]
    83/212: $3\acc_wd[2][127:0]
    84/212: $3\acc_wd[1][127:0]
    85/212: $3\acc_wa[0][5:0]
    86/212: $3\acc_wa[3][5:0]
    87/212: $3\acc_wa[2][5:0]
    88/212: $3\acc_wa[1][5:0]
    89/212: $3\acc_we[0][0:0]
    90/212: $3\acc_we[3][0:0]
    91/212: $3\acc_we[2][0:0]
    92/212: $3\acc_we[1][0:0]
    93/212: $2\acc_wd[3][127:0]
    94/212: $2\acc_wd[2][127:0]
    95/212: $2\acc_wd[1][127:0]
    96/212: $2\acc_wd[0][127:0]
    97/212: $2$mem2reg_wr$\acc_wd$../../rtl/spark_core.v:314$1450_ADDR[1:0]$1952
    98/212: $2$mem2reg_wr$\acc_wd$../../rtl/spark_core.v:314$1450_DATA[127:0]$1953
    99/212: $2\acc_wa[3][5:0]
   100/212: $2\acc_wa[2][5:0]
   101/212: $2\acc_wa[1][5:0]
   102/212: $2\acc_wa[0][5:0]
   103/212: $2$mem2reg_wr$\acc_wa$../../rtl/spark_core.v:314$1449_ADDR[1:0]$1950
   104/212: $2$mem2reg_wr$\acc_wa$../../rtl/spark_core.v:314$1449_DATA[5:0]$1951
   105/212: $2\acc_we[3][0:0]
   106/212: $2\acc_we[2][0:0]
   107/212: $2\acc_we[1][0:0]
   108/212: $2\acc_we[0][0:0]
   109/212: $2$mem2reg_wr$\acc_we$../../rtl/spark_core.v:314$1448_ADDR[1:0]$1948
   110/212: $2$mem2reg_wr$\acc_we$../../rtl/spark_core.v:314$1448_DATA[0:0]$1949
   111/212: $3\acc_ra[0][5:0]
   112/212: $3\acc_ra[3][5:0]
   113/212: $3\acc_ra[2][5:0]
   114/212: $3\acc_ra[1][5:0]
   115/212: $2\acc_ra[3][5:0]
   116/212: $2\acc_ra[2][5:0]
   117/212: $2\acc_ra[1][5:0]
   118/212: $2\acc_ra[0][5:0]
   119/212: $2$mem2reg_wr$\acc_ra$../../rtl/spark_core.v:311$1447_ADDR[1:0]$1937
   120/212: $2$mem2reg_wr$\acc_ra$../../rtl/spark_core.v:311$1447_DATA[5:0]$1938
   121/212: $2\w3_ra[11:0]
   122/212: $2\w2_ra[11:0]
   123/212: $2\w1_ra[11:0]
   124/212: $2\w0_ra[11:0]
   125/212: $2\t_wd[42:0]
   126/212: $1\t_ra[9:0]
   127/212: $1\rhash$func$../../rtl/spark_core.v:294$1430.$result[9:0]$1881
   128/212: $1\rhash$func$../../rtl/spark_core.v:294$1430.y[31:0]$1883
   129/212: $1\rhash$func$../../rtl/spark_core.v:294$1430.x[31:0]$1882
   130/212: $1$mem2reg_wr$\s_wa$../../rtl/spark_core.v:333$1464_DATA[5:0]$1925
   131/212: $1$mem2reg_wr$\s_wa$../../rtl/spark_core.v:333$1464_ADDR[0:0]$1924
   132/212: $1$mem2reg_wr$\s_we$../../rtl/spark_core.v:333$1463_DATA[0:0]$1923
   133/212: $1$mem2reg_wr$\s_we$../../rtl/spark_core.v:333$1463_ADDR[0:0]$1922
   134/212: $1$mem2reg_wr$\h_wa$../../rtl/spark_core.v:332$1462_DATA[5:0]$1921
   135/212: $1$mem2reg_wr$\h_wa$../../rtl/spark_core.v:332$1462_ADDR[0:0]$1920
   136/212: $1$mem2reg_wr$\h_we$../../rtl/spark_core.v:332$1461_DATA[0:0]$1919
   137/212: $1$mem2reg_wr$\h_we$../../rtl/spark_core.v:332$1461_ADDR[0:0]$1918
   138/212: $1$mem2reg_wr$\acc_wd$../../rtl/spark_core.v:329$1460_DATA[127:0]$1917
   139/212: $1$mem2reg_wr$\acc_wd$../../rtl/spark_core.v:329$1460_ADDR[1:0]$1916
   140/212: $1$mem2reg_wr$\acc_wa$../../rtl/spark_core.v:329$1459_DATA[5:0]$1915
   141/212: $1$mem2reg_wr$\acc_wa$../../rtl/spark_core.v:329$1459_ADDR[1:0]$1914
   142/212: $1$mem2reg_wr$\acc_we$../../rtl/spark_core.v:329$1458_DATA[0:0]$1913
   143/212: $1$mem2reg_wr$\acc_we$../../rtl/spark_core.v:329$1458_ADDR[1:0]$1912
   144/212: $1$mem2reg_wr$\h_ra$../../rtl/spark_core.v:325$1457_DATA[5:0]$1911
   145/212: $1$mem2reg_wr$\h_ra$../../rtl/spark_core.v:325$1457_ADDR[0:0]$1910
   146/212: $1$mem2reg_wr$\acc_ra$../../rtl/spark_core.v:324$1456_DATA[5:0]$1909
   147/212: $1$mem2reg_wr$\acc_ra$../../rtl/spark_core.v:324$1456_ADDR[1:0]$1908
   148/212: $1$mem2reg_wr$\acc_wd$../../rtl/spark_core.v:321$1455_DATA[127:0]$1907
   149/212: $1$mem2reg_wr$\acc_wd$../../rtl/spark_core.v:321$1455_ADDR[1:0]$1906
   150/212: $1$mem2reg_wr$\acc_wa$../../rtl/spark_core.v:321$1454_DATA[5:0]$1905
   151/212: $1$mem2reg_wr$\acc_wa$../../rtl/spark_core.v:321$1454_ADDR[1:0]$1904
   152/212: $1$mem2reg_wr$\acc_we$../../rtl/spark_core.v:321$1453_DATA[0:0]$1903
   153/212: $1$mem2reg_wr$\acc_we$../../rtl/spark_core.v:321$1453_ADDR[1:0]$1902
   154/212: $1$mem2reg_wr$\sn_wa$../../rtl/spark_core.v:318$1452_DATA[5:0]$1901
   155/212: $1$mem2reg_wr$\sn_wa$../../rtl/spark_core.v:318$1452_ADDR[1:0]$1900
   156/212: $1$mem2reg_wr$\sn_we$../../rtl/spark_core.v:318$1451_DATA[0:0]$1899
   157/212: $1$mem2reg_wr$\sn_we$../../rtl/spark_core.v:318$1451_ADDR[1:0]$1898
   158/212: $1$mem2reg_wr$\acc_wd$../../rtl/spark_core.v:314$1450_DATA[127:0]$1897
   159/212: $1$mem2reg_wr$\acc_wd$../../rtl/spark_core.v:314$1450_ADDR[1:0]$1896
   160/212: $1$mem2reg_wr$\acc_wa$../../rtl/spark_core.v:314$1449_DATA[5:0]$1895
   161/212: $1$mem2reg_wr$\acc_wa$../../rtl/spark_core.v:314$1449_ADDR[1:0]$1894
   162/212: $1$mem2reg_wr$\acc_we$../../rtl/spark_core.v:314$1448_DATA[0:0]$1893
   163/212: $1$mem2reg_wr$\acc_we$../../rtl/spark_core.v:314$1448_ADDR[1:0]$1892
   164/212: $1$mem2reg_wr$\acc_ra$../../rtl/spark_core.v:311$1447_DATA[5:0]$1891
   165/212: $1$mem2reg_wr$\acc_ra$../../rtl/spark_core.v:311$1447_ADDR[1:0]$1890
   166/212: $1\rhash$func$../../rtl/spark_core.v:304$1432.y[31:0]$1889
   167/212: $1\rhash$func$../../rtl/spark_core.v:304$1432.x[31:0]$1888
   168/212: $1\rhash$func$../../rtl/spark_core.v:304$1432.$result[9:0]$1887
   169/212: $1\rhash$func$../../rtl/spark_core.v:296$1431.y[31:0]$1886
   170/212: $1\rhash$func$../../rtl/spark_core.v:296$1431.x[31:0]$1885
   171/212: $1\rhash$func$../../rtl/spark_core.v:296$1431.$result[9:0]$1884
   172/212: $1\s_wa[1][5:0]
   173/212: $1\s_wa[0][5:0]
   174/212: $1\s_we[1][0:0]
   175/212: $1\s_we[0][0:0]
   176/212: $1\h_ra[1][5:0]
   177/212: $1\h_ra[0][5:0]
   178/212: $1\h_wa[1][5:0]
   179/212: $1\h_wa[0][5:0]
   180/212: $1\h_we[1][0:0]
   181/212: $1\h_we[0][0:0]
   182/212: $1\sn_wa[3][5:0]
   183/212: $1\sn_wa[2][5:0]
   184/212: $1\sn_wa[1][5:0]
   185/212: $1\sn_wa[0][5:0]
   186/212: $1\sn_we[3][0:0]
   187/212: $1\sn_we[2][0:0]
   188/212: $1\sn_we[1][0:0]
   189/212: $1\sn_we[0][0:0]
   190/212: $1\acc_ra[3][5:0]
   191/212: $1\acc_ra[2][5:0]
   192/212: $1\acc_ra[1][5:0]
   193/212: $1\acc_ra[0][5:0]
   194/212: $1\acc_wd[3][127:0]
   195/212: $1\acc_wd[2][127:0]
   196/212: $1\acc_wd[1][127:0]
   197/212: $1\acc_wd[0][127:0]
   198/212: $1\acc_wa[3][5:0]
   199/212: $1\acc_wa[2][5:0]
   200/212: $1\acc_wa[1][5:0]
   201/212: $1\acc_wa[0][5:0]
   202/212: $1\acc_we[3][0:0]
   203/212: $1\acc_we[2][0:0]
   204/212: $1\acc_we[1][0:0]
   205/212: $1\acc_we[0][0:0]
   206/212: $1\t_wd[42:0]
   207/212: $1\t_wa[9:0]
   208/212: $1\t_we[0:0]
   209/212: $1\w3_ra[11:0]
   210/212: $1\w2_ra[11:0]
   211/212: $1\w1_ra[11:0]
   212/212: $1\w0_ra[11:0]
Creating decoders for process `\spark_core.$proc$../../rtl/spark_core.v:266$1773'.
     1/16: $8\n2[31:0]
     2/16: $4\nidx[7:0]
     3/16: $4\n1[31:0]
     4/16: $7\n2[31:0]
     5/16: $6\n2[31:0]
     6/16: $3\nidx[7:0]
     7/16: $3\n1[31:0]
     8/16: $5\n2[31:0]
     9/16: $4\n2[31:0]
    10/16: $2\nidx[7:0]
    11/16: $2\n1[31:0]
    12/16: $3\n2[31:0]
    13/16: $2\n2[31:0]
    14/16: $1\nidx[7:0]
    15/16: $1\n1[31:0]
    16/16: $1\n2[31:0]
Creating decoders for process `\spark_core.$proc$../../rtl/spark_core.v:240$1616'.
     1/20: $4\sp[4:0]
     2/20: $4\us[17:0]
     3/20: $4\u[17:0]
     4/20: $4\tl[15:0]
     5/20: $4\mag[16:0]
     6/20: $3\sp[4:0]
     7/20: $3\us[17:0]
     8/20: $3\u[17:0]
     9/20: $3\tl[15:0]
    10/20: $3\mag[16:0]
    11/20: $2\sp[4:0]
    12/20: $2\us[17:0]
    13/20: $2\u[17:0]
    14/20: $2\tl[15:0]
    15/20: $2\mag[16:0]
    16/20: $1\sp[4:0]
    17/20: $1\us[17:0]
    18/20: $1\u[17:0]
    19/20: $1\tl[15:0]
    20/20: $1\mag[16:0]
Creating decoders for process `\spark_core.$proc$../../rtl/spark_core.v:220$1599'.
Creating decoders for process `\spark_core.$proc$../../rtl/spark_core.v:213$1598'.
     1/8: $8\sel[3:0]
     2/8: $7\sel[3:0]
     3/8: $6\sel[3:0]
     4/8: $5\sel[3:0]
     5/8: $4\sel[3:0]
     6/8: $3\sel[3:0]
     7/8: $2\sel[3:0]
     8/8: $1\sel[3:0]
Creating decoders for process `\spark_core.$proc$../../rtl/spark_core.v:201$1541'.
Creating decoders for process `\spark_core.$proc$../../rtl/spark_core.v:192$1524'.
Creating decoders for process `\spark_core.$proc$../../rtl/spark_core.v:169$1512'.
     1/5: $1$mem2reg_rd$\acc_rd$../../rtl/spark_core.v:184$1446_DATA[127:0]$1523
     2/5: $1$mem2reg_rd$\sn_rd$../../rtl/spark_core.v:183$1445_DATA[31:0]$1522
     3/5: $2\src_rd[31:0]
     4/5: $1\src_rd[31:0]
     5/5: $1\w_rd[31:0]
Creating decoders for process `$paramod$5991bf1e7dfda537268c11f0f2f1f92d0f7b6ab2\sram_array.$proc$../spark_mem_sky130.v:0$2652'.
Creating decoders for process `$paramod$5991bf1e7dfda537268c11f0f2f1f92d0f7b6ab2\sram_array.$proc$../spark_mem_sky130.v:0$2649'.
     1/1: $1$mem2reg_rd$\dout$../spark_mem_sky130.v:34$2617_DATA[31:0]$2651
Creating decoders for process `$paramod$5991bf1e7dfda537268c11f0f2f1f92d0f7b6ab2\sram_array.$proc$../spark_mem_sky130.v:20$2618'.
Creating decoders for process `$paramod$a80fd39dadfcac33f5f91ba005c92717acda455a\spark_ram.$proc$../spark_ram_asic.v:0$1367'.
Creating decoders for process `$paramod$a80fd39dadfcac33f5f91ba005c92717acda455a\spark_ram.$proc$../spark_ram_asic.v:24$1358'.
     1/3: $1$memwr$\mem$../spark_ram_asic.v:25$1357_EN[127:0]$1364
     2/3: $1$memwr$\mem$../spark_ram_asic.v:25$1357_DATA[127:0]$1363
     3/3: $1$memwr$\mem$../spark_ram_asic.v:25$1357_ADDR[5:0]$1362
Creating decoders for process `$paramod$429c1f82066657abfcb96a496d5ead908f1f3b7c\spark_ram.$proc$../spark_ram_asic.v:0$1356'.
Creating decoders for process `$paramod$429c1f82066657abfcb96a496d5ead908f1f3b7c\spark_ram.$proc$../spark_ram_asic.v:24$1347'.
     1/3: $1$memwr$\mem$../spark_ram_asic.v:25$1346_EN[127:0]$1353
     2/3: $1$memwr$\mem$../spark_ram_asic.v:25$1346_DATA[127:0]$1352
     3/3: $1$memwr$\mem$../spark_ram_asic.v:25$1346_ADDR[5:0]$1351
Creating decoders for process `$paramod$3cd4f12c67766e10179630e6778f5a719138134d\spark_ram.$proc$../spark_ram_asic.v:0$1281'.
Creating decoders for process `$paramod$3cd4f12c67766e10179630e6778f5a719138134d\spark_ram.$proc$../spark_ram_asic.v:24$1241'.
     1/3: $1$memwr$\mem$../spark_ram_asic.v:25$1240_EN[127:0]$1247
     2/3: $1$memwr$\mem$../spark_ram_asic.v:25$1240_DATA[127:0]$1246
     3/3: $1$memwr$\mem$../spark_ram_asic.v:25$1240_ADDR[5:0]$1245
Creating decoders for process `$paramod$b60b308f1fe104c2737e410a4ba6465ac6270627\spark_ram.$proc$../spark_ram_asic.v:0$1175'.
Creating decoders for process `$paramod$b60b308f1fe104c2737e410a4ba6465ac6270627\spark_ram.$proc$../spark_ram_asic.v:24$1151'.
     1/3: $1$memwr$\mem$../spark_ram_asic.v:25$1150_EN[127:0]$1157
     2/3: $1$memwr$\mem$../spark_ram_asic.v:25$1150_DATA[127:0]$1156
     3/3: $1$memwr$\mem$../spark_ram_asic.v:25$1150_ADDR[5:0]$1155
Creating decoders for process `$paramod$5ef048927887dab421ae4d77be9d31047db88ca2\spark_ram.$proc$../spark_ram_asic.v:0$1085'.
Creating decoders for process `$paramod$5ef048927887dab421ae4d77be9d31047db88ca2\spark_ram.$proc$../spark_ram_asic.v:24$1053'.
     1/3: $1$memwr$\mem$../spark_ram_asic.v:25$1052_EN[31:0]$1059
     2/3: $1$memwr$\mem$../spark_ram_asic.v:25$1052_DATA[31:0]$1058
     3/3: $1$memwr$\mem$../spark_ram_asic.v:25$1052_ADDR[5:0]$1057
Creating decoders for process `$paramod$bcf365f4146dd7b8dd7973b9792131c6e19538bf\spark_ram.$proc$../spark_ram_asic.v:0$995'.
Creating decoders for process `$paramod$bcf365f4146dd7b8dd7973b9792131c6e19538bf\spark_ram.$proc$../spark_ram_asic.v:24$971'.
     1/3: $1$memwr$\mem$../spark_ram_asic.v:25$970_EN[31:0]$977
     2/3: $1$memwr$\mem$../spark_ram_asic.v:25$970_DATA[31:0]$976
     3/3: $1$memwr$\mem$../spark_ram_asic.v:25$970_ADDR[5:0]$975
Creating decoders for process `$paramod$a28ce1f40a247108f5837ac3d099bee74b2b0a07\sram_array.$proc$../spark_mem_sky130.v:0$2568'.
Creating decoders for process `$paramod$a28ce1f40a247108f5837ac3d099bee74b2b0a07\sram_array.$proc$../spark_mem_sky130.v:0$2565'.
     1/1: $1$mem2reg_rd$\dout$../spark_mem_sky130.v:34$2543_DATA[31:0]$2567
Creating decoders for process `$paramod$a28ce1f40a247108f5837ac3d099bee74b2b0a07\sram_array.$proc$../spark_mem_sky130.v:20$2544'.
Creating decoders for process `$paramod$0d0377702b2925ff4e344b2b32674ab0e09676c9\sram_array.$proc$../spark_mem_sky130.v:0$2510'.
Creating decoders for process `$paramod$0d0377702b2925ff4e344b2b32674ab0e09676c9\sram_array.$proc$../spark_mem_sky130.v:0$2507'.
     1/1: $1$mem2reg_rd$\dout$../spark_mem_sky130.v:34$2465_DATA[31:0]$2509
Creating decoders for process `$paramod$0d0377702b2925ff4e344b2b32674ab0e09676c9\sram_array.$proc$../spark_mem_sky130.v:20$2466'.
Creating decoders for process `$paramod$8f93e5a50923ff060caee78116dfcb18e6d470aa\sram_array.$proc$../spark_mem_sky130.v:0$2400'.
Creating decoders for process `$paramod$8f93e5a50923ff060caee78116dfcb18e6d470aa\sram_array.$proc$../spark_mem_sky130.v:0$2397'.
     1/1: $1$mem2reg_rd$\dout$../spark_mem_sky130.v:34$2375_DATA[63:0]$2399
Creating decoders for process `$paramod$8f93e5a50923ff060caee78116dfcb18e6d470aa\sram_array.$proc$../spark_mem_sky130.v:20$2376'.
Creating decoders for process `$paramod$4d3c4ff6ab1be9973e955659d38e203320f28619\sram_array.$proc$../spark_mem_sky130.v:0$2342'.
Creating decoders for process `$paramod$4d3c4ff6ab1be9973e955659d38e203320f28619\sram_array.$proc$../spark_mem_sky130.v:0$2339'.
     1/1: $1$mem2reg_rd$\dout$../spark_mem_sky130.v:34$2327_DATA[31:0]$2341
Creating decoders for process `$paramod$4d3c4ff6ab1be9973e955659d38e203320f28619\sram_array.$proc$../spark_mem_sky130.v:20$2328'.

6.2.8. Executing PROC_DLATCH pass (convert process syncs to latches).
No latch inferred for signal `\spark_core.\acc_rd[0]' from process `\spark_core.$proc$../../rtl/spark_core.v:0$2278'.
No latch inferred for signal `\spark_core.\acc_rd[1]' from process `\spark_core.$proc$../../rtl/spark_core.v:0$2278'.
No latch inferred for signal `\spark_core.\acc_rd[2]' from process `\spark_core.$proc$../../rtl/spark_core.v:0$2278'.
No latch inferred for signal `\spark_core.\acc_rd[3]' from process `\spark_core.$proc$../../rtl/spark_core.v:0$2278'.
No latch inferred for signal `\spark_core.\h_rd[0]' from process `\spark_core.$proc$../../rtl/spark_core.v:0$2278'.
No latch inferred for signal `\spark_core.\h_rd[1]' from process `\spark_core.$proc$../../rtl/spark_core.v:0$2278'.
No latch inferred for signal `\spark_core.\s_rd[0]' from process `\spark_core.$proc$../../rtl/spark_core.v:0$2278'.
No latch inferred for signal `\spark_core.\s_rd[1]' from process `\spark_core.$proc$../../rtl/spark_core.v:0$2278'.
No latch inferred for signal `\spark_core.\sn_rd[0]' from process `\spark_core.$proc$../../rtl/spark_core.v:0$2278'.
No latch inferred for signal `\spark_core.\sn_rd[1]' from process `\spark_core.$proc$../../rtl/spark_core.v:0$2278'.
No latch inferred for signal `\spark_core.\sn_rd[2]' from process `\spark_core.$proc$../../rtl/spark_core.v:0$2278'.
No latch inferred for signal `\spark_core.\sn_rd[3]' from process `\spark_core.$proc$../../rtl/spark_core.v:0$2278'.
No latch inferred for signal `\spark_core.\emb_ra' from process `\spark_core.$proc$../../rtl/spark_core.v:277$1818'.
No latch inferred for signal `\spark_core.\emb1_ra' from process `\spark_core.$proc$../../rtl/spark_core.v:277$1818'.
No latch inferred for signal `\spark_core.\emb2_ra' from process `\spark_core.$proc$../../rtl/spark_core.v:277$1818'.
No latch inferred for signal `\spark_core.\w0_ra' from process `\spark_core.$proc$../../rtl/spark_core.v:277$1818'.
No latch inferred for signal `\spark_core.\w1_ra' from process `\spark_core.$proc$../../rtl/spark_core.v:277$1818'.
No latch inferred for signal `\spark_core.\w2_ra' from process `\spark_core.$proc$../../rtl/spark_core.v:277$1818'.
No latch inferred for signal `\spark_core.\w3_ra' from process `\spark_core.$proc$../../rtl/spark_core.v:277$1818'.
No latch inferred for signal `\spark_core.\th_ra' from process `\spark_core.$proc$../../rtl/spark_core.v:277$1818'.
No latch inferred for signal `\spark_core.\t_we' from process `\spark_core.$proc$../../rtl/spark_core.v:277$1818'.
No latch inferred for signal `\spark_core.\t_wa' from process `\spark_core.$proc$../../rtl/spark_core.v:277$1818'.
No latch inferred for signal `\spark_core.\t_ra' from process `\spark_core.$proc$../../rtl/spark_core.v:277$1818'.
No latch inferred for signal `\spark_core.\t_wd' from process `\spark_core.$proc$../../rtl/spark_core.v:277$1818'.
No latch inferred for signal `\spark_core.\k' from process `\spark_core.$proc$../../rtl/spark_core.v:277$1818'.
No latch inferred for signal `\spark_core.\acc_we[0]' from process `\spark_core.$proc$../../rtl/spark_core.v:277$1818'.
No latch inferred for signal `\spark_core.\acc_we[1]' from process `\spark_core.$proc$../../rtl/spark_core.v:277$1818'.
No latch inferred for signal `\spark_core.\acc_we[2]' from process `\spark_core.$proc$../../rtl/spark_core.v:277$1818'.
No latch inferred for signal `\spark_core.\acc_we[3]' from process `\spark_core.$proc$../../rtl/spark_core.v:277$1818'.
No latch inferred for signal `\spark_core.\acc_wa[0]' from process `\spark_core.$proc$../../rtl/spark_core.v:277$1818'.
No latch inferred for signal `\spark_core.\acc_wa[1]' from process `\spark_core.$proc$../../rtl/spark_core.v:277$1818'.
No latch inferred for signal `\spark_core.\acc_wa[2]' from process `\spark_core.$proc$../../rtl/spark_core.v:277$1818'.
No latch inferred for signal `\spark_core.\acc_wa[3]' from process `\spark_core.$proc$../../rtl/spark_core.v:277$1818'.
No latch inferred for signal `\spark_core.\acc_wd[0]' from process `\spark_core.$proc$../../rtl/spark_core.v:277$1818'.
No latch inferred for signal `\spark_core.\acc_wd[1]' from process `\spark_core.$proc$../../rtl/spark_core.v:277$1818'.
No latch inferred for signal `\spark_core.\acc_wd[2]' from process `\spark_core.$proc$../../rtl/spark_core.v:277$1818'.
No latch inferred for signal `\spark_core.\acc_wd[3]' from process `\spark_core.$proc$../../rtl/spark_core.v:277$1818'.
No latch inferred for signal `\spark_core.\acc_ra[0]' from process `\spark_core.$proc$../../rtl/spark_core.v:277$1818'.
No latch inferred for signal `\spark_core.\acc_ra[1]' from process `\spark_core.$proc$../../rtl/spark_core.v:277$1818'.
No latch inferred for signal `\spark_core.\acc_ra[2]' from process `\spark_core.$proc$../../rtl/spark_core.v:277$1818'.
No latch inferred for signal `\spark_core.\acc_ra[3]' from process `\spark_core.$proc$../../rtl/spark_core.v:277$1818'.
No latch inferred for signal `\spark_core.\sn_we[0]' from process `\spark_core.$proc$../../rtl/spark_core.v:277$1818'.
No latch inferred for signal `\spark_core.\sn_we[1]' from process `\spark_core.$proc$../../rtl/spark_core.v:277$1818'.
No latch inferred for signal `\spark_core.\sn_we[2]' from process `\spark_core.$proc$../../rtl/spark_core.v:277$1818'.
No latch inferred for signal `\spark_core.\sn_we[3]' from process `\spark_core.$proc$../../rtl/spark_core.v:277$1818'.
No latch inferred for signal `\spark_core.\sn_wa[0]' from process `\spark_core.$proc$../../rtl/spark_core.v:277$1818'.
No latch inferred for signal `\spark_core.\sn_wa[1]' from process `\spark_core.$proc$../../rtl/spark_core.v:277$1818'.
No latch inferred for signal `\spark_core.\sn_wa[2]' from process `\spark_core.$proc$../../rtl/spark_core.v:277$1818'.
No latch inferred for signal `\spark_core.\sn_wa[3]' from process `\spark_core.$proc$../../rtl/spark_core.v:277$1818'.
No latch inferred for signal `\spark_core.\sn_wd[0]' from process `\spark_core.$proc$../../rtl/spark_core.v:277$1818'.
No latch inferred for signal `\spark_core.\sn_wd[1]' from process `\spark_core.$proc$../../rtl/spark_core.v:277$1818'.
No latch inferred for signal `\spark_core.\sn_wd[2]' from process `\spark_core.$proc$../../rtl/spark_core.v:277$1818'.
No latch inferred for signal `\spark_core.\sn_wd[3]' from process `\spark_core.$proc$../../rtl/spark_core.v:277$1818'.
No latch inferred for signal `\spark_core.\sn_ra[0]' from process `\spark_core.$proc$../../rtl/spark_core.v:277$1818'.
No latch inferred for signal `\spark_core.\sn_ra[1]' from process `\spark_core.$proc$../../rtl/spark_core.v:277$1818'.
No latch inferred for signal `\spark_core.\sn_ra[2]' from process `\spark_core.$proc$../../rtl/spark_core.v:277$1818'.
No latch inferred for signal `\spark_core.\sn_ra[3]' from process `\spark_core.$proc$../../rtl/spark_core.v:277$1818'.
No latch inferred for signal `\spark_core.\h_we[0]' from process `\spark_core.$proc$../../rtl/spark_core.v:277$1818'.
No latch inferred for signal `\spark_core.\h_we[1]' from process `\spark_core.$proc$../../rtl/spark_core.v:277$1818'.
No latch inferred for signal `\spark_core.\h_wa[0]' from process `\spark_core.$proc$../../rtl/spark_core.v:277$1818'.
No latch inferred for signal `\spark_core.\h_wa[1]' from process `\spark_core.$proc$../../rtl/spark_core.v:277$1818'.
No latch inferred for signal `\spark_core.\h_wd[0]' from process `\spark_core.$proc$../../rtl/spark_core.v:277$1818'.
No latch inferred for signal `\spark_core.\h_wd[1]' from process `\spark_core.$proc$../../rtl/spark_core.v:277$1818'.
No latch inferred for signal `\spark_core.\h_ra[0]' from process `\spark_core.$proc$../../rtl/spark_core.v:277$1818'.
No latch inferred for signal `\spark_core.\h_ra[1]' from process `\spark_core.$proc$../../rtl/spark_core.v:277$1818'.
No latch inferred for signal `\spark_core.\s_we[0]' from process `\spark_core.$proc$../../rtl/spark_core.v:277$1818'.
No latch inferred for signal `\spark_core.\s_we[1]' from process `\spark_core.$proc$../../rtl/spark_core.v:277$1818'.
No latch inferred for signal `\spark_core.\s_wa[0]' from process `\spark_core.$proc$../../rtl/spark_core.v:277$1818'.
No latch inferred for signal `\spark_core.\s_wa[1]' from process `\spark_core.$proc$../../rtl/spark_core.v:277$1818'.
No latch inferred for signal `\spark_core.\s_wd[0]' from process `\spark_core.$proc$../../rtl/spark_core.v:277$1818'.
No latch inferred for signal `\spark_core.\s_wd[1]' from process `\spark_core.$proc$../../rtl/spark_core.v:277$1818'.
No latch inferred for signal `\spark_core.\s_ra[0]' from process `\spark_core.$proc$../../rtl/spark_core.v:277$1818'.
No latch inferred for signal `\spark_core.\s_ra[1]' from process `\spark_core.$proc$../../rtl/spark_core.v:277$1818'.
No latch inferred for signal `\spark_core.\rhash$func$../../rtl/spark_core.v:291$1428.$result' from process `\spark_core.$proc$../../rtl/spark_core.v:277$1818'.
No latch inferred for signal `\spark_core.\rhash$func$../../rtl/spark_core.v:291$1428.x' from process `\spark_core.$proc$../../rtl/spark_core.v:277$1818'.
No latch inferred for signal `\spark_core.\rhash$func$../../rtl/spark_core.v:291$1428.y' from process `\spark_core.$proc$../../rtl/spark_core.v:277$1818'.
No latch inferred for signal `\spark_core.\rhash$func$../../rtl/spark_core.v:291$1429.$result' from process `\spark_core.$proc$../../rtl/spark_core.v:277$1818'.
No latch inferred for signal `\spark_core.\rhash$func$../../rtl/spark_core.v:291$1429.x' from process `\spark_core.$proc$../../rtl/spark_core.v:277$1818'.
No latch inferred for signal `\spark_core.\rhash$func$../../rtl/spark_core.v:291$1429.y' from process `\spark_core.$proc$../../rtl/spark_core.v:277$1818'.
No latch inferred for signal `\spark_core.\rhash$func$../../rtl/spark_core.v:294$1430.$result' from process `\spark_core.$proc$../../rtl/spark_core.v:277$1818'.
No latch inferred for signal `\spark_core.\rhash$func$../../rtl/spark_core.v:294$1430.x' from process `\spark_core.$proc$../../rtl/spark_core.v:277$1818'.
No latch inferred for signal `\spark_core.\rhash$func$../../rtl/spark_core.v:294$1430.y' from process `\spark_core.$proc$../../rtl/spark_core.v:277$1818'.
No latch inferred for signal `\spark_core.\rhash$func$../../rtl/spark_core.v:296$1431.$result' from process `\spark_core.$proc$../../rtl/spark_core.v:277$1818'.
No latch inferred for signal `\spark_core.\rhash$func$../../rtl/spark_core.v:296$1431.x' from process `\spark_core.$proc$../../rtl/spark_core.v:277$1818'.
No latch inferred for signal `\spark_core.\rhash$func$../../rtl/spark_core.v:296$1431.y' from process `\spark_core.$proc$../../rtl/spark_core.v:277$1818'.
No latch inferred for signal `\spark_core.\rhash$func$../../rtl/spark_core.v:304$1432.$result' from process `\spark_core.$proc$../../rtl/spark_core.v:277$1818'.
No latch inferred for signal `\spark_core.\rhash$func$../../rtl/spark_core.v:304$1432.x' from process `\spark_core.$proc$../../rtl/spark_core.v:277$1818'.
No latch inferred for signal `\spark_core.\rhash$func$../../rtl/spark_core.v:304$1432.y' from process `\spark_core.$proc$../../rtl/spark_core.v:277$1818'.
No latch inferred for signal `\spark_core.$mem2reg_wr$\acc_ra$../../rtl/spark_core.v:311$1447_ADDR' from process `\spark_core.$proc$../../rtl/spark_core.v:277$1818'.
No latch inferred for signal `\spark_core.$mem2reg_wr$\acc_ra$../../rtl/spark_core.v:311$1447_DATA' from process `\spark_core.$proc$../../rtl/spark_core.v:277$1818'.
No latch inferred for signal `\spark_core.$mem2reg_wr$\acc_we$../../rtl/spark_core.v:314$1448_ADDR' from process `\spark_core.$proc$../../rtl/spark_core.v:277$1818'.
No latch inferred for signal `\spark_core.$mem2reg_wr$\acc_we$../../rtl/spark_core.v:314$1448_DATA' from process `\spark_core.$proc$../../rtl/spark_core.v:277$1818'.
No latch inferred for signal `\spark_core.$mem2reg_wr$\acc_wa$../../rtl/spark_core.v:314$1449_ADDR' from process `\spark_core.$proc$../../rtl/spark_core.v:277$1818'.
No latch inferred for signal `\spark_core.$mem2reg_wr$\acc_wa$../../rtl/spark_core.v:314$1449_DATA' from process `\spark_core.$proc$../../rtl/spark_core.v:277$1818'.
No latch inferred for signal `\spark_core.$mem2reg_wr$\acc_wd$../../rtl/spark_core.v:314$1450_ADDR' from process `\spark_core.$proc$../../rtl/spark_core.v:277$1818'.
No latch inferred for signal `\spark_core.$mem2reg_wr$\acc_wd$../../rtl/spark_core.v:314$1450_DATA' from process `\spark_core.$proc$../../rtl/spark_core.v:277$1818'.
No latch inferred for signal `\spark_core.$mem2reg_wr$\sn_we$../../rtl/spark_core.v:318$1451_ADDR' from process `\spark_core.$proc$../../rtl/spark_core.v:277$1818'.
No latch inferred for signal `\spark_core.$mem2reg_wr$\sn_we$../../rtl/spark_core.v:318$1451_DATA' from process `\spark_core.$proc$../../rtl/spark_core.v:277$1818'.
No latch inferred for signal `\spark_core.$mem2reg_wr$\sn_wa$../../rtl/spark_core.v:318$1452_ADDR' from process `\spark_core.$proc$../../rtl/spark_core.v:277$1818'.
No latch inferred for signal `\spark_core.$mem2reg_wr$\sn_wa$../../rtl/spark_core.v:318$1452_DATA' from process `\spark_core.$proc$../../rtl/spark_core.v:277$1818'.
No latch inferred for signal `\spark_core.$mem2reg_wr$\acc_we$../../rtl/spark_core.v:321$1453_ADDR' from process `\spark_core.$proc$../../rtl/spark_core.v:277$1818'.
No latch inferred for signal `\spark_core.$mem2reg_wr$\acc_we$../../rtl/spark_core.v:321$1453_DATA' from process `\spark_core.$proc$../../rtl/spark_core.v:277$1818'.
No latch inferred for signal `\spark_core.$mem2reg_wr$\acc_wa$../../rtl/spark_core.v:321$1454_ADDR' from process `\spark_core.$proc$../../rtl/spark_core.v:277$1818'.
No latch inferred for signal `\spark_core.$mem2reg_wr$\acc_wa$../../rtl/spark_core.v:321$1454_DATA' from process `\spark_core.$proc$../../rtl/spark_core.v:277$1818'.
No latch inferred for signal `\spark_core.$mem2reg_wr$\acc_wd$../../rtl/spark_core.v:321$1455_ADDR' from process `\spark_core.$proc$../../rtl/spark_core.v:277$1818'.
No latch inferred for signal `\spark_core.$mem2reg_wr$\acc_wd$../../rtl/spark_core.v:321$1455_DATA' from process `\spark_core.$proc$../../rtl/spark_core.v:277$1818'.
No latch inferred for signal `\spark_core.$mem2reg_wr$\acc_ra$../../rtl/spark_core.v:324$1456_ADDR' from process `\spark_core.$proc$../../rtl/spark_core.v:277$1818'.
No latch inferred for signal `\spark_core.$mem2reg_wr$\acc_ra$../../rtl/spark_core.v:324$1456_DATA' from process `\spark_core.$proc$../../rtl/spark_core.v:277$1818'.
No latch inferred for signal `\spark_core.$mem2reg_wr$\h_ra$../../rtl/spark_core.v:325$1457_ADDR' from process `\spark_core.$proc$../../rtl/spark_core.v:277$1818'.
No latch inferred for signal `\spark_core.$mem2reg_wr$\h_ra$../../rtl/spark_core.v:325$1457_DATA' from process `\spark_core.$proc$../../rtl/spark_core.v:277$1818'.
No latch inferred for signal `\spark_core.$mem2reg_wr$\acc_we$../../rtl/spark_core.v:329$1458_ADDR' from process `\spark_core.$proc$../../rtl/spark_core.v:277$1818'.
No latch inferred for signal `\spark_core.$mem2reg_wr$\acc_we$../../rtl/spark_core.v:329$1458_DATA' from process `\spark_core.$proc$../../rtl/spark_core.v:277$1818'.
No latch inferred for signal `\spark_core.$mem2reg_wr$\acc_wa$../../rtl/spark_core.v:329$1459_ADDR' from process `\spark_core.$proc$../../rtl/spark_core.v:277$1818'.
No latch inferred for signal `\spark_core.$mem2reg_wr$\acc_wa$../../rtl/spark_core.v:329$1459_DATA' from process `\spark_core.$proc$../../rtl/spark_core.v:277$1818'.
No latch inferred for signal `\spark_core.$mem2reg_wr$\acc_wd$../../rtl/spark_core.v:329$1460_ADDR' from process `\spark_core.$proc$../../rtl/spark_core.v:277$1818'.
No latch inferred for signal `\spark_core.$mem2reg_wr$\acc_wd$../../rtl/spark_core.v:329$1460_DATA' from process `\spark_core.$proc$../../rtl/spark_core.v:277$1818'.
No latch inferred for signal `\spark_core.$mem2reg_wr$\h_we$../../rtl/spark_core.v:332$1461_ADDR' from process `\spark_core.$proc$../../rtl/spark_core.v:277$1818'.
No latch inferred for signal `\spark_core.$mem2reg_wr$\h_we$../../rtl/spark_core.v:332$1461_DATA' from process `\spark_core.$proc$../../rtl/spark_core.v:277$1818'.
No latch inferred for signal `\spark_core.$mem2reg_wr$\h_wa$../../rtl/spark_core.v:332$1462_ADDR' from process `\spark_core.$proc$../../rtl/spark_core.v:277$1818'.
No latch inferred for signal `\spark_core.$mem2reg_wr$\h_wa$../../rtl/spark_core.v:332$1462_DATA' from process `\spark_core.$proc$../../rtl/spark_core.v:277$1818'.
No latch inferred for signal `\spark_core.$mem2reg_wr$\s_we$../../rtl/spark_core.v:333$1463_ADDR' from process `\spark_core.$proc$../../rtl/spark_core.v:277$1818'.
No latch inferred for signal `\spark_core.$mem2reg_wr$\s_we$../../rtl/spark_core.v:333$1463_DATA' from process `\spark_core.$proc$../../rtl/spark_core.v:277$1818'.
No latch inferred for signal `\spark_core.$mem2reg_wr$\s_wa$../../rtl/spark_core.v:333$1464_ADDR' from process `\spark_core.$proc$../../rtl/spark_core.v:277$1818'.
No latch inferred for signal `\spark_core.$mem2reg_wr$\s_wa$../../rtl/spark_core.v:333$1464_DATA' from process `\spark_core.$proc$../../rtl/spark_core.v:277$1818'.
No latch inferred for signal `\spark_core.\l5' from process `\spark_core.$proc$../../rtl/spark_core.v:266$1773'.
No latch inferred for signal `\spark_core.\n1' from process `\spark_core.$proc$../../rtl/spark_core.v:266$1773'.
No latch inferred for signal `\spark_core.\n2' from process `\spark_core.$proc$../../rtl/spark_core.v:266$1773'.
No latch inferred for signal `\spark_core.\xv' from process `\spark_core.$proc$../../rtl/spark_core.v:266$1773'.
No latch inferred for signal `\spark_core.\nidx' from process `\spark_core.$proc$../../rtl/spark_core.v:266$1773'.
No latch inferred for signal `\spark_core.\l4' from process `\spark_core.$proc$../../rtl/spark_core.v:240$1616'.
No latch inferred for signal `\spark_core.\h_grp' from process `\spark_core.$proc$../../rtl/spark_core.v:240$1616'.
No latch inferred for signal `\spark_core.\s_grp' from process `\spark_core.$proc$../../rtl/spark_core.v:240$1616'.
No latch inferred for signal `\spark_core.\dec' from process `\spark_core.$proc$../../rtl/spark_core.v:240$1616'.
No latch inferred for signal `\spark_core.\sum' from process `\spark_core.$proc$../../rtl/spark_core.v:240$1616'.
No latch inferred for signal `\spark_core.\hs' from process `\spark_core.$proc$../../rtl/spark_core.v:240$1616'.
No latch inferred for signal `\spark_core.\hl' from process `\spark_core.$proc$../../rtl/spark_core.v:240$1616'.
No latch inferred for signal `\spark_core.\al' from process `\spark_core.$proc$../../rtl/spark_core.v:240$1616'.
No latch inferred for signal `\spark_core.\mag' from process `\spark_core.$proc$../../rtl/spark_core.v:240$1616'.
No latch inferred for signal `\spark_core.\sp' from process `\spark_core.$proc$../../rtl/spark_core.v:240$1616'.
No latch inferred for signal `\spark_core.\hr' from process `\spark_core.$proc$../../rtl/spark_core.v:240$1616'.
Latch inferred for signal `\spark_core.\tl' from process `\spark_core.$proc$../../rtl/spark_core.v:240$1616': $auto$proc_dlatch.cc:427:proc_dlatch$7295
Latch inferred for signal `\spark_core.\u' from process `\spark_core.$proc$../../rtl/spark_core.v:240$1616': $auto$proc_dlatch.cc:427:proc_dlatch$7298
Latch inferred for signal `\spark_core.\us' from process `\spark_core.$proc$../../rtl/spark_core.v:240$1616': $auto$proc_dlatch.cc:427:proc_dlatch$7301
No latch inferred for signal `\spark_core.\l3' from process `\spark_core.$proc$../../rtl/spark_core.v:220$1599'.
No latch inferred for signal `\spark_core.\acc_new' from process `\spark_core.$proc$../../rtl/spark_core.v:220$1599'.
No latch inferred for signal `\spark_core.\l2' from process `\spark_core.$proc$../../rtl/spark_core.v:213$1598'.
No latch inferred for signal `\spark_core.\sel' from process `\spark_core.$proc$../../rtl/spark_core.v:213$1598'.
No latch inferred for signal `\spark_core.\l1' from process `\spark_core.$proc$../../rtl/spark_core.v:201$1541'.
No latch inferred for signal `\spark_core.\nzmask_rd' from process `\spark_core.$proc$../../rtl/spark_core.v:201$1541'.
No latch inferred for signal `\spark_core.\srcnz_rd' from process `\spark_core.$proc$../../rtl/spark_core.v:201$1541'.
No latch inferred for signal `\spark_core.\chg_rd' from process `\spark_core.$proc$../../rtl/spark_core.v:201$1541'.
No latch inferred for signal `\spark_core.\vtmp' from process `\spark_core.$proc$../../rtl/spark_core.v:201$1541'.
No latch inferred for signal `\spark_core.\vlat[0]' from process `\spark_core.$proc$../../rtl/spark_core.v:201$1541'.
No latch inferred for signal `\spark_core.\vlat[1]' from process `\spark_core.$proc$../../rtl/spark_core.v:201$1541'.
No latch inferred for signal `\spark_core.\vlat[2]' from process `\spark_core.$proc$../../rtl/spark_core.v:201$1541'.
No latch inferred for signal `\spark_core.\vlat[3]' from process `\spark_core.$proc$../../rtl/spark_core.v:201$1541'.
No latch inferred for signal `\spark_core.\vlat[4]' from process `\spark_core.$proc$../../rtl/spark_core.v:201$1541'.
No latch inferred for signal `\spark_core.\vlat[5]' from process `\spark_core.$proc$../../rtl/spark_core.v:201$1541'.
No latch inferred for signal `\spark_core.\vlat[6]' from process `\spark_core.$proc$../../rtl/spark_core.v:201$1541'.
No latch inferred for signal `\spark_core.\vlat[7]' from process `\spark_core.$proc$../../rtl/spark_core.v:201$1541'.
No latch inferred for signal `\spark_core.\l0' from process `\spark_core.$proc$../../rtl/spark_core.v:192$1524'.
No latch inferred for signal `\spark_core.\pc_nz' from process `\spark_core.$proc$../../rtl/spark_core.v:192$1524'.
No latch inferred for signal `\spark_core.\pc_dl' from process `\spark_core.$proc$../../rtl/spark_core.v:192$1524'.
No latch inferred for signal `\spark_core.\src_rd' from process `\spark_core.$proc$../../rtl/spark_core.v:169$1512'.
No latch inferred for signal `\spark_core.\sent_rd' from process `\spark_core.$proc$../../rtl/spark_core.v:169$1512'.
No latch inferred for signal `\spark_core.\w_rd' from process `\spark_core.$proc$../../rtl/spark_core.v:169$1512'.
No latch inferred for signal `\spark_core.\acc_rd_s' from process `\spark_core.$proc$../../rtl/spark_core.v:169$1512'.
No latch inferred for signal `\spark_core.$mem2reg_rd$\sn_rd$../../rtl/spark_core.v:183$1445_ADDR' from process `\spark_core.$proc$../../rtl/spark_core.v:169$1512'.
No latch inferred for signal `\spark_core.$mem2reg_rd$\sn_rd$../../rtl/spark_core.v:183$1445_DATA' from process `\spark_core.$proc$../../rtl/spark_core.v:169$1512'.
No latch inferred for signal `\spark_core.$mem2reg_rd$\acc_rd$../../rtl/spark_core.v:184$1446_ADDR' from process `\spark_core.$proc$../../rtl/spark_core.v:169$1512'.
No latch inferred for signal `\spark_core.$mem2reg_rd$\acc_rd$../../rtl/spark_core.v:184$1446_DATA' from process `\spark_core.$proc$../../rtl/spark_core.v:169$1512'.
No latch inferred for signal `$paramod$5991bf1e7dfda537268c11f0f2f1f92d0f7b6ab2\sram_array.\dout[5]' from process `$paramod$5991bf1e7dfda537268c11f0f2f1f92d0f7b6ab2\sram_array.$proc$../spark_mem_sky130.v:0$2652'.
No latch inferred for signal `$paramod$5991bf1e7dfda537268c11f0f2f1f92d0f7b6ab2\sram_array.\dout[4]' from process `$paramod$5991bf1e7dfda537268c11f0f2f1f92d0f7b6ab2\sram_array.$proc$../spark_mem_sky130.v:0$2652'.
No latch inferred for signal `$paramod$5991bf1e7dfda537268c11f0f2f1f92d0f7b6ab2\sram_array.\dout[3]' from process `$paramod$5991bf1e7dfda537268c11f0f2f1f92d0f7b6ab2\sram_array.$proc$../spark_mem_sky130.v:0$2652'.
No latch inferred for signal `$paramod$5991bf1e7dfda537268c11f0f2f1f92d0f7b6ab2\sram_array.\dout[2]' from process `$paramod$5991bf1e7dfda537268c11f0f2f1f92d0f7b6ab2\sram_array.$proc$../spark_mem_sky130.v:0$2652'.
No latch inferred for signal `$paramod$5991bf1e7dfda537268c11f0f2f1f92d0f7b6ab2\sram_array.\dout[1]' from process `$paramod$5991bf1e7dfda537268c11f0f2f1f92d0f7b6ab2\sram_array.$proc$../spark_mem_sky130.v:0$2652'.
No latch inferred for signal `$paramod$5991bf1e7dfda537268c11f0f2f1f92d0f7b6ab2\sram_array.\dout[0]' from process `$paramod$5991bf1e7dfda537268c11f0f2f1f92d0f7b6ab2\sram_array.$proc$../spark_mem_sky130.v:0$2652'.
No latch inferred for signal `$paramod$5991bf1e7dfda537268c11f0f2f1f92d0f7b6ab2\sram_array.$mem2reg_rd$\dout$../spark_mem_sky130.v:34$2617_DATA' from process `$paramod$5991bf1e7dfda537268c11f0f2f1f92d0f7b6ab2\sram_array.$proc$../spark_mem_sky130.v:0$2649'.
No latch inferred for signal `$paramod$3cd4f12c67766e10179630e6778f5a719138134d\spark_ram.\i' from process `$paramod$3cd4f12c67766e10179630e6778f5a719138134d\spark_ram.$proc$../spark_ram_asic.v:0$1281'.
No latch inferred for signal `$paramod$3cd4f12c67766e10179630e6778f5a719138134d\spark_ram.$memwr$\mem$../spark_ram_asic.v:21$1208_EN' from process `$paramod$3cd4f12c67766e10179630e6778f5a719138134d\spark_ram.$proc$../spark_ram_asic.v:0$1281'.
No latch inferred for signal `$paramod$3cd4f12c67766e10179630e6778f5a719138134d\spark_ram.$memwr$\mem$../spark_ram_asic.v:21$1209_EN' from process `$paramod$3cd4f12c67766e10179630e6778f5a719138134d\spark_ram.$proc$../spark_ram_asic.v:0$1281'.
No latch inferred for signal `$paramod$3cd4f12c67766e10179630e6778f5a719138134d\spark_ram.$memwr$\mem$../spark_ram_asic.v:21$1210_EN' from process `$paramod$3cd4f12c67766e10179630e6778f5a719138134d\spark_ram.$proc$../spark_ram_asic.v:0$1281'.
No latch inferred for signal `$paramod$3cd4f12c67766e10179630e6778f5a719138134d\spark_ram.$memwr$\mem$../spark_ram_asic.v:21$1211_EN' from process `$paramod$3cd4f12c67766e10179630e6778f5a719138134d\spark_ram.$proc$../spark_ram_asic.v:0$1281'.
No latch inferred for signal `$paramod$3cd4f12c67766e10179630e6778f5a719138134d\spark_ram.$memwr$\mem$../spark_ram_asic.v:21$1212_EN' from process `$paramod$3cd4f12c67766e10179630e6778f5a719138134d\spark_ram.$proc$../spark_ram_asic.v:0$1281'.
No latch inferred for signal `$paramod$3cd4f12c67766e10179630e6778f5a719138134d\spark_ram.$memwr$\mem$../spark_ram_asic.v:21$1213_EN' from process `$paramod$3cd4f12c67766e10179630e6778f5a719138134d\spark_ram.$proc$../spark_ram_asic.v:0$1281'.
No latch inferred for signal `$paramod$3cd4f12c67766e10179630e6778f5a719138134d\spark_ram.$memwr$\mem$../spark_ram_asic.v:21$1214_EN' from process `$paramod$3cd4f12c67766e10179630e6778f5a719138134d\spark_ram.$proc$../spark_ram_asic.v:0$1281'.
No latch inferred for signal `$paramod$3cd4f12c67766e10179630e6778f5a719138134d\spark_ram.$memwr$\mem$../spark_ram_asic.v:21$1215_EN' from process `$paramod$3cd4f12c67766e10179630e6778f5a719138134d\spark_ram.$proc$../spark_ram_asic.v:0$1281'.
No latch inferred for signal `$paramod$3cd4f12c67766e10179630e6778f5a719138134d\spark_ram.$memwr$\mem$../spark_ram_asic.v:21$1216_EN' from process `$paramod$3cd4f12c67766e10179630e6778f5a719138134d\spark_ram.$proc$../spark_ram_asic.v:0$1281'.
No latch inferred for signal `$paramod$3cd4f12c67766e10179630e6778f5a719138134d\spark_ram.$memwr$\mem$../spark_ram_asic.v:21$1217_EN' from process `$paramod$3cd4f12c67766e10179630e6778f5a719138134d\spark_ram.$proc$../spark_ram_asic.v:0$1281'.
No latch inferred for signal `$paramod$3cd4f12c67766e10179630e6778f5a719138134d\spark_ram.$memwr$\mem$../spark_ram_asic.v:21$1218_EN' from process `$paramod$3cd4f12c67766e10179630e6778f5a719138134d\spark_ram.$proc$../spark_ram_asic.v:0$1281'.
No latch inferred for signal `$paramod$3cd4f12c67766e10179630e6778f5a719138134d\spark_ram.$memwr$\mem$../spark_ram_asic.v:21$1219_EN' from process `$paramod$3cd4f12c67766e10179630e6778f5a719138134d\spark_ram.$proc$../spark_ram_asic.v:0$1281'.
No latch inferred for signal `$paramod$3cd4f12c67766e10179630e6778f5a719138134d\spark_ram.$memwr$\mem$../spark_ram_asic.v:21$1220_EN' from process `$paramod$3cd4f12c67766e10179630e6778f5a719138134d\spark_ram.$proc$../spark_ram_asic.v:0$1281'.
No latch inferred for signal `$paramod$3cd4f12c67766e10179630e6778f5a719138134d\spark_ram.$memwr$\mem$../spark_ram_asic.v:21$1221_EN' from process `$paramod$3cd4f12c67766e10179630e6778f5a719138134d\spark_ram.$proc$../spark_ram_asic.v:0$1281'.
No latch inferred for signal `$paramod$3cd4f12c67766e10179630e6778f5a719138134d\spark_ram.$memwr$\mem$../spark_ram_asic.v:21$1222_EN' from process `$paramod$3cd4f12c67766e10179630e6778f5a719138134d\spark_ram.$proc$../spark_ram_asic.v:0$1281'.
No latch inferred for signal `$paramod$3cd4f12c67766e10179630e6778f5a719138134d\spark_ram.$memwr$\mem$../spark_ram_asic.v:21$1223_EN' from process `$paramod$3cd4f12c67766e10179630e6778f5a719138134d\spark_ram.$proc$../spark_ram_asic.v:0$1281'.
No latch inferred for signal `$paramod$3cd4f12c67766e10179630e6778f5a719138134d\spark_ram.$memwr$\mem$../spark_ram_asic.v:21$1224_EN' from process `$paramod$3cd4f12c67766e10179630e6778f5a719138134d\spark_ram.$proc$../spark_ram_asic.v:0$1281'.
No latch inferred for signal `$paramod$3cd4f12c67766e10179630e6778f5a719138134d\spark_ram.$memwr$\mem$../spark_ram_asic.v:21$1225_EN' from process `$paramod$3cd4f12c67766e10179630e6778f5a719138134d\spark_ram.$proc$../spark_ram_asic.v:0$1281'.
No latch inferred for signal `$paramod$3cd4f12c67766e10179630e6778f5a719138134d\spark_ram.$memwr$\mem$../spark_ram_asic.v:21$1226_EN' from process `$paramod$3cd4f12c67766e10179630e6778f5a719138134d\spark_ram.$proc$../spark_ram_asic.v:0$1281'.
No latch inferred for signal `$paramod$3cd4f12c67766e10179630e6778f5a719138134d\spark_ram.$memwr$\mem$../spark_ram_asic.v:21$1227_EN' from process `$paramod$3cd4f12c67766e10179630e6778f5a719138134d\spark_ram.$proc$../spark_ram_asic.v:0$1281'.
No latch inferred for signal `$paramod$3cd4f12c67766e10179630e6778f5a719138134d\spark_ram.$memwr$\mem$../spark_ram_asic.v:21$1228_EN' from process `$paramod$3cd4f12c67766e10179630e6778f5a719138134d\spark_ram.$proc$../spark_ram_asic.v:0$1281'.
No latch inferred for signal `$paramod$3cd4f12c67766e10179630e6778f5a719138134d\spark_ram.$memwr$\mem$../spark_ram_asic.v:21$1229_EN' from process `$paramod$3cd4f12c67766e10179630e6778f5a719138134d\spark_ram.$proc$../spark_ram_asic.v:0$1281'.
No latch inferred for signal `$paramod$3cd4f12c67766e10179630e6778f5a719138134d\spark_ram.$memwr$\mem$../spark_ram_asic.v:21$1230_EN' from process `$paramod$3cd4f12c67766e10179630e6778f5a719138134d\spark_ram.$proc$../spark_ram_asic.v:0$1281'.
No latch inferred for signal `$paramod$3cd4f12c67766e10179630e6778f5a719138134d\spark_ram.$memwr$\mem$../spark_ram_asic.v:21$1231_EN' from process `$paramod$3cd4f12c67766e10179630e6778f5a719138134d\spark_ram.$proc$../spark_ram_asic.v:0$1281'.
No latch inferred for signal `$paramod$3cd4f12c67766e10179630e6778f5a719138134d\spark_ram.$memwr$\mem$../spark_ram_asic.v:21$1232_EN' from process `$paramod$3cd4f12c67766e10179630e6778f5a719138134d\spark_ram.$proc$../spark_ram_asic.v:0$1281'.
No latch inferred for signal `$paramod$3cd4f12c67766e10179630e6778f5a719138134d\spark_ram.$memwr$\mem$../spark_ram_asic.v:21$1233_EN' from process `$paramod$3cd4f12c67766e10179630e6778f5a719138134d\spark_ram.$proc$../spark_ram_asic.v:0$1281'.
No latch inferred for signal `$paramod$3cd4f12c67766e10179630e6778f5a719138134d\spark_ram.$memwr$\mem$../spark_ram_asic.v:21$1234_EN' from process `$paramod$3cd4f12c67766e10179630e6778f5a719138134d\spark_ram.$proc$../spark_ram_asic.v:0$1281'.
No latch inferred for signal `$paramod$3cd4f12c67766e10179630e6778f5a719138134d\spark_ram.$memwr$\mem$../spark_ram_asic.v:21$1235_EN' from process `$paramod$3cd4f12c67766e10179630e6778f5a719138134d\spark_ram.$proc$../spark_ram_asic.v:0$1281'.
No latch inferred for signal `$paramod$3cd4f12c67766e10179630e6778f5a719138134d\spark_ram.$memwr$\mem$../spark_ram_asic.v:21$1236_EN' from process `$paramod$3cd4f12c67766e10179630e6778f5a719138134d\spark_ram.$proc$../spark_ram_asic.v:0$1281'.
No latch inferred for signal `$paramod$3cd4f12c67766e10179630e6778f5a719138134d\spark_ram.$memwr$\mem$../spark_ram_asic.v:21$1237_EN' from process `$paramod$3cd4f12c67766e10179630e6778f5a719138134d\spark_ram.$proc$../spark_ram_asic.v:0$1281'.
No latch inferred for signal `$paramod$3cd4f12c67766e10179630e6778f5a719138134d\spark_ram.$memwr$\mem$../spark_ram_asic.v:21$1238_EN' from process `$paramod$3cd4f12c67766e10179630e6778f5a719138134d\spark_ram.$proc$../spark_ram_asic.v:0$1281'.
No latch inferred for signal `$paramod$3cd4f12c67766e10179630e6778f5a719138134d\spark_ram.$memwr$\mem$../spark_ram_asic.v:21$1239_EN' from process `$paramod$3cd4f12c67766e10179630e6778f5a719138134d\spark_ram.$proc$../spark_ram_asic.v:0$1281'.
No latch inferred for signal `$paramod$b60b308f1fe104c2737e410a4ba6465ac6270627\spark_ram.\i' from process `$paramod$b60b308f1fe104c2737e410a4ba6465ac6270627\spark_ram.$proc$../spark_ram_asic.v:0$1175'.
No latch inferred for signal `$paramod$b60b308f1fe104c2737e410a4ba6465ac6270627\spark_ram.$memwr$\mem$../spark_ram_asic.v:21$1134_EN' from process `$paramod$b60b308f1fe104c2737e410a4ba6465ac6270627\spark_ram.$proc$../spark_ram_asic.v:0$1175'.
No latch inferred for signal `$paramod$b60b308f1fe104c2737e410a4ba6465ac6270627\spark_ram.$memwr$\mem$../spark_ram_asic.v:21$1135_EN' from process `$paramod$b60b308f1fe104c2737e410a4ba6465ac6270627\spark_ram.$proc$../spark_ram_asic.v:0$1175'.
No latch inferred for signal `$paramod$b60b308f1fe104c2737e410a4ba6465ac6270627\spark_ram.$memwr$\mem$../spark_ram_asic.v:21$1136_EN' from process `$paramod$b60b308f1fe104c2737e410a4ba6465ac6270627\spark_ram.$proc$../spark_ram_asic.v:0$1175'.
No latch inferred for signal `$paramod$b60b308f1fe104c2737e410a4ba6465ac6270627\spark_ram.$memwr$\mem$../spark_ram_asic.v:21$1137_EN' from process `$paramod$b60b308f1fe104c2737e410a4ba6465ac6270627\spark_ram.$proc$../spark_ram_asic.v:0$1175'.
No latch inferred for signal `$paramod$b60b308f1fe104c2737e410a4ba6465ac6270627\spark_ram.$memwr$\mem$../spark_ram_asic.v:21$1138_EN' from process `$paramod$b60b308f1fe104c2737e410a4ba6465ac6270627\spark_ram.$proc$../spark_ram_asic.v:0$1175'.
No latch inferred for signal `$paramod$b60b308f1fe104c2737e410a4ba6465ac6270627\spark_ram.$memwr$\mem$../spark_ram_asic.v:21$1139_EN' from process `$paramod$b60b308f1fe104c2737e410a4ba6465ac6270627\spark_ram.$proc$../spark_ram_asic.v:0$1175'.
No latch inferred for signal `$paramod$b60b308f1fe104c2737e410a4ba6465ac6270627\spark_ram.$memwr$\mem$../spark_ram_asic.v:21$1140_EN' from process `$paramod$b60b308f1fe104c2737e410a4ba6465ac6270627\spark_ram.$proc$../spark_ram_asic.v:0$1175'.
No latch inferred for signal `$paramod$b60b308f1fe104c2737e410a4ba6465ac6270627\spark_ram.$memwr$\mem$../spark_ram_asic.v:21$1141_EN' from process `$paramod$b60b308f1fe104c2737e410a4ba6465ac6270627\spark_ram.$proc$../spark_ram_asic.v:0$1175'.
No latch inferred for signal `$paramod$b60b308f1fe104c2737e410a4ba6465ac6270627\spark_ram.$memwr$\mem$../spark_ram_asic.v:21$1142_EN' from process `$paramod$b60b308f1fe104c2737e410a4ba6465ac6270627\spark_ram.$proc$../spark_ram_asic.v:0$1175'.
No latch inferred for signal `$paramod$b60b308f1fe104c2737e410a4ba6465ac6270627\spark_ram.$memwr$\mem$../spark_ram_asic.v:21$1143_EN' from process `$paramod$b60b308f1fe104c2737e410a4ba6465ac6270627\spark_ram.$proc$../spark_ram_asic.v:0$1175'.
No latch inferred for signal `$paramod$b60b308f1fe104c2737e410a4ba6465ac6270627\spark_ram.$memwr$\mem$../spark_ram_asic.v:21$1144_EN' from process `$paramod$b60b308f1fe104c2737e410a4ba6465ac6270627\spark_ram.$proc$../spark_ram_asic.v:0$1175'.
No latch inferred for signal `$paramod$b60b308f1fe104c2737e410a4ba6465ac6270627\spark_ram.$memwr$\mem$../spark_ram_asic.v:21$1145_EN' from process `$paramod$b60b308f1fe104c2737e410a4ba6465ac6270627\spark_ram.$proc$../spark_ram_asic.v:0$1175'.
No latch inferred for signal `$paramod$b60b308f1fe104c2737e410a4ba6465ac6270627\spark_ram.$memwr$\mem$../spark_ram_asic.v:21$1146_EN' from process `$paramod$b60b308f1fe104c2737e410a4ba6465ac6270627\spark_ram.$proc$../spark_ram_asic.v:0$1175'.
No latch inferred for signal `$paramod$b60b308f1fe104c2737e410a4ba6465ac6270627\spark_ram.$memwr$\mem$../spark_ram_asic.v:21$1147_EN' from process `$paramod$b60b308f1fe104c2737e410a4ba6465ac6270627\spark_ram.$proc$../spark_ram_asic.v:0$1175'.
No latch inferred for signal `$paramod$b60b308f1fe104c2737e410a4ba6465ac6270627\spark_ram.$memwr$\mem$../spark_ram_asic.v:21$1148_EN' from process `$paramod$b60b308f1fe104c2737e410a4ba6465ac6270627\spark_ram.$proc$../spark_ram_asic.v:0$1175'.
No latch inferred for signal `$paramod$b60b308f1fe104c2737e410a4ba6465ac6270627\spark_ram.$memwr$\mem$../spark_ram_asic.v:21$1149_EN' from process `$paramod$b60b308f1fe104c2737e410a4ba6465ac6270627\spark_ram.$proc$../spark_ram_asic.v:0$1175'.
No latch inferred for signal `$paramod$5ef048927887dab421ae4d77be9d31047db88ca2\spark_ram.\i' from process `$paramod$5ef048927887dab421ae4d77be9d31047db88ca2\spark_ram.$proc$../spark_ram_asic.v:0$1085'.
No latch inferred for signal `$paramod$5ef048927887dab421ae4d77be9d31047db88ca2\spark_ram.$memwr$\mem$../spark_ram_asic.v:21$1028_EN' from process `$paramod$5ef048927887dab421ae4d77be9d31047db88ca2\spark_ram.$proc$../spark_ram_asic.v:0$1085'.
No latch inferred for signal `$paramod$5ef048927887dab421ae4d77be9d31047db88ca2\spark_ram.$memwr$\mem$../spark_ram_asic.v:21$1029_EN' from process `$paramod$5ef048927887dab421ae4d77be9d31047db88ca2\spark_ram.$proc$../spark_ram_asic.v:0$1085'.
No latch inferred for signal `$paramod$5ef048927887dab421ae4d77be9d31047db88ca2\spark_ram.$memwr$\mem$../spark_ram_asic.v:21$1030_EN' from process `$paramod$5ef048927887dab421ae4d77be9d31047db88ca2\spark_ram.$proc$../spark_ram_asic.v:0$1085'.
No latch inferred for signal `$paramod$5ef048927887dab421ae4d77be9d31047db88ca2\spark_ram.$memwr$\mem$../spark_ram_asic.v:21$1031_EN' from process `$paramod$5ef048927887dab421ae4d77be9d31047db88ca2\spark_ram.$proc$../spark_ram_asic.v:0$1085'.
No latch inferred for signal `$paramod$5ef048927887dab421ae4d77be9d31047db88ca2\spark_ram.$memwr$\mem$../spark_ram_asic.v:21$1032_EN' from process `$paramod$5ef048927887dab421ae4d77be9d31047db88ca2\spark_ram.$proc$../spark_ram_asic.v:0$1085'.
No latch inferred for signal `$paramod$5ef048927887dab421ae4d77be9d31047db88ca2\spark_ram.$memwr$\mem$../spark_ram_asic.v:21$1033_EN' from process `$paramod$5ef048927887dab421ae4d77be9d31047db88ca2\spark_ram.$proc$../spark_ram_asic.v:0$1085'.
No latch inferred for signal `$paramod$5ef048927887dab421ae4d77be9d31047db88ca2\spark_ram.$memwr$\mem$../spark_ram_asic.v:21$1034_EN' from process `$paramod$5ef048927887dab421ae4d77be9d31047db88ca2\spark_ram.$proc$../spark_ram_asic.v:0$1085'.
No latch inferred for signal `$paramod$5ef048927887dab421ae4d77be9d31047db88ca2\spark_ram.$memwr$\mem$../spark_ram_asic.v:21$1035_EN' from process `$paramod$5ef048927887dab421ae4d77be9d31047db88ca2\spark_ram.$proc$../spark_ram_asic.v:0$1085'.
No latch inferred for signal `$paramod$5ef048927887dab421ae4d77be9d31047db88ca2\spark_ram.$memwr$\mem$../spark_ram_asic.v:21$1036_EN' from process `$paramod$5ef048927887dab421ae4d77be9d31047db88ca2\spark_ram.$proc$../spark_ram_asic.v:0$1085'.
No latch inferred for signal `$paramod$5ef048927887dab421ae4d77be9d31047db88ca2\spark_ram.$memwr$\mem$../spark_ram_asic.v:21$1037_EN' from process `$paramod$5ef048927887dab421ae4d77be9d31047db88ca2\spark_ram.$proc$../spark_ram_asic.v:0$1085'.
No latch inferred for signal `$paramod$5ef048927887dab421ae4d77be9d31047db88ca2\spark_ram.$memwr$\mem$../spark_ram_asic.v:21$1038_EN' from process `$paramod$5ef048927887dab421ae4d77be9d31047db88ca2\spark_ram.$proc$../spark_ram_asic.v:0$1085'.
No latch inferred for signal `$paramod$5ef048927887dab421ae4d77be9d31047db88ca2\spark_ram.$memwr$\mem$../spark_ram_asic.v:21$1039_EN' from process `$paramod$5ef048927887dab421ae4d77be9d31047db88ca2\spark_ram.$proc$../spark_ram_asic.v:0$1085'.
No latch inferred for signal `$paramod$5ef048927887dab421ae4d77be9d31047db88ca2\spark_ram.$memwr$\mem$../spark_ram_asic.v:21$1040_EN' from process `$paramod$5ef048927887dab421ae4d77be9d31047db88ca2\spark_ram.$proc$../spark_ram_asic.v:0$1085'.
No latch inferred for signal `$paramod$5ef048927887dab421ae4d77be9d31047db88ca2\spark_ram.$memwr$\mem$../spark_ram_asic.v:21$1041_EN' from process `$paramod$5ef048927887dab421ae4d77be9d31047db88ca2\spark_ram.$proc$../spark_ram_asic.v:0$1085'.
No latch inferred for signal `$paramod$5ef048927887dab421ae4d77be9d31047db88ca2\spark_ram.$memwr$\mem$../spark_ram_asic.v:21$1042_EN' from process `$paramod$5ef048927887dab421ae4d77be9d31047db88ca2\spark_ram.$proc$../spark_ram_asic.v:0$1085'.
No latch inferred for signal `$paramod$5ef048927887dab421ae4d77be9d31047db88ca2\spark_ram.$memwr$\mem$../spark_ram_asic.v:21$1043_EN' from process `$paramod$5ef048927887dab421ae4d77be9d31047db88ca2\spark_ram.$proc$../spark_ram_asic.v:0$1085'.
No latch inferred for signal `$paramod$5ef048927887dab421ae4d77be9d31047db88ca2\spark_ram.$memwr$\mem$../spark_ram_asic.v:21$1044_EN' from process `$paramod$5ef048927887dab421ae4d77be9d31047db88ca2\spark_ram.$proc$../spark_ram_asic.v:0$1085'.
No latch inferred for signal `$paramod$5ef048927887dab421ae4d77be9d31047db88ca2\spark_ram.$memwr$\mem$../spark_ram_asic.v:21$1045_EN' from process `$paramod$5ef048927887dab421ae4d77be9d31047db88ca2\spark_ram.$proc$../spark_ram_asic.v:0$1085'.
No latch inferred for signal `$paramod$5ef048927887dab421ae4d77be9d31047db88ca2\spark_ram.$memwr$\mem$../spark_ram_asic.v:21$1046_EN' from process `$paramod$5ef048927887dab421ae4d77be9d31047db88ca2\spark_ram.$proc$../spark_ram_asic.v:0$1085'.
No latch inferred for signal `$paramod$5ef048927887dab421ae4d77be9d31047db88ca2\spark_ram.$memwr$\mem$../spark_ram_asic.v:21$1047_EN' from process `$paramod$5ef048927887dab421ae4d77be9d31047db88ca2\spark_ram.$proc$../spark_ram_asic.v:0$1085'.
No latch inferred for signal `$paramod$5ef048927887dab421ae4d77be9d31047db88ca2\spark_ram.$memwr$\mem$../spark_ram_asic.v:21$1048_EN' from process `$paramod$5ef048927887dab421ae4d77be9d31047db88ca2\spark_ram.$proc$../spark_ram_asic.v:0$1085'.
No latch inferred for signal `$paramod$5ef048927887dab421ae4d77be9d31047db88ca2\spark_ram.$memwr$\mem$../spark_ram_asic.v:21$1049_EN' from process `$paramod$5ef048927887dab421ae4d77be9d31047db88ca2\spark_ram.$proc$../spark_ram_asic.v:0$1085'.
No latch inferred for signal `$paramod$5ef048927887dab421ae4d77be9d31047db88ca2\spark_ram.$memwr$\mem$../spark_ram_asic.v:21$1050_EN' from process `$paramod$5ef048927887dab421ae4d77be9d31047db88ca2\spark_ram.$proc$../spark_ram_asic.v:0$1085'.
No latch inferred for signal `$paramod$5ef048927887dab421ae4d77be9d31047db88ca2\spark_ram.$memwr$\mem$../spark_ram_asic.v:21$1051_EN' from process `$paramod$5ef048927887dab421ae4d77be9d31047db88ca2\spark_ram.$proc$../spark_ram_asic.v:0$1085'.
No latch inferred for signal `$paramod$bcf365f4146dd7b8dd7973b9792131c6e19538bf\spark_ram.\i' from process `$paramod$bcf365f4146dd7b8dd7973b9792131c6e19538bf\spark_ram.$proc$../spark_ram_asic.v:0$995'.
No latch inferred for signal `$paramod$bcf365f4146dd7b8dd7973b9792131c6e19538bf\spark_ram.$memwr$\mem$../spark_ram_asic.v:21$954_EN' from process `$paramod$bcf365f4146dd7b8dd7973b9792131c6e19538bf\spark_ram.$proc$../spark_ram_asic.v:0$995'.
No latch inferred for signal `$paramod$bcf365f4146dd7b8dd7973b9792131c6e19538bf\spark_ram.$memwr$\mem$../spark_ram_asic.v:21$955_EN' from process `$paramod$bcf365f4146dd7b8dd7973b9792131c6e19538bf\spark_ram.$proc$../spark_ram_asic.v:0$995'.
No latch inferred for signal `$paramod$bcf365f4146dd7b8dd7973b9792131c6e19538bf\spark_ram.$memwr$\mem$../spark_ram_asic.v:21$956_EN' from process `$paramod$bcf365f4146dd7b8dd7973b9792131c6e19538bf\spark_ram.$proc$../spark_ram_asic.v:0$995'.
No latch inferred for signal `$paramod$bcf365f4146dd7b8dd7973b9792131c6e19538bf\spark_ram.$memwr$\mem$../spark_ram_asic.v:21$957_EN' from process `$paramod$bcf365f4146dd7b8dd7973b9792131c6e19538bf\spark_ram.$proc$../spark_ram_asic.v:0$995'.
No latch inferred for signal `$paramod$bcf365f4146dd7b8dd7973b9792131c6e19538bf\spark_ram.$memwr$\mem$../spark_ram_asic.v:21$958_EN' from process `$paramod$bcf365f4146dd7b8dd7973b9792131c6e19538bf\spark_ram.$proc$../spark_ram_asic.v:0$995'.
No latch inferred for signal `$paramod$bcf365f4146dd7b8dd7973b9792131c6e19538bf\spark_ram.$memwr$\mem$../spark_ram_asic.v:21$959_EN' from process `$paramod$bcf365f4146dd7b8dd7973b9792131c6e19538bf\spark_ram.$proc$../spark_ram_asic.v:0$995'.
No latch inferred for signal `$paramod$bcf365f4146dd7b8dd7973b9792131c6e19538bf\spark_ram.$memwr$\mem$../spark_ram_asic.v:21$960_EN' from process `$paramod$bcf365f4146dd7b8dd7973b9792131c6e19538bf\spark_ram.$proc$../spark_ram_asic.v:0$995'.
No latch inferred for signal `$paramod$bcf365f4146dd7b8dd7973b9792131c6e19538bf\spark_ram.$memwr$\mem$../spark_ram_asic.v:21$961_EN' from process `$paramod$bcf365f4146dd7b8dd7973b9792131c6e19538bf\spark_ram.$proc$../spark_ram_asic.v:0$995'.
No latch inferred for signal `$paramod$bcf365f4146dd7b8dd7973b9792131c6e19538bf\spark_ram.$memwr$\mem$../spark_ram_asic.v:21$962_EN' from process `$paramod$bcf365f4146dd7b8dd7973b9792131c6e19538bf\spark_ram.$proc$../spark_ram_asic.v:0$995'.
No latch inferred for signal `$paramod$bcf365f4146dd7b8dd7973b9792131c6e19538bf\spark_ram.$memwr$\mem$../spark_ram_asic.v:21$963_EN' from process `$paramod$bcf365f4146dd7b8dd7973b9792131c6e19538bf\spark_ram.$proc$../spark_ram_asic.v:0$995'.
No latch inferred for signal `$paramod$bcf365f4146dd7b8dd7973b9792131c6e19538bf\spark_ram.$memwr$\mem$../spark_ram_asic.v:21$964_EN' from process `$paramod$bcf365f4146dd7b8dd7973b9792131c6e19538bf\spark_ram.$proc$../spark_ram_asic.v:0$995'.
No latch inferred for signal `$paramod$bcf365f4146dd7b8dd7973b9792131c6e19538bf\spark_ram.$memwr$\mem$../spark_ram_asic.v:21$965_EN' from process `$paramod$bcf365f4146dd7b8dd7973b9792131c6e19538bf\spark_ram.$proc$../spark_ram_asic.v:0$995'.
No latch inferred for signal `$paramod$bcf365f4146dd7b8dd7973b9792131c6e19538bf\spark_ram.$memwr$\mem$../spark_ram_asic.v:21$966_EN' from process `$paramod$bcf365f4146dd7b8dd7973b9792131c6e19538bf\spark_ram.$proc$../spark_ram_asic.v:0$995'.
No latch inferred for signal `$paramod$bcf365f4146dd7b8dd7973b9792131c6e19538bf\spark_ram.$memwr$\mem$../spark_ram_asic.v:21$967_EN' from process `$paramod$bcf365f4146dd7b8dd7973b9792131c6e19538bf\spark_ram.$proc$../spark_ram_asic.v:0$995'.
No latch inferred for signal `$paramod$bcf365f4146dd7b8dd7973b9792131c6e19538bf\spark_ram.$memwr$\mem$../spark_ram_asic.v:21$968_EN' from process `$paramod$bcf365f4146dd7b8dd7973b9792131c6e19538bf\spark_ram.$proc$../spark_ram_asic.v:0$995'.
No latch inferred for signal `$paramod$bcf365f4146dd7b8dd7973b9792131c6e19538bf\spark_ram.$memwr$\mem$../spark_ram_asic.v:21$969_EN' from process `$paramod$bcf365f4146dd7b8dd7973b9792131c6e19538bf\spark_ram.$proc$../spark_ram_asic.v:0$995'.
No latch inferred for signal `$paramod$a28ce1f40a247108f5837ac3d099bee74b2b0a07\sram_array.\dout[3]' from process `$paramod$a28ce1f40a247108f5837ac3d099bee74b2b0a07\sram_array.$proc$../spark_mem_sky130.v:0$2568'.
No latch inferred for signal `$paramod$a28ce1f40a247108f5837ac3d099bee74b2b0a07\sram_array.\dout[2]' from process `$paramod$a28ce1f40a247108f5837ac3d099bee74b2b0a07\sram_array.$proc$../spark_mem_sky130.v:0$2568'.
No latch inferred for signal `$paramod$a28ce1f40a247108f5837ac3d099bee74b2b0a07\sram_array.\dout[1]' from process `$paramod$a28ce1f40a247108f5837ac3d099bee74b2b0a07\sram_array.$proc$../spark_mem_sky130.v:0$2568'.
No latch inferred for signal `$paramod$a28ce1f40a247108f5837ac3d099bee74b2b0a07\sram_array.\dout[0]' from process `$paramod$a28ce1f40a247108f5837ac3d099bee74b2b0a07\sram_array.$proc$../spark_mem_sky130.v:0$2568'.
No latch inferred for signal `$paramod$a28ce1f40a247108f5837ac3d099bee74b2b0a07\sram_array.$mem2reg_rd$\dout$../spark_mem_sky130.v:34$2543_DATA' from process `$paramod$a28ce1f40a247108f5837ac3d099bee74b2b0a07\sram_array.$proc$../spark_mem_sky130.v:0$2565'.
No latch inferred for signal `$paramod$0d0377702b2925ff4e344b2b32674ab0e09676c9\sram_array.\dout[7]' from process `$paramod$0d0377702b2925ff4e344b2b32674ab0e09676c9\sram_array.$proc$../spark_mem_sky130.v:0$2510'.
No latch inferred for signal `$paramod$0d0377702b2925ff4e344b2b32674ab0e09676c9\sram_array.\dout[6]' from process `$paramod$0d0377702b2925ff4e344b2b32674ab0e09676c9\sram_array.$proc$../spark_mem_sky130.v:0$2510'.
No latch inferred for signal `$paramod$0d0377702b2925ff4e344b2b32674ab0e09676c9\sram_array.\dout[5]' from process `$paramod$0d0377702b2925ff4e344b2b32674ab0e09676c9\sram_array.$proc$../spark_mem_sky130.v:0$2510'.
No latch inferred for signal `$paramod$0d0377702b2925ff4e344b2b32674ab0e09676c9\sram_array.\dout[4]' from process `$paramod$0d0377702b2925ff4e344b2b32674ab0e09676c9\sram_array.$proc$../spark_mem_sky130.v:0$2510'.
No latch inferred for signal `$paramod$0d0377702b2925ff4e344b2b32674ab0e09676c9\sram_array.\dout[3]' from process `$paramod$0d0377702b2925ff4e344b2b32674ab0e09676c9\sram_array.$proc$../spark_mem_sky130.v:0$2510'.
No latch inferred for signal `$paramod$0d0377702b2925ff4e344b2b32674ab0e09676c9\sram_array.\dout[2]' from process `$paramod$0d0377702b2925ff4e344b2b32674ab0e09676c9\sram_array.$proc$../spark_mem_sky130.v:0$2510'.
No latch inferred for signal `$paramod$0d0377702b2925ff4e344b2b32674ab0e09676c9\sram_array.\dout[1]' from process `$paramod$0d0377702b2925ff4e344b2b32674ab0e09676c9\sram_array.$proc$../spark_mem_sky130.v:0$2510'.
No latch inferred for signal `$paramod$0d0377702b2925ff4e344b2b32674ab0e09676c9\sram_array.\dout[0]' from process `$paramod$0d0377702b2925ff4e344b2b32674ab0e09676c9\sram_array.$proc$../spark_mem_sky130.v:0$2510'.
No latch inferred for signal `$paramod$0d0377702b2925ff4e344b2b32674ab0e09676c9\sram_array.$mem2reg_rd$\dout$../spark_mem_sky130.v:34$2465_DATA' from process `$paramod$0d0377702b2925ff4e344b2b32674ab0e09676c9\sram_array.$proc$../spark_mem_sky130.v:0$2507'.
No latch inferred for signal `$paramod$8f93e5a50923ff060caee78116dfcb18e6d470aa\sram_array.\dout[1]' from process `$paramod$8f93e5a50923ff060caee78116dfcb18e6d470aa\sram_array.$proc$../spark_mem_sky130.v:0$2400'.
No latch inferred for signal `$paramod$8f93e5a50923ff060caee78116dfcb18e6d470aa\sram_array.\dout[0]' from process `$paramod$8f93e5a50923ff060caee78116dfcb18e6d470aa\sram_array.$proc$../spark_mem_sky130.v:0$2400'.
No latch inferred for signal `$paramod$8f93e5a50923ff060caee78116dfcb18e6d470aa\sram_array.$mem2reg_rd$\dout$../spark_mem_sky130.v:34$2375_DATA' from process `$paramod$8f93e5a50923ff060caee78116dfcb18e6d470aa\sram_array.$proc$../spark_mem_sky130.v:0$2397'.
No latch inferred for signal `$paramod$4d3c4ff6ab1be9973e955659d38e203320f28619\sram_array.\dout[1]' from process `$paramod$4d3c4ff6ab1be9973e955659d38e203320f28619\sram_array.$proc$../spark_mem_sky130.v:0$2342'.
No latch inferred for signal `$paramod$4d3c4ff6ab1be9973e955659d38e203320f28619\sram_array.\dout[0]' from process `$paramod$4d3c4ff6ab1be9973e955659d38e203320f28619\sram_array.$proc$../spark_mem_sky130.v:0$2342'.
No latch inferred for signal `$paramod$4d3c4ff6ab1be9973e955659d38e203320f28619\sram_array.$mem2reg_rd$\dout$../spark_mem_sky130.v:34$2327_DATA' from process `$paramod$4d3c4ff6ab1be9973e955659d38e203320f28619\sram_array.$proc$../spark_mem_sky130.v:0$2339'.

6.2.9. Executing PROC_DFF pass (convert process syncs to FFs).
Creating register for signal `\spark_core.\done' using process `\spark_core.$proc$../../rtl/spark_core.v:341$1978'.
  created $dff cell `$procdff$7302' with positive edge clock.
Creating register for signal `\spark_core.\pred' using process `\spark_core.$proc$../../rtl/spark_core.v:341$1978'.
  created $dff cell `$procdff$7303' with positive edge clock.
Creating register for signal `\spark_core.\path' using process `\spark_core.$proc$../../rtl/spark_core.v:341$1978'.
  created $dff cell `$procdff$7304' with positive edge clock.
Creating register for signal `\spark_core.\tok_cycles' using process `\spark_core.$proc$../../rtl/spark_core.v:341$1978'.
  created $dff cell `$procdff$7305' with positive edge clock.
Creating register for signal `\spark_core.\wreads' using process `\spark_core.$proc$../../rtl/spark_core.v:341$1978'.
  created $dff cell `$procdff$7306' with positive edge clock.
Creating register for signal `\spark_core.\cyc_engine' using process `\spark_core.$proc$../../rtl/spark_core.v:341$1978'.
  created $dff cell `$procdff$7307' with positive edge clock.
Creating register for signal `\spark_core.\cyc_scan' using process `\spark_core.$proc$../../rtl/spark_core.v:341$1978'.
  created $dff cell `$procdff$7308' with positive edge clock.
Creating register for signal `\spark_core.\cyc_post' using process `\spark_core.$proc$../../rtl/spark_core.v:341$1978'.
  created $dff cell `$procdff$7309' with positive edge clock.
Creating register for signal `\spark_core.\cyc_recall' using process `\spark_core.$proc$../../rtl/spark_core.v:341$1978'.
  created $dff cell `$procdff$7310' with positive edge clock.
Creating register for signal `\spark_core.\state' using process `\spark_core.$proc$../../rtl/spark_core.v:341$1978'.
  created $dff cell `$procdff$7311' with positive edge clock.
Creating register for signal `\spark_core.\use_delta' using process `\spark_core.$proc$../../rtl/spark_core.v:341$1978'.
  created $dff cell `$procdff$7312' with positive edge clock.
Creating register for signal `\spark_core.\n_nz' using process `\spark_core.$proc$../../rtl/spark_core.v:341$1978'.
  created $dff cell `$procdff$7313' with positive edge clock.
Creating register for signal `\spark_core.\n_dl' using process `\spark_core.$proc$../../rtl/spark_core.v:341$1978'.
  created $dff cell `$procdff$7314' with positive edge clock.
Creating register for signal `\spark_core.\score' using process `\spark_core.$proc$../../rtl/spark_core.v:341$1978'.
  created $dff cell `$procdff$7315' with positive edge clock.
Creating register for signal `\spark_core.\tokcnt' using process `\spark_core.$proc$../../rtl/spark_core.v:341$1978'.
  created $dff cell `$procdff$7316' with positive edge clock.
Creating register for signal `\spark_core.\tokq' using process `\spark_core.$proc$../../rtl/spark_core.v:341$1978'.
  created $dff cell `$procdff$7317' with positive edge clock.
Creating register for signal `\spark_core.\rec_hit' using process `\spark_core.$proc$../../rtl/spark_core.v:341$1978'.
  created $dff cell `$procdff$7318' with positive edge clock.
Creating register for signal `\spark_core.\rec_val' using process `\spark_core.$proc$../../rtl/spark_core.v:341$1978'.
  created $dff cell `$procdff$7319' with positive edge clock.
Creating register for signal `\spark_core.\stg' using process `\spark_core.$proc$../../rtl/spark_core.v:341$1978'.
  created $dff cell `$procdff$7320' with positive edge clock.
Creating register for signal `\spark_core.\byte_r' using process `\spark_core.$proc$../../rtl/spark_core.v:341$1978'.
  created $dff cell `$procdff$7321' with positive edge clock.
Creating register for signal `\spark_core.\ctx' using process `\spark_core.$proc$../../rtl/spark_core.v:341$1978'.
  created $dff cell `$procdff$7322' with positive edge clock.
Creating register for signal `\spark_core.\ctx_prev' using process `\spark_core.$proc$../../rtl/spark_core.v:341$1978'.
  created $dff cell `$procdff$7323' with positive edge clock.
Creating register for signal `\spark_core.\hist1' using process `\spark_core.$proc$../../rtl/spark_core.v:341$1978'.
  created $dff cell `$procdff$7324' with positive edge clock.
Creating register for signal `\spark_core.\hist2' using process `\spark_core.$proc$../../rtl/spark_core.v:341$1978'.
  created $dff cell `$procdff$7325' with positive edge clock.
Creating register for signal `\spark_core.\started' using process `\spark_core.$proc$../../rtl/spark_core.v:341$1978'.
  created $dff cell `$procdff$7326' with positive edge clock.
Creating register for signal `\spark_core.\c' using process `\spark_core.$proc$../../rtl/spark_core.v:341$1978'.
  created $dff cell `$procdff$7327' with positive edge clock.
Creating register for signal `\spark_core.\mask' using process `\spark_core.$proc$../../rtl/spark_core.v:341$1978'.
  created $dff cell `$procdff$7328' with positive edge clock.
Creating register for signal `\spark_core.\srcw' using process `\spark_core.$proc$../../rtl/spark_core.v:341$1978'.
  created $dff cell `$procdff$7329' with positive edge clock.
Creating register for signal `\spark_core.\sentw' using process `\spark_core.$proc$../../rtl/spark_core.v:341$1978'.
  created $dff cell `$procdff$7330' with positive edge clock.
Creating register for signal `\spark_core.\ev_j' using process `\spark_core.$proc$../../rtl/spark_core.v:341$1978'.
  created $dff cell `$procdff$7331' with positive edge clock.
Creating register for signal `\spark_core.\ev_v' using process `\spark_core.$proc$../../rtl/spark_core.v:341$1978'.
  created $dff cell `$procdff$7332' with positive edge clock.
Creating register for signal `\spark_core.\e' using process `\spark_core.$proc$../../rtl/spark_core.v:341$1978'.
  created $dff cell `$procdff$7333' with positive edge clock.
Creating register for signal `\spark_core.\m' using process `\spark_core.$proc$../../rtl/spark_core.v:341$1978'.
  created $dff cell `$procdff$7334' with positive edge clock.
Creating register for signal `\spark_core.\t1' using process `\spark_core.$proc$../../rtl/spark_core.v:341$1978'.
  created $dff cell `$procdff$7335' with positive edge clock.
Creating register for signal `\spark_core.\t2' using process `\spark_core.$proc$../../rtl/spark_core.v:341$1978'.
  created $dff cell `$procdff$7336' with positive edge clock.
Creating register for signal `\spark_core.\idx' using process `\spark_core.$proc$../../rtl/spark_core.v:341$1978'.
  created $dff cell `$procdff$7337' with positive edge clock.
Creating register for signal `\spark_core.\po_acc' using process `\spark_core.$proc$../../rtl/spark_core.v:341$1978'.
  created $dff cell `$procdff$7338' with positive edge clock.
Creating register for signal `\spark_core.\po_h' using process `\spark_core.$proc$../../rtl/spark_core.v:341$1978'.
  created $dff cell `$procdff$7339' with positive edge clock.
Creating register for signal `\spark_core.\po_th' using process `\spark_core.$proc$../../rtl/spark_core.v:341$1978'.
  created $dff cell `$procdff$7340' with positive edge clock.
Creating register for signal `\spark_core.\h_neww' using process `\spark_core.$proc$../../rtl/spark_core.v:341$1978'.
  created $dff cell `$procdff$7341' with positive edge clock.
Creating register for signal `\spark_core.\s_neww' using process `\spark_core.$proc$../../rtl/spark_core.v:341$1978'.
  created $dff cell `$procdff$7342' with positive edge clock.
Creating register for signal `\spark_core.\q' using process `\spark_core.$proc$../../rtl/spark_core.v:341$1978'.
  created $dff cell `$procdff$7343' with positive edge clock.
Creating register for signal `\spark_core.\kf' using process `\spark_core.$proc$../../rtl/spark_core.v:341$1978'.
  created $dff cell `$procdff$7344' with positive edge clock.
Creating register for signal `\spark_core.$bitselwrite$mask$../../rtl/spark_core.v:423$1433' using process `\spark_core.$proc$../../rtl/spark_core.v:341$1978'.
  created $dff cell `$procdff$7345' with positive edge clock.
Creating register for signal `\spark_core.$bitselwrite$data$../../rtl/spark_core.v:423$1434' using process `\spark_core.$proc$../../rtl/spark_core.v:341$1978'.
  created $dff cell `$procdff$7346' with positive edge clock.
Creating register for signal `\spark_core.$bitselwrite$sel$../../rtl/spark_core.v:423$1435' using process `\spark_core.$proc$../../rtl/spark_core.v:341$1978'.
  created $dff cell `$procdff$7347' with positive edge clock.
Creating register for signal `\spark_core.$bitselwrite$mask$../../rtl/spark_core.v:424$1436' using process `\spark_core.$proc$../../rtl/spark_core.v:341$1978'.
  created $dff cell `$procdff$7348' with positive edge clock.
Creating register for signal `\spark_core.$bitselwrite$data$../../rtl/spark_core.v:424$1437' using process `\spark_core.$proc$../../rtl/spark_core.v:341$1978'.
  created $dff cell `$procdff$7349' with positive edge clock.
Creating register for signal `\spark_core.$bitselwrite$sel$../../rtl/spark_core.v:424$1438' using process `\spark_core.$proc$../../rtl/spark_core.v:341$1978'.
  created $dff cell `$procdff$7350' with positive edge clock.
Creating register for signal `\spark_core.$bitselwrite$mask$../../rtl/spark_core.v:455$1439' using process `\spark_core.$proc$../../rtl/spark_core.v:341$1978'.
  created $dff cell `$procdff$7351' with positive edge clock.
Creating register for signal `\spark_core.$bitselwrite$data$../../rtl/spark_core.v:455$1440' using process `\spark_core.$proc$../../rtl/spark_core.v:341$1978'.
  created $dff cell `$procdff$7352' with positive edge clock.
Creating register for signal `\spark_core.$bitselwrite$sel$../../rtl/spark_core.v:455$1441' using process `\spark_core.$proc$../../rtl/spark_core.v:341$1978'.
  created $dff cell `$procdff$7353' with positive edge clock.
Creating register for signal `\spark_core.$bitselwrite$mask$../../rtl/spark_core.v:456$1442' using process `\spark_core.$proc$../../rtl/spark_core.v:341$1978'.
  created $dff cell `$procdff$7354' with positive edge clock.
Creating register for signal `\spark_core.$bitselwrite$data$../../rtl/spark_core.v:456$1443' using process `\spark_core.$proc$../../rtl/spark_core.v:341$1978'.
  created $dff cell `$procdff$7355' with positive edge clock.
Creating register for signal `\spark_core.$bitselwrite$sel$../../rtl/spark_core.v:456$1444' using process `\spark_core.$proc$../../rtl/spark_core.v:341$1978'.
  created $dff cell `$procdff$7356' with positive edge clock.
Creating register for signal `\spark_core.$mem2reg_rd$\vlat$../../rtl/spark_core.v:422$1465_ADDR' using process `\spark_core.$proc$../../rtl/spark_core.v:341$1978'.
  created $dff cell `$procdff$7357' with positive edge clock.
Creating register for signal `\spark_core.$mem2reg_rd$\vlat$../../rtl/spark_core.v:422$1465_DATA' using process `\spark_core.$proc$../../rtl/spark_core.v:341$1978'.
  created $dff cell `$procdff$7358' with positive edge clock.
Creating register for signal `\spark_core.$mem2reg_rd$\vlat$../../rtl/spark_core.v:426$1466_ADDR' using process `\spark_core.$proc$../../rtl/spark_core.v:341$1978'.
  created $dff cell `$procdff$7359' with positive edge clock.
Creating register for signal `\spark_core.$mem2reg_rd$\vlat$../../rtl/spark_core.v:426$1466_DATA' using process `\spark_core.$proc$../../rtl/spark_core.v:341$1978'.
  created $dff cell `$procdff$7360' with positive edge clock.
Creating register for signal `\spark_core.$mem2reg_rd$\h_rd$../../rtl/spark_core.v:449$1467_ADDR' using process `\spark_core.$proc$../../rtl/spark_core.v:341$1978'.
  created $dff cell `$procdff$7361' with positive edge clock.
Creating register for signal `\spark_core.$mem2reg_rd$\h_rd$../../rtl/spark_core.v:449$1467_DATA' using process `\spark_core.$proc$../../rtl/spark_core.v:341$1978'.
  created $dff cell `$procdff$7362' with positive edge clock.
Creating register for signal `\spark_core.$memwr$\nzc$../../rtl/spark_core.v:357$1468_EN' using process `\spark_core.$proc$../../rtl/spark_core.v:341$1978'.
  created $dff cell `$procdff$7363' with positive edge clock.
Creating register for signal `\spark_core.$memwr$\prc$../../rtl/spark_core.v:357$1469_EN' using process `\spark_core.$proc$../../rtl/spark_core.v:341$1978'.
  created $dff cell `$procdff$7364' with positive edge clock.
Creating register for signal `\spark_core.$memwr$\nzc$../../rtl/spark_core.v:357$1470_EN' using process `\spark_core.$proc$../../rtl/spark_core.v:341$1978'.
  created $dff cell `$procdff$7365' with positive edge clock.
Creating register for signal `\spark_core.$memwr$\prc$../../rtl/spark_core.v:357$1471_EN' using process `\spark_core.$proc$../../rtl/spark_core.v:341$1978'.
  created $dff cell `$procdff$7366' with positive edge clock.
Creating register for signal `\spark_core.$memwr$\nzc$../../rtl/spark_core.v:357$1472_EN' using process `\spark_core.$proc$../../rtl/spark_core.v:341$1978'.
  created $dff cell `$procdff$7367' with positive edge clock.
Creating register for signal `\spark_core.$memwr$\prc$../../rtl/spark_core.v:357$1473_EN' using process `\spark_core.$proc$../../rtl/spark_core.v:341$1978'.
  created $dff cell `$procdff$7368' with positive edge clock.
Creating register for signal `\spark_core.$memwr$\nzc$../../rtl/spark_core.v:357$1474_EN' using process `\spark_core.$proc$../../rtl/spark_core.v:341$1978'.
  created $dff cell `$procdff$7369' with positive edge clock.
Creating register for signal `\spark_core.$memwr$\prc$../../rtl/spark_core.v:357$1475_EN' using process `\spark_core.$proc$../../rtl/spark_core.v:341$1978'.
  created $dff cell `$procdff$7370' with positive edge clock.
Creating register for signal `\spark_core.$memwr$\prc$../../rtl/spark_core.v:425$1476_ADDR' using process `\spark_core.$proc$../../rtl/spark_core.v:341$1978'.
  created $dff cell `$procdff$7371' with positive edge clock.
Creating register for signal `\spark_core.$memwr$\prc$../../rtl/spark_core.v:425$1476_DATA' using process `\spark_core.$proc$../../rtl/spark_core.v:341$1978'.
  created $dff cell `$procdff$7372' with positive edge clock.
Creating register for signal `\spark_core.$memwr$\prc$../../rtl/spark_core.v:425$1476_EN' using process `\spark_core.$proc$../../rtl/spark_core.v:341$1978'.
  created $dff cell `$procdff$7373' with positive edge clock.
Creating register for signal `\spark_core.$memwr$\nzc$../../rtl/spark_core.v:426$1477_ADDR' using process `\spark_core.$proc$../../rtl/spark_core.v:341$1978'.
  created $dff cell `$procdff$7374' with positive edge clock.
Creating register for signal `\spark_core.$memwr$\nzc$../../rtl/spark_core.v:426$1477_DATA' using process `\spark_core.$proc$../../rtl/spark_core.v:341$1978'.
  created $dff cell `$procdff$7375' with positive edge clock.
Creating register for signal `\spark_core.$memwr$\nzc$../../rtl/spark_core.v:426$1477_EN' using process `\spark_core.$proc$../../rtl/spark_core.v:341$1978'.
  created $dff cell `$procdff$7376' with positive edge clock.
Creating register for signal `\spark_core.$lookahead\mask$1974' using process `\spark_core.$proc$../../rtl/spark_core.v:341$1978'.
  created $dff cell `$procdff$7377' with positive edge clock.
Creating register for signal `\spark_core.$lookahead\sentw$1975' using process `\spark_core.$proc$../../rtl/spark_core.v:341$1978'.
  created $dff cell `$procdff$7378' with positive edge clock.
Creating register for signal `\spark_core.$lookahead\h_neww$1976' using process `\spark_core.$proc$../../rtl/spark_core.v:341$1978'.
  created $dff cell `$procdff$7379' with positive edge clock.
Creating register for signal `\spark_core.$lookahead\s_neww$1977' using process `\spark_core.$proc$../../rtl/spark_core.v:341$1978'.
  created $dff cell `$procdff$7380' with positive edge clock.
Creating register for signal `$paramod$5991bf1e7dfda537268c11f0f2f1f92d0f7b6ab2\sram_array.\rbank_q' using process `$paramod$5991bf1e7dfda537268c11f0f2f1f92d0f7b6ab2\sram_array.$proc$../spark_mem_sky130.v:20$2618'.
  created $dff cell `$procdff$7381' with positive edge clock.
Creating register for signal `$paramod$a80fd39dadfcac33f5f91ba005c92717acda455a\spark_ram.\rd' using process `$paramod$a80fd39dadfcac33f5f91ba005c92717acda455a\spark_ram.$proc$../spark_ram_asic.v:24$1358'.
  created $dff cell `$procdff$7382' with positive edge clock.
Creating register for signal `$paramod$a80fd39dadfcac33f5f91ba005c92717acda455a\spark_ram.$memwr$\mem$../spark_ram_asic.v:25$1357_ADDR' using process `$paramod$a80fd39dadfcac33f5f91ba005c92717acda455a\spark_ram.$proc$../spark_ram_asic.v:24$1358'.
  created $dff cell `$procdff$7383' with positive edge clock.
Creating register for signal `$paramod$a80fd39dadfcac33f5f91ba005c92717acda455a\spark_ram.$memwr$\mem$../spark_ram_asic.v:25$1357_DATA' using process `$paramod$a80fd39dadfcac33f5f91ba005c92717acda455a\spark_ram.$proc$../spark_ram_asic.v:24$1358'.
  created $dff cell `$procdff$7384' with positive edge clock.
Creating register for signal `$paramod$a80fd39dadfcac33f5f91ba005c92717acda455a\spark_ram.$memwr$\mem$../spark_ram_asic.v:25$1357_EN' using process `$paramod$a80fd39dadfcac33f5f91ba005c92717acda455a\spark_ram.$proc$../spark_ram_asic.v:24$1358'.
  created $dff cell `$procdff$7385' with positive edge clock.
Creating register for signal `$paramod$429c1f82066657abfcb96a496d5ead908f1f3b7c\spark_ram.\rd' using process `$paramod$429c1f82066657abfcb96a496d5ead908f1f3b7c\spark_ram.$proc$../spark_ram_asic.v:24$1347'.
  created $dff cell `$procdff$7386' with positive edge clock.
Creating register for signal `$paramod$429c1f82066657abfcb96a496d5ead908f1f3b7c\spark_ram.$memwr$\mem$../spark_ram_asic.v:25$1346_ADDR' using process `$paramod$429c1f82066657abfcb96a496d5ead908f1f3b7c\spark_ram.$proc$../spark_ram_asic.v:24$1347'.
  created $dff cell `$procdff$7387' with positive edge clock.
Creating register for signal `$paramod$429c1f82066657abfcb96a496d5ead908f1f3b7c\spark_ram.$memwr$\mem$../spark_ram_asic.v:25$1346_DATA' using process `$paramod$429c1f82066657abfcb96a496d5ead908f1f3b7c\spark_ram.$proc$../spark_ram_asic.v:24$1347'.
  created $dff cell `$procdff$7388' with positive edge clock.
Creating register for signal `$paramod$429c1f82066657abfcb96a496d5ead908f1f3b7c\spark_ram.$memwr$\mem$../spark_ram_asic.v:25$1346_EN' using process `$paramod$429c1f82066657abfcb96a496d5ead908f1f3b7c\spark_ram.$proc$../spark_ram_asic.v:24$1347'.
  created $dff cell `$procdff$7389' with positive edge clock.
Creating register for signal `$paramod$3cd4f12c67766e10179630e6778f5a719138134d\spark_ram.\rd' using process `$paramod$3cd4f12c67766e10179630e6778f5a719138134d\spark_ram.$proc$../spark_ram_asic.v:24$1241'.
  created $dff cell `$procdff$7390' with positive edge clock.
Creating register for signal `$paramod$3cd4f12c67766e10179630e6778f5a719138134d\spark_ram.$memwr$\mem$../spark_ram_asic.v:25$1240_ADDR' using process `$paramod$3cd4f12c67766e10179630e6778f5a719138134d\spark_ram.$proc$../spark_ram_asic.v:24$1241'.
  created $dff cell `$procdff$7391' with positive edge clock.
Creating register for signal `$paramod$3cd4f12c67766e10179630e6778f5a719138134d\spark_ram.$memwr$\mem$../spark_ram_asic.v:25$1240_DATA' using process `$paramod$3cd4f12c67766e10179630e6778f5a719138134d\spark_ram.$proc$../spark_ram_asic.v:24$1241'.
  created $dff cell `$procdff$7392' with positive edge clock.
Creating register for signal `$paramod$3cd4f12c67766e10179630e6778f5a719138134d\spark_ram.$memwr$\mem$../spark_ram_asic.v:25$1240_EN' using process `$paramod$3cd4f12c67766e10179630e6778f5a719138134d\spark_ram.$proc$../spark_ram_asic.v:24$1241'.
  created $dff cell `$procdff$7393' with positive edge clock.
Creating register for signal `$paramod$b60b308f1fe104c2737e410a4ba6465ac6270627\spark_ram.\rd' using process `$paramod$b60b308f1fe104c2737e410a4ba6465ac6270627\spark_ram.$proc$../spark_ram_asic.v:24$1151'.
  created $dff cell `$procdff$7394' with positive edge clock.
Creating register for signal `$paramod$b60b308f1fe104c2737e410a4ba6465ac6270627\spark_ram.$memwr$\mem$../spark_ram_asic.v:25$1150_ADDR' using process `$paramod$b60b308f1fe104c2737e410a4ba6465ac6270627\spark_ram.$proc$../spark_ram_asic.v:24$1151'.
  created $dff cell `$procdff$7395' with positive edge clock.
Creating register for signal `$paramod$b60b308f1fe104c2737e410a4ba6465ac6270627\spark_ram.$memwr$\mem$../spark_ram_asic.v:25$1150_DATA' using process `$paramod$b60b308f1fe104c2737e410a4ba6465ac6270627\spark_ram.$proc$../spark_ram_asic.v:24$1151'.
  created $dff cell `$procdff$7396' with positive edge clock.
Creating register for signal `$paramod$b60b308f1fe104c2737e410a4ba6465ac6270627\spark_ram.$memwr$\mem$../spark_ram_asic.v:25$1150_EN' using process `$paramod$b60b308f1fe104c2737e410a4ba6465ac6270627\spark_ram.$proc$../spark_ram_asic.v:24$1151'.
  created $dff cell `$procdff$7397' with positive edge clock.
Creating register for signal `$paramod$5ef048927887dab421ae4d77be9d31047db88ca2\spark_ram.\rd' using process `$paramod$5ef048927887dab421ae4d77be9d31047db88ca2\spark_ram.$proc$../spark_ram_asic.v:24$1053'.
  created $dff cell `$procdff$7398' with positive edge clock.
Creating register for signal `$paramod$5ef048927887dab421ae4d77be9d31047db88ca2\spark_ram.$memwr$\mem$../spark_ram_asic.v:25$1052_ADDR' using process `$paramod$5ef048927887dab421ae4d77be9d31047db88ca2\spark_ram.$proc$../spark_ram_asic.v:24$1053'.
  created $dff cell `$procdff$7399' with positive edge clock.
Creating register for signal `$paramod$5ef048927887dab421ae4d77be9d31047db88ca2\spark_ram.$memwr$\mem$../spark_ram_asic.v:25$1052_DATA' using process `$paramod$5ef048927887dab421ae4d77be9d31047db88ca2\spark_ram.$proc$../spark_ram_asic.v:24$1053'.
  created $dff cell `$procdff$7400' with positive edge clock.
Creating register for signal `$paramod$5ef048927887dab421ae4d77be9d31047db88ca2\spark_ram.$memwr$\mem$../spark_ram_asic.v:25$1052_EN' using process `$paramod$5ef048927887dab421ae4d77be9d31047db88ca2\spark_ram.$proc$../spark_ram_asic.v:24$1053'.
  created $dff cell `$procdff$7401' with positive edge clock.
Creating register for signal `$paramod$bcf365f4146dd7b8dd7973b9792131c6e19538bf\spark_ram.\rd' using process `$paramod$bcf365f4146dd7b8dd7973b9792131c6e19538bf\spark_ram.$proc$../spark_ram_asic.v:24$971'.
  created $dff cell `$procdff$7402' with positive edge clock.
Creating register for signal `$paramod$bcf365f4146dd7b8dd7973b9792131c6e19538bf\spark_ram.$memwr$\mem$../spark_ram_asic.v:25$970_ADDR' using process `$paramod$bcf365f4146dd7b8dd7973b9792131c6e19538bf\spark_ram.$proc$../spark_ram_asic.v:24$971'.
  created $dff cell `$procdff$7403' with positive edge clock.
Creating register for signal `$paramod$bcf365f4146dd7b8dd7973b9792131c6e19538bf\spark_ram.$memwr$\mem$../spark_ram_asic.v:25$970_DATA' using process `$paramod$bcf365f4146dd7b8dd7973b9792131c6e19538bf\spark_ram.$proc$../spark_ram_asic.v:24$971'.
  created $dff cell `$procdff$7404' with positive edge clock.
Creating register for signal `$paramod$bcf365f4146dd7b8dd7973b9792131c6e19538bf\spark_ram.$memwr$\mem$../spark_ram_asic.v:25$970_EN' using process `$paramod$bcf365f4146dd7b8dd7973b9792131c6e19538bf\spark_ram.$proc$../spark_ram_asic.v:24$971'.
  created $dff cell `$procdff$7405' with positive edge clock.
Creating register for signal `$paramod$a28ce1f40a247108f5837ac3d099bee74b2b0a07\sram_array.\rbank_q' using process `$paramod$a28ce1f40a247108f5837ac3d099bee74b2b0a07\sram_array.$proc$../spark_mem_sky130.v:20$2544'.
  created $dff cell `$procdff$7406' with positive edge clock.
Creating register for signal `$paramod$0d0377702b2925ff4e344b2b32674ab0e09676c9\sram_array.\rbank_q' using process `$paramod$0d0377702b2925ff4e344b2b32674ab0e09676c9\sram_array.$proc$../spark_mem_sky130.v:20$2466'.
  created $dff cell `$procdff$7407' with positive edge clock.
Creating register for signal `$paramod$8f93e5a50923ff060caee78116dfcb18e6d470aa\sram_array.\rbank_q' using process `$paramod$8f93e5a50923ff060caee78116dfcb18e6d470aa\sram_array.$proc$../spark_mem_sky130.v:20$2376'.
  created $dff cell `$procdff$7408' with positive edge clock.
Creating register for signal `$paramod$4d3c4ff6ab1be9973e955659d38e203320f28619\sram_array.\rbank_q' using process `$paramod$4d3c4ff6ab1be9973e955659d38e203320f28619\sram_array.$proc$../spark_mem_sky130.v:20$2328'.
  created $dff cell `$procdff$7409' with positive edge clock.

6.2.10. Executing PROC_MEMWR pass (convert process memory writes to cells).

6.2.11. Executing PROC_CLEAN pass (remove empty switches from decision trees).
Removing empty process `spark_core.$proc$../../rtl/spark_core.v:0$2278'.
Found and cleaned up 27 empty switches in `\spark_core.$proc$../../rtl/spark_core.v:341$1978'.
Removing empty process `spark_core.$proc$../../rtl/spark_core.v:341$1978'.
Found and cleaned up 24 empty switches in `\spark_core.$proc$../../rtl/spark_core.v:277$1818'.
Removing empty process `spark_core.$proc$../../rtl/spark_core.v:277$1818'.
Found and cleaned up 8 empty switches in `\spark_core.$proc$../../rtl/spark_core.v:266$1773'.
Removing empty process `spark_core.$proc$../../rtl/spark_core.v:266$1773'.
Found and cleaned up 8 empty switches in `\spark_core.$proc$../../rtl/spark_core.v:240$1616'.
Removing empty process `spark_core.$proc$../../rtl/spark_core.v:240$1616'.
Removing empty process `spark_core.$proc$../../rtl/spark_core.v:220$1599'.
Found and cleaned up 8 empty switches in `\spark_core.$proc$../../rtl/spark_core.v:213$1598'.
Removing empty process `spark_core.$proc$../../rtl/spark_core.v:213$1598'.
Removing empty process `spark_core.$proc$../../rtl/spark_core.v:201$1541'.
Removing empty process `spark_core.$proc$../../rtl/spark_core.v:192$1524'.
Found and cleaned up 4 empty switches in `\spark_core.$proc$../../rtl/spark_core.v:169$1512'.
Removing empty process `spark_core.$proc$../../rtl/spark_core.v:169$1512'.
Removing empty process `$paramod$5991bf1e7dfda537268c11f0f2f1f92d0f7b6ab2\sram_array.$proc$../spark_mem_sky130.v:0$2652'.
Found and cleaned up 1 empty switch in `$paramod$5991bf1e7dfda537268c11f0f2f1f92d0f7b6ab2\sram_array.$proc$../spark_mem_sky130.v:0$2649'.
Removing empty process `$paramod$5991bf1e7dfda537268c11f0f2f1f92d0f7b6ab2\sram_array.$proc$../spark_mem_sky130.v:0$2649'.
Removing empty process `$paramod$5991bf1e7dfda537268c11f0f2f1f92d0f7b6ab2\sram_array.$proc$../spark_mem_sky130.v:20$2618'.
Removing empty process `$paramod$a80fd39dadfcac33f5f91ba005c92717acda455a\spark_ram.$proc$../spark_ram_asic.v:0$1367'.
Found and cleaned up 1 empty switch in `$paramod$a80fd39dadfcac33f5f91ba005c92717acda455a\spark_ram.$proc$../spark_ram_asic.v:24$1358'.
Removing empty process `$paramod$a80fd39dadfcac33f5f91ba005c92717acda455a\spark_ram.$proc$../spark_ram_asic.v:24$1358'.
Removing empty process `$paramod$429c1f82066657abfcb96a496d5ead908f1f3b7c\spark_ram.$proc$../spark_ram_asic.v:0$1356'.
Found and cleaned up 1 empty switch in `$paramod$429c1f82066657abfcb96a496d5ead908f1f3b7c\spark_ram.$proc$../spark_ram_asic.v:24$1347'.
Removing empty process `$paramod$429c1f82066657abfcb96a496d5ead908f1f3b7c\spark_ram.$proc$../spark_ram_asic.v:24$1347'.
Removing empty process `$paramod$3cd4f12c67766e10179630e6778f5a719138134d\spark_ram.$proc$../spark_ram_asic.v:0$1281'.
Found and cleaned up 1 empty switch in `$paramod$3cd4f12c67766e10179630e6778f5a719138134d\spark_ram.$proc$../spark_ram_asic.v:24$1241'.
Removing empty process `$paramod$3cd4f12c67766e10179630e6778f5a719138134d\spark_ram.$proc$../spark_ram_asic.v:24$1241'.
Removing empty process `$paramod$b60b308f1fe104c2737e410a4ba6465ac6270627\spark_ram.$proc$../spark_ram_asic.v:0$1175'.
Found and cleaned up 1 empty switch in `$paramod$b60b308f1fe104c2737e410a4ba6465ac6270627\spark_ram.$proc$../spark_ram_asic.v:24$1151'.
Removing empty process `$paramod$b60b308f1fe104c2737e410a4ba6465ac6270627\spark_ram.$proc$../spark_ram_asic.v:24$1151'.
Removing empty process `$paramod$5ef048927887dab421ae4d77be9d31047db88ca2\spark_ram.$proc$../spark_ram_asic.v:0$1085'.
Found and cleaned up 1 empty switch in `$paramod$5ef048927887dab421ae4d77be9d31047db88ca2\spark_ram.$proc$../spark_ram_asic.v:24$1053'.
Removing empty process `$paramod$5ef048927887dab421ae4d77be9d31047db88ca2\spark_ram.$proc$../spark_ram_asic.v:24$1053'.
Removing empty process `$paramod$bcf365f4146dd7b8dd7973b9792131c6e19538bf\spark_ram.$proc$../spark_ram_asic.v:0$995'.
Found and cleaned up 1 empty switch in `$paramod$bcf365f4146dd7b8dd7973b9792131c6e19538bf\spark_ram.$proc$../spark_ram_asic.v:24$971'.
Removing empty process `$paramod$bcf365f4146dd7b8dd7973b9792131c6e19538bf\spark_ram.$proc$../spark_ram_asic.v:24$971'.
Removing empty process `$paramod$a28ce1f40a247108f5837ac3d099bee74b2b0a07\sram_array.$proc$../spark_mem_sky130.v:0$2568'.
Found and cleaned up 1 empty switch in `$paramod$a28ce1f40a247108f5837ac3d099bee74b2b0a07\sram_array.$proc$../spark_mem_sky130.v:0$2565'.
Removing empty process `$paramod$a28ce1f40a247108f5837ac3d099bee74b2b0a07\sram_array.$proc$../spark_mem_sky130.v:0$2565'.
Removing empty process `$paramod$a28ce1f40a247108f5837ac3d099bee74b2b0a07\sram_array.$proc$../spark_mem_sky130.v:20$2544'.
Removing empty process `$paramod$0d0377702b2925ff4e344b2b32674ab0e09676c9\sram_array.$proc$../spark_mem_sky130.v:0$2510'.
Found and cleaned up 1 empty switch in `$paramod$0d0377702b2925ff4e344b2b32674ab0e09676c9\sram_array.$proc$../spark_mem_sky130.v:0$2507'.
Removing empty process `$paramod$0d0377702b2925ff4e344b2b32674ab0e09676c9\sram_array.$proc$../spark_mem_sky130.v:0$2507'.
Removing empty process `$paramod$0d0377702b2925ff4e344b2b32674ab0e09676c9\sram_array.$proc$../spark_mem_sky130.v:20$2466'.
Removing empty process `$paramod$8f93e5a50923ff060caee78116dfcb18e6d470aa\sram_array.$proc$../spark_mem_sky130.v:0$2400'.
Found and cleaned up 1 empty switch in `$paramod$8f93e5a50923ff060caee78116dfcb18e6d470aa\sram_array.$proc$../spark_mem_sky130.v:0$2397'.
Removing empty process `$paramod$8f93e5a50923ff060caee78116dfcb18e6d470aa\sram_array.$proc$../spark_mem_sky130.v:0$2397'.
Removing empty process `$paramod$8f93e5a50923ff060caee78116dfcb18e6d470aa\sram_array.$proc$../spark_mem_sky130.v:20$2376'.
Removing empty process `$paramod$4d3c4ff6ab1be9973e955659d38e203320f28619\sram_array.$proc$../spark_mem_sky130.v:0$2342'.
Found and cleaned up 1 empty switch in `$paramod$4d3c4ff6ab1be9973e955659d38e203320f28619\sram_array.$proc$../spark_mem_sky130.v:0$2339'.
Removing empty process `$paramod$4d3c4ff6ab1be9973e955659d38e203320f28619\sram_array.$proc$../spark_mem_sky130.v:0$2339'.
Removing empty process `$paramod$4d3c4ff6ab1be9973e955659d38e203320f28619\sram_array.$proc$../spark_mem_sky130.v:20$2328'.
Cleaned up 90 empty switches.

6.2.12. Executing OPT_EXPR pass (perform const folding).
Optimizing module spark_core.
<suppressed ~182 debug messages>
Optimizing module $paramod$5991bf1e7dfda537268c11f0f2f1f92d0f7b6ab2\sram_array.
<suppressed ~3 debug messages>
Optimizing module $paramod$5ee7912e9d6f13c8ac6d054bdcd9f41199fbdf36\spark_bram.
Optimizing module $paramod$c400bcddbad704c723253f185e204a10552e06d7\spark_bram.
Optimizing module $paramod$6af0f02836453051d3d8ffed61fa77235a0a147a\spark_bram.
Optimizing module $paramod$a80fd39dadfcac33f5f91ba005c92717acda455a\spark_ram.
Optimizing module $paramod$429c1f82066657abfcb96a496d5ead908f1f3b7c\spark_ram.
Optimizing module $paramod$d9ab2efa7eea0d192502537985c8f7561002c9b0\spark_bram.
Optimizing module $paramod$dbbf05626a65085e653cdb145c977d1230a96f2f\spark_bram.
Optimizing module $paramod$65bb511039255751eac159e7db0d031ba93508a5\spark_bram.
Optimizing module $paramod$3cd4f12c67766e10179630e6778f5a719138134d\spark_ram.
Optimizing module $paramod$b60b308f1fe104c2737e410a4ba6465ac6270627\spark_ram.
Optimizing module $paramod$5ef048927887dab421ae4d77be9d31047db88ca2\spark_ram.
Optimizing module $paramod$bcf365f4146dd7b8dd7973b9792131c6e19538bf\spark_ram.
Optimizing module $paramod$8f93e5a50923ff060caee78116dfcb18e6d470aa\spark_spram.
Optimizing module $paramod$4d3c4ff6ab1be9973e955659d38e203320f28619\spark_spram.
Optimizing module $paramod$a28ce1f40a247108f5837ac3d099bee74b2b0a07\sram_array.
<suppressed ~3 debug messages>
Optimizing module $paramod$0d0377702b2925ff4e344b2b32674ab0e09676c9\sram_array.
<suppressed ~3 debug messages>
Optimizing module $paramod$8f93e5a50923ff060caee78116dfcb18e6d470aa\sram_array.
<suppressed ~11 debug messages>
Optimizing module $paramod$4d3c4ff6ab1be9973e955659d38e203320f28619\sram_array.
<suppressed ~6 debug messages>
Optimizing module $paramod$993060fb790aecc93c4c127468665a67bf1ba400\spark_bram.

6.3. Executing FLATTEN pass (flatten design).
Deleting now unused module $paramod$5991bf1e7dfda537268c11f0f2f1f92d0f7b6ab2\sram_array.
Deleting now unused module $paramod$5ee7912e9d6f13c8ac6d054bdcd9f41199fbdf36\spark_bram.
Deleting now unused module $paramod$c400bcddbad704c723253f185e204a10552e06d7\spark_bram.
Deleting now unused module $paramod$6af0f02836453051d3d8ffed61fa77235a0a147a\spark_bram.
Deleting now unused module $paramod$a80fd39dadfcac33f5f91ba005c92717acda455a\spark_ram.
Deleting now unused module $paramod$429c1f82066657abfcb96a496d5ead908f1f3b7c\spark_ram.
Deleting now unused module $paramod$d9ab2efa7eea0d192502537985c8f7561002c9b0\spark_bram.
Deleting now unused module $paramod$dbbf05626a65085e653cdb145c977d1230a96f2f\spark_bram.
Deleting now unused module $paramod$65bb511039255751eac159e7db0d031ba93508a5\spark_bram.
Deleting now unused module $paramod$3cd4f12c67766e10179630e6778f5a719138134d\spark_ram.
Deleting now unused module $paramod$b60b308f1fe104c2737e410a4ba6465ac6270627\spark_ram.
Deleting now unused module $paramod$5ef048927887dab421ae4d77be9d31047db88ca2\spark_ram.
Deleting now unused module $paramod$bcf365f4146dd7b8dd7973b9792131c6e19538bf\spark_ram.
Deleting now unused module $paramod$8f93e5a50923ff060caee78116dfcb18e6d470aa\spark_spram.
Deleting now unused module $paramod$4d3c4ff6ab1be9973e955659d38e203320f28619\spark_spram.
Deleting now unused module $paramod$a28ce1f40a247108f5837ac3d099bee74b2b0a07\sram_array.
Deleting now unused module $paramod$0d0377702b2925ff4e344b2b32674ab0e09676c9\sram_array.
Deleting now unused module $paramod$8f93e5a50923ff060caee78116dfcb18e6d470aa\sram_array.
Deleting now unused module $paramod$4d3c4ff6ab1be9973e955659d38e203320f28619\sram_array.
Deleting now unused module $paramod$993060fb790aecc93c4c127468665a67bf1ba400\spark_bram.
<suppressed ~32 debug messages>

6.4. Executing OPT_EXPR pass (perform const folding).
Optimizing module spark_core.
<suppressed ~153 debug messages>

6.5. Executing OPT_CLEAN pass (remove unused cells and wires).
Finding unused cells or wires in module \spark_core..
Removed 449 unused cells and 3234 unused wires.
<suppressed ~491 debug messages>

6.6. Executing CHECK pass (checking for obvious problems).
Checking module spark_core...
Found and reported 0 problems.

6.7. Executing OPT pass (performing simple optimizations).

6.7.1. Executing OPT_EXPR pass (perform const folding).
Optimizing module spark_core.

6.7.2. Executing OPT_MERGE pass (detect identical cells).
Finding identical cells in module `\spark_core'.
<suppressed ~1935 debug messages>
Removed a total of 645 cells.

6.7.3. Executing OPT_MUXTREE pass (detect dead branches in mux trees).
Running muxtree optimizer on module \spark_core..
  Creating internal representation of mux trees.
  Evaluating internal representation of mux trees.
  Analyzing evaluation results.
    dead port 2/2 on $mux $procmux$2661.
    dead port 1/2 on $mux $procmux$2664.
    dead port 1/2 on $mux $procmux$2679.
    dead port 1/2 on $mux $procmux$2682.
    dead port 2/2 on $mux $procmux$2684.
    dead port 1/2 on $mux $procmux$2687.
    dead port 1/2 on $mux $procmux$2702.
    dead port 1/2 on $mux $procmux$2705.
    dead port 2/2 on $mux $procmux$2707.
    dead port 1/2 on $mux $procmux$2710.
    dead port 1/2 on $mux $procmux$2725.
    dead port 1/2 on $mux $procmux$2728.
    dead port 2/2 on $mux $procmux$2730.
    dead port 1/2 on $mux $procmux$2733.
    dead port 1/2 on $mux $procmux$2777.
    dead port 1/2 on $mux $procmux$2780.
    dead port 2/2 on $mux $procmux$2782.
    dead port 1/2 on $mux $procmux$2785.
    dead port 1/2 on $mux $procmux$2875.
    dead port 1/2 on $mux $procmux$2878.
    dead port 2/2 on $mux $procmux$2880.
    dead port 1/2 on $mux $procmux$2883.
    dead port 1/2 on $mux $procmux$2898.
    dead port 2/2 on $mux $procmux$2900.
    dead port 1/2 on $mux $procmux$2903.
    dead port 1/2 on $mux $procmux$2918.
    dead port 2/2 on $mux $procmux$2920.
    dead port 1/2 on $mux $procmux$2923.
    dead port 1/2 on $mux $procmux$2938.
    dead port 2/2 on $mux $procmux$2940.
    dead port 1/2 on $mux $procmux$2943.
    dead port 1/2 on $mux $procmux$2958.
    dead port 2/2 on $mux $procmux$2960.
    dead port 1/2 on $mux $procmux$2963.
    dead port 1/2 on $mux $procmux$2978.
    dead port 2/2 on $mux $procmux$2980.
    dead port 1/2 on $mux $procmux$2983.
    dead port 1/2 on $mux $procmux$2998.
    dead port 2/2 on $mux $procmux$3000.
    dead port 1/2 on $mux $procmux$3003.
    dead port 1/2 on $mux $procmux$3018.
    dead port 2/2 on $mux $procmux$3020.
    dead port 1/2 on $mux $procmux$3023.
    dead port 1/2 on $mux $procmux$3038.
    dead port 2/2 on $mux $procmux$3040.
    dead port 1/2 on $mux $procmux$3043.
    dead port 2/2 on $mux $procmux$3257.
    dead port 1/2 on $mux $procmux$3260.
    dead port 2/2 on $mux $procmux$3274.
    dead port 1/2 on $mux $procmux$3277.
    dead port 2/2 on $mux $procmux$3291.
    dead port 1/2 on $mux $procmux$3294.
    dead port 2/2 on $mux $procmux$3308.
    dead port 1/2 on $mux $procmux$3311.
    dead port 2/2 on $mux $procmux$3325.
    dead port 1/2 on $mux $procmux$3328.
    dead port 2/2 on $mux $procmux$3342.
    dead port 1/2 on $mux $procmux$3345.
    dead port 2/2 on $mux $procmux$3359.
    dead port 1/2 on $mux $procmux$3362.
    dead port 2/2 on $mux $procmux$3376.
    dead port 1/2 on $mux $procmux$3379.
    dead port 2/2 on $mux $procmux$3602.
    dead port 1/2 on $mux $procmux$3605.
    dead port 2/2 on $mux $procmux$3630.
    dead port 1/2 on $mux $procmux$3633.
    dead port 2/2 on $mux $procmux$3658.
    dead port 1/2 on $mux $procmux$3661.
    dead port 2/2 on $mux $procmux$3686.
    dead port 1/2 on $mux $procmux$3689.
    dead port 2/2 on $mux $procmux$3714.
    dead port 1/2 on $mux $procmux$3717.
    dead port 2/2 on $mux $procmux$3742.
    dead port 1/2 on $mux $procmux$3745.
    dead port 2/2 on $mux $procmux$3770.
    dead port 1/2 on $mux $procmux$3773.
    dead port 2/2 on $mux $procmux$3798.
    dead port 1/2 on $mux $procmux$3801.
    dead port 1/2 on $mux $procmux$3826.
    dead port 1/2 on $mux $procmux$3851.
    dead port 1/2 on $mux $procmux$3876.
    dead port 1/2 on $mux $procmux$3901.
    dead port 1/2 on $mux $procmux$3926.
    dead port 1/2 on $mux $procmux$3951.
    dead port 1/2 on $mux $procmux$3976.
    dead port 1/2 on $mux $procmux$4001.
    dead port 1/2 on $mux $procmux$4035.
    dead port 1/2 on $mux $procmux$4044.
    dead port 1/2 on $mux $procmux$4059.
    dead port 1/2 on $mux $procmux$4074.
    dead port 1/2 on $mux $procmux$4088.
    dead port 1/2 on $mux $procmux$4102.
    dead port 1/2 on $mux $procmux$4116.
    dead port 1/2 on $mux $procmux$4130.
    dead port 1/2 on $mux $procmux$4144.
    dead port 1/2 on $mux $procmux$4158.
    dead port 1/2 on $mux $procmux$5340.
    dead port 2/2 on $mux $procmux$5342.
    dead port 1/2 on $mux $procmux$5349.
    dead port 2/2 on $mux $procmux$5351.
    dead port 1/2 on $mux $procmux$5358.
    dead port 2/2 on $mux $procmux$5360.
    dead port 1/2 on $mux $procmux$5367.
    dead port 2/2 on $mux $procmux$5369.
    dead port 1/2 on $mux $procmux$5376.
    dead port 2/2 on $mux $procmux$5378.
    dead port 1/2 on $mux $procmux$5385.
    dead port 2/2 on $mux $procmux$5387.
    dead port 1/2 on $mux $procmux$5394.
    dead port 2/2 on $mux $procmux$5396.
    dead port 1/2 on $mux $procmux$5403.
    dead port 2/2 on $mux $procmux$5405.
    dead port 2/2 on $mux $procmux$5411.
    dead port 2/2 on $mux $procmux$5417.
    dead port 2/2 on $mux $procmux$5435.
    dead port 2/2 on $mux $procmux$5441.
    dead port 2/2 on $mux $procmux$5459.
    dead port 2/2 on $mux $procmux$5465.
    dead port 2/2 on $mux $procmux$5483.
    dead port 2/2 on $mux $procmux$5489.
    dead port 2/2 on $mux $procmux$5510.
    dead port 2/2 on $mux $procmux$5512.
    dead port 2/2 on $mux $procmux$5521.
    dead port 2/2 on $mux $procmux$5523.
    dead port 2/2 on $mux $procmux$5532.
    dead port 2/2 on $mux $procmux$5534.
    dead port 2/2 on $mux $procmux$5543.
    dead port 2/2 on $mux $procmux$5545.
    dead port 2/2 on $mux $procmux$5554.
    dead port 2/2 on $mux $procmux$5556.
    dead port 2/2 on $mux $procmux$5565.
    dead port 2/2 on $mux $procmux$5567.
    dead port 2/2 on $mux $procmux$5576.
    dead port 2/2 on $mux $procmux$5578.
    dead port 2/2 on $mux $procmux$5587.
    dead port 2/2 on $mux $procmux$5589.
    dead port 2/2 on $mux $procmux$5598.
    dead port 2/2 on $mux $procmux$5600.
    dead port 2/2 on $mux $procmux$5609.
    dead port 2/2 on $mux $procmux$5611.
    dead port 2/2 on $mux $procmux$5620.
    dead port 2/2 on $mux $procmux$5622.
    dead port 2/2 on $mux $procmux$5631.
    dead port 2/2 on $mux $procmux$5633.
    dead port 2/2 on $mux $procmux$5639.
    dead port 2/2 on $mux $procmux$5645.
    dead port 2/2 on $mux $procmux$5651.
    dead port 2/2 on $mux $procmux$5657.
    dead port 2/2 on $mux $procmux$5675.
    dead port 2/2 on $mux $procmux$5681.
    dead port 2/2 on $mux $procmux$5687.
    dead port 2/2 on $mux $procmux$5693.
    dead port 2/2 on $mux $procmux$5711.
    dead port 2/2 on $mux $procmux$5717.
    dead port 2/2 on $mux $procmux$5723.
    dead port 2/2 on $mux $procmux$5729.
    dead port 2/2 on $mux $procmux$5748.
    dead port 2/2 on $mux $procmux$5755.
    dead port 2/2 on $mux $procmux$5764.
    dead port 2/2 on $mux $procmux$5773.
    dead port 2/2 on $mux $procmux$5782.
    dead port 2/2 on $mux $procmux$5791.
    dead port 2/2 on $mux $procmux$5801.
    dead port 2/2 on $mux $procmux$5811.
    dead port 2/2 on $mux $procmux$5821.
    dead port 2/2 on $mux $procmux$5831.
    dead port 2/2 on $mux $procmux$5841.
    dead port 2/2 on $mux $procmux$5851.
    dead port 2/2 on $mux $procmux$5861.
    dead port 2/2 on $mux $procmux$5871.
    dead port 2/2 on $mux $procmux$5881.
    dead port 2/2 on $mux $procmux$5891.
    dead port 2/2 on $mux $procmux$5901.
    dead port 2/2 on $mux $procmux$5911.
    dead port 2/2 on $mux $procmux$5922.
    dead port 2/2 on $mux $procmux$5933.
    dead port 2/2 on $mux $procmux$5944.
    dead port 2/2 on $mux $procmux$5955.
    dead port 2/2 on $mux $procmux$5966.
    dead port 2/2 on $mux $procmux$5977.
    dead port 2/2 on $mux $procmux$5988.
    dead port 2/2 on $mux $procmux$5999.
    dead port 2/2 on $mux $procmux$6012.
    dead port 2/2 on $mux $procmux$6014.
    dead port 2/2 on $mux $procmux$6027.
    dead port 2/2 on $mux $procmux$6029.
    dead port 2/2 on $mux $procmux$6042.
    dead port 2/2 on $mux $procmux$6044.
    dead port 2/2 on $mux $procmux$6057.
    dead port 2/2 on $mux $procmux$6059.
    dead port 2/2 on $mux $procmux$6072.
    dead port 2/2 on $mux $procmux$6074.
    dead port 2/2 on $mux $procmux$6087.
    dead port 2/2 on $mux $procmux$6089.
    dead port 2/2 on $mux $procmux$6102.
    dead port 2/2 on $mux $procmux$6104.
    dead port 2/2 on $mux $procmux$6117.
    dead port 2/2 on $mux $procmux$6119.
    dead port 2/2 on $mux $procmux$6132.
    dead port 2/2 on $mux $procmux$6134.
    dead port 2/2 on $mux $procmux$6147.
    dead port 2/2 on $mux $procmux$6149.
    dead port 2/2 on $mux $procmux$6162.
    dead port 2/2 on $mux $procmux$6164.
    dead port 2/2 on $mux $procmux$6177.
    dead port 2/2 on $mux $procmux$6179.
    dead port 2/2 on $mux $procmux$6189.
    dead port 2/2 on $mux $procmux$6199.
    dead port 2/2 on $mux $procmux$6209.
    dead port 2/2 on $mux $procmux$6219.
    dead port 2/2 on $mux $procmux$6249.
    dead port 2/2 on $mux $procmux$6259.
    dead port 2/2 on $mux $procmux$6269.
    dead port 2/2 on $mux $procmux$6279.
    dead port 2/2 on $mux $procmux$6309.
    dead port 2/2 on $mux $procmux$6319.
    dead port 2/2 on $mux $procmux$6329.
    dead port 2/2 on $mux $procmux$6339.
    dead port 2/2 on $mux $procmux$6372.
    dead port 2/2 on $mux $procmux$6374.
    dead port 2/2 on $mux $procmux$6387.
    dead port 2/2 on $mux $procmux$6389.
    dead port 2/2 on $mux $procmux$6402.
    dead port 2/2 on $mux $procmux$6404.
    dead port 2/2 on $mux $procmux$6417.
    dead port 2/2 on $mux $procmux$6419.
    dead port 2/2 on $mux $procmux$6429.
    dead port 2/2 on $mux $procmux$6439.
    dead port 2/2 on $mux $procmux$6449.
    dead port 2/2 on $mux $procmux$6459.
    dead port 2/2 on $mux $procmux$6489.
    dead port 2/2 on $mux $procmux$6499.
    dead port 2/2 on $mux $procmux$6509.
    dead port 2/2 on $mux $procmux$6519.
    dead port 2/2 on $mux $procmux$6531.
    dead port 1/2 on $mux $procmux$7010.
    dead port 1/2 on $mux $procmux$7025.
    dead port 1/2 on $mux $procmux$7040.
    dead port 1/2 on $mux $procmux$7055.
    dead port 2/2 on $mux $procmux$7167.
Removed 240 multiplexer ports.
<suppressed ~168 debug messages>

6.7.4. Executing OPT_REDUCE pass (consolidate $*mux and $reduce_* inputs).
  Optimizing cells in module \spark_core.
    Consolidated identical input bits for $mux cell $procmux$2676:
      Old ports: A=16'0000000000000000, B=16'1111111111111111, Y=$procmux$2676_Y
      New ports: A=1'0, B=1'1, Y=$procmux$2676_Y [0]
      New connections: $procmux$2676_Y [15:1] = { $procmux$2676_Y [0] $procmux$2676_Y [0] $procmux$2676_Y [0] $procmux$2676_Y [0] $procmux$2676_Y [0] $procmux$2676_Y [0] $procmux$2676_Y [0] $procmux$2676_Y [0] $procmux$2676_Y [0] $procmux$2676_Y [0] $procmux$2676_Y [0] $procmux$2676_Y [0] $procmux$2676_Y [0] $procmux$2676_Y [0] $procmux$2676_Y [0] }
    Consolidated identical input bits for $mux cell $procmux$2995:
      Old ports: A=16'1111111111111111, B=16'0000000000000000, Y=$procmux$2995_Y
      New ports: A=1'1, B=1'0, Y=$procmux$2995_Y [0]
      New connections: $procmux$2995_Y [15:1] = { $procmux$2995_Y [0] $procmux$2995_Y [0] $procmux$2995_Y [0] $procmux$2995_Y [0] $procmux$2995_Y [0] $procmux$2995_Y [0] $procmux$2995_Y [0] $procmux$2995_Y [0] $procmux$2995_Y [0] $procmux$2995_Y [0] $procmux$2995_Y [0] $procmux$2995_Y [0] $procmux$2995_Y [0] $procmux$2995_Y [0] $procmux$2995_Y [0] }
    Consolidated identical input bits for $mux cell $procmux$3600:
      Old ports: A=16'0000000000000000, B=16'1111111111111111, Y=$procmux$3600_Y
      New ports: A=1'0, B=1'1, Y=$procmux$3600_Y [0]
      New connections: $procmux$3600_Y [15:1] = { $procmux$3600_Y [0] $procmux$3600_Y [0] $procmux$3600_Y [0] $procmux$3600_Y [0] $procmux$3600_Y [0] $procmux$3600_Y [0] $procmux$3600_Y [0] $procmux$3600_Y [0] $procmux$3600_Y [0] $procmux$3600_Y [0] $procmux$3600_Y [0] $procmux$3600_Y [0] $procmux$3600_Y [0] $procmux$3600_Y [0] $procmux$3600_Y [0] }
    Consolidated identical input bits for $mux cell $procmux$3628:
      Old ports: A=16'0000000000000000, B=16'1111111111111111, Y=$procmux$3628_Y
      New ports: A=1'0, B=1'1, Y=$procmux$3628_Y [0]
      New connections: $procmux$3628_Y [15:1] = { $procmux$3628_Y [0] $procmux$3628_Y [0] $procmux$3628_Y [0] $procmux$3628_Y [0] $procmux$3628_Y [0] $procmux$3628_Y [0] $procmux$3628_Y [0] $procmux$3628_Y [0] $procmux$3628_Y [0] $procmux$3628_Y [0] $procmux$3628_Y [0] $procmux$3628_Y [0] $procmux$3628_Y [0] $procmux$3628_Y [0] $procmux$3628_Y [0] }
    Consolidated identical input bits for $mux cell $procmux$3656:
      Old ports: A=16'0000000000000000, B=16'1111111111111111, Y=$procmux$3656_Y
      New ports: A=1'0, B=1'1, Y=$procmux$3656_Y [0]
      New connections: $procmux$3656_Y [15:1] = { $procmux$3656_Y [0] $procmux$3656_Y [0] $procmux$3656_Y [0] $procmux$3656_Y [0] $procmux$3656_Y [0] $procmux$3656_Y [0] $procmux$3656_Y [0] $procmux$3656_Y [0] $procmux$3656_Y [0] $procmux$3656_Y [0] $procmux$3656_Y [0] $procmux$3656_Y [0] $procmux$3656_Y [0] $procmux$3656_Y [0] $procmux$3656_Y [0] }
    Consolidated identical input bits for $mux cell $procmux$3684:
      Old ports: A=16'0000000000000000, B=16'1111111111111111, Y=$procmux$3684_Y
      New ports: A=1'0, B=1'1, Y=$procmux$3684_Y [0]
      New connections: $procmux$3684_Y [15:1] = { $procmux$3684_Y [0] $procmux$3684_Y [0] $procmux$3684_Y [0] $procmux$3684_Y [0] $procmux$3684_Y [0] $procmux$3684_Y [0] $procmux$3684_Y [0] $procmux$3684_Y [0] $procmux$3684_Y [0] $procmux$3684_Y [0] $procmux$3684_Y [0] $procmux$3684_Y [0] $procmux$3684_Y [0] $procmux$3684_Y [0] $procmux$3684_Y [0] }
    Consolidated identical input bits for $mux cell $procmux$3712:
      Old ports: A=16'0000000000000000, B=16'1111111111111111, Y=$procmux$3712_Y
      New ports: A=1'0, B=1'1, Y=$procmux$3712_Y [0]
      New connections: $procmux$3712_Y [15:1] = { $procmux$3712_Y [0] $procmux$3712_Y [0] $procmux$3712_Y [0] $procmux$3712_Y [0] $procmux$3712_Y [0] $procmux$3712_Y [0] $procmux$3712_Y [0] $procmux$3712_Y [0] $procmux$3712_Y [0] $procmux$3712_Y [0] $procmux$3712_Y [0] $procmux$3712_Y [0] $procmux$3712_Y [0] $procmux$3712_Y [0] $procmux$3712_Y [0] }
    Consolidated identical input bits for $mux cell $procmux$3740:
      Old ports: A=16'0000000000000000, B=16'1111111111111111, Y=$procmux$3740_Y
      New ports: A=1'0, B=1'1, Y=$procmux$3740_Y [0]
      New connections: $procmux$3740_Y [15:1] = { $procmux$3740_Y [0] $procmux$3740_Y [0] $procmux$3740_Y [0] $procmux$3740_Y [0] $procmux$3740_Y [0] $procmux$3740_Y [0] $procmux$3740_Y [0] $procmux$3740_Y [0] $procmux$3740_Y [0] $procmux$3740_Y [0] $procmux$3740_Y [0] $procmux$3740_Y [0] $procmux$3740_Y [0] $procmux$3740_Y [0] $procmux$3740_Y [0] }
    Consolidated identical input bits for $mux cell $procmux$3768:
      Old ports: A=16'0000000000000000, B=16'1111111111111111, Y=$procmux$3768_Y
      New ports: A=1'0, B=1'1, Y=$procmux$3768_Y [0]
      New connections: $procmux$3768_Y [15:1] = { $procmux$3768_Y [0] $procmux$3768_Y [0] $procmux$3768_Y [0] $procmux$3768_Y [0] $procmux$3768_Y [0] $procmux$3768_Y [0] $procmux$3768_Y [0] $procmux$3768_Y [0] $procmux$3768_Y [0] $procmux$3768_Y [0] $procmux$3768_Y [0] $procmux$3768_Y [0] $procmux$3768_Y [0] $procmux$3768_Y [0] $procmux$3768_Y [0] }
    Consolidated identical input bits for $mux cell $procmux$3796:
      Old ports: A=16'0000000000000000, B=16'1111111111111111, Y=$procmux$3796_Y
      New ports: A=1'0, B=1'1, Y=$procmux$3796_Y [0]
      New connections: $procmux$3796_Y [15:1] = { $procmux$3796_Y [0] $procmux$3796_Y [0] $procmux$3796_Y [0] $procmux$3796_Y [0] $procmux$3796_Y [0] $procmux$3796_Y [0] $procmux$3796_Y [0] $procmux$3796_Y [0] $procmux$3796_Y [0] $procmux$3796_Y [0] $procmux$3796_Y [0] $procmux$3796_Y [0] $procmux$3796_Y [0] $procmux$3796_Y [0] $procmux$3796_Y [0] }
    Consolidated identical input bits for $mux cell $flatten\u_acc0.$procmux$7215:
      Old ports: A=128'00000000000000000000000000000000000000000000000000000000000000000000000000000000000000000000000000000000000000000000000000000000, B=128'11111111111111111111111111111111111111111111111111111111111111111111111111111111111111111111111111111111111111111111111111111111, Y=$flatten\u_acc0.$0$memwr$\mem$../spark_ram_asic.v:25$1150_EN[127:0]$1154
      New ports: A=1'0, B=1'1, Y=$flatten\u_acc0.$0$memwr$\mem$../spark_ram_asic.v:25$1150_EN[127:0]$1154 [0]
      New connections: $flatten\u_acc0.$0$memwr$\mem$../spark_ram_asic.v:25$1150_EN[127:0]$1154 [127:1] = { $flatten\u_acc0.$0$memwr$\mem$../spark_ram_asic.v:25$1150_EN[127:0]$1154 [0] $flatten\u_acc0.$0$memwr$\mem$../spark_ram_asic.v:25$1150_EN[127:0]$1154 [0] $flatten\u_acc0.$0$memwr$\mem$../spark_ram_asic.v:25$1150_EN[127:0]$1154 [0] $flatten\u_acc0.$0$memwr$\mem$../spark_ram_asic.v:25$1150_EN[127:0]$1154 [0] $flatten\u_acc0.$0$memwr$\mem$../spark_ram_asic.v:25$1150_EN[127:0]$1154 [0] $flatten\u_acc0.$0$memwr$\mem$../spark_ram_asic.v:25$1150_EN[127:0]$1154 [0] $flatten\u_acc0.$0$memwr$\mem$../spark_ram_asic.v:25$1150_EN[127:0]$1154 [0] $flatten\u_acc0.$0$memwr$\mem$../spark_ram_asic.v:25$1150_EN[127:0]$1154 [0] $flatten\u_acc0.$0$memwr$\mem$../spark_ram_asic.v:25$1150_EN[127:0]$1154 [0] $flatten\u_acc0.$0$memwr$\mem$../spark_ram_asic.v:25$1150_EN[127:0]$1154 [0] $flatten\u_acc0.$0$memwr$\mem$../spark_ram_asic.v:25$1150_EN[127:0]$1154 [0] $flatten\u_acc0.$0$memwr$\mem$../spark_ram_asic.v:25$1150_EN[127:0]$1154 [0] $flatten\u_acc0.$0$memwr$\mem$../spark_ram_asic.v:25$1150_EN[127:0]$1154 [0] $flatten\u_acc0.$0$memwr$\mem$../spark_ram_asic.v:25$1150_EN[127:0]$1154 [0] $flatten\u_acc0.$0$memwr$\mem$../spark_ram_asic.v:25$1150_EN[127:0]$1154 [0] $flatten\u_acc0.$0$memwr$\mem$../spark_ram_asic.v:25$1150_EN[127:0]$1154 [0] $flatten\u_acc0.$0$memwr$\mem$../spark_ram_asic.v:25$1150_EN[127:0]$1154 [0] $flatten\u_acc0.$0$memwr$\mem$../spark_ram_asic.v:25$1150_EN[127:0]$1154 [0] $flatten\u_acc0.$0$memwr$\mem$../spark_ram_asic.v:25$1150_EN[127:0]$1154 [0] $flatten\u_acc0.$0$memwr$\mem$../spark_ram_asic.v:25$1150_EN[127:0]$1154 [0] $flatten\u_acc0.$0$memwr$\mem$../spark_ram_asic.v:25$1150_EN[127:0]$1154 [0] $flatten\u_acc0.$0$memwr$\mem$../spark_ram_asic.v:25$1150_EN[127:0]$1154 [0] $flatten\u_acc0.$0$memwr$\mem$../spark_ram_asic.v:25$1150_EN[127:0]$1154 [0] $flatten\u_acc0.$0$memwr$\mem$../spark_ram_asic.v:25$1150_EN[127:0]$1154 [0] $flatten\u_acc0.$0$memwr$\mem$../spark_ram_asic.v:25$1150_EN[127:0]$1154 [0] $flatten\u_acc0.$0$memwr$\mem$../spark_ram_asic.v:25$1150_EN[127:0]$1154 [0] $flatten\u_acc0.$0$memwr$\mem$../spark_ram_asic.v:25$1150_EN[127:0]$1154 [0] $flatten\u_acc0.$0$memwr$\mem$../spark_ram_asic.v:25$1150_EN[127:0]$1154 [0] $flatten\u_acc0.$0$memwr$\mem$../spark_ram_asic.v:25$1150_EN[127:0]$1154 [0] $flatten\u_acc0.$0$memwr$\mem$../spark_ram_asic.v:25$1150_EN[127:0]$1154 [0] $flatten\u_acc0.$0$memwr$\mem$../spark_ram_asic.v:25$1150_EN[127:0]$1154 [0] $flatten\u_acc0.$0$memwr$\mem$../spark_ram_asic.v:25$1150_EN[127:0]$1154 [0] $flatten\u_acc0.$0$memwr$\mem$../spark_ram_asic.v:25$1150_EN[127:0]$1154 [0] $flatten\u_acc0.$0$memwr$\mem$../spark_ram_asic.v:25$1150_EN[127:0]$1154 [0] $flatten\u_acc0.$0$memwr$\mem$../spark_ram_asic.v:25$1150_EN[127:0]$1154 [0] $flatten\u_acc0.$0$memwr$\mem$../spark_ram_asic.v:25$1150_EN[127:0]$1154 [0] $flatten\u_acc0.$0$memwr$\mem$../spark_ram_asic.v:25$1150_EN[127:0]$1154 [0] $flatten\u_acc0.$0$memwr$\mem$../spark_ram_asic.v:25$1150_EN[127:0]$1154 [0] $flatten\u_acc0.$0$memwr$\mem$../spark_ram_asic.v:25$1150_EN[127:0]$1154 [0] $flatten\u_acc0.$0$memwr$\mem$../spark_ram_asic.v:25$1150_EN[127:0]$1154 [0] $flatten\u_acc0.$0$memwr$\mem$../spark_ram_asic.v:25$1150_EN[127:0]$1154 [0] $flatten\u_acc0.$0$memwr$\mem$../spark_ram_asic.v:25$1150_EN[127:0]$1154 [0] $flatten\u_acc0.$0$memwr$\mem$../spark_ram_asic.v:25$1150_EN[127:0]$1154 [0] $flatten\u_acc0.$0$memwr$\mem$../spark_ram_asic.v:25$1150_EN[127:0]$1154 [0] $flatten\u_acc0.$0$memwr$\mem$../spark_ram_asic.v:25$1150_EN[127:0]$1154 [0] $flatten\u_acc0.$0$memwr$\mem$../spark_ram_asic.v:25$1150_EN[127:0]$1154 [0] $flatten\u_acc0.$0$memwr$\mem$../spark_ram_asic.v:25$1150_EN[127:0]$1154 [0] $flatten\u_acc0.$0$memwr$\mem$../spark_ram_asic.v:25$1150_EN[127:0]$1154 [0] $flatten\u_acc0.$0$memwr$\mem$../spark_ram_asic.v:25$1150_EN[127:0]$1154 [0] $flatten\u_acc0.$0$memwr$\mem$../spark_ram_asic.v:25$1150_EN[127:0]$1154 [0] $flatten\u_acc0.$0$memwr$\mem$../spark_ram_asic.v:25$1150_EN[127:0]$1154 [0] $flatten\u_acc0.$0$memwr$\mem$../spark_ram_asic.v:25$1150_EN[127:0]$1154 [0] $flatten\u_acc0.$0$memwr$\mem$../spark_ram_asic.v:25$1150_EN[127:0]$1154 [0] $flatten\u_acc0.$0$memwr$\mem$../spark_ram_asic.v:25$1150_EN[127:0]$1154 [0] $flatten\u_acc0.$0$memwr$\mem$../spark_ram_asic.v:25$1150_EN[127:0]$1154 [0] $flatten\u_acc0.$0$memwr$\mem$../spark_ram_asic.v:25$1150_EN[127:0]$1154 [0] $flatten\u_acc0.$0$memwr$\mem$../spark_ram_asic.v:25$1150_EN[127:0]$1154 [0] $flatten\u_acc0.$0$memwr$\mem$../spark_ram_asic.v:25$1150_EN[127:0]$1154 [0] $flatten\u_acc0.$0$memwr$\mem$../spark_ram_asic.v:25$1150_EN[127:0]$1154 [0] $flatten\u_acc0.$0$memwr$\mem$../spark_ram_asic.v:25$1150_EN[127:0]$1154 [0] $flatten\u_acc0.$0$memwr$\mem$../spark_ram_asic.v:25$1150_EN[127:0]$1154 [0] $flatten\u_acc0.$0$memwr$\mem$../spark_ram_asic.v:25$1150_EN[127:0]$1154 [0] $flatten\u_acc0.$0$memwr$\mem$../spark_ram_asic.v:25$1150_EN[127:0]$1154 [0] $flatten\u_acc0.$0$memwr$\mem$../spark_ram_asic.v:25$1150_EN[127:0]$1154 [0] $flatten\u_acc0.$0$memwr$\mem$../spark_ram_asic.v:25$1150_EN[127:0]$1154 [0] $flatten\u_acc0.$0$memwr$\mem$../spark_ram_asic.v:25$1150_EN[127:0]$1154 [0] $flatten\u_acc0.$0$memwr$\mem$../spark_ram_asic.v:25$1150_EN[127:0]$1154 [0] $flatten\u_acc0.$0$memwr$\mem$../spark_ram_asic.v:25$1150_EN[127:0]$1154 [0] $flatten\u_acc0.$0$memwr$\mem$../spark_ram_asic.v:25$1150_EN[127:0]$1154 [0] $flatten\u_acc0.$0$memwr$\mem$../spark_ram_asic.v:25$1150_EN[127:0]$1154 [0] $flatten\u_acc0.$0$memwr$\mem$../spark_ram_asic.v:25$1150_EN[127:0]$1154 [0] $flatten\u_acc0.$0$memwr$\mem$../spark_ram_asic.v:25$1150_EN[127:0]$1154 [0] $flatten\u_acc0.$0$memwr$\mem$../spark_ram_asic.v:25$1150_EN[127:0]$1154 [0] $flatten\u_acc0.$0$memwr$\mem$../spark_ram_asic.v:25$1150_EN[127:0]$1154 [0] $flatten\u_acc0.$0$memwr$\mem$../spark_ram_asic.v:25$1150_EN[127:0]$1154 [0] $flatten\u_acc0.$0$memwr$\mem$../spark_ram_asic.v:25$1150_EN[127:0]$1154 [0] $flatten\u_acc0.$0$memwr$\mem$../spark_ram_asic.v:25$1150_EN[127:0]$1154 [0] $flatten\u_acc0.$0$memwr$\mem$../spark_ram_asic.v:25$1150_EN[127:0]$1154 [0] $flatten\u_acc0.$0$memwr$\mem$../spark_ram_asic.v:25$1150_EN[127:0]$1154 [0] $flatten\u_acc0.$0$memwr$\mem$../spark_ram_asic.v:25$1150_EN[127:0]$1154 [0] $flatten\u_acc0.$0$memwr$\mem$../spark_ram_asic.v:25$1150_EN[127:0]$1154 [0] $flatten\u_acc0.$0$memwr$\mem$../spark_ram_asic.v:25$1150_EN[127:0]$1154 [0] $flatten\u_acc0.$0$memwr$\mem$../spark_ram_asic.v:25$1150_EN[127:0]$1154 [0] $flatten\u_acc0.$0$memwr$\mem$../spark_ram_asic.v:25$1150_EN[127:0]$1154 [0] $flatten\u_acc0.$0$memwr$\mem$../spark_ram_asic.v:25$1150_EN[127:0]$1154 [0] $flatten\u_acc0.$0$memwr$\mem$../spark_ram_asic.v:25$1150_EN[127:0]$1154 [0] $flatten\u_acc0.$0$memwr$\mem$../spark_ram_asic.v:25$1150_EN[127:0]$1154 [0] $flatten\u_acc0.$0$memwr$\mem$../spark_ram_asic.v:25$1150_EN[127:0]$1154 [0] $flatten\u_acc0.$0$memwr$\mem$../spark_ram_asic.v:25$1150_EN[127:0]$1154 [0] $flatten\u_acc0.$0$memwr$\mem$../spark_ram_asic.v:25$1150_EN[127:0]$1154 [0] $flatten\u_acc0.$0$memwr$\mem$../spark_ram_asic.v:25$1150_EN[127:0]$1154 [0] $flatten\u_acc0.$0$memwr$\mem$../spark_ram_asic.v:25$1150_EN[127:0]$1154 [0] $flatten\u_acc0.$0$memwr$\mem$../spark_ram_asic.v:25$1150_EN[127:0]$1154 [0] $flatten\u_acc0.$0$memwr$\mem$../spark_ram_asic.v:25$1150_EN[127:0]$1154 [0] $flatten\u_acc0.$0$memwr$\mem$../spark_ram_asic.v:25$1150_EN[127:0]$1154 [0] $flatten\u_acc0.$0$memwr$\mem$../spark_ram_asic.v:25$1150_EN[127:0]$1154 [0] $flatten\u_acc0.$0$memwr$\mem$../spark_ram_asic.v:25$1150_EN[127:0]$1154 [0] $flatten\u_acc0.$0$memwr$\mem$../spark_ram_asic.v:25$1150_EN[127:0]$1154 [0] $flatten\u_acc0.$0$memwr$\mem$../spark_ram_asic.v:25$1150_EN[127:0]$1154 [0] $flatten\u_acc0.$0$memwr$\mem$../spark_ram_asic.v:25$1150_EN[127:0]$1154 [0] $flatten\u_acc0.$0$memwr$\mem$../spark_ram_asic.v:25$1150_EN[127:0]$1154 [0] $flatten\u_acc0.$0$memwr$\mem$../spark_ram_asic.v:25$1150_EN[127:0]$1154 [0] $flatten\u_acc0.$0$memwr$\mem$../spark_ram_asic.v:25$1150_EN[127:0]$1154 [0] $flatten\u_acc0.$0$memwr$\mem$../spark_ram_asic.v:25$1150_EN[127:0]$1154 [0] $flatten\u_acc0.$0$memwr$\mem$../spark_ram_asic.v:25$1150_EN[127:0]$1154 [0] $flatten\u_acc0.$0$memwr$\mem$../spark_ram_asic.v:25$1150_EN[127:0]$1154 [0] $flatten\u_acc0.$0$memwr$\mem$../spark_ram_asic.v:25$1150_EN[127:0]$1154 [0] $flatten\u_acc0.$0$memwr$\mem$../spark_ram_asic.v:25$1150_EN[127:0]$1154 [0] $flatten\u_acc0.$0$memwr$\mem$../spark_ram_asic.v:25$1150_EN[127:0]$1154 [0] $flatten\u_acc0.$0$memwr$\mem$../spark_ram_asic.v:25$1150_EN[127:0]$1154 [0] $flatten\u_acc0.$0$memwr$\mem$../spark_ram_asic.v:25$1150_EN[127:0]$1154 [0] $flatten\u_acc0.$0$memwr$\mem$../spark_ram_asic.v:25$1150_EN[127:0]$1154 [0] $flatten\u_acc0.$0$memwr$\mem$../spark_ram_asic.v:25$1150_EN[127:0]$1154 [0] $flatten\u_acc0.$0$memwr$\mem$../spark_ram_asic.v:25$1150_EN[127:0]$1154 [0] $flatten\u_acc0.$0$memwr$\mem$../spark_ram_asic.v:25$1150_EN[127:0]$1154 [0] $flatten\u_acc0.$0$memwr$\mem$../spark_ram_asic.v:25$1150_EN[127:0]$1154 [0] $flatten\u_acc0.$0$memwr$\mem$../spark_ram_asic.v:25$1150_EN[127:0]$1154 [0] $flatten\u_acc0.$0$memwr$\mem$../spark_ram_asic.v:25$1150_EN[127:0]$1154 [0] $flatten\u_acc0.$0$memwr$\mem$../spark_ram_asic.v:25$1150_EN[127:0]$1154 [0] $flatten\u_acc0.$0$memwr$\mem$../spark_ram_asic.v:25$1150_EN[127:0]$1154 [0] $flatten\u_acc0.$0$memwr$\mem$../spark_ram_asic.v:25$1150_EN[127:0]$1154 [0] $flatten\u_acc0.$0$memwr$\mem$../spark_ram_asic.v:25$1150_EN[127:0]$1154 [0] $flatten\u_acc0.$0$memwr$\mem$../spark_ram_asic.v:25$1150_EN[127:0]$1154 [0] $flatten\u_acc0.$0$memwr$\mem$../spark_ram_asic.v:25$1150_EN[127:0]$1154 [0] $flatten\u_acc0.$0$memwr$\mem$../spark_ram_asic.v:25$1150_EN[127:0]$1154 [0] $flatten\u_acc0.$0$memwr$\mem$../spark_ram_asic.v:25$1150_EN[127:0]$1154 [0] $flatten\u_acc0.$0$memwr$\mem$../spark_ram_asic.v:25$1150_EN[127:0]$1154 [0] }
    New ctrl vector for $pmux cell $procmux$4579: { $procmux$4589_CMP $procmux$4542_CMP $auto$opt_reduce.cc:134:opt_pmux$7427 }
    Consolidated identical input bits for $mux cell $flatten\u_acc1.$procmux$7215:
      Old ports: A=128'00000000000000000000000000000000000000000000000000000000000000000000000000000000000000000000000000000000000000000000000000000000, B=128'11111111111111111111111111111111111111111111111111111111111111111111111111111111111111111111111111111111111111111111111111111111, Y=$flatten\u_acc1.$0$memwr$\mem$../spark_ram_asic.v:25$1150_EN[127:0]$1154
      New ports: A=1'0, B=1'1, Y=$flatten\u_acc1.$0$memwr$\mem$../spark_ram_asic.v:25$1150_EN[127:0]$1154 [0]
      New connections: $flatten\u_acc1.$0$memwr$\mem$../spark_ram_asic.v:25$1150_EN[127:0]$1154 [127:1] = { $flatten\u_acc1.$0$memwr$\mem$../spark_ram_asic.v:25$1150_EN[127:0]$1154 [0] $flatten\u_acc1.$0$memwr$\mem$../spark_ram_asic.v:25$1150_EN[127:0]$1154 [0] $flatten\u_acc1.$0$memwr$\mem$../spark_ram_asic.v:25$1150_EN[127:0]$1154 [0] $flatten\u_acc1.$0$memwr$\mem$../spark_ram_asic.v:25$1150_EN[127:0]$1154 [0] $flatten\u_acc1.$0$memwr$\mem$../spark_ram_asic.v:25$1150_EN[127:0]$1154 [0] $flatten\u_acc1.$0$memwr$\mem$../spark_ram_asic.v:25$1150_EN[127:0]$1154 [0] $flatten\u_acc1.$0$memwr$\mem$../spark_ram_asic.v:25$1150_EN[127:0]$1154 [0] $flatten\u_acc1.$0$memwr$\mem$../spark_ram_asic.v:25$1150_EN[127:0]$1154 [0] $flatten\u_acc1.$0$memwr$\mem$../spark_ram_asic.v:25$1150_EN[127:0]$1154 [0] $flatten\u_acc1.$0$memwr$\mem$../spark_ram_asic.v:25$1150_EN[127:0]$1154 [0] $flatten\u_acc1.$0$memwr$\mem$../spark_ram_asic.v:25$1150_EN[127:0]$1154 [0] $flatten\u_acc1.$0$memwr$\mem$../spark_ram_asic.v:25$1150_EN[127:0]$1154 [0] $flatten\u_acc1.$0$memwr$\mem$../spark_ram_asic.v:25$1150_EN[127:0]$1154 [0] $flatten\u_acc1.$0$memwr$\mem$../spark_ram_asic.v:25$1150_EN[127:0]$1154 [0] $flatten\u_acc1.$0$memwr$\mem$../spark_ram_asic.v:25$1150_EN[127:0]$1154 [0] $flatten\u_acc1.$0$memwr$\mem$../spark_ram_asic.v:25$1150_EN[127:0]$1154 [0] $flatten\u_acc1.$0$memwr$\mem$../spark_ram_asic.v:25$1150_EN[127:0]$1154 [0] $flatten\u_acc1.$0$memwr$\mem$../spark_ram_asic.v:25$1150_EN[127:0]$1154 [0] $flatten\u_acc1.$0$memwr$\mem$../spark_ram_asic.v:25$1150_EN[127:0]$1154 [0] $flatten\u_acc1.$0$memwr$\mem$../spark_ram_asic.v:25$1150_EN[127:0]$1154 [0] $flatten\u_acc1.$0$memwr$\mem$../spark_ram_asic.v:25$1150_EN[127:0]$1154 [0] $flatten\u_acc1.$0$memwr$\mem$../spark_ram_asic.v:25$1150_EN[127:0]$1154 [0] $flatten\u_acc1.$0$memwr$\mem$../spark_ram_asic.v:25$1150_EN[127:0]$1154 [0] $flatten\u_acc1.$0$memwr$\mem$../spark_ram_asic.v:25$1150_EN[127:0]$1154 [0] $flatten\u_acc1.$0$memwr$\mem$../spark_ram_asic.v:25$1150_EN[127:0]$1154 [0] $flatten\u_acc1.$0$memwr$\mem$../spark_ram_asic.v:25$1150_EN[127:0]$1154 [0] $flatten\u_acc1.$0$memwr$\mem$../spark_ram_asic.v:25$1150_EN[127:0]$1154 [0] $flatten\u_acc1.$0$memwr$\mem$../spark_ram_asic.v:25$1150_EN[127:0]$1154 [0] $flatten\u_acc1.$0$memwr$\mem$../spark_ram_asic.v:25$1150_EN[127:0]$1154 [0] $flatten\u_acc1.$0$memwr$\mem$../spark_ram_asic.v:25$1150_EN[127:0]$1154 [0] $flatten\u_acc1.$0$memwr$\mem$../spark_ram_asic.v:25$1150_EN[127:0]$1154 [0] $flatten\u_acc1.$0$memwr$\mem$../spark_ram_asic.v:25$1150_EN[127:0]$1154 [0] $flatten\u_acc1.$0$memwr$\mem$../spark_ram_asic.v:25$1150_EN[127:0]$1154 [0] $flatten\u_acc1.$0$memwr$\mem$../spark_ram_asic.v:25$1150_EN[127:0]$1154 [0] $flatten\u_acc1.$0$memwr$\mem$../spark_ram_asic.v:25$1150_EN[127:0]$1154 [0] $flatten\u_acc1.$0$memwr$\mem$../spark_ram_asic.v:25$1150_EN[127:0]$1154 [0] $flatten\u_acc1.$0$memwr$\mem$../spark_ram_asic.v:25$1150_EN[127:0]$1154 [0] $flatten\u_acc1.$0$memwr$\mem$../spark_ram_asic.v:25$1150_EN[127:0]$1154 [0] $flatten\u_acc1.$0$memwr$\mem$../spark_ram_asic.v:25$1150_EN[127:0]$1154 [0] $flatten\u_acc1.$0$memwr$\mem$../spark_ram_asic.v:25$1150_EN[127:0]$1154 [0] $flatten\u_acc1.$0$memwr$\mem$../spark_ram_asic.v:25$1150_EN[127:0]$1154 [0] $flatten\u_acc1.$0$memwr$\mem$../spark_ram_asic.v:25$1150_EN[127:0]$1154 [0] $flatten\u_acc1.$0$memwr$\mem$../spark_ram_asic.v:25$1150_EN[127:0]$1154 [0] $flatten\u_acc1.$0$memwr$\mem$../spark_ram_asic.v:25$1150_EN[127:0]$1154 [0] $flatten\u_acc1.$0$memwr$\mem$../spark_ram_asic.v:25$1150_EN[127:0]$1154 [0] $flatten\u_acc1.$0$memwr$\mem$../spark_ram_asic.v:25$1150_EN[127:0]$1154 [0] $flatten\u_acc1.$0$memwr$\mem$../spark_ram_asic.v:25$1150_EN[127:0]$1154 [0] $flatten\u_acc1.$0$memwr$\mem$../spark_ram_asic.v:25$1150_EN[127:0]$1154 [0] $flatten\u_acc1.$0$memwr$\mem$../spark_ram_asic.v:25$1150_EN[127:0]$1154 [0] $flatten\u_acc1.$0$memwr$\mem$../spark_ram_asic.v:25$1150_EN[127:0]$1154 [0] $flatten\u_acc1.$0$memwr$\mem$../spark_ram_asic.v:25$1150_EN[127:0]$1154 [0] $flatten\u_acc1.$0$memwr$\mem$../spark_ram_asic.v:25$1150_EN[127:0]$1154 [0] $flatten\u_acc1.$0$memwr$\mem$../spark_ram_asic.v:25$1150_EN[127:0]$1154 [0] $flatten\u_acc1.$0$memwr$\mem$../spark_ram_asic.v:25$1150_EN[127:0]$1154 [0] $flatten\u_acc1.$0$memwr$\mem$../spark_ram_asic.v:25$1150_EN[127:0]$1154 [0] $flatten\u_acc1.$0$memwr$\mem$../spark_ram_asic.v:25$1150_EN[127:0]$1154 [0] $flatten\u_acc1.$0$memwr$\mem$../spark_ram_asic.v:25$1150_EN[127:0]$1154 [0] $flatten\u_acc1.$0$memwr$\mem$../spark_ram_asic.v:25$1150_EN[127:0]$1154 [0] $flatten\u_acc1.$0$memwr$\mem$../spark_ram_asic.v:25$1150_EN[127:0]$1154 [0] $flatten\u_acc1.$0$memwr$\mem$../spark_ram_asic.v:25$1150_EN[127:0]$1154 [0] $flatten\u_acc1.$0$memwr$\mem$../spark_ram_asic.v:25$1150_EN[127:0]$1154 [0] $flatten\u_acc1.$0$memwr$\mem$../spark_ram_asic.v:25$1150_EN[127:0]$1154 [0] $flatten\u_acc1.$0$memwr$\mem$../spark_ram_asic.v:25$1150_EN[127:0]$1154 [0] $flatten\u_acc1.$0$memwr$\mem$../spark_ram_asic.v:25$1150_EN[127:0]$1154 [0] $flatten\u_acc1.$0$memwr$\mem$../spark_ram_asic.v:25$1150_EN[127:0]$1154 [0] $flatten\u_acc1.$0$memwr$\mem$../spark_ram_asic.v:25$1150_EN[127:0]$1154 [0] $flatten\u_acc1.$0$memwr$\mem$../spark_ram_asic.v:25$1150_EN[127:0]$1154 [0] $flatten\u_acc1.$0$memwr$\mem$../spark_ram_asic.v:25$1150_EN[127:0]$1154 [0] $flatten\u_acc1.$0$memwr$\mem$../spark_ram_asic.v:25$1150_EN[127:0]$1154 [0] $flatten\u_acc1.$0$memwr$\mem$../spark_ram_asic.v:25$1150_EN[127:0]$1154 [0] $flatten\u_acc1.$0$memwr$\mem$../spark_ram_asic.v:25$1150_EN[127:0]$1154 [0] $flatten\u_acc1.$0$memwr$\mem$../spark_ram_asic.v:25$1150_EN[127:0]$1154 [0] $flatten\u_acc1.$0$memwr$\mem$../spark_ram_asic.v:25$1150_EN[127:0]$1154 [0] $flatten\u_acc1.$0$memwr$\mem$../spark_ram_asic.v:25$1150_EN[127:0]$1154 [0] $flatten\u_acc1.$0$memwr$\mem$../spark_ram_asic.v:25$1150_EN[127:0]$1154 [0] $flatten\u_acc1.$0$memwr$\mem$../spark_ram_asic.v:25$1150_EN[127:0]$1154 [0] $flatten\u_acc1.$0$memwr$\mem$../spark_ram_asic.v:25$1150_EN[127:0]$1154 [0] $flatten\u_acc1.$0$memwr$\mem$../spark_ram_asic.v:25$1150_EN[127:0]$1154 [0] $flatten\u_acc1.$0$memwr$\mem$../spark_ram_asic.v:25$1150_EN[127:0]$1154 [0] $flatten\u_acc1.$0$memwr$\mem$../spark_ram_asic.v:25$1150_EN[127:0]$1154 [0] $flatten\u_acc1.$0$memwr$\mem$../spark_ram_asic.v:25$1150_EN[127:0]$1154 [0] $flatten\u_acc1.$0$memwr$\mem$../spark_ram_asic.v:25$1150_EN[127:0]$1154 [0] $flatten\u_acc1.$0$memwr$\mem$../spark_ram_asic.v:25$1150_EN[127:0]$1154 [0] $flatten\u_acc1.$0$memwr$\mem$../spark_ram_asic.v:25$1150_EN[127:0]$1154 [0] $flatten\u_acc1.$0$memwr$\mem$../spark_ram_asic.v:25$1150_EN[127:0]$1154 [0] $flatten\u_acc1.$0$memwr$\mem$../spark_ram_asic.v:25$1150_EN[127:0]$1154 [0] $flatten\u_acc1.$0$memwr$\mem$../spark_ram_asic.v:25$1150_EN[127:0]$1154 [0] $flatten\u_acc1.$0$memwr$\mem$../spark_ram_asic.v:25$1150_EN[127:0]$1154 [0] $flatten\u_acc1.$0$memwr$\mem$../spark_ram_asic.v:25$1150_EN[127:0]$1154 [0] $flatten\u_acc1.$0$memwr$\mem$../spark_ram_asic.v:25$1150_EN[127:0]$1154 [0] $flatten\u_acc1.$0$memwr$\mem$../spark_ram_asic.v:25$1150_EN[127:0]$1154 [0] $flatten\u_acc1.$0$memwr$\mem$../spark_ram_asic.v:25$1150_EN[127:0]$1154 [0] $flatten\u_acc1.$0$memwr$\mem$../spark_ram_asic.v:25$1150_EN[127:0]$1154 [0] $flatten\u_acc1.$0$memwr$\mem$../spark_ram_asic.v:25$1150_EN[127:0]$1154 [0] $flatten\u_acc1.$0$memwr$\mem$../spark_ram_asic.v:25$1150_EN[127:0]$1154 [0] $flatten\u_acc1.$0$memwr$\mem$../spark_ram_asic.v:25$1150_EN[127:0]$1154 [0] $flatten\u_acc1.$0$memwr$\mem$../spark_ram_asic.v:25$1150_EN[127:0]$1154 [0] $flatten\u_acc1.$0$memwr$\mem$../spark_ram_asic.v:25$1150_EN[127:0]$1154 [0] $flatten\u_acc1.$0$memwr$\mem$../spark_ram_asic.v:25$1150_EN[127:0]$1154 [0] $flatten\u_acc1.$0$memwr$\mem$../spark_ram_asic.v:25$1150_EN[127:0]$1154 [0] $flatten\u_acc1.$0$memwr$\mem$../spark_ram_asic.v:25$1150_EN[127:0]$1154 [0] $flatten\u_acc1.$0$memwr$\mem$../spark_ram_asic.v:25$1150_EN[127:0]$1154 [0] $flatten\u_acc1.$0$memwr$\mem$../spark_ram_asic.v:25$1150_EN[127:0]$1154 [0] $flatten\u_acc1.$0$memwr$\mem$../spark_ram_asic.v:25$1150_EN[127:0]$1154 [0] $flatten\u_acc1.$0$memwr$\mem$../spark_ram_asic.v:25$1150_EN[127:0]$1154 [0] $flatten\u_acc1.$0$memwr$\mem$../spark_ram_asic.v:25$1150_EN[127:0]$1154 [0] $flatten\u_acc1.$0$memwr$\mem$../spark_ram_asic.v:25$1150_EN[127:0]$1154 [0] $flatten\u_acc1.$0$memwr$\mem$../spark_ram_asic.v:25$1150_EN[127:0]$1154 [0] $flatten\u_acc1.$0$memwr$\mem$../spark_ram_asic.v:25$1150_EN[127:0]$1154 [0] $flatten\u_acc1.$0$memwr$\mem$../spark_ram_asic.v:25$1150_EN[127:0]$1154 [0] $flatten\u_acc1.$0$memwr$\mem$../spark_ram_asic.v:25$1150_EN[127:0]$1154 [0] $flatten\u_acc1.$0$memwr$\mem$../spark_ram_asic.v:25$1150_EN[127:0]$1154 [0] $flatten\u_acc1.$0$memwr$\mem$../spark_ram_asic.v:25$1150_EN[127:0]$1154 [0] $flatten\u_acc1.$0$memwr$\mem$../spark_ram_asic.v:25$1150_EN[127:0]$1154 [0] $flatten\u_acc1.$0$memwr$\mem$../spark_ram_asic.v:25$1150_EN[127:0]$1154 [0] $flatten\u_acc1.$0$memwr$\mem$../spark_ram_asic.v:25$1150_EN[127:0]$1154 [0] $flatten\u_acc1.$0$memwr$\mem$../spark_ram_asic.v:25$1150_EN[127:0]$1154 [0] $flatten\u_acc1.$0$memwr$\mem$../spark_ram_asic.v:25$1150_EN[127:0]$1154 [0] $flatten\u_acc1.$0$memwr$\mem$../spark_ram_asic.v:25$1150_EN[127:0]$1154 [0] $flatten\u_acc1.$0$memwr$\mem$../spark_ram_asic.v:25$1150_EN[127:0]$1154 [0] $flatten\u_acc1.$0$memwr$\mem$../spark_ram_asic.v:25$1150_EN[127:0]$1154 [0] $flatten\u_acc1.$0$memwr$\mem$../spark_ram_asic.v:25$1150_EN[127:0]$1154 [0] $flatten\u_acc1.$0$memwr$\mem$../spark_ram_asic.v:25$1150_EN[127:0]$1154 [0] $flatten\u_acc1.$0$memwr$\mem$../spark_ram_asic.v:25$1150_EN[127:0]$1154 [0] $flatten\u_acc1.$0$memwr$\mem$../spark_ram_asic.v:25$1150_EN[127:0]$1154 [0] $flatten\u_acc1.$0$memwr$\mem$../spark_ram_asic.v:25$1150_EN[127:0]$1154 [0] $flatten\u_acc1.$0$memwr$\mem$../spark_ram_asic.v:25$1150_EN[127:0]$1154 [0] }
    New ctrl vector for $pmux cell $procmux$5164: { $procmux$3603_CMP $auto$opt_reduce.cc:134:opt_pmux$7429 }
    New ctrl vector for $pmux cell $procmux$5179: { $procmux$3603_CMP $auto$opt_reduce.cc:134:opt_pmux$7431 }
    Consolidated identical input bits for $mux cell $flatten\u_acc2.$procmux$7206:
      Old ports: A=128'00000000000000000000000000000000000000000000000000000000000000000000000000000000000000000000000000000000000000000000000000000000, B=128'11111111111111111111111111111111111111111111111111111111111111111111111111111111111111111111111111111111111111111111111111111111, Y=$flatten\u_acc2.$0$memwr$\mem$../spark_ram_asic.v:25$1240_EN[127:0]$1244
      New ports: A=1'0, B=1'1, Y=$flatten\u_acc2.$0$memwr$\mem$../spark_ram_asic.v:25$1240_EN[127:0]$1244 [0]
      New connections: $flatten\u_acc2.$0$memwr$\mem$../spark_ram_asic.v:25$1240_EN[127:0]$1244 [127:1] = { $flatten\u_acc2.$0$memwr$\mem$../spark_ram_asic.v:25$1240_EN[127:0]$1244 [0] $flatten\u_acc2.$0$memwr$\mem$../spark_ram_asic.v:25$1240_EN[127:0]$1244 [0] $flatten\u_acc2.$0$memwr$\mem$../spark_ram_asic.v:25$1240_EN[127:0]$1244 [0] $flatten\u_acc2.$0$memwr$\mem$../spark_ram_asic.v:25$1240_EN[127:0]$1244 [0] $flatten\u_acc2.$0$memwr$\mem$../spark_ram_asic.v:25$1240_EN[127:0]$1244 [0] $flatten\u_acc2.$0$memwr$\mem$../spark_ram_asic.v:25$1240_EN[127:0]$1244 [0] $flatten\u_acc2.$0$memwr$\mem$../spark_ram_asic.v:25$1240_EN[127:0]$1244 [0] $flatten\u_acc2.$0$memwr$\mem$../spark_ram_asic.v:25$1240_EN[127:0]$1244 [0] $flatten\u_acc2.$0$memwr$\mem$../spark_ram_asic.v:25$1240_EN[127:0]$1244 [0] $flatten\u_acc2.$0$memwr$\mem$../spark_ram_asic.v:25$1240_EN[127:0]$1244 [0] $flatten\u_acc2.$0$memwr$\mem$../spark_ram_asic.v:25$1240_EN[127:0]$1244 [0] $flatten\u_acc2.$0$memwr$\mem$../spark_ram_asic.v:25$1240_EN[127:0]$1244 [0] $flatten\u_acc2.$0$memwr$\mem$../spark_ram_asic.v:25$1240_EN[127:0]$1244 [0] $flatten\u_acc2.$0$memwr$\mem$../spark_ram_asic.v:25$1240_EN[127:0]$1244 [0] $flatten\u_acc2.$0$memwr$\mem$../spark_ram_asic.v:25$1240_EN[127:0]$1244 [0] $flatten\u_acc2.$0$memwr$\mem$../spark_ram_asic.v:25$1240_EN[127:0]$1244 [0] $flatten\u_acc2.$0$memwr$\mem$../spark_ram_asic.v:25$1240_EN[127:0]$1244 [0] $flatten\u_acc2.$0$memwr$\mem$../spark_ram_asic.v:25$1240_EN[127:0]$1244 [0] $flatten\u_acc2.$0$memwr$\mem$../spark_ram_asic.v:25$1240_EN[127:0]$1244 [0] $flatten\u_acc2.$0$memwr$\mem$../spark_ram_asic.v:25$1240_EN[127:0]$1244 [0] $flatten\u_acc2.$0$memwr$\mem$../spark_ram_asic.v:25$1240_EN[127:0]$1244 [0] $flatten\u_acc2.$0$memwr$\mem$../spark_ram_asic.v:25$1240_EN[127:0]$1244 [0] $flatten\u_acc2.$0$memwr$\mem$../spark_ram_asic.v:25$1240_EN[127:0]$1244 [0] $flatten\u_acc2.$0$memwr$\mem$../spark_ram_asic.v:25$1240_EN[127:0]$1244 [0] $flatten\u_acc2.$0$memwr$\mem$../spark_ram_asic.v:25$1240_EN[127:0]$1244 [0] $flatten\u_acc2.$0$memwr$\mem$../spark_ram_asic.v:25$1240_EN[127:0]$1244 [0] $flatten\u_acc2.$0$memwr$\mem$../spark_ram_asic.v:25$1240_EN[127:0]$1244 [0] $flatten\u_acc2.$0$memwr$\mem$../spark_ram_asic.v:25$1240_EN[127:0]$1244 [0] $flatten\u_acc2.$0$memwr$\mem$../spark_ram_asic.v:25$1240_EN[127:0]$1244 [0] $flatten\u_acc2.$0$memwr$\mem$../spark_ram_asic.v:25$1240_EN[127:0]$1244 [0] $flatten\u_acc2.$0$memwr$\mem$../spark_ram_asic.v:25$1240_EN[127:0]$1244 [0] $flatten\u_acc2.$0$memwr$\mem$../spark_ram_asic.v:25$1240_EN[127:0]$1244 [0] $flatten\u_acc2.$0$memwr$\mem$../spark_ram_asic.v:25$1240_EN[127:0]$1244 [0] $flatten\u_acc2.$0$memwr$\mem$../spark_ram_asic.v:25$1240_EN[127:0]$1244 [0] $flatten\u_acc2.$0$memwr$\mem$../spark_ram_asic.v:25$1240_EN[127:0]$1244 [0] $flatten\u_acc2.$0$memwr$\mem$../spark_ram_asic.v:25$1240_EN[127:0]$1244 [0] $flatten\u_acc2.$0$memwr$\mem$../spark_ram_asic.v:25$1240_EN[127:0]$1244 [0] $flatten\u_acc2.$0$memwr$\mem$../spark_ram_asic.v:25$1240_EN[127:0]$1244 [0] $flatten\u_acc2.$0$memwr$\mem$../spark_ram_asic.v:25$1240_EN[127:0]$1244 [0] $flatten\u_acc2.$0$memwr$\mem$../spark_ram_asic.v:25$1240_EN[127:0]$1244 [0] $flatten\u_acc2.$0$memwr$\mem$../spark_ram_asic.v:25$1240_EN[127:0]$1244 [0] $flatten\u_acc2.$0$memwr$\mem$../spark_ram_asic.v:25$1240_EN[127:0]$1244 [0] $flatten\u_acc2.$0$memwr$\mem$../spark_ram_asic.v:25$1240_EN[127:0]$1244 [0] $flatten\u_acc2.$0$memwr$\mem$../spark_ram_asic.v:25$1240_EN[127:0]$1244 [0] $flatten\u_acc2.$0$memwr$\mem$../spark_ram_asic.v:25$1240_EN[127:0]$1244 [0] $flatten\u_acc2.$0$memwr$\mem$../spark_ram_asic.v:25$1240_EN[127:0]$1244 [0] $flatten\u_acc2.$0$memwr$\mem$../spark_ram_asic.v:25$1240_EN[127:0]$1244 [0] $flatten\u_acc2.$0$memwr$\mem$../spark_ram_asic.v:25$1240_EN[127:0]$1244 [0] $flatten\u_acc2.$0$memwr$\mem$../spark_ram_asic.v:25$1240_EN[127:0]$1244 [0] $flatten\u_acc2.$0$memwr$\mem$../spark_ram_asic.v:25$1240_EN[127:0]$1244 [0] $flatten\u_acc2.$0$memwr$\mem$../spark_ram_asic.v:25$1240_EN[127:0]$1244 [0] $flatten\u_acc2.$0$memwr$\mem$../spark_ram_asic.v:25$1240_EN[127:0]$1244 [0] $flatten\u_acc2.$0$memwr$\mem$../spark_ram_asic.v:25$1240_EN[127:0]$1244 [0] $flatten\u_acc2.$0$memwr$\mem$../spark_ram_asic.v:25$1240_EN[127:0]$1244 [0] $flatten\u_acc2.$0$memwr$\mem$../spark_ram_asic.v:25$1240_EN[127:0]$1244 [0] $flatten\u_acc2.$0$memwr$\mem$../spark_ram_asic.v:25$1240_EN[127:0]$1244 [0] $flatten\u_acc2.$0$memwr$\mem$../spark_ram_asic.v:25$1240_EN[127:0]$1244 [0] $flatten\u_acc2.$0$memwr$\mem$../spark_ram_asic.v:25$1240_EN[127:0]$1244 [0] $flatten\u_acc2.$0$memwr$\mem$../spark_ram_asic.v:25$1240_EN[127:0]$1244 [0] $flatten\u_acc2.$0$memwr$\mem$../spark_ram_asic.v:25$1240_EN[127:0]$1244 [0] $flatten\u_acc2.$0$memwr$\mem$../spark_ram_asic.v:25$1240_EN[127:0]$1244 [0] $flatten\u_acc2.$0$memwr$\mem$../spark_ram_asic.v:25$1240_EN[127:0]$1244 [0] $flatten\u_acc2.$0$memwr$\mem$../spark_ram_asic.v:25$1240_EN[127:0]$1244 [0] $flatten\u_acc2.$0$memwr$\mem$../spark_ram_asic.v:25$1240_EN[127:0]$1244 [0] $flatten\u_acc2.$0$memwr$\mem$../spark_ram_asic.v:25$1240_EN[127:0]$1244 [0] $flatten\u_acc2.$0$memwr$\mem$../spark_ram_asic.v:25$1240_EN[127:0]$1244 [0] $flatten\u_acc2.$0$memwr$\mem$../spark_ram_asic.v:25$1240_EN[127:0]$1244 [0] $flatten\u_acc2.$0$memwr$\mem$../spark_ram_asic.v:25$1240_EN[127:0]$1244 [0] $flatten\u_acc2.$0$memwr$\mem$../spark_ram_asic.v:25$1240_EN[127:0]$1244 [0] $flatten\u_acc2.$0$memwr$\mem$../spark_ram_asic.v:25$1240_EN[127:0]$1244 [0] $flatten\u_acc2.$0$memwr$\mem$../spark_ram_asic.v:25$1240_EN[127:0]$1244 [0] $flatten\u_acc2.$0$memwr$\mem$../spark_ram_asic.v:25$1240_EN[127:0]$1244 [0] $flatten\u_acc2.$0$memwr$\mem$../spark_ram_asic.v:25$1240_EN[127:0]$1244 [0] $flatten\u_acc2.$0$memwr$\mem$../spark_ram_asic.v:25$1240_EN[127:0]$1244 [0] $flatten\u_acc2.$0$memwr$\mem$../spark_ram_asic.v:25$1240_EN[127:0]$1244 [0] $flatten\u_acc2.$0$memwr$\mem$../spark_ram_asic.v:25$1240_EN[127:0]$1244 [0] $flatten\u_acc2.$0$memwr$\mem$../spark_ram_asic.v:25$1240_EN[127:0]$1244 [0] $flatten\u_acc2.$0$memwr$\mem$../spark_ram_asic.v:25$1240_EN[127:0]$1244 [0] $flatten\u_acc2.$0$memwr$\mem$../spark_ram_asic.v:25$1240_EN[127:0]$1244 [0] $flatten\u_acc2.$0$memwr$\mem$../spark_ram_asic.v:25$1240_EN[127:0]$1244 [0] $flatten\u_acc2.$0$memwr$\mem$../spark_ram_asic.v:25$1240_EN[127:0]$1244 [0] $flatten\u_acc2.$0$memwr$\mem$../spark_ram_asic.v:25$1240_EN[127:0]$1244 [0] $flatten\u_acc2.$0$memwr$\mem$../spark_ram_asic.v:25$1240_EN[127:0]$1244 [0] $flatten\u_acc2.$0$memwr$\mem$../spark_ram_asic.v:25$1240_EN[127:0]$1244 [0] $flatten\u_acc2.$0$memwr$\mem$../spark_ram_asic.v:25$1240_EN[127:0]$1244 [0] $flatten\u_acc2.$0$memwr$\mem$../spark_ram_asic.v:25$1240_EN[127:0]$1244 [0] $flatten\u_acc2.$0$memwr$\mem$../spark_ram_asic.v:25$1240_EN[127:0]$1244 [0] $flatten\u_acc2.$0$memwr$\mem$../spark_ram_asic.v:25$1240_EN[127:0]$1244 [0] $flatten\u_acc2.$0$memwr$\mem$../spark_ram_asic.v:25$1240_EN[127:0]$1244 [0] $flatten\u_acc2.$0$memwr$\mem$../spark_ram_asic.v:25$1240_EN[127:0]$1244 [0] $flatten\u_acc2.$0$memwr$\mem$../spark_ram_asic.v:25$1240_EN[127:0]$1244 [0] $flatten\u_acc2.$0$memwr$\mem$../spark_ram_asic.v:25$1240_EN[127:0]$1244 [0] $flatten\u_acc2.$0$memwr$\mem$../spark_ram_asic.v:25$1240_EN[127:0]$1244 [0] $flatten\u_acc2.$0$memwr$\mem$../spark_ram_asic.v:25$1240_EN[127:0]$1244 [0] $flatten\u_acc2.$0$memwr$\mem$../spark_ram_asic.v:25$1240_EN[127:0]$1244 [0] $flatten\u_acc2.$0$memwr$\mem$../spark_ram_asic.v:25$1240_EN[127:0]$1244 [0] $flatten\u_acc2.$0$memwr$\mem$../spark_ram_asic.v:25$1240_EN[127:0]$1244 [0] $flatten\u_acc2.$0$memwr$\mem$../spark_ram_asic.v:25$1240_EN[127:0]$1244 [0] $flatten\u_acc2.$0$memwr$\mem$../spark_ram_asic.v:25$1240_EN[127:0]$1244 [0] $flatten\u_acc2.$0$memwr$\mem$../spark_ram_asic.v:25$1240_EN[127:0]$1244 [0] $flatten\u_acc2.$0$memwr$\mem$../spark_ram_asic.v:25$1240_EN[127:0]$1244 [0] $flatten\u_acc2.$0$memwr$\mem$../spark_ram_asic.v:25$1240_EN[127:0]$1244 [0] $flatten\u_acc2.$0$memwr$\mem$../spark_ram_asic.v:25$1240_EN[127:0]$1244 [0] $flatten\u_acc2.$0$memwr$\mem$../spark_ram_asic.v:25$1240_EN[127:0]$1244 [0] $flatten\u_acc2.$0$memwr$\mem$../spark_ram_asic.v:25$1240_EN[127:0]$1244 [0] $flatten\u_acc2.$0$memwr$\mem$../spark_ram_asic.v:25$1240_EN[127:0]$1244 [0] $flatten\u_acc2.$0$memwr$\mem$../spark_ram_asic.v:25$1240_EN[127:0]$1244 [0] $flatten\u_acc2.$0$memwr$\mem$../spark_ram_asic.v:25$1240_EN[127:0]$1244 [0] $flatten\u_acc2.$0$memwr$\mem$../spark_ram_asic.v:25$1240_EN[127:0]$1244 [0] $flatten\u_acc2.$0$memwr$\mem$../spark_ram_asic.v:25$1240_EN[127:0]$1244 [0] $flatten\u_acc2.$0$memwr$\mem$../spark_ram_asic.v:25$1240_EN[127:0]$1244 [0] $flatten\u_acc2.$0$memwr$\mem$../spark_ram_asic.v:25$1240_EN[127:0]$1244 [0] $flatten\u_acc2.$0$memwr$\mem$../spark_ram_asic.v:25$1240_EN[127:0]$1244 [0] $flatten\u_acc2.$0$memwr$\mem$../spark_ram_asic.v:25$1240_EN[127:0]$1244 [0] $flatten\u_acc2.$0$memwr$\mem$../spark_ram_asic.v:25$1240_EN[127:0]$1244 [0] $flatten\u_acc2.$0$memwr$\mem$../spark_ram_asic.v:25$1240_EN[127:0]$1244 [0] $flatten\u_acc2.$0$memwr$\mem$../spark_ram_asic.v:25$1240_EN[127:0]$1244 [0] $flatten\u_acc2.$0$memwr$\mem$../spark_ram_asic.v:25$1240_EN[127:0]$1244 [0] $flatten\u_acc2.$0$memwr$\mem$../spark_ram_asic.v:25$1240_EN[127:0]$1244 [0] $flatten\u_acc2.$0$memwr$\mem$../spark_ram_asic.v:25$1240_EN[127:0]$1244 [0] $flatten\u_acc2.$0$memwr$\mem$../spark_ram_asic.v:25$1240_EN[127:0]$1244 [0] $flatten\u_acc2.$0$memwr$\mem$../spark_ram_asic.v:25$1240_EN[127:0]$1244 [0] $flatten\u_acc2.$0$memwr$\mem$../spark_ram_asic.v:25$1240_EN[127:0]$1244 [0] $flatten\u_acc2.$0$memwr$\mem$../spark_ram_asic.v:25$1240_EN[127:0]$1244 [0] $flatten\u_acc2.$0$memwr$\mem$../spark_ram_asic.v:25$1240_EN[127:0]$1244 [0] $flatten\u_acc2.$0$memwr$\mem$../spark_ram_asic.v:25$1240_EN[127:0]$1244 [0] $flatten\u_acc2.$0$memwr$\mem$../spark_ram_asic.v:25$1240_EN[127:0]$1244 [0] }
    New ctrl vector for $pmux cell $procmux$5198: { $procmux$3603_CMP $auto$opt_reduce.cc:134:opt_pmux$7433 }
    Consolidated identical input bits for $mux cell $flatten\u_acc3.$procmux$7206:
      Old ports: A=128'00000000000000000000000000000000000000000000000000000000000000000000000000000000000000000000000000000000000000000000000000000000, B=128'11111111111111111111111111111111111111111111111111111111111111111111111111111111111111111111111111111111111111111111111111111111, Y=$flatten\u_acc3.$0$memwr$\mem$../spark_ram_asic.v:25$1240_EN[127:0]$1244
      New ports: A=1'0, B=1'1, Y=$flatten\u_acc3.$0$memwr$\mem$../spark_ram_asic.v:25$1240_EN[127:0]$1244 [0]
      New connections: $flatten\u_acc3.$0$memwr$\mem$../spark_ram_asic.v:25$1240_EN[127:0]$1244 [127:1] = { $flatten\u_acc3.$0$memwr$\mem$../spark_ram_asic.v:25$1240_EN[127:0]$1244 [0] $flatten\u_acc3.$0$memwr$\mem$../spark_ram_asic.v:25$1240_EN[127:0]$1244 [0] $flatten\u_acc3.$0$memwr$\mem$../spark_ram_asic.v:25$1240_EN[127:0]$1244 [0] $flatten\u_acc3.$0$memwr$\mem$../spark_ram_asic.v:25$1240_EN[127:0]$1244 [0] $flatten\u_acc3.$0$memwr$\mem$../spark_ram_asic.v:25$1240_EN[127:0]$1244 [0] $flatten\u_acc3.$0$memwr$\mem$../spark_ram_asic.v:25$1240_EN[127:0]$1244 [0] $flatten\u_acc3.$0$memwr$\mem$../spark_ram_asic.v:25$1240_EN[127:0]$1244 [0] $flatten\u_acc3.$0$memwr$\mem$../spark_ram_asic.v:25$1240_EN[127:0]$1244 [0] $flatten\u_acc3.$0$memwr$\mem$../spark_ram_asic.v:25$1240_EN[127:0]$1244 [0] $flatten\u_acc3.$0$memwr$\mem$../spark_ram_asic.v:25$1240_EN[127:0]$1244 [0] $flatten\u_acc3.$0$memwr$\mem$../spark_ram_asic.v:25$1240_EN[127:0]$1244 [0] $flatten\u_acc3.$0$memwr$\mem$../spark_ram_asic.v:25$1240_EN[127:0]$1244 [0] $flatten\u_acc3.$0$memwr$\mem$../spark_ram_asic.v:25$1240_EN[127:0]$1244 [0] $flatten\u_acc3.$0$memwr$\mem$../spark_ram_asic.v:25$1240_EN[127:0]$1244 [0] $flatten\u_acc3.$0$memwr$\mem$../spark_ram_asic.v:25$1240_EN[127:0]$1244 [0] $flatten\u_acc3.$0$memwr$\mem$../spark_ram_asic.v:25$1240_EN[127:0]$1244 [0] $flatten\u_acc3.$0$memwr$\mem$../spark_ram_asic.v:25$1240_EN[127:0]$1244 [0] $flatten\u_acc3.$0$memwr$\mem$../spark_ram_asic.v:25$1240_EN[127:0]$1244 [0] $flatten\u_acc3.$0$memwr$\mem$../spark_ram_asic.v:25$1240_EN[127:0]$1244 [0] $flatten\u_acc3.$0$memwr$\mem$../spark_ram_asic.v:25$1240_EN[127:0]$1244 [0] $flatten\u_acc3.$0$memwr$\mem$../spark_ram_asic.v:25$1240_EN[127:0]$1244 [0] $flatten\u_acc3.$0$memwr$\mem$../spark_ram_asic.v:25$1240_EN[127:0]$1244 [0] $flatten\u_acc3.$0$memwr$\mem$../spark_ram_asic.v:25$1240_EN[127:0]$1244 [0] $flatten\u_acc3.$0$memwr$\mem$../spark_ram_asic.v:25$1240_EN[127:0]$1244 [0] $flatten\u_acc3.$0$memwr$\mem$../spark_ram_asic.v:25$1240_EN[127:0]$1244 [0] $flatten\u_acc3.$0$memwr$\mem$../spark_ram_asic.v:25$1240_EN[127:0]$1244 [0] $flatten\u_acc3.$0$memwr$\mem$../spark_ram_asic.v:25$1240_EN[127:0]$1244 [0] $flatten\u_acc3.$0$memwr$\mem$../spark_ram_asic.v:25$1240_EN[127:0]$1244 [0] $flatten\u_acc3.$0$memwr$\mem$../spark_ram_asic.v:25$1240_EN[127:0]$1244 [0] $flatten\u_acc3.$0$memwr$\mem$../spark_ram_asic.v:25$1240_EN[127:0]$1244 [0] $flatten\u_acc3.$0$memwr$\mem$../spark_ram_asic.v:25$1240_EN[127:0]$1244 [0] $flatten\u_acc3.$0$memwr$\mem$../spark_ram_asic.v:25$1240_EN[127:0]$1244 [0] $flatten\u_acc3.$0$memwr$\mem$../spark_ram_asic.v:25$1240_EN[127:0]$1244 [0] $flatten\u_acc3.$0$memwr$\mem$../spark_ram_asic.v:25$1240_EN[127:0]$1244 [0] $flatten\u_acc3.$0$memwr$\mem$../spark_ram_asic.v:25$1240_EN[127:0]$1244 [0] $flatten\u_acc3.$0$memwr$\mem$../spark_ram_asic.v:25$1240_EN[127:0]$1244 [0] $flatten\u_acc3.$0$memwr$\mem$../spark_ram_asic.v:25$1240_EN[127:0]$1244 [0] $flatten\u_acc3.$0$memwr$\mem$../spark_ram_asic.v:25$1240_EN[127:0]$1244 [0] $flatten\u_acc3.$0$memwr$\mem$../spark_ram_asic.v:25$1240_EN[127:0]$1244 [0] $flatten\u_acc3.$0$memwr$\mem$../spark_ram_asic.v:25$1240_EN[127:0]$1244 [0] $flatten\u_acc3.$0$memwr$\mem$../spark_ram_asic.v:25$1240_EN[127:0]$1244 [0] $flatten\u_acc3.$0$memwr$\mem$../spark_ram_asic.v:25$1240_EN[127:0]$1244 [0] $flatten\u_acc3.$0$memwr$\mem$../spark_ram_asic.v:25$1240_EN[127:0]$1244 [0] $flatten\u_acc3.$0$memwr$\mem$../spark_ram_asic.v:25$1240_EN[127:0]$1244 [0] $flatten\u_acc3.$0$memwr$\mem$../spark_ram_asic.v:25$1240_EN[127:0]$1244 [0] $flatten\u_acc3.$0$memwr$\mem$../spark_ram_asic.v:25$1240_EN[127:0]$1244 [0] $flatten\u_acc3.$0$memwr$\mem$../spark_ram_asic.v:25$1240_EN[127:0]$1244 [0] $flatten\u_acc3.$0$memwr$\mem$../spark_ram_asic.v:25$1240_EN[127:0]$1244 [0] $flatten\u_acc3.$0$memwr$\mem$../spark_ram_asic.v:25$1240_EN[127:0]$1244 [0] $flatten\u_acc3.$0$memwr$\mem$../spark_ram_asic.v:25$1240_EN[127:0]$1244 [0] $flatten\u_acc3.$0$memwr$\mem$../spark_ram_asic.v:25$1240_EN[127:0]$1244 [0] $flatten\u_acc3.$0$memwr$\mem$../spark_ram_asic.v:25$1240_EN[127:0]$1244 [0] $flatten\u_acc3.$0$memwr$\mem$../spark_ram_asic.v:25$1240_EN[127:0]$1244 [0] $flatten\u_acc3.$0$memwr$\mem$../spark_ram_asic.v:25$1240_EN[127:0]$1244 [0] $flatten\u_acc3.$0$memwr$\mem$../spark_ram_asic.v:25$1240_EN[127:0]$1244 [0] $flatten\u_acc3.$0$memwr$\mem$../spark_ram_asic.v:25$1240_EN[127:0]$1244 [0] $flatten\u_acc3.$0$memwr$\mem$../spark_ram_asic.v:25$1240_EN[127:0]$1244 [0] $flatten\u_acc3.$0$memwr$\mem$../spark_ram_asic.v:25$1240_EN[127:0]$1244 [0] $flatten\u_acc3.$0$memwr$\mem$../spark_ram_asic.v:25$1240_EN[127:0]$1244 [0] $flatten\u_acc3.$0$memwr$\mem$../spark_ram_asic.v:25$1240_EN[127:0]$1244 [0] $flatten\u_acc3.$0$memwr$\mem$../spark_ram_asic.v:25$1240_EN[127:0]$1244 [0] $flatten\u_acc3.$0$memwr$\mem$../spark_ram_asic.v:25$1240_EN[127:0]$1244 [0] $flatten\u_acc3.$0$memwr$\mem$../spark_ram_asic.v:25$1240_EN[127:0]$1244 [0] $flatten\u_acc3.$0$memwr$\mem$../spark_ram_asic.v:25$1240_EN[127:0]$1244 [0] $flatten\u_acc3.$0$memwr$\mem$../spark_ram_asic.v:25$1240_EN[127:0]$1244 [0] $flatten\u_acc3.$0$memwr$\mem$../spark_ram_asic.v:25$1240_EN[127:0]$1244 [0] $flatten\u_acc3.$0$memwr$\mem$../spark_ram_asic.v:25$1240_EN[127:0]$1244 [0] $flatten\u_acc3.$0$memwr$\mem$../spark_ram_asic.v:25$1240_EN[127:0]$1244 [0] $flatten\u_acc3.$0$memwr$\mem$../spark_ram_asic.v:25$1240_EN[127:0]$1244 [0] $flatten\u_acc3.$0$memwr$\mem$../spark_ram_asic.v:25$1240_EN[127:0]$1244 [0] $flatten\u_acc3.$0$memwr$\mem$../spark_ram_asic.v:25$1240_EN[127:0]$1244 [0] $flatten\u_acc3.$0$memwr$\mem$../spark_ram_asic.v:25$1240_EN[127:0]$1244 [0] $flatten\u_acc3.$0$memwr$\mem$../spark_ram_asic.v:25$1240_EN[127:0]$1244 [0] $flatten\u_acc3.$0$memwr$\mem$../spark_ram_asic.v:25$1240_EN[127:0]$1244 [0] $flatten\u_acc3.$0$memwr$\mem$../spark_ram_asic.v:25$1240_EN[127:0]$1244 [0] $flatten\u_acc3.$0$memwr$\mem$../spark_ram_asic.v:25$1240_EN[127:0]$1244 [0] $flatten\u_acc3.$0$memwr$\mem$../spark_ram_asic.v:25$1240_EN[127:0]$1244 [0] $flatten\u_acc3.$0$memwr$\mem$../spark_ram_asic.v:25$1240_EN[127:0]$1244 [0] $flatten\u_acc3.$0$memwr$\mem$../spark_ram_asic.v:25$1240_EN[127:0]$1244 [0] $flatten\u_acc3.$0$memwr$\mem$../spark_ram_asic.v:25$1240_EN[127:0]$1244 [0] $flatten\u_acc3.$0$memwr$\mem$../spark_ram_asic.v:25$1240_EN[127:0]$1244 [0] $flatten\u_acc3.$0$memwr$\mem$../spark_ram_asic.v:25$1240_EN[127:0]$1244 [0] $flatten\u_acc3.$0$memwr$\mem$../spark_ram_asic.v:25$1240_EN[127:0]$1244 [0] $flatten\u_acc3.$0$memwr$\mem$../spark_ram_asic.v:25$1240_EN[127:0]$1244 [0] $flatten\u_acc3.$0$memwr$\mem$../spark_ram_asic.v:25$1240_EN[127:0]$1244 [0] $flatten\u_acc3.$0$memwr$\mem$../spark_ram_asic.v:25$1240_EN[127:0]$1244 [0] $flatten\u_acc3.$0$memwr$\mem$../spark_ram_asic.v:25$1240_EN[127:0]$1244 [0] $flatten\u_acc3.$0$memwr$\mem$../spark_ram_asic.v:25$1240_EN[127:0]$1244 [0] $flatten\u_acc3.$0$memwr$\mem$../spark_ram_asic.v:25$1240_EN[127:0]$1244 [0] $flatten\u_acc3.$0$memwr$\mem$../spark_ram_asic.v:25$1240_EN[127:0]$1244 [0] $flatten\u_acc3.$0$memwr$\mem$../spark_ram_asic.v:25$1240_EN[127:0]$1244 [0] $flatten\u_acc3.$0$memwr$\mem$../spark_ram_asic.v:25$1240_EN[127:0]$1244 [0] $flatten\u_acc3.$0$memwr$\mem$../spark_ram_asic.v:25$1240_EN[127:0]$1244 [0] $flatten\u_acc3.$0$memwr$\mem$../spark_ram_asic.v:25$1240_EN[127:0]$1244 [0] $flatten\u_acc3.$0$memwr$\mem$../spark_ram_asic.v:25$1240_EN[127:0]$1244 [0] $flatten\u_acc3.$0$memwr$\mem$../spark_ram_asic.v:25$1240_EN[127:0]$1244 [0] $flatten\u_acc3.$0$memwr$\mem$../spark_ram_asic.v:25$1240_EN[127:0]$1244 [0] $flatten\u_acc3.$0$memwr$\mem$../spark_ram_asic.v:25$1240_EN[127:0]$1244 [0] $flatten\u_acc3.$0$memwr$\mem$../spark_ram_asic.v:25$1240_EN[127:0]$1244 [0] $flatten\u_acc3.$0$memwr$\mem$../spark_ram_asic.v:25$1240_EN[127:0]$1244 [0] $flatten\u_acc3.$0$memwr$\mem$../spark_ram_asic.v:25$1240_EN[127:0]$1244 [0] $flatten\u_acc3.$0$memwr$\mem$../spark_ram_asic.v:25$1240_EN[127:0]$1244 [0] $flatten\u_acc3.$0$memwr$\mem$../spark_ram_asic.v:25$1240_EN[127:0]$1244 [0] $flatten\u_acc3.$0$memwr$\mem$../spark_ram_asic.v:25$1240_EN[127:0]$1244 [0] $flatten\u_acc3.$0$memwr$\mem$../spark_ram_asic.v:25$1240_EN[127:0]$1244 [0] $flatten\u_acc3.$0$memwr$\mem$../spark_ram_asic.v:25$1240_EN[127:0]$1244 [0] $flatten\u_acc3.$0$memwr$\mem$../spark_ram_asic.v:25$1240_EN[127:0]$1244 [0] $flatten\u_acc3.$0$memwr$\mem$../spark_ram_asic.v:25$1240_EN[127:0]$1244 [0] $flatten\u_acc3.$0$memwr$\mem$../spark_ram_asic.v:25$1240_EN[127:0]$1244 [0] $flatten\u_acc3.$0$memwr$\mem$../spark_ram_asic.v:25$1240_EN[127:0]$1244 [0] $flatten\u_acc3.$0$memwr$\mem$../spark_ram_asic.v:25$1240_EN[127:0]$1244 [0] $flatten\u_acc3.$0$memwr$\mem$../spark_ram_asic.v:25$1240_EN[127:0]$1244 [0] $flatten\u_acc3.$0$memwr$\mem$../spark_ram_asic.v:25$1240_EN[127:0]$1244 [0] $flatten\u_acc3.$0$memwr$\mem$../spark_ram_asic.v:25$1240_EN[127:0]$1244 [0] $flatten\u_acc3.$0$memwr$\mem$../spark_ram_asic.v:25$1240_EN[127:0]$1244 [0] $flatten\u_acc3.$0$memwr$\mem$../spark_ram_asic.v:25$1240_EN[127:0]$1244 [0] $flatten\u_acc3.$0$memwr$\mem$../spark_ram_asic.v:25$1240_EN[127:0]$1244 [0] $flatten\u_acc3.$0$memwr$\mem$../spark_ram_asic.v:25$1240_EN[127:0]$1244 [0] $flatten\u_acc3.$0$memwr$\mem$../spark_ram_asic.v:25$1240_EN[127:0]$1244 [0] $flatten\u_acc3.$0$memwr$\mem$../spark_ram_asic.v:25$1240_EN[127:0]$1244 [0] $flatten\u_acc3.$0$memwr$\mem$../spark_ram_asic.v:25$1240_EN[127:0]$1244 [0] $flatten\u_acc3.$0$memwr$\mem$../spark_ram_asic.v:25$1240_EN[127:0]$1244 [0] $flatten\u_acc3.$0$memwr$\mem$../spark_ram_asic.v:25$1240_EN[127:0]$1244 [0] $flatten\u_acc3.$0$memwr$\mem$../spark_ram_asic.v:25$1240_EN[127:0]$1244 [0] $flatten\u_acc3.$0$memwr$\mem$../spark_ram_asic.v:25$1240_EN[127:0]$1244 [0] $flatten\u_acc3.$0$memwr$\mem$../spark_ram_asic.v:25$1240_EN[127:0]$1244 [0] $flatten\u_acc3.$0$memwr$\mem$../spark_ram_asic.v:25$1240_EN[127:0]$1244 [0] }
    New ctrl vector for $pmux cell $procmux$5505: $auto$opt_reduce.cc:134:opt_pmux$7435
    New ctrl vector for $pmux cell $procmux$5516: $auto$opt_reduce.cc:134:opt_pmux$7437
    New ctrl vector for $pmux cell $procmux$5527: $auto$opt_reduce.cc:134:opt_pmux$7439
    New ctrl vector for $pmux cell $procmux$5538: $auto$opt_reduce.cc:134:opt_pmux$7441
    New ctrl vector for $pmux cell $procmux$5549: { $eq$../../rtl/spark_core.v:108$1495_Y $auto$opt_reduce.cc:134:opt_pmux$7443 }
    New ctrl vector for $pmux cell $procmux$5560: { $auto$opt_reduce.cc:134:opt_pmux$7445 $procmux$5506_CMP }
    New ctrl vector for $pmux cell $procmux$5571: { $procmux$4865_CMP $auto$opt_reduce.cc:134:opt_pmux$7447 }
    New ctrl vector for $pmux cell $procmux$5582: { $procmux$4861_CMP $auto$opt_reduce.cc:134:opt_pmux$7449 }
    New ctrl vector for $pmux cell $procmux$5593: { $eq$../../rtl/spark_core.v:108$1495_Y $auto$opt_reduce.cc:134:opt_pmux$7451 }
    New ctrl vector for $pmux cell $procmux$5604: { $auto$opt_reduce.cc:134:opt_pmux$7453 $procmux$5506_CMP }
    New ctrl vector for $pmux cell $procmux$5615: { $procmux$4865_CMP $auto$opt_reduce.cc:134:opt_pmux$7455 }
    New ctrl vector for $pmux cell $procmux$5626: { $procmux$4861_CMP $auto$opt_reduce.cc:134:opt_pmux$7457 }
    New ctrl vector for $pmux cell $procmux$5759: { $eq$../../rtl/spark_core.v:108$1495_Y $auto$opt_reduce.cc:134:opt_pmux$7459 }
    New ctrl vector for $pmux cell $procmux$5768: { $auto$opt_reduce.cc:134:opt_pmux$7461 $procmux$5506_CMP }
    New ctrl vector for $pmux cell $procmux$5777: { $procmux$4865_CMP $auto$opt_reduce.cc:134:opt_pmux$7463 }
    Consolidated identical input bits for $mux cell $flatten\u_h0.$procmux$7215:
      Old ports: A=128'00000000000000000000000000000000000000000000000000000000000000000000000000000000000000000000000000000000000000000000000000000000, B=128'11111111111111111111111111111111111111111111111111111111111111111111111111111111111111111111111111111111111111111111111111111111, Y=$flatten\u_h0.$0$memwr$\mem$../spark_ram_asic.v:25$1150_EN[127:0]$1154
      New ports: A=1'0, B=1'1, Y=$flatten\u_h0.$0$memwr$\mem$../spark_ram_asic.v:25$1150_EN[127:0]$1154 [0]
      New connections: $flatten\u_h0.$0$memwr$\mem$../spark_ram_asic.v:25$1150_EN[127:0]$1154 [127:1] = { $flatten\u_h0.$0$memwr$\mem$../spark_ram_asic.v:25$1150_EN[127:0]$1154 [0] $flatten\u_h0.$0$memwr$\mem$../spark_ram_asic.v:25$1150_EN[127:0]$1154 [0] $flatten\u_h0.$0$memwr$\mem$../spark_ram_asic.v:25$1150_EN[127:0]$1154 [0] $flatten\u_h0.$0$memwr$\mem$../spark_ram_asic.v:25$1150_EN[127:0]$1154 [0] $flatten\u_h0.$0$memwr$\mem$../spark_ram_asic.v:25$1150_EN[127:0]$1154 [0] $flatten\u_h0.$0$memwr$\mem$../spark_ram_asic.v:25$1150_EN[127:0]$1154 [0] $flatten\u_h0.$0$memwr$\mem$../spark_ram_asic.v:25$1150_EN[127:0]$1154 [0] $flatten\u_h0.$0$memwr$\mem$../spark_ram_asic.v:25$1150_EN[127:0]$1154 [0] $flatten\u_h0.$0$memwr$\mem$../spark_ram_asic.v:25$1150_EN[127:0]$1154 [0] $flatten\u_h0.$0$memwr$\mem$../spark_ram_asic.v:25$1150_EN[127:0]$1154 [0] $flatten\u_h0.$0$memwr$\mem$../spark_ram_asic.v:25$1150_EN[127:0]$1154 [0] $flatten\u_h0.$0$memwr$\mem$../spark_ram_asic.v:25$1150_EN[127:0]$1154 [0] $flatten\u_h0.$0$memwr$\mem$../spark_ram_asic.v:25$1150_EN[127:0]$1154 [0] $flatten\u_h0.$0$memwr$\mem$../spark_ram_asic.v:25$1150_EN[127:0]$1154 [0] $flatten\u_h0.$0$memwr$\mem$../spark_ram_asic.v:25$1150_EN[127:0]$1154 [0] $flatten\u_h0.$0$memwr$\mem$../spark_ram_asic.v:25$1150_EN[127:0]$1154 [0] $flatten\u_h0.$0$memwr$\mem$../spark_ram_asic.v:25$1150_EN[127:0]$1154 [0] $flatten\u_h0.$0$memwr$\mem$../spark_ram_asic.v:25$1150_EN[127:0]$1154 [0] $flatten\u_h0.$0$memwr$\mem$../spark_ram_asic.v:25$1150_EN[127:0]$1154 [0] $flatten\u_h0.$0$memwr$\mem$../spark_ram_asic.v:25$1150_EN[127:0]$1154 [0] $flatten\u_h0.$0$memwr$\mem$../spark_ram_asic.v:25$1150_EN[127:0]$1154 [0] $flatten\u_h0.$0$memwr$\mem$../spark_ram_asic.v:25$1150_EN[127:0]$1154 [0] $flatten\u_h0.$0$memwr$\mem$../spark_ram_asic.v:25$1150_EN[127:0]$1154 [0] $flatten\u_h0.$0$memwr$\mem$../spark_ram_asic.v:25$1150_EN[127:0]$1154 [0] $flatten\u_h0.$0$memwr$\mem$../spark_ram_asic.v:25$1150_EN[127:0]$1154 [0] $flatten\u_h0.$0$memwr$\mem$../spark_ram_asic.v:25$1150_EN[127:0]$1154 [0] $flatten\u_h0.$0$memwr$\mem$../spark_ram_asic.v:25$1150_EN[127:0]$1154 [0] $flatten\u_h0.$0$memwr$\mem$../spark_ram_asic.v:25$1150_EN[127:0]$1154 [0] $flatten\u_h0.$0$memwr$\mem$../spark_ram_asic.v:25$1150_EN[127:0]$1154 [0] $flatten\u_h0.$0$memwr$\mem$../spark_ram_asic.v:25$1150_EN[127:0]$1154 [0] $flatten\u_h0.$0$memwr$\mem$../spark_ram_asic.v:25$1150_EN[127:0]$1154 [0] $flatten\u_h0.$0$memwr$\mem$../spark_ram_asic.v:25$1150_EN[127:0]$1154 [0] $flatten\u_h0.$0$memwr$\mem$../spark_ram_asic.v:25$1150_EN[127:0]$1154 [0] $flatten\u_h0.$0$memwr$\mem$../spark_ram_asic.v:25$1150_EN[127:0]$1154 [0] $flatten\u_h0.$0$memwr$\mem$../spark_ram_asic.v:25$1150_EN[127:0]$1154 [0] $flatten\u_h0.$0$memwr$\mem$../spark_ram_asic.v:25$1150_EN[127:0]$1154 [0] $flatten\u_h0.$0$memwr$\mem$../spark_ram_asic.v:25$1150_EN[127:0]$1154 [0] $flatten\u_h0.$0$memwr$\mem$../spark_ram_asic.v:25$1150_EN[127:0]$1154 [0] $flatten\u_h0.$0$memwr$\mem$../spark_ram_asic.v:25$1150_EN[127:0]$1154 [0] $flatten\u_h0.$0$memwr$\mem$../spark_ram_asic.v:25$1150_EN[127:0]$1154 [0] $flatten\u_h0.$0$memwr$\mem$../spark_ram_asic.v:25$1150_EN[127:0]$1154 [0] $flatten\u_h0.$0$memwr$\mem$../spark_ram_asic.v:25$1150_EN[127:0]$1154 [0] $flatten\u_h0.$0$memwr$\mem$../spark_ram_asic.v:25$1150_EN[127:0]$1154 [0] $flatten\u_h0.$0$memwr$\mem$../spark_ram_asic.v:25$1150_EN[127:0]$1154 [0] $flatten\u_h0.$0$memwr$\mem$../spark_ram_asic.v:25$1150_EN[127:0]$1154 [0] $flatten\u_h0.$0$memwr$\mem$../spark_ram_asic.v:25$1150_EN[127:0]$1154 [0] $flatten\u_h0.$0$memwr$\mem$../spark_ram_asic.v:25$1150_EN[127:0]$1154 [0] $flatten\u_h0.$0$memwr$\mem$../spark_ram_asic.v:25$1150_EN[127:0]$1154 [0] $flatten\u_h0.$0$memwr$\mem$../spark_ram_asic.v:25$1150_EN[127:0]$1154 [0] $flatten\u_h0.$0$memwr$\mem$../spark_ram_asic.v:25$1150_EN[127:0]$1154 [0] $flatten\u_h0.$0$memwr$\mem$../spark_ram_asic.v:25$1150_EN[127:0]$1154 [0] $flatten\u_h0.$0$memwr$\mem$../spark_ram_asic.v:25$1150_EN[127:0]$1154 [0] $flatten\u_h0.$0$memwr$\mem$../spark_ram_asic.v:25$1150_EN[127:0]$1154 [0] $flatten\u_h0.$0$memwr$\mem$../spark_ram_asic.v:25$1150_EN[127:0]$1154 [0] $flatten\u_h0.$0$memwr$\mem$../spark_ram_asic.v:25$1150_EN[127:0]$1154 [0] $flatten\u_h0.$0$memwr$\mem$../spark_ram_asic.v:25$1150_EN[127:0]$1154 [0] $flatten\u_h0.$0$memwr$\mem$../spark_ram_asic.v:25$1150_EN[127:0]$1154 [0] $flatten\u_h0.$0$memwr$\mem$../spark_ram_asic.v:25$1150_EN[127:0]$1154 [0] $flatten\u_h0.$0$memwr$\mem$../spark_ram_asic.v:25$1150_EN[127:0]$1154 [0] $flatten\u_h0.$0$memwr$\mem$../spark_ram_asic.v:25$1150_EN[127:0]$1154 [0] $flatten\u_h0.$0$memwr$\mem$../spark_ram_asic.v:25$1150_EN[127:0]$1154 [0] $flatten\u_h0.$0$memwr$\mem$../spark_ram_asic.v:25$1150_EN[127:0]$1154 [0] $flatten\u_h0.$0$memwr$\mem$../spark_ram_asic.v:25$1150_EN[127:0]$1154 [0] $flatten\u_h0.$0$memwr$\mem$../spark_ram_asic.v:25$1150_EN[127:0]$1154 [0] $flatten\u_h0.$0$memwr$\mem$../spark_ram_asic.v:25$1150_EN[127:0]$1154 [0] $flatten\u_h0.$0$memwr$\mem$../spark_ram_asic.v:25$1150_EN[127:0]$1154 [0] $flatten\u_h0.$0$memwr$\mem$../spark_ram_asic.v:25$1150_EN[127:0]$1154 [0] $flatten\u_h0.$0$memwr$\mem$../spark_ram_asic.v:25$1150_EN[127:0]$1154 [0] $flatten\u_h0.$0$memwr$\mem$../spark_ram_asic.v:25$1150_EN[127:0]$1154 [0] $flatten\u_h0.$0$memwr$\mem$../spark_ram_asic.v:25$1150_EN[127:0]$1154 [0] $flatten\u_h0.$0$memwr$\mem$../spark_ram_asic.v:25$1150_EN[127:0]$1154 [0] $flatten\u_h0.$0$memwr$\mem$../spark_ram_asic.v:25$1150_EN[127:0]$1154 [0] $flatten\u_h0.$0$memwr$\mem$../spark_ram_asic.v:25$1150_EN[127:0]$1154 [0] $flatten\u_h0.$0$memwr$\mem$../spark_ram_asic.v:25$1150_EN[127:0]$1154 [0] $flatten\u_h0.$0$memwr$\mem$../spark_ram_asic.v:25$1150_EN[127:0]$1154 [0] $flatten\u_h0.$0$memwr$\mem$../spark_ram_asic.v:25$1150_EN[127:0]$1154 [0] $flatten\u_h0.$0$memwr$\mem$../spark_ram_asic.v:25$1150_EN[127:0]$1154 [0] $flatten\u_h0.$0$memwr$\mem$../spark_ram_asic.v:25$1150_EN[127:0]$1154 [0] $flatten\u_h0.$0$memwr$\mem$../spark_ram_asic.v:25$1150_EN[127:0]$1154 [0] $flatten\u_h0.$0$memwr$\mem$../spark_ram_asic.v:25$1150_EN[127:0]$1154 [0] $flatten\u_h0.$0$memwr$\mem$../spark_ram_asic.v:25$1150_EN[127:0]$1154 [0] $flatten\u_h0.$0$memwr$\mem$../spark_ram_asic.v:25$1150_EN[127:0]$1154 [0] $flatten\u_h0.$0$memwr$\mem$../spark_ram_asic.v:25$1150_EN[127:0]$1154 [0] $flatten\u_h0.$0$memwr$\mem$../spark_ram_asic.v:25$1150_EN[127:0]$1154 [0] $flatten\u_h0.$0$memwr$\mem$../spark_ram_asic.v:25$1150_EN[127:0]$1154 [0] $flatten\u_h0.$0$memwr$\mem$../spark_ram_asic.v:25$1150_EN[127:0]$1154 [0] $flatten\u_h0.$0$memwr$\mem$../spark_ram_asic.v:25$1150_EN[127:0]$1154 [0] $flatten\u_h0.$0$memwr$\mem$../spark_ram_asic.v:25$1150_EN[127:0]$1154 [0] $flatten\u_h0.$0$memwr$\mem$../spark_ram_asic.v:25$1150_EN[127:0]$1154 [0] $flatten\u_h0.$0$memwr$\mem$../spark_ram_asic.v:25$1150_EN[127:0]$1154 [0] $flatten\u_h0.$0$memwr$\mem$../spark_ram_asic.v:25$1150_EN[127:0]$1154 [0] $flatten\u_h0.$0$memwr$\mem$../spark_ram_asic.v:25$1150_EN[127:0]$1154 [0] $flatten\u_h0.$0$memwr$\mem$../spark_ram_asic.v:25$1150_EN[127:0]$1154 [0] $flatten\u_h0.$0$memwr$\mem$../spark_ram_asic.v:25$1150_EN[127:0]$1154 [0] $flatten\u_h0.$0$memwr$\mem$../spark_ram_asic.v:25$1150_EN[127:0]$1154 [0] $flatten\u_h0.$0$memwr$\mem$../spark_ram_asic.v:25$1150_EN[127:0]$1154 [0] $flatten\u_h0.$0$memwr$\mem$../spark_ram_asic.v:25$1150_EN[127:0]$1154 [0] $flatten\u_h0.$0$memwr$\mem$../spark_ram_asic.v:25$1150_EN[127:0]$1154 [0] $flatten\u_h0.$0$memwr$\mem$../spark_ram_asic.v:25$1150_EN[127:0]$1154 [0] $flatten\u_h0.$0$memwr$\mem$../spark_ram_asic.v:25$1150_EN[127:0]$1154 [0] $flatten\u_h0.$0$memwr$\mem$../spark_ram_asic.v:25$1150_EN[127:0]$1154 [0] $flatten\u_h0.$0$memwr$\mem$../spark_ram_asic.v:25$1150_EN[127:0]$1154 [0] $flatten\u_h0.$0$memwr$\mem$../spark_ram_asic.v:25$1150_EN[127:0]$1154 [0] $flatten\u_h0.$0$memwr$\mem$../spark_ram_asic.v:25$1150_EN[127:0]$1154 [0] $flatten\u_h0.$0$memwr$\mem$../spark_ram_asic.v:25$1150_EN[127:0]$1154 [0] $flatten\u_h0.$0$memwr$\mem$../spark_ram_asic.v:25$1150_EN[127:0]$1154 [0] $flatten\u_h0.$0$memwr$\mem$../spark_ram_asic.v:25$1150_EN[127:0]$1154 [0] $flatten\u_h0.$0$memwr$\mem$../spark_ram_asic.v:25$1150_EN[127:0]$1154 [0] $flatten\u_h0.$0$memwr$\mem$../spark_ram_asic.v:25$1150_EN[127:0]$1154 [0] $flatten\u_h0.$0$memwr$\mem$../spark_ram_asic.v:25$1150_EN[127:0]$1154 [0] $flatten\u_h0.$0$memwr$\mem$../spark_ram_asic.v:25$1150_EN[127:0]$1154 [0] $flatten\u_h0.$0$memwr$\mem$../spark_ram_asic.v:25$1150_EN[127:0]$1154 [0] $flatten\u_h0.$0$memwr$\mem$../spark_ram_asic.v:25$1150_EN[127:0]$1154 [0] $flatten\u_h0.$0$memwr$\mem$../spark_ram_asic.v:25$1150_EN[127:0]$1154 [0] $flatten\u_h0.$0$memwr$\mem$../spark_ram_asic.v:25$1150_EN[127:0]$1154 [0] $flatten\u_h0.$0$memwr$\mem$../spark_ram_asic.v:25$1150_EN[127:0]$1154 [0] $flatten\u_h0.$0$memwr$\mem$../spark_ram_asic.v:25$1150_EN[127:0]$1154 [0] $flatten\u_h0.$0$memwr$\mem$../spark_ram_asic.v:25$1150_EN[127:0]$1154 [0] $flatten\u_h0.$0$memwr$\mem$../spark_ram_asic.v:25$1150_EN[127:0]$1154 [0] $flatten\u_h0.$0$memwr$\mem$../spark_ram_asic.v:25$1150_EN[127:0]$1154 [0] $flatten\u_h0.$0$memwr$\mem$../spark_ram_asic.v:25$1150_EN[127:0]$1154 [0] $flatten\u_h0.$0$memwr$\mem$../spark_ram_asic.v:25$1150_EN[127:0]$1154 [0] $flatten\u_h0.$0$memwr$\mem$../spark_ram_asic.v:25$1150_EN[127:0]$1154 [0] $flatten\u_h0.$0$memwr$\mem$../spark_ram_asic.v:25$1150_EN[127:0]$1154 [0] $flatten\u_h0.$0$memwr$\mem$../spark_ram_asic.v:25$1150_EN[127:0]$1154 [0] $flatten\u_h0.$0$memwr$\mem$../spark_ram_asic.v:25$1150_EN[127:0]$1154 [0] $flatten\u_h0.$0$memwr$\mem$../spark_ram_asic.v:25$1150_EN[127:0]$1154 [0] }
    New ctrl vector for $pmux cell $procmux$5786: { $procmux$4861_CMP $auto$opt_reduce.cc:134:opt_pmux$7465 }
    New ctrl vector for $pmux cell $procmux$5796: $auto$opt_reduce.cc:134:opt_pmux$7467
    New ctrl vector for $pmux cell $procmux$5806: $auto$opt_reduce.cc:134:opt_pmux$7469
    New ctrl vector for $pmux cell $procmux$5816: $auto$opt_reduce.cc:134:opt_pmux$7471
    New ctrl vector for $pmux cell $procmux$5826: $auto$opt_reduce.cc:134:opt_pmux$7473
    Consolidated identical input bits for $mux cell $flatten\u_h1.$procmux$7215:
      Old ports: A=128'00000000000000000000000000000000000000000000000000000000000000000000000000000000000000000000000000000000000000000000000000000000, B=128'11111111111111111111111111111111111111111111111111111111111111111111111111111111111111111111111111111111111111111111111111111111, Y=$flatten\u_h1.$0$memwr$\mem$../spark_ram_asic.v:25$1150_EN[127:0]$1154
      New ports: A=1'0, B=1'1, Y=$flatten\u_h1.$0$memwr$\mem$../spark_ram_asic.v:25$1150_EN[127:0]$1154 [0]
      New connections: $flatten\u_h1.$0$memwr$\mem$../spark_ram_asic.v:25$1150_EN[127:0]$1154 [127:1] = { $flatten\u_h1.$0$memwr$\mem$../spark_ram_asic.v:25$1150_EN[127:0]$1154 [0] $flatten\u_h1.$0$memwr$\mem$../spark_ram_asic.v:25$1150_EN[127:0]$1154 [0] $flatten\u_h1.$0$memwr$\mem$../spark_ram_asic.v:25$1150_EN[127:0]$1154 [0] $flatten\u_h1.$0$memwr$\mem$../spark_ram_asic.v:25$1150_EN[127:0]$1154 [0] $flatten\u_h1.$0$memwr$\mem$../spark_ram_asic.v:25$1150_EN[127:0]$1154 [0] $flatten\u_h1.$0$memwr$\mem$../spark_ram_asic.v:25$1150_EN[127:0]$1154 [0] $flatten\u_h1.$0$memwr$\mem$../spark_ram_asic.v:25$1150_EN[127:0]$1154 [0] $flatten\u_h1.$0$memwr$\mem$../spark_ram_asic.v:25$1150_EN[127:0]$1154 [0] $flatten\u_h1.$0$memwr$\mem$../spark_ram_asic.v:25$1150_EN[127:0]$1154 [0] $flatten\u_h1.$0$memwr$\mem$../spark_ram_asic.v:25$1150_EN[127:0]$1154 [0] $flatten\u_h1.$0$memwr$\mem$../spark_ram_asic.v:25$1150_EN[127:0]$1154 [0] $flatten\u_h1.$0$memwr$\mem$../spark_ram_asic.v:25$1150_EN[127:0]$1154 [0] $flatten\u_h1.$0$memwr$\mem$../spark_ram_asic.v:25$1150_EN[127:0]$1154 [0] $flatten\u_h1.$0$memwr$\mem$../spark_ram_asic.v:25$1150_EN[127:0]$1154 [0] $flatten\u_h1.$0$memwr$\mem$../spark_ram_asic.v:25$1150_EN[127:0]$1154 [0] $flatten\u_h1.$0$memwr$\mem$../spark_ram_asic.v:25$1150_EN[127:0]$1154 [0] $flatten\u_h1.$0$memwr$\mem$../spark_ram_asic.v:25$1150_EN[127:0]$1154 [0] $flatten\u_h1.$0$memwr$\mem$../spark_ram_asic.v:25$1150_EN[127:0]$1154 [0] $flatten\u_h1.$0$memwr$\mem$../spark_ram_asic.v:25$1150_EN[127:0]$1154 [0] $flatten\u_h1.$0$memwr$\mem$../spark_ram_asic.v:25$1150_EN[127:0]$1154 [0] $flatten\u_h1.$0$memwr$\mem$../spark_ram_asic.v:25$1150_EN[127:0]$1154 [0] $flatten\u_h1.$0$memwr$\mem$../spark_ram_asic.v:25$1150_EN[127:0]$1154 [0] $flatten\u_h1.$0$memwr$\mem$../spark_ram_asic.v:25$1150_EN[127:0]$1154 [0] $flatten\u_h1.$0$memwr$\mem$../spark_ram_asic.v:25$1150_EN[127:0]$1154 [0] $flatten\u_h1.$0$memwr$\mem$../spark_ram_asic.v:25$1150_EN[127:0]$1154 [0] $flatten\u_h1.$0$memwr$\mem$../spark_ram_asic.v:25$1150_EN[127:0]$1154 [0] $flatten\u_h1.$0$memwr$\mem$../spark_ram_asic.v:25$1150_EN[127:0]$1154 [0] $flatten\u_h1.$0$memwr$\mem$../spark_ram_asic.v:25$1150_EN[127:0]$1154 [0] $flatten\u_h1.$0$memwr$\mem$../spark_ram_asic.v:25$1150_EN[127:0]$1154 [0] $flatten\u_h1.$0$memwr$\mem$../spark_ram_asic.v:25$1150_EN[127:0]$1154 [0] $flatten\u_h1.$0$memwr$\mem$../spark_ram_asic.v:25$1150_EN[127:0]$1154 [0] $flatten\u_h1.$0$memwr$\mem$../spark_ram_asic.v:25$1150_EN[127:0]$1154 [0] $flatten\u_h1.$0$memwr$\mem$../spark_ram_asic.v:25$1150_EN[127:0]$1154 [0] $flatten\u_h1.$0$memwr$\mem$../spark_ram_asic.v:25$1150_EN[127:0]$1154 [0] $flatten\u_h1.$0$memwr$\mem$../spark_ram_asic.v:25$1150_EN[127:0]$1154 [0] $flatten\u_h1.$0$memwr$\mem$../spark_ram_asic.v:25$1150_EN[127:0]$1154 [0] $flatten\u_h1.$0$memwr$\mem$../spark_ram_asic.v:25$1150_EN[127:0]$1154 [0] $flatten\u_h1.$0$memwr$\mem$../spark_ram_asic.v:25$1150_EN[127:0]$1154 [0] $flatten\u_h1.$0$memwr$\mem$../spark_ram_asic.v:25$1150_EN[127:0]$1154 [0] $flatten\u_h1.$0$memwr$\mem$../spark_ram_asic.v:25$1150_EN[127:0]$1154 [0] $flatten\u_h1.$0$memwr$\mem$../spark_ram_asic.v:25$1150_EN[127:0]$1154 [0] $flatten\u_h1.$0$memwr$\mem$../spark_ram_asic.v:25$1150_EN[127:0]$1154 [0] $flatten\u_h1.$0$memwr$\mem$../spark_ram_asic.v:25$1150_EN[127:0]$1154 [0] $flatten\u_h1.$0$memwr$\mem$../spark_ram_asic.v:25$1150_EN[127:0]$1154 [0] $flatten\u_h1.$0$memwr$\mem$../spark_ram_asic.v:25$1150_EN[127:0]$1154 [0] $flatten\u_h1.$0$memwr$\mem$../spark_ram_asic.v:25$1150_EN[127:0]$1154 [0] $flatten\u_h1.$0$memwr$\mem$../spark_ram_asic.v:25$1150_EN[127:0]$1154 [0] $flatten\u_h1.$0$memwr$\mem$../spark_ram_asic.v:25$1150_EN[127:0]$1154 [0] $flatten\u_h1.$0$memwr$\mem$../spark_ram_asic.v:25$1150_EN[127:0]$1154 [0] $flatten\u_h1.$0$memwr$\mem$../spark_ram_asic.v:25$1150_EN[127:0]$1154 [0] $flatten\u_h1.$0$memwr$\mem$../spark_ram_asic.v:25$1150_EN[127:0]$1154 [0] $flatten\u_h1.$0$memwr$\mem$../spark_ram_asic.v:25$1150_EN[127:0]$1154 [0] $flatten\u_h1.$0$memwr$\mem$../spark_ram_asic.v:25$1150_EN[127:0]$1154 [0] $flatten\u_h1.$0$memwr$\mem$../spark_ram_asic.v:25$1150_EN[127:0]$1154 [0] $flatten\u_h1.$0$memwr$\mem$../spark_ram_asic.v:25$1150_EN[127:0]$1154 [0] $flatten\u_h1.$0$memwr$\mem$../spark_ram_asic.v:25$1150_EN[127:0]$1154 [0] $flatten\u_h1.$0$memwr$\mem$../spark_ram_asic.v:25$1150_EN[127:0]$1154 [0] $flatten\u_h1.$0$memwr$\mem$../spark_ram_asic.v:25$1150_EN[127:0]$1154 [0] $flatten\u_h1.$0$memwr$\mem$../spark_ram_asic.v:25$1150_EN[127:0]$1154 [0] $flatten\u_h1.$0$memwr$\mem$../spark_ram_asic.v:25$1150_EN[127:0]$1154 [0] $flatten\u_h1.$0$memwr$\mem$../spark_ram_asic.v:25$1150_EN[127:0]$1154 [0] $flatten\u_h1.$0$memwr$\mem$../spark_ram_asic.v:25$1150_EN[127:0]$1154 [0] $flatten\u_h1.$0$memwr$\mem$../spark_ram_asic.v:25$1150_EN[127:0]$1154 [0] $flatten\u_h1.$0$memwr$\mem$../spark_ram_asic.v:25$1150_EN[127:0]$1154 [0] $flatten\u_h1.$0$memwr$\mem$../spark_ram_asic.v:25$1150_EN[127:0]$1154 [0] $flatten\u_h1.$0$memwr$\mem$../spark_ram_asic.v:25$1150_EN[127:0]$1154 [0] $flatten\u_h1.$0$memwr$\mem$../spark_ram_asic.v:25$1150_EN[127:0]$1154 [0] $flatten\u_h1.$0$memwr$\mem$../spark_ram_asic.v:25$1150_EN[127:0]$1154 [0] $flatten\u_h1.$0$memwr$\mem$../spark_ram_asic.v:25$1150_EN[127:0]$1154 [0] $flatten\u_h1.$0$memwr$\mem$../spark_ram_asic.v:25$1150_EN[127:0]$1154 [0] $flatten\u_h1.$0$memwr$\mem$../spark_ram_asic.v:25$1150_EN[127:0]$1154 [0] $flatten\u_h1.$0$memwr$\mem$../spark_ram_asic.v:25$1150_EN[127:0]$1154 [0] $flatten\u_h1.$0$memwr$\mem$../spark_ram_asic.v:25$1150_EN[127:0]$1154 [0] $flatten\u_h1.$0$memwr$\mem$../spark_ram_asic.v:25$1150_EN[127:0]$1154 [0] $flatten\u_h1.$0$memwr$\mem$../spark_ram_asic.v:25$1150_EN[127:0]$1154 [0] $flatten\u_h1.$0$memwr$\mem$../spark_ram_asic.v:25$1150_EN[127:0]$1154 [0] $flatten\u_h1.$0$memwr$\mem$../spark_ram_asic.v:25$1150_EN[127:0]$1154 [0] $flatten\u_h1.$0$memwr$\mem$../spark_ram_asic.v:25$1150_EN[127:0]$1154 [0] $flatten\u_h1.$0$memwr$\mem$../spark_ram_asic.v:25$1150_EN[127:0]$1154 [0] $flatten\u_h1.$0$memwr$\mem$../spark_ram_asic.v:25$1150_EN[127:0]$1154 [0] $flatten\u_h1.$0$memwr$\mem$../spark_ram_asic.v:25$1150_EN[127:0]$1154 [0] $flatten\u_h1.$0$memwr$\mem$../spark_ram_asic.v:25$1150_EN[127:0]$1154 [0] $flatten\u_h1.$0$memwr$\mem$../spark_ram_asic.v:25$1150_EN[127:0]$1154 [0] $flatten\u_h1.$0$memwr$\mem$../spark_ram_asic.v:25$1150_EN[127:0]$1154 [0] $flatten\u_h1.$0$memwr$\mem$../spark_ram_asic.v:25$1150_EN[127:0]$1154 [0] $flatten\u_h1.$0$memwr$\mem$../spark_ram_asic.v:25$1150_EN[127:0]$1154 [0] $flatten\u_h1.$0$memwr$\mem$../spark_ram_asic.v:25$1150_EN[127:0]$1154 [0] $flatten\u_h1.$0$memwr$\mem$../spark_ram_asic.v:25$1150_EN[127:0]$1154 [0] $flatten\u_h1.$0$memwr$\mem$../spark_ram_asic.v:25$1150_EN[127:0]$1154 [0] $flatten\u_h1.$0$memwr$\mem$../spark_ram_asic.v:25$1150_EN[127:0]$1154 [0] $flatten\u_h1.$0$memwr$\mem$../spark_ram_asic.v:25$1150_EN[127:0]$1154 [0] $flatten\u_h1.$0$memwr$\mem$../spark_ram_asic.v:25$1150_EN[127:0]$1154 [0] $flatten\u_h1.$0$memwr$\mem$../spark_ram_asic.v:25$1150_EN[127:0]$1154 [0] $flatten\u_h1.$0$memwr$\mem$../spark_ram_asic.v:25$1150_EN[127:0]$1154 [0] $flatten\u_h1.$0$memwr$\mem$../spark_ram_asic.v:25$1150_EN[127:0]$1154 [0] $flatten\u_h1.$0$memwr$\mem$../spark_ram_asic.v:25$1150_EN[127:0]$1154 [0] $flatten\u_h1.$0$memwr$\mem$../spark_ram_asic.v:25$1150_EN[127:0]$1154 [0] $flatten\u_h1.$0$memwr$\mem$../spark_ram_asic.v:25$1150_EN[127:0]$1154 [0] $flatten\u_h1.$0$memwr$\mem$../spark_ram_asic.v:25$1150_EN[127:0]$1154 [0] $flatten\u_h1.$0$memwr$\mem$../spark_ram_asic.v:25$1150_EN[127:0]$1154 [0] $flatten\u_h1.$0$memwr$\mem$../spark_ram_asic.v:25$1150_EN[127:0]$1154 [0] $flatten\u_h1.$0$memwr$\mem$../spark_ram_asic.v:25$1150_EN[127:0]$1154 [0] $flatten\u_h1.$0$memwr$\mem$../spark_ram_asic.v:25$1150_EN[127:0]$1154 [0] $flatten\u_h1.$0$memwr$\mem$../spark_ram_asic.v:25$1150_EN[127:0]$1154 [0] $flatten\u_h1.$0$memwr$\mem$../spark_ram_asic.v:25$1150_EN[127:0]$1154 [0] $flatten\u_h1.$0$memwr$\mem$../spark_ram_asic.v:25$1150_EN[127:0]$1154 [0] $flatten\u_h1.$0$memwr$\mem$../spark_ram_asic.v:25$1150_EN[127:0]$1154 [0] $flatten\u_h1.$0$memwr$\mem$../spark_ram_asic.v:25$1150_EN[127:0]$1154 [0] $flatten\u_h1.$0$memwr$\mem$../spark_ram_asic.v:25$1150_EN[127:0]$1154 [0] $flatten\u_h1.$0$memwr$\mem$../spark_ram_asic.v:25$1150_EN[127:0]$1154 [0] $flatten\u_h1.$0$memwr$\mem$../spark_ram_asic.v:25$1150_EN[127:0]$1154 [0] $flatten\u_h1.$0$memwr$\mem$../spark_ram_asic.v:25$1150_EN[127:0]$1154 [0] $flatten\u_h1.$0$memwr$\mem$../spark_ram_asic.v:25$1150_EN[127:0]$1154 [0] $flatten\u_h1.$0$memwr$\mem$../spark_ram_asic.v:25$1150_EN[127:0]$1154 [0] $flatten\u_h1.$0$memwr$\mem$../spark_ram_asic.v:25$1150_EN[127:0]$1154 [0] $flatten\u_h1.$0$memwr$\mem$../spark_ram_asic.v:25$1150_EN[127:0]$1154 [0] $flatten\u_h1.$0$memwr$\mem$../spark_ram_asic.v:25$1150_EN[127:0]$1154 [0] $flatten\u_h1.$0$memwr$\mem$../spark_ram_asic.v:25$1150_EN[127:0]$1154 [0] $flatten\u_h1.$0$memwr$\mem$../spark_ram_asic.v:25$1150_EN[127:0]$1154 [0] $flatten\u_h1.$0$memwr$\mem$../spark_ram_asic.v:25$1150_EN[127:0]$1154 [0] $flatten\u_h1.$0$memwr$\mem$../spark_ram_asic.v:25$1150_EN[127:0]$1154 [0] $flatten\u_h1.$0$memwr$\mem$../spark_ram_asic.v:25$1150_EN[127:0]$1154 [0] $flatten\u_h1.$0$memwr$\mem$../spark_ram_asic.v:25$1150_EN[127:0]$1154 [0] $flatten\u_h1.$0$memwr$\mem$../spark_ram_asic.v:25$1150_EN[127:0]$1154 [0] $flatten\u_h1.$0$memwr$\mem$../spark_ram_asic.v:25$1150_EN[127:0]$1154 [0] $flatten\u_h1.$0$memwr$\mem$../spark_ram_asic.v:25$1150_EN[127:0]$1154 [0] $flatten\u_h1.$0$memwr$\mem$../spark_ram_asic.v:25$1150_EN[127:0]$1154 [0] }
    New ctrl vector for $pmux cell $procmux$5836: { $eq$../../rtl/spark_core.v:108$1495_Y $auto$opt_reduce.cc:134:opt_pmux$7475 }
    New ctrl vector for $pmux cell $procmux$5846: { $auto$opt_reduce.cc:134:opt_pmux$7477 $procmux$5506_CMP }
    New ctrl vector for $pmux cell $procmux$5856: { $procmux$4865_CMP $auto$opt_reduce.cc:134:opt_pmux$7479 }
    New ctrl vector for $pmux cell $procmux$5866: { $procmux$4861_CMP $auto$opt_reduce.cc:134:opt_pmux$7481 }
    Consolidated identical input bits for $mux cell $flatten\u_s0.$procmux$7233:
      Old ports: A=0, B=32'11111111111111111111111111111111, Y=$flatten\u_s0.$0$memwr$\mem$../spark_ram_asic.v:25$970_EN[31:0]$974
      New ports: A=1'0, B=1'1, Y=$flatten\u_s0.$0$memwr$\mem$../spark_ram_asic.v:25$970_EN[31:0]$974 [0]
      New connections: $flatten\u_s0.$0$memwr$\mem$../spark_ram_asic.v:25$970_EN[31:0]$974 [31:1] = { $flatten\u_s0.$0$memwr$\mem$../spark_ram_asic.v:25$970_EN[31:0]$974 [0] $flatten\u_s0.$0$memwr$\mem$../spark_ram_asic.v:25$970_EN[31:0]$974 [0] $flatten\u_s0.$0$memwr$\mem$../spark_ram_asic.v:25$970_EN[31:0]$974 [0] $flatten\u_s0.$0$memwr$\mem$../spark_ram_asic.v:25$970_EN[31:0]$974 [0] $flatten\u_s0.$0$memwr$\mem$../spark_ram_asic.v:25$970_EN[31:0]$974 [0] $flatten\u_s0.$0$memwr$\mem$../spark_ram_asic.v:25$970_EN[31:0]$974 [0] $flatten\u_s0.$0$memwr$\mem$../spark_ram_asic.v:25$970_EN[31:0]$974 [0] $flatten\u_s0.$0$memwr$\mem$../spark_ram_asic.v:25$970_EN[31:0]$974 [0] $flatten\u_s0.$0$memwr$\mem$../spark_ram_asic.v:25$970_EN[31:0]$974 [0] $flatten\u_s0.$0$memwr$\mem$../spark_ram_asic.v:25$970_EN[31:0]$974 [0] $flatten\u_s0.$0$memwr$\mem$../spark_ram_asic.v:25$970_EN[31:0]$974 [0] $flatten\u_s0.$0$memwr$\mem$../spark_ram_asic.v:25$970_EN[31:0]$974 [0] $flatten\u_s0.$0$memwr$\mem$../spark_ram_asic.v:25$970_EN[31:0]$974 [0] $flatten\u_s0.$0$memwr$\mem$../spark_ram_asic.v:25$970_EN[31:0]$974 [0] $flatten\u_s0.$0$memwr$\mem$../spark_ram_asic.v:25$970_EN[31:0]$974 [0] $flatten\u_s0.$0$memwr$\mem$../spark_ram_asic.v:25$970_EN[31:0]$974 [0] $flatten\u_s0.$0$memwr$\mem$../spark_ram_asic.v:25$970_EN[31:0]$974 [0] $flatten\u_s0.$0$memwr$\mem$../spark_ram_asic.v:25$970_EN[31:0]$974 [0] $flatten\u_s0.$0$memwr$\mem$../spark_ram_asic.v:25$970_EN[31:0]$974 [0] $flatten\u_s0.$0$memwr$\mem$../spark_ram_asic.v:25$970_EN[31:0]$974 [0] $flatten\u_s0.$0$memwr$\mem$../spark_ram_asic.v:25$970_EN[31:0]$974 [0] $flatten\u_s0.$0$memwr$\mem$../spark_ram_asic.v:25$970_EN[31:0]$974 [0] $flatten\u_s0.$0$memwr$\mem$../spark_ram_asic.v:25$970_EN[31:0]$974 [0] $flatten\u_s0.$0$memwr$\mem$../spark_ram_asic.v:25$970_EN[31:0]$974 [0] $flatten\u_s0.$0$memwr$\mem$../spark_ram_asic.v:25$970_EN[31:0]$974 [0] $flatten\u_s0.$0$memwr$\mem$../spark_ram_asic.v:25$970_EN[31:0]$974 [0] $flatten\u_s0.$0$memwr$\mem$../spark_ram_asic.v:25$970_EN[31:0]$974 [0] $flatten\u_s0.$0$memwr$\mem$../spark_ram_asic.v:25$970_EN[31:0]$974 [0] $flatten\u_s0.$0$memwr$\mem$../spark_ram_asic.v:25$970_EN[31:0]$974 [0] $flatten\u_s0.$0$memwr$\mem$../spark_ram_asic.v:25$970_EN[31:0]$974 [0] $flatten\u_s0.$0$memwr$\mem$../spark_ram_asic.v:25$970_EN[31:0]$974 [0] }
    New ctrl vector for $pmux cell $procmux$5876: { $eq$../../rtl/spark_core.v:108$1495_Y $auto$opt_reduce.cc:134:opt_pmux$7483 }
    New ctrl vector for $pmux cell $procmux$5886: { $auto$opt_reduce.cc:134:opt_pmux$7485 $procmux$5506_CMP }
    New ctrl vector for $pmux cell $procmux$5896: { $procmux$4865_CMP $auto$opt_reduce.cc:134:opt_pmux$7487 }
    New ctrl vector for $pmux cell $procmux$5906: { $procmux$4861_CMP $auto$opt_reduce.cc:134:opt_pmux$7489 }
    New ctrl vector for $pmux cell $procmux$5917: { $eq$../../rtl/spark_core.v:108$1495_Y $auto$opt_reduce.cc:134:opt_pmux$7491 }
    Consolidated identical input bits for $mux cell $flatten\u_s1.$procmux$7233:
      Old ports: A=0, B=32'11111111111111111111111111111111, Y=$flatten\u_s1.$0$memwr$\mem$../spark_ram_asic.v:25$970_EN[31:0]$974
      New ports: A=1'0, B=1'1, Y=$flatten\u_s1.$0$memwr$\mem$../spark_ram_asic.v:25$970_EN[31:0]$974 [0]
      New connections: $flatten\u_s1.$0$memwr$\mem$../spark_ram_asic.v:25$970_EN[31:0]$974 [31:1] = { $flatten\u_s1.$0$memwr$\mem$../spark_ram_asic.v:25$970_EN[31:0]$974 [0] $flatten\u_s1.$0$memwr$\mem$../spark_ram_asic.v:25$970_EN[31:0]$974 [0] $flatten\u_s1.$0$memwr$\mem$../spark_ram_asic.v:25$970_EN[31:0]$974 [0] $flatten\u_s1.$0$memwr$\mem$../spark_ram_asic.v:25$970_EN[31:0]$974 [0] $flatten\u_s1.$0$memwr$\mem$../spark_ram_asic.v:25$970_EN[31:0]$974 [0] $flatten\u_s1.$0$memwr$\mem$../spark_ram_asic.v:25$970_EN[31:0]$974 [0] $flatten\u_s1.$0$memwr$\mem$../spark_ram_asic.v:25$970_EN[31:0]$974 [0] $flatten\u_s1.$0$memwr$\mem$../spark_ram_asic.v:25$970_EN[31:0]$974 [0] $flatten\u_s1.$0$memwr$\mem$../spark_ram_asic.v:25$970_EN[31:0]$974 [0] $flatten\u_s1.$0$memwr$\mem$../spark_ram_asic.v:25$970_EN[31:0]$974 [0] $flatten\u_s1.$0$memwr$\mem$../spark_ram_asic.v:25$970_EN[31:0]$974 [0] $flatten\u_s1.$0$memwr$\mem$../spark_ram_asic.v:25$970_EN[31:0]$974 [0] $flatten\u_s1.$0$memwr$\mem$../spark_ram_asic.v:25$970_EN[31:0]$974 [0] $flatten\u_s1.$0$memwr$\mem$../spark_ram_asic.v:25$970_EN[31:0]$974 [0] $flatten\u_s1.$0$memwr$\mem$../spark_ram_asic.v:25$970_EN[31:0]$974 [0] $flatten\u_s1.$0$memwr$\mem$../spark_ram_asic.v:25$970_EN[31:0]$974 [0] $flatten\u_s1.$0$memwr$\mem$../spark_ram_asic.v:25$970_EN[31:0]$974 [0] $flatten\u_s1.$0$memwr$\mem$../spark_ram_asic.v:25$970_EN[31:0]$974 [0] $flatten\u_s1.$0$memwr$\mem$../spark_ram_asic.v:25$970_EN[31:0]$974 [0] $flatten\u_s1.$0$memwr$\mem$../spark_ram_asic.v:25$970_EN[31:0]$974 [0] $flatten\u_s1.$0$memwr$\mem$../spark_ram_asic.v:25$970_EN[31:0]$974 [0] $flatten\u_s1.$0$memwr$\mem$../spark_ram_asic.v:25$970_EN[31:0]$974 [0] $flatten\u_s1.$0$memwr$\mem$../spark_ram_asic.v:25$970_EN[31:0]$974 [0] $flatten\u_s1.$0$memwr$\mem$../spark_ram_asic.v:25$970_EN[31:0]$974 [0] $flatten\u_s1.$0$memwr$\mem$../spark_ram_asic.v:25$970_EN[31:0]$974 [0] $flatten\u_s1.$0$memwr$\mem$../spark_ram_asic.v:25$970_EN[31:0]$974 [0] $flatten\u_s1.$0$memwr$\mem$../spark_ram_asic.v:25$970_EN[31:0]$974 [0] $flatten\u_s1.$0$memwr$\mem$../spark_ram_asic.v:25$970_EN[31:0]$974 [0] $flatten\u_s1.$0$memwr$\mem$../spark_ram_asic.v:25$970_EN[31:0]$974 [0] $flatten\u_s1.$0$memwr$\mem$../spark_ram_asic.v:25$970_EN[31:0]$974 [0] $flatten\u_s1.$0$memwr$\mem$../spark_ram_asic.v:25$970_EN[31:0]$974 [0] }
    New ctrl vector for $pmux cell $procmux$5928: { $auto$opt_reduce.cc:134:opt_pmux$7493 $procmux$5506_CMP }
    New ctrl vector for $pmux cell $procmux$5939: { $procmux$4865_CMP $auto$opt_reduce.cc:134:opt_pmux$7495 }
    New ctrl vector for $pmux cell $procmux$5950: { $procmux$4861_CMP $auto$opt_reduce.cc:134:opt_pmux$7497 }
    New ctrl vector for $pmux cell $procmux$5961: { $eq$../../rtl/spark_core.v:108$1495_Y $auto$opt_reduce.cc:134:opt_pmux$7499 }
    New ctrl vector for $pmux cell $procmux$5972: { $auto$opt_reduce.cc:134:opt_pmux$7501 $procmux$5506_CMP }
    New ctrl vector for $pmux cell $procmux$5983: { $procmux$4865_CMP $auto$opt_reduce.cc:134:opt_pmux$7503 }
    Consolidated identical input bits for $mux cell $flatten\u_sn0.$procmux$7224:
      Old ports: A=0, B=32'11111111111111111111111111111111, Y=$flatten\u_sn0.$0$memwr$\mem$../spark_ram_asic.v:25$1052_EN[31:0]$1056
      New ports: A=1'0, B=1'1, Y=$flatten\u_sn0.$0$memwr$\mem$../spark_ram_asic.v:25$1052_EN[31:0]$1056 [0]
      New connections: $flatten\u_sn0.$0$memwr$\mem$../spark_ram_asic.v:25$1052_EN[31:0]$1056 [31:1] = { $flatten\u_sn0.$0$memwr$\mem$../spark_ram_asic.v:25$1052_EN[31:0]$1056 [0] $flatten\u_sn0.$0$memwr$\mem$../spark_ram_asic.v:25$1052_EN[31:0]$1056 [0] $flatten\u_sn0.$0$memwr$\mem$../spark_ram_asic.v:25$1052_EN[31:0]$1056 [0] $flatten\u_sn0.$0$memwr$\mem$../spark_ram_asic.v:25$1052_EN[31:0]$1056 [0] $flatten\u_sn0.$0$memwr$\mem$../spark_ram_asic.v:25$1052_EN[31:0]$1056 [0] $flatten\u_sn0.$0$memwr$\mem$../spark_ram_asic.v:25$1052_EN[31:0]$1056 [0] $flatten\u_sn0.$0$memwr$\mem$../spark_ram_asic.v:25$1052_EN[31:0]$1056 [0] $flatten\u_sn0.$0$memwr$\mem$../spark_ram_asic.v:25$1052_EN[31:0]$1056 [0] $flatten\u_sn0.$0$memwr$\mem$../spark_ram_asic.v:25$1052_EN[31:0]$1056 [0] $flatten\u_sn0.$0$memwr$\mem$../spark_ram_asic.v:25$1052_EN[31:0]$1056 [0] $flatten\u_sn0.$0$memwr$\mem$../spark_ram_asic.v:25$1052_EN[31:0]$1056 [0] $flatten\u_sn0.$0$memwr$\mem$../spark_ram_asic.v:25$1052_EN[31:0]$1056 [0] $flatten\u_sn0.$0$memwr$\mem$../spark_ram_asic.v:25$1052_EN[31:0]$1056 [0] $flatten\u_sn0.$0$memwr$\mem$../spark_ram_asic.v:25$1052_EN[31:0]$1056 [0] $flatten\u_sn0.$0$memwr$\mem$../spark_ram_asic.v:25$1052_EN[31:0]$1056 [0] $flatten\u_sn0.$0$memwr$\mem$../spark_ram_asic.v:25$1052_EN[31:0]$1056 [0] $flatten\u_sn0.$0$memwr$\mem$../spark_ram_asic.v:25$1052_EN[31:0]$1056 [0] $flatten\u_sn0.$0$memwr$\mem$../spark_ram_asic.v:25$1052_EN[31:0]$1056 [0] $flatten\u_sn0.$0$memwr$\mem$../spark_ram_asic.v:25$1052_EN[31:0]$1056 [0] $flatten\u_sn0.$0$memwr$\mem$../spark_ram_asic.v:25$1052_EN[31:0]$1056 [0] $flatten\u_sn0.$0$memwr$\mem$../spark_ram_asic.v:25$1052_EN[31:0]$1056 [0] $flatten\u_sn0.$0$memwr$\mem$../spark_ram_asic.v:25$1052_EN[31:0]$1056 [0] $flatten\u_sn0.$0$memwr$\mem$../spark_ram_asic.v:25$1052_EN[31:0]$1056 [0] $flatten\u_sn0.$0$memwr$\mem$../spark_ram_asic.v:25$1052_EN[31:0]$1056 [0] $flatten\u_sn0.$0$memwr$\mem$../spark_ram_asic.v:25$1052_EN[31:0]$1056 [0] $flatten\u_sn0.$0$memwr$\mem$../spark_ram_asic.v:25$1052_EN[31:0]$1056 [0] $flatten\u_sn0.$0$memwr$\mem$../spark_ram_asic.v:25$1052_EN[31:0]$1056 [0] $flatten\u_sn0.$0$memwr$\mem$../spark_ram_asic.v:25$1052_EN[31:0]$1056 [0] $flatten\u_sn0.$0$memwr$\mem$../spark_ram_asic.v:25$1052_EN[31:0]$1056 [0] $flatten\u_sn0.$0$memwr$\mem$../spark_ram_asic.v:25$1052_EN[31:0]$1056 [0] $flatten\u_sn0.$0$memwr$\mem$../spark_ram_asic.v:25$1052_EN[31:0]$1056 [0] }
    New ctrl vector for $pmux cell $procmux$5994: { $procmux$4861_CMP $auto$opt_reduce.cc:134:opt_pmux$7505 }
    New ctrl vector for $pmux cell $procmux$6007: { $eq$../../rtl/spark_core.v:108$1495_Y $auto$opt_reduce.cc:134:opt_pmux$7507 }
    New ctrl vector for $pmux cell $procmux$6022: { $auto$opt_reduce.cc:134:opt_pmux$7509 $procmux$5506_CMP }
    New ctrl vector for $pmux cell $procmux$6037: { $procmux$4865_CMP $auto$opt_reduce.cc:134:opt_pmux$7511 }
    Consolidated identical input bits for $mux cell $flatten\u_sn1.$procmux$7233:
      Old ports: A=0, B=32'11111111111111111111111111111111, Y=$flatten\u_sn1.$0$memwr$\mem$../spark_ram_asic.v:25$970_EN[31:0]$974
      New ports: A=1'0, B=1'1, Y=$flatten\u_sn1.$0$memwr$\mem$../spark_ram_asic.v:25$970_EN[31:0]$974 [0]
      New connections: $flatten\u_sn1.$0$memwr$\mem$../spark_ram_asic.v:25$970_EN[31:0]$974 [31:1] = { $flatten\u_sn1.$0$memwr$\mem$../spark_ram_asic.v:25$970_EN[31:0]$974 [0] $flatten\u_sn1.$0$memwr$\mem$../spark_ram_asic.v:25$970_EN[31:0]$974 [0] $flatten\u_sn1.$0$memwr$\mem$../spark_ram_asic.v:25$970_EN[31:0]$974 [0] $flatten\u_sn1.$0$memwr$\mem$../spark_ram_asic.v:25$970_EN[31:0]$974 [0] $flatten\u_sn1.$0$memwr$\mem$../spark_ram_asic.v:25$970_EN[31:0]$974 [0] $flatten\u_sn1.$0$memwr$\mem$../spark_ram_asic.v:25$970_EN[31:0]$974 [0] $flatten\u_sn1.$0$memwr$\mem$../spark_ram_asic.v:25$970_EN[31:0]$974 [0] $flatten\u_sn1.$0$memwr$\mem$../spark_ram_asic.v:25$970_EN[31:0]$974 [0] $flatten\u_sn1.$0$memwr$\mem$../spark_ram_asic.v:25$970_EN[31:0]$974 [0] $flatten\u_sn1.$0$memwr$\mem$../spark_ram_asic.v:25$970_EN[31:0]$974 [0] $flatten\u_sn1.$0$memwr$\mem$../spark_ram_asic.v:25$970_EN[31:0]$974 [0] $flatten\u_sn1.$0$memwr$\mem$../spark_ram_asic.v:25$970_EN[31:0]$974 [0] $flatten\u_sn1.$0$memwr$\mem$../spark_ram_asic.v:25$970_EN[31:0]$974 [0] $flatten\u_sn1.$0$memwr$\mem$../spark_ram_asic.v:25$970_EN[31:0]$974 [0] $flatten\u_sn1.$0$memwr$\mem$../spark_ram_asic.v:25$970_EN[31:0]$974 [0] $flatten\u_sn1.$0$memwr$\mem$../spark_ram_asic.v:25$970_EN[31:0]$974 [0] $flatten\u_sn1.$0$memwr$\mem$../spark_ram_asic.v:25$970_EN[31:0]$974 [0] $flatten\u_sn1.$0$memwr$\mem$../spark_ram_asic.v:25$970_EN[31:0]$974 [0] $flatten\u_sn1.$0$memwr$\mem$../spark_ram_asic.v:25$970_EN[31:0]$974 [0] $flatten\u_sn1.$0$memwr$\mem$../spark_ram_asic.v:25$970_EN[31:0]$974 [0] $flatten\u_sn1.$0$memwr$\mem$../spark_ram_asic.v:25$970_EN[31:0]$974 [0] $flatten\u_sn1.$0$memwr$\mem$../spark_ram_asic.v:25$970_EN[31:0]$974 [0] $flatten\u_sn1.$0$memwr$\mem$../spark_ram_asic.v:25$970_EN[31:0]$974 [0] $flatten\u_sn1.$0$memwr$\mem$../spark_ram_asic.v:25$970_EN[31:0]$974 [0] $flatten\u_sn1.$0$memwr$\mem$../spark_ram_asic.v:25$970_EN[31:0]$974 [0] $flatten\u_sn1.$0$memwr$\mem$../spark_ram_asic.v:25$970_EN[31:0]$974 [0] $flatten\u_sn1.$0$memwr$\mem$../spark_ram_asic.v:25$970_EN[31:0]$974 [0] $flatten\u_sn1.$0$memwr$\mem$../spark_ram_asic.v:25$970_EN[31:0]$974 [0] $flatten\u_sn1.$0$memwr$\mem$../spark_ram_asic.v:25$970_EN[31:0]$974 [0] $flatten\u_sn1.$0$memwr$\mem$../spark_ram_asic.v:25$970_EN[31:0]$974 [0] $flatten\u_sn1.$0$memwr$\mem$../spark_ram_asic.v:25$970_EN[31:0]$974 [0] }
    New ctrl vector for $pmux cell $procmux$6052: { $procmux$4861_CMP $auto$opt_reduce.cc:134:opt_pmux$7513 }
    New ctrl vector for $pmux cell $procmux$6067: { $eq$../../rtl/spark_core.v:108$1495_Y $auto$opt_reduce.cc:134:opt_pmux$7515 }
    New ctrl vector for $pmux cell $procmux$6082: { $auto$opt_reduce.cc:134:opt_pmux$7517 $procmux$5506_CMP }
    New ctrl vector for $pmux cell $procmux$6097: { $procmux$4865_CMP $auto$opt_reduce.cc:134:opt_pmux$7519 }
    Consolidated identical input bits for $mux cell $flatten\u_sn2.$procmux$7233:
      Old ports: A=0, B=32'11111111111111111111111111111111, Y=$flatten\u_sn2.$0$memwr$\mem$../spark_ram_asic.v:25$970_EN[31:0]$974
      New ports: A=1'0, B=1'1, Y=$flatten\u_sn2.$0$memwr$\mem$../spark_ram_asic.v:25$970_EN[31:0]$974 [0]
      New connections: $flatten\u_sn2.$0$memwr$\mem$../spark_ram_asic.v:25$970_EN[31:0]$974 [31:1] = { $flatten\u_sn2.$0$memwr$\mem$../spark_ram_asic.v:25$970_EN[31:0]$974 [0] $flatten\u_sn2.$0$memwr$\mem$../spark_ram_asic.v:25$970_EN[31:0]$974 [0] $flatten\u_sn2.$0$memwr$\mem$../spark_ram_asic.v:25$970_EN[31:0]$974 [0] $flatten\u_sn2.$0$memwr$\mem$../spark_ram_asic.v:25$970_EN[31:0]$974 [0] $flatten\u_sn2.$0$memwr$\mem$../spark_ram_asic.v:25$970_EN[31:0]$974 [0] $flatten\u_sn2.$0$memwr$\mem$../spark_ram_asic.v:25$970_EN[31:0]$974 [0] $flatten\u_sn2.$0$memwr$\mem$../spark_ram_asic.v:25$970_EN[31:0]$974 [0] $flatten\u_sn2.$0$memwr$\mem$../spark_ram_asic.v:25$970_EN[31:0]$974 [0] $flatten\u_sn2.$0$memwr$\mem$../spark_ram_asic.v:25$970_EN[31:0]$974 [0] $flatten\u_sn2.$0$memwr$\mem$../spark_ram_asic.v:25$970_EN[31:0]$974 [0] $flatten\u_sn2.$0$memwr$\mem$../spark_ram_asic.v:25$970_EN[31:0]$974 [0] $flatten\u_sn2.$0$memwr$\mem$../spark_ram_asic.v:25$970_EN[31:0]$974 [0] $flatten\u_sn2.$0$memwr$\mem$../spark_ram_asic.v:25$970_EN[31:0]$974 [0] $flatten\u_sn2.$0$memwr$\mem$../spark_ram_asic.v:25$970_EN[31:0]$974 [0] $flatten\u_sn2.$0$memwr$\mem$../spark_ram_asic.v:25$970_EN[31:0]$974 [0] $flatten\u_sn2.$0$memwr$\mem$../spark_ram_asic.v:25$970_EN[31:0]$974 [0] $flatten\u_sn2.$0$memwr$\mem$../spark_ram_asic.v:25$970_EN[31:0]$974 [0] $flatten\u_sn2.$0$memwr$\mem$../spark_ram_asic.v:25$970_EN[31:0]$974 [0] $flatten\u_sn2.$0$memwr$\mem$../spark_ram_asic.v:25$970_EN[31:0]$974 [0] $flatten\u_sn2.$0$memwr$\mem$../spark_ram_asic.v:25$970_EN[31:0]$974 [0] $flatten\u_sn2.$0$memwr$\mem$../spark_ram_asic.v:25$970_EN[31:0]$974 [0] $flatten\u_sn2.$0$memwr$\mem$../spark_ram_asic.v:25$970_EN[31:0]$974 [0] $flatten\u_sn2.$0$memwr$\mem$../spark_ram_asic.v:25$970_EN[31:0]$974 [0] $flatten\u_sn2.$0$memwr$\mem$../spark_ram_asic.v:25$970_EN[31:0]$974 [0] $flatten\u_sn2.$0$memwr$\mem$../spark_ram_asic.v:25$970_EN[31:0]$974 [0] $flatten\u_sn2.$0$memwr$\mem$../spark_ram_asic.v:25$970_EN[31:0]$974 [0] $flatten\u_sn2.$0$memwr$\mem$../spark_ram_asic.v:25$970_EN[31:0]$974 [0] $flatten\u_sn2.$0$memwr$\mem$../spark_ram_asic.v:25$970_EN[31:0]$974 [0] $flatten\u_sn2.$0$memwr$\mem$../spark_ram_asic.v:25$970_EN[31:0]$974 [0] $flatten\u_sn2.$0$memwr$\mem$../spark_ram_asic.v:25$970_EN[31:0]$974 [0] $flatten\u_sn2.$0$memwr$\mem$../spark_ram_asic.v:25$970_EN[31:0]$974 [0] }
    New ctrl vector for $pmux cell $procmux$6112: { $procmux$4861_CMP $auto$opt_reduce.cc:134:opt_pmux$7521 }
    New ctrl vector for $pmux cell $procmux$6127: { $eq$../../rtl/spark_core.v:108$1495_Y $auto$opt_reduce.cc:134:opt_pmux$7523 }
    New ctrl vector for $pmux cell $procmux$6142: { $auto$opt_reduce.cc:134:opt_pmux$7525 $procmux$5506_CMP }
    New ctrl vector for $pmux cell $procmux$6157: { $procmux$4865_CMP $auto$opt_reduce.cc:134:opt_pmux$7527 }
    New ctrl vector for $pmux cell $procmux$6172: { $procmux$4861_CMP $auto$opt_reduce.cc:134:opt_pmux$7529 }
    Consolidated identical input bits for $mux cell $flatten\u_sn3.$procmux$7233:
      Old ports: A=0, B=32'11111111111111111111111111111111, Y=$flatten\u_sn3.$0$memwr$\mem$../spark_ram_asic.v:25$970_EN[31:0]$974
      New ports: A=1'0, B=1'1, Y=$flatten\u_sn3.$0$memwr$\mem$../spark_ram_asic.v:25$970_EN[31:0]$974 [0]
      New connections: $flatten\u_sn3.$0$memwr$\mem$../spark_ram_asic.v:25$970_EN[31:0]$974 [31:1] = { $flatten\u_sn3.$0$memwr$\mem$../spark_ram_asic.v:25$970_EN[31:0]$974 [0] $flatten\u_sn3.$0$memwr$\mem$../spark_ram_asic.v:25$970_EN[31:0]$974 [0] $flatten\u_sn3.$0$memwr$\mem$../spark_ram_asic.v:25$970_EN[31:0]$974 [0] $flatten\u_sn3.$0$memwr$\mem$../spark_ram_asic.v:25$970_EN[31:0]$974 [0] $flatten\u_sn3.$0$memwr$\mem$../spark_ram_asic.v:25$970_EN[31:0]$974 [0] $flatten\u_sn3.$0$memwr$\mem$../spark_ram_asic.v:25$970_EN[31:0]$974 [0] $flatten\u_sn3.$0$memwr$\mem$../spark_ram_asic.v:25$970_EN[31:0]$974 [0] $flatten\u_sn3.$0$memwr$\mem$../spark_ram_asic.v:25$970_EN[31:0]$974 [0] $flatten\u_sn3.$0$memwr$\mem$../spark_ram_asic.v:25$970_EN[31:0]$974 [0] $flatten\u_sn3.$0$memwr$\mem$../spark_ram_asic.v:25$970_EN[31:0]$974 [0] $flatten\u_sn3.$0$memwr$\mem$../spark_ram_asic.v:25$970_EN[31:0]$974 [0] $flatten\u_sn3.$0$memwr$\mem$../spark_ram_asic.v:25$970_EN[31:0]$974 [0] $flatten\u_sn3.$0$memwr$\mem$../spark_ram_asic.v:25$970_EN[31:0]$974 [0] $flatten\u_sn3.$0$memwr$\mem$../spark_ram_asic.v:25$970_EN[31:0]$974 [0] $flatten\u_sn3.$0$memwr$\mem$../spark_ram_asic.v:25$970_EN[31:0]$974 [0] $flatten\u_sn3.$0$memwr$\mem$../spark_ram_asic.v:25$970_EN[31:0]$974 [0] $flatten\u_sn3.$0$memwr$\mem$../spark_ram_asic.v:25$970_EN[31:0]$974 [0] $flatten\u_sn3.$0$memwr$\mem$../spark_ram_asic.v:25$970_EN[31:0]$974 [0] $flatten\u_sn3.$0$memwr$\mem$../spark_ram_asic.v:25$970_EN[31:0]$974 [0] $flatten\u_sn3.$0$memwr$\mem$../spark_ram_asic.v:25$970_EN[31:0]$974 [0] $flatten\u_sn3.$0$memwr$\mem$../spark_ram_asic.v:25$970_EN[31:0]$974 [0] $flatten\u_sn3.$0$memwr$\mem$../spark_ram_asic.v:25$970_EN[31:0]$974 [0] $flatten\u_sn3.$0$memwr$\mem$../spark_ram_asic.v:25$970_EN[31:0]$974 [0] $flatten\u_sn3.$0$memwr$\mem$../spark_ram_asic.v:25$970_EN[31:0]$974 [0] $flatten\u_sn3.$0$memwr$\mem$../spark_ram_asic.v:25$970_EN[31:0]$974 [0] $flatten\u_sn3.$0$memwr$\mem$../spark_ram_asic.v:25$970_EN[31:0]$974 [0] $flatten\u_sn3.$0$memwr$\mem$../spark_ram_asic.v:25$970_EN[31:0]$974 [0] $flatten\u_sn3.$0$memwr$\mem$../spark_ram_asic.v:25$970_EN[31:0]$974 [0] $flatten\u_sn3.$0$memwr$\mem$../spark_ram_asic.v:25$970_EN[31:0]$974 [0] $flatten\u_sn3.$0$memwr$\mem$../spark_ram_asic.v:25$970_EN[31:0]$974 [0] $flatten\u_sn3.$0$memwr$\mem$../spark_ram_asic.v:25$970_EN[31:0]$974 [0] }
    New ctrl vector for $pmux cell $procmux$6367: { $eq$../../rtl/spark_core.v:108$1495_Y $auto$opt_reduce.cc:134:opt_pmux$7531 }
    New ctrl vector for $pmux cell $procmux$6382: { $auto$opt_reduce.cc:134:opt_pmux$7533 $procmux$5506_CMP }
    New ctrl vector for $pmux cell $procmux$6397: { $procmux$4865_CMP $auto$opt_reduce.cc:134:opt_pmux$7535 }
    New ctrl vector for $pmux cell $procmux$6412: { $procmux$4861_CMP $auto$opt_reduce.cc:134:opt_pmux$7537 }
    New ctrl vector for $pmux cell $procmux$6539: $procmux$4792_CMP
    New ctrl vector for $pmux cell $procmux$7170: { $eq$../../rtl/spark_core.v:108$1495_Y $auto$opt_reduce.cc:134:opt_pmux$7539 }
  Optimizing cells in module \spark_core.
    Consolidated identical input bits for $mux cell $procmux$2935:
      Old ports: A=$5$memwr$\nzc$../../rtl/spark_core.v:426$1477_EN[15:0]$2217, B=16'0000000000000000, Y=$procmux$2935_Y
      New ports: A=$procmux$2676_Y [0], B=1'0, Y=$procmux$2935_Y [0]
      New connections: $procmux$2935_Y [15:1] = { $procmux$2935_Y [0] $procmux$2935_Y [0] $procmux$2935_Y [0] $procmux$2935_Y [0] $procmux$2935_Y [0] $procmux$2935_Y [0] $procmux$2935_Y [0] $procmux$2935_Y [0] $procmux$2935_Y [0] $procmux$2935_Y [0] $procmux$2935_Y [0] $procmux$2935_Y [0] $procmux$2935_Y [0] $procmux$2935_Y [0] $procmux$2935_Y [0] }
    Consolidated identical input bits for $mux cell $procmux$3340:
      Old ports: A=$4$memwr$\prc$../../rtl/spark_core.v:425$1476_EN[15:0]$2173, B=16'0000000000000000, Y=$procmux$3340_Y
      New ports: A=$procmux$2995_Y [0], B=1'0, Y=$procmux$3340_Y [0]
      New connections: $procmux$3340_Y [15:1] = { $procmux$3340_Y [0] $procmux$3340_Y [0] $procmux$3340_Y [0] $procmux$3340_Y [0] $procmux$3340_Y [0] $procmux$3340_Y [0] $procmux$3340_Y [0] $procmux$3340_Y [0] $procmux$3340_Y [0] $procmux$3340_Y [0] $procmux$3340_Y [0] $procmux$3340_Y [0] $procmux$3340_Y [0] $procmux$3340_Y [0] $procmux$3340_Y [0] }
    Consolidated identical input bits for $mux cell $procmux$3823:
      Old ports: A=16'0000000000000000, B=$3$memwr$\prc$../../rtl/spark_core.v:357$1475_EN[15:0]$2096, Y=$procmux$3823_Y
      New ports: A=1'0, B=$procmux$3600_Y [0], Y=$procmux$3823_Y [0]
      New connections: $procmux$3823_Y [15:1] = { $procmux$3823_Y [0] $procmux$3823_Y [0] $procmux$3823_Y [0] $procmux$3823_Y [0] $procmux$3823_Y [0] $procmux$3823_Y [0] $procmux$3823_Y [0] $procmux$3823_Y [0] $procmux$3823_Y [0] $procmux$3823_Y [0] $procmux$3823_Y [0] $procmux$3823_Y [0] $procmux$3823_Y [0] $procmux$3823_Y [0] $procmux$3823_Y [0] }
    Consolidated identical input bits for $mux cell $procmux$3848:
      Old ports: A=16'0000000000000000, B=$3$memwr$\nzc$../../rtl/spark_core.v:357$1474_EN[15:0]$2095, Y=$procmux$3848_Y
      New ports: A=1'0, B=$procmux$3628_Y [0], Y=$procmux$3848_Y [0]
      New connections: $procmux$3848_Y [15:1] = { $procmux$3848_Y [0] $procmux$3848_Y [0] $procmux$3848_Y [0] $procmux$3848_Y [0] $procmux$3848_Y [0] $procmux$3848_Y [0] $procmux$3848_Y [0] $procmux$3848_Y [0] $procmux$3848_Y [0] $procmux$3848_Y [0] $procmux$3848_Y [0] $procmux$3848_Y [0] $procmux$3848_Y [0] $procmux$3848_Y [0] $procmux$3848_Y [0] }
    Consolidated identical input bits for $mux cell $procmux$3873:
      Old ports: A=16'0000000000000000, B=$3$memwr$\prc$../../rtl/spark_core.v:357$1473_EN[15:0]$2094, Y=$procmux$3873_Y
      New ports: A=1'0, B=$procmux$3656_Y [0], Y=$procmux$3873_Y [0]
      New connections: $procmux$3873_Y [15:1] = { $procmux$3873_Y [0] $procmux$3873_Y [0] $procmux$3873_Y [0] $procmux$3873_Y [0] $procmux$3873_Y [0] $procmux$3873_Y [0] $procmux$3873_Y [0] $procmux$3873_Y [0] $procmux$3873_Y [0] $procmux$3873_Y [0] $procmux$3873_Y [0] $procmux$3873_Y [0] $procmux$3873_Y [0] $procmux$3873_Y [0] $procmux$3873_Y [0] }
    Consolidated identical input bits for $mux cell $procmux$3898:
      Old ports: A=16'0000000000000000, B=$3$memwr$\nzc$../../rtl/spark_core.v:357$1472_EN[15:0]$2093, Y=$procmux$3898_Y
      New ports: A=1'0, B=$procmux$3684_Y [0], Y=$procmux$3898_Y [0]
      New connections: $procmux$3898_Y [15:1] = { $procmux$3898_Y [0] $procmux$3898_Y [0] $procmux$3898_Y [0] $procmux$3898_Y [0] $procmux$3898_Y [0] $procmux$3898_Y [0] $procmux$3898_Y [0] $procmux$3898_Y [0] $procmux$3898_Y [0] $procmux$3898_Y [0] $procmux$3898_Y [0] $procmux$3898_Y [0] $procmux$3898_Y [0] $procmux$3898_Y [0] $procmux$3898_Y [0] }
    Consolidated identical input bits for $mux cell $procmux$3923:
      Old ports: A=16'0000000000000000, B=$3$memwr$\prc$../../rtl/spark_core.v:357$1471_EN[15:0]$2092, Y=$procmux$3923_Y
      New ports: A=1'0, B=$procmux$3712_Y [0], Y=$procmux$3923_Y [0]
      New connections: $procmux$3923_Y [15:1] = { $procmux$3923_Y [0] $procmux$3923_Y [0] $procmux$3923_Y [0] $procmux$3923_Y [0] $procmux$3923_Y [0] $procmux$3923_Y [0] $procmux$3923_Y [0] $procmux$3923_Y [0] $procmux$3923_Y [0] $procmux$3923_Y [0] $procmux$3923_Y [0] $procmux$3923_Y [0] $procmux$3923_Y [0] $procmux$3923_Y [0] $procmux$3923_Y [0] }
    Consolidated identical input bits for $mux cell $procmux$3948:
      Old ports: A=16'0000000000000000, B=$3$memwr$\nzc$../../rtl/spark_core.v:357$1470_EN[15:0]$2091, Y=$procmux$3948_Y
      New ports: A=1'0, B=$procmux$3740_Y [0], Y=$procmux$3948_Y [0]
      New connections: $procmux$3948_Y [15:1] = { $procmux$3948_Y [0] $procmux$3948_Y [0] $procmux$3948_Y [0] $procmux$3948_Y [0] $procmux$3948_Y [0] $procmux$3948_Y [0] $procmux$3948_Y [0] $procmux$3948_Y [0] $procmux$3948_Y [0] $procmux$3948_Y [0] $procmux$3948_Y [0] $procmux$3948_Y [0] $procmux$3948_Y [0] $procmux$3948_Y [0] $procmux$3948_Y [0] }
    Consolidated identical input bits for $mux cell $procmux$3973:
      Old ports: A=16'0000000000000000, B=$3$memwr$\prc$../../rtl/spark_core.v:357$1469_EN[15:0]$2090, Y=$procmux$3973_Y
      New ports: A=1'0, B=$procmux$3768_Y [0], Y=$procmux$3973_Y [0]
      New connections: $procmux$3973_Y [15:1] = { $procmux$3973_Y [0] $procmux$3973_Y [0] $procmux$3973_Y [0] $procmux$3973_Y [0] $procmux$3973_Y [0] $procmux$3973_Y [0] $procmux$3973_Y [0] $procmux$3973_Y [0] $procmux$3973_Y [0] $procmux$3973_Y [0] $procmux$3973_Y [0] $procmux$3973_Y [0] $procmux$3973_Y [0] $procmux$3973_Y [0] $procmux$3973_Y [0] }
    Consolidated identical input bits for $mux cell $procmux$3998:
      Old ports: A=16'0000000000000000, B=$3$memwr$\nzc$../../rtl/spark_core.v:357$1468_EN[15:0]$2089, Y=$procmux$3998_Y
      New ports: A=1'0, B=$procmux$3796_Y [0], Y=$procmux$3998_Y [0]
      New connections: $procmux$3998_Y [15:1] = { $procmux$3998_Y [0] $procmux$3998_Y [0] $procmux$3998_Y [0] $procmux$3998_Y [0] $procmux$3998_Y [0] $procmux$3998_Y [0] $procmux$3998_Y [0] $procmux$3998_Y [0] $procmux$3998_Y [0] $procmux$3998_Y [0] $procmux$3998_Y [0] $procmux$3998_Y [0] $procmux$3998_Y [0] $procmux$3998_Y [0] $procmux$3998_Y [0] }
  Optimizing cells in module \spark_core.
    Consolidated identical input bits for $mux cell $procmux$3289:
      Old ports: A=$4$memwr$\nzc$../../rtl/spark_core.v:426$1477_EN[15:0]$2176, B=16'0000000000000000, Y=$procmux$3289_Y
      New ports: A=$procmux$2935_Y [0], B=1'0, Y=$procmux$3289_Y [0]
      New connections: $procmux$3289_Y [15:1] = { $procmux$3289_Y [0] $procmux$3289_Y [0] $procmux$3289_Y [0] $procmux$3289_Y [0] $procmux$3289_Y [0] $procmux$3289_Y [0] $procmux$3289_Y [0] $procmux$3289_Y [0] $procmux$3289_Y [0] $procmux$3289_Y [0] $procmux$3289_Y [0] $procmux$3289_Y [0] $procmux$3289_Y [0] $procmux$3289_Y [0] $procmux$3289_Y [0] }
    Consolidated identical input bits for $mux cell $procmux$4127:
      Old ports: A=16'0000000000000000, B=$3$memwr$\prc$../../rtl/spark_core.v:425$1476_EN[15:0]$2150, Y=$procmux$4127_Y
      New ports: A=1'0, B=$procmux$3340_Y [0], Y=$procmux$4127_Y [0]
      New connections: $procmux$4127_Y [15:1] = { $procmux$4127_Y [0] $procmux$4127_Y [0] $procmux$4127_Y [0] $procmux$4127_Y [0] $procmux$4127_Y [0] $procmux$4127_Y [0] $procmux$4127_Y [0] $procmux$4127_Y [0] $procmux$4127_Y [0] $procmux$4127_Y [0] $procmux$4127_Y [0] $procmux$4127_Y [0] $procmux$4127_Y [0] $procmux$4127_Y [0] $procmux$4127_Y [0] }
    Consolidated identical input bits for $mux cell $procmux$4411:
      Old ports: A=$2$memwr$\prc$../../rtl/spark_core.v:357$1475_EN[15:0]$2078, B=16'0000000000000000, Y=$0$memwr$\prc$../../rtl/spark_core.v:357$1475_EN[15:0]$2004
      New ports: A=$procmux$3823_Y [0], B=1'0, Y=$0$memwr$\prc$../../rtl/spark_core.v:357$1475_EN[15:0]$2004 [0]
      New connections: $0$memwr$\prc$../../rtl/spark_core.v:357$1475_EN[15:0]$2004 [15:1] = { $0$memwr$\prc$../../rtl/spark_core.v:357$1475_EN[15:0]$2004 [0] $0$memwr$\prc$../../rtl/spark_core.v:357$1475_EN[15:0]$2004 [0] $0$memwr$\prc$../../rtl/spark_core.v:357$1475_EN[15:0]$2004 [0] $0$memwr$\prc$../../rtl/spark_core.v:357$1475_EN[15:0]$2004 [0] $0$memwr$\prc$../../rtl/spark_core.v:357$1475_EN[15:0]$2004 [0] $0$memwr$\prc$../../rtl/spark_core.v:357$1475_EN[15:0]$2004 [0] $0$memwr$\prc$../../rtl/spark_core.v:357$1475_EN[15:0]$2004 [0] $0$memwr$\prc$../../rtl/spark_core.v:357$1475_EN[15:0]$2004 [0] $0$memwr$\prc$../../rtl/spark_core.v:357$1475_EN[15:0]$2004 [0] $0$memwr$\prc$../../rtl/spark_core.v:357$1475_EN[15:0]$2004 [0] $0$memwr$\prc$../../rtl/spark_core.v:357$1475_EN[15:0]$2004 [0] $0$memwr$\prc$../../rtl/spark_core.v:357$1475_EN[15:0]$2004 [0] $0$memwr$\prc$../../rtl/spark_core.v:357$1475_EN[15:0]$2004 [0] $0$memwr$\prc$../../rtl/spark_core.v:357$1475_EN[15:0]$2004 [0] $0$memwr$\prc$../../rtl/spark_core.v:357$1475_EN[15:0]$2004 [0] }
    Consolidated identical input bits for $mux cell $procmux$4414:
      Old ports: A=$2$memwr$\nzc$../../rtl/spark_core.v:357$1474_EN[15:0]$2077, B=16'0000000000000000, Y=$0$memwr$\nzc$../../rtl/spark_core.v:357$1474_EN[15:0]$2003
      New ports: A=$procmux$3848_Y [0], B=1'0, Y=$0$memwr$\nzc$../../rtl/spark_core.v:357$1474_EN[15:0]$2003 [0]
      New connections: $0$memwr$\nzc$../../rtl/spark_core.v:357$1474_EN[15:0]$2003 [15:1] = { $0$memwr$\nzc$../../rtl/spark_core.v:357$1474_EN[15:0]$2003 [0] $0$memwr$\nzc$../../rtl/spark_core.v:357$1474_EN[15:0]$2003 [0] $0$memwr$\nzc$../../rtl/spark_core.v:357$1474_EN[15:0]$2003 [0] $0$memwr$\nzc$../../rtl/spark_core.v:357$1474_EN[15:0]$2003 [0] $0$memwr$\nzc$../../rtl/spark_core.v:357$1474_EN[15:0]$2003 [0] $0$memwr$\nzc$../../rtl/spark_core.v:357$1474_EN[15:0]$2003 [0] $0$memwr$\nzc$../../rtl/spark_core.v:357$1474_EN[15:0]$2003 [0] $0$memwr$\nzc$../../rtl/spark_core.v:357$1474_EN[15:0]$2003 [0] $0$memwr$\nzc$../../rtl/spark_core.v:357$1474_EN[15:0]$2003 [0] $0$memwr$\nzc$../../rtl/spark_core.v:357$1474_EN[15:0]$2003 [0] $0$memwr$\nzc$../../rtl/spark_core.v:357$1474_EN[15:0]$2003 [0] $0$memwr$\nzc$../../rtl/spark_core.v:357$1474_EN[15:0]$2003 [0] $0$memwr$\nzc$../../rtl/spark_core.v:357$1474_EN[15:0]$2003 [0] $0$memwr$\nzc$../../rtl/spark_core.v:357$1474_EN[15:0]$2003 [0] $0$memwr$\nzc$../../rtl/spark_core.v:357$1474_EN[15:0]$2003 [0] }
    Consolidated identical input bits for $mux cell $procmux$4417:
      Old ports: A=$2$memwr$\prc$../../rtl/spark_core.v:357$1473_EN[15:0]$2076, B=16'0000000000000000, Y=$0$memwr$\prc$../../rtl/spark_core.v:357$1473_EN[15:0]$2002
      New ports: A=$procmux$3873_Y [0], B=1'0, Y=$0$memwr$\prc$../../rtl/spark_core.v:357$1473_EN[15:0]$2002 [0]
      New connections: $0$memwr$\prc$../../rtl/spark_core.v:357$1473_EN[15:0]$2002 [15:1] = { $0$memwr$\prc$../../rtl/spark_core.v:357$1473_EN[15:0]$2002 [0] $0$memwr$\prc$../../rtl/spark_core.v:357$1473_EN[15:0]$2002 [0] $0$memwr$\prc$../../rtl/spark_core.v:357$1473_EN[15:0]$2002 [0] $0$memwr$\prc$../../rtl/spark_core.v:357$1473_EN[15:0]$2002 [0] $0$memwr$\prc$../../rtl/spark_core.v:357$1473_EN[15:0]$2002 [0] $0$memwr$\prc$../../rtl/spark_core.v:357$1473_EN[15:0]$2002 [0] $0$memwr$\prc$../../rtl/spark_core.v:357$1473_EN[15:0]$2002 [0] $0$memwr$\prc$../../rtl/spark_core.v:357$1473_EN[15:0]$2002 [0] $0$memwr$\prc$../../rtl/spark_core.v:357$1473_EN[15:0]$2002 [0] $0$memwr$\prc$../../rtl/spark_core.v:357$1473_EN[15:0]$2002 [0] $0$memwr$\prc$../../rtl/spark_core.v:357$1473_EN[15:0]$2002 [0] $0$memwr$\prc$../../rtl/spark_core.v:357$1473_EN[15:0]$2002 [0] $0$memwr$\prc$../../rtl/spark_core.v:357$1473_EN[15:0]$2002 [0] $0$memwr$\prc$../../rtl/spark_core.v:357$1473_EN[15:0]$2002 [0] $0$memwr$\prc$../../rtl/spark_core.v:357$1473_EN[15:0]$2002 [0] }
    Consolidated identical input bits for $mux cell $procmux$4420:
      Old ports: A=$2$memwr$\nzc$../../rtl/spark_core.v:357$1472_EN[15:0]$2075, B=16'0000000000000000, Y=$0$memwr$\nzc$../../rtl/spark_core.v:357$1472_EN[15:0]$2001
      New ports: A=$procmux$3898_Y [0], B=1'0, Y=$0$memwr$\nzc$../../rtl/spark_core.v:357$1472_EN[15:0]$2001 [0]
      New connections: $0$memwr$\nzc$../../rtl/spark_core.v:357$1472_EN[15:0]$2001 [15:1] = { $0$memwr$\nzc$../../rtl/spark_core.v:357$1472_EN[15:0]$2001 [0] $0$memwr$\nzc$../../rtl/spark_core.v:357$1472_EN[15:0]$2001 [0] $0$memwr$\nzc$../../rtl/spark_core.v:357$1472_EN[15:0]$2001 [0] $0$memwr$\nzc$../../rtl/spark_core.v:357$1472_EN[15:0]$2001 [0] $0$memwr$\nzc$../../rtl/spark_core.v:357$1472_EN[15:0]$2001 [0] $0$memwr$\nzc$../../rtl/spark_core.v:357$1472_EN[15:0]$2001 [0] $0$memwr$\nzc$../../rtl/spark_core.v:357$1472_EN[15:0]$2001 [0] $0$memwr$\nzc$../../rtl/spark_core.v:357$1472_EN[15:0]$2001 [0] $0$memwr$\nzc$../../rtl/spark_core.v:357$1472_EN[15:0]$2001 [0] $0$memwr$\nzc$../../rtl/spark_core.v:357$1472_EN[15:0]$2001 [0] $0$memwr$\nzc$../../rtl/spark_core.v:357$1472_EN[15:0]$2001 [0] $0$memwr$\nzc$../../rtl/spark_core.v:357$1472_EN[15:0]$2001 [0] $0$memwr$\nzc$../../rtl/spark_core.v:357$1472_EN[15:0]$2001 [0] $0$memwr$\nzc$../../rtl/spark_core.v:357$1472_EN[15:0]$2001 [0] $0$memwr$\nzc$../../rtl/spark_core.v:357$1472_EN[15:0]$2001 [0] }
    Consolidated identical input bits for $mux cell $procmux$4423:
      Old ports: A=$2$memwr$\prc$../../rtl/spark_core.v:357$1471_EN[15:0]$2074, B=16'0000000000000000, Y=$0$memwr$\prc$../../rtl/spark_core.v:357$1471_EN[15:0]$2000
      New ports: A=$procmux$3923_Y [0], B=1'0, Y=$0$memwr$\prc$../../rtl/spark_core.v:357$1471_EN[15:0]$2000 [0]
      New connections: $0$memwr$\prc$../../rtl/spark_core.v:357$1471_EN[15:0]$2000 [15:1] = { $0$memwr$\prc$../../rtl/spark_core.v:357$1471_EN[15:0]$2000 [0] $0$memwr$\prc$../../rtl/spark_core.v:357$1471_EN[15:0]$2000 [0] $0$memwr$\prc$../../rtl/spark_core.v:357$1471_EN[15:0]$2000 [0] $0$memwr$\prc$../../rtl/spark_core.v:357$1471_EN[15:0]$2000 [0] $0$memwr$\prc$../../rtl/spark_core.v:357$1471_EN[15:0]$2000 [0] $0$memwr$\prc$../../rtl/spark_core.v:357$1471_EN[15:0]$2000 [0] $0$memwr$\prc$../../rtl/spark_core.v:357$1471_EN[15:0]$2000 [0] $0$memwr$\prc$../../rtl/spark_core.v:357$1471_EN[15:0]$2000 [0] $0$memwr$\prc$../../rtl/spark_core.v:357$1471_EN[15:0]$2000 [0] $0$memwr$\prc$../../rtl/spark_core.v:357$1471_EN[15:0]$2000 [0] $0$memwr$\prc$../../rtl/spark_core.v:357$1471_EN[15:0]$2000 [0] $0$memwr$\prc$../../rtl/spark_core.v:357$1471_EN[15:0]$2000 [0] $0$memwr$\prc$../../rtl/spark_core.v:357$1471_EN[15:0]$2000 [0] $0$memwr$\prc$../../rtl/spark_core.v:357$1471_EN[15:0]$2000 [0] $0$memwr$\prc$../../rtl/spark_core.v:357$1471_EN[15:0]$2000 [0] }
    Consolidated identical input bits for $mux cell $procmux$4426:
      Old ports: A=$2$memwr$\nzc$../../rtl/spark_core.v:357$1470_EN[15:0]$2073, B=16'0000000000000000, Y=$0$memwr$\nzc$../../rtl/spark_core.v:357$1470_EN[15:0]$1999
      New ports: A=$procmux$3948_Y [0], B=1'0, Y=$0$memwr$\nzc$../../rtl/spark_core.v:357$1470_EN[15:0]$1999 [0]
      New connections: $0$memwr$\nzc$../../rtl/spark_core.v:357$1470_EN[15:0]$1999 [15:1] = { $0$memwr$\nzc$../../rtl/spark_core.v:357$1470_EN[15:0]$1999 [0] $0$memwr$\nzc$../../rtl/spark_core.v:357$1470_EN[15:0]$1999 [0] $0$memwr$\nzc$../../rtl/spark_core.v:357$1470_EN[15:0]$1999 [0] $0$memwr$\nzc$../../rtl/spark_core.v:357$1470_EN[15:0]$1999 [0] $0$memwr$\nzc$../../rtl/spark_core.v:357$1470_EN[15:0]$1999 [0] $0$memwr$\nzc$../../rtl/spark_core.v:357$1470_EN[15:0]$1999 [0] $0$memwr$\nzc$../../rtl/spark_core.v:357$1470_EN[15:0]$1999 [0] $0$memwr$\nzc$../../rtl/spark_core.v:357$1470_EN[15:0]$1999 [0] $0$memwr$\nzc$../../rtl/spark_core.v:357$1470_EN[15:0]$1999 [0] $0$memwr$\nzc$../../rtl/spark_core.v:357$1470_EN[15:0]$1999 [0] $0$memwr$\nzc$../../rtl/spark_core.v:357$1470_EN[15:0]$1999 [0] $0$memwr$\nzc$../../rtl/spark_core.v:357$1470_EN[15:0]$1999 [0] $0$memwr$\nzc$../../rtl/spark_core.v:357$1470_EN[15:0]$1999 [0] $0$memwr$\nzc$../../rtl/spark_core.v:357$1470_EN[15:0]$1999 [0] $0$memwr$\nzc$../../rtl/spark_core.v:357$1470_EN[15:0]$1999 [0] }
    Consolidated identical input bits for $mux cell $procmux$4429:
      Old ports: A=$2$memwr$\prc$../../rtl/spark_core.v:357$1469_EN[15:0]$2072, B=16'0000000000000000, Y=$0$memwr$\prc$../../rtl/spark_core.v:357$1469_EN[15:0]$1998
      New ports: A=$procmux$3973_Y [0], B=1'0, Y=$0$memwr$\prc$../../rtl/spark_core.v:357$1469_EN[15:0]$1998 [0]
      New connections: $0$memwr$\prc$../../rtl/spark_core.v:357$1469_EN[15:0]$1998 [15:1] = { $0$memwr$\prc$../../rtl/spark_core.v:357$1469_EN[15:0]$1998 [0] $0$memwr$\prc$../../rtl/spark_core.v:357$1469_EN[15:0]$1998 [0] $0$memwr$\prc$../../rtl/spark_core.v:357$1469_EN[15:0]$1998 [0] $0$memwr$\prc$../../rtl/spark_core.v:357$1469_EN[15:0]$1998 [0] $0$memwr$\prc$../../rtl/spark_core.v:357$1469_EN[15:0]$1998 [0] $0$memwr$\prc$../../rtl/spark_core.v:357$1469_EN[15:0]$1998 [0] $0$memwr$\prc$../../rtl/spark_core.v:357$1469_EN[15:0]$1998 [0] $0$memwr$\prc$../../rtl/spark_core.v:357$1469_EN[15:0]$1998 [0] $0$memwr$\prc$../../rtl/spark_core.v:357$1469_EN[15:0]$1998 [0] $0$memwr$\prc$../../rtl/spark_core.v:357$1469_EN[15:0]$1998 [0] $0$memwr$\prc$../../rtl/spark_core.v:357$1469_EN[15:0]$1998 [0] $0$memwr$\prc$../../rtl/spark_core.v:357$1469_EN[15:0]$1998 [0] $0$memwr$\prc$../../rtl/spark_core.v:357$1469_EN[15:0]$1998 [0] $0$memwr$\prc$../../rtl/spark_core.v:357$1469_EN[15:0]$1998 [0] $0$memwr$\prc$../../rtl/spark_core.v:357$1469_EN[15:0]$1998 [0] }
    Consolidated identical input bits for $mux cell $procmux$4432:
      Old ports: A=$2$memwr$\nzc$../../rtl/spark_core.v:357$1468_EN[15:0]$2071, B=16'0000000000000000, Y=$0$memwr$\nzc$../../rtl/spark_core.v:357$1468_EN[15:0]$1997
      New ports: A=$procmux$3998_Y [0], B=1'0, Y=$0$memwr$\nzc$../../rtl/spark_core.v:357$1468_EN[15:0]$1997 [0]
      New connections: $0$memwr$\nzc$../../rtl/spark_core.v:357$1468_EN[15:0]$1997 [15:1] = { $0$memwr$\nzc$../../rtl/spark_core.v:357$1468_EN[15:0]$1997 [0] $0$memwr$\nzc$../../rtl/spark_core.v:357$1468_EN[15:0]$1997 [0] $0$memwr$\nzc$../../rtl/spark_core.v:357$1468_EN[15:0]$1997 [0] $0$memwr$\nzc$../../rtl/spark_core.v:357$1468_EN[15:0]$1997 [0] $0$memwr$\nzc$../../rtl/spark_core.v:357$1468_EN[15:0]$1997 [0] $0$memwr$\nzc$../../rtl/spark_core.v:357$1468_EN[15:0]$1997 [0] $0$memwr$\nzc$../../rtl/spark_core.v:357$1468_EN[15:0]$1997 [0] $0$memwr$\nzc$../../rtl/spark_core.v:357$1468_EN[15:0]$1997 [0] $0$memwr$\nzc$../../rtl/spark_core.v:357$1468_EN[15:0]$1997 [0] $0$memwr$\nzc$../../rtl/spark_core.v:357$1468_EN[15:0]$1997 [0] $0$memwr$\nzc$../../rtl/spark_core.v:357$1468_EN[15:0]$1997 [0] $0$memwr$\nzc$../../rtl/spark_core.v:357$1468_EN[15:0]$1997 [0] $0$memwr$\nzc$../../rtl/spark_core.v:357$1468_EN[15:0]$1997 [0] $0$memwr$\nzc$../../rtl/spark_core.v:357$1468_EN[15:0]$1997 [0] $0$memwr$\nzc$../../rtl/spark_core.v:357$1468_EN[15:0]$1997 [0] }
  Optimizing cells in module \spark_core.
    Consolidated identical input bits for $mux cell $procmux$4085:
      Old ports: A=16'0000000000000000, B=$3$memwr$\nzc$../../rtl/spark_core.v:426$1477_EN[15:0]$2153, Y=$procmux$4085_Y
      New ports: A=1'0, B=$procmux$3289_Y [0], Y=$procmux$4085_Y [0]
      New connections: $procmux$4085_Y [15:1] = { $procmux$4085_Y [0] $procmux$4085_Y [0] $procmux$4085_Y [0] $procmux$4085_Y [0] $procmux$4085_Y [0] $procmux$4085_Y [0] $procmux$4085_Y [0] $procmux$4085_Y [0] $procmux$4085_Y [0] $procmux$4085_Y [0] $procmux$4085_Y [0] $procmux$4085_Y [0] $procmux$4085_Y [0] $procmux$4085_Y [0] $procmux$4085_Y [0] }
    Consolidated identical input bits for $mux cell $procmux$4402:
      Old ports: A=$2$memwr$\prc$../../rtl/spark_core.v:425$1476_EN[15:0]$2081, B=16'0000000000000000, Y=$0$memwr$\prc$../../rtl/spark_core.v:425$1476_EN[15:0]$2007
      New ports: A=$procmux$4127_Y [0], B=1'0, Y=$0$memwr$\prc$../../rtl/spark_core.v:425$1476_EN[15:0]$2007 [0]
      New connections: $0$memwr$\prc$../../rtl/spark_core.v:425$1476_EN[15:0]$2007 [15:1] = { $0$memwr$\prc$../../rtl/spark_core.v:425$1476_EN[15:0]$2007 [0] $0$memwr$\prc$../../rtl/spark_core.v:425$1476_EN[15:0]$2007 [0] $0$memwr$\prc$../../rtl/spark_core.v:425$1476_EN[15:0]$2007 [0] $0$memwr$\prc$../../rtl/spark_core.v:425$1476_EN[15:0]$2007 [0] $0$memwr$\prc$../../rtl/spark_core.v:425$1476_EN[15:0]$2007 [0] $0$memwr$\prc$../../rtl/spark_core.v:425$1476_EN[15:0]$2007 [0] $0$memwr$\prc$../../rtl/spark_core.v:425$1476_EN[15:0]$2007 [0] $0$memwr$\prc$../../rtl/spark_core.v:425$1476_EN[15:0]$2007 [0] $0$memwr$\prc$../../rtl/spark_core.v:425$1476_EN[15:0]$2007 [0] $0$memwr$\prc$../../rtl/spark_core.v:425$1476_EN[15:0]$2007 [0] $0$memwr$\prc$../../rtl/spark_core.v:425$1476_EN[15:0]$2007 [0] $0$memwr$\prc$../../rtl/spark_core.v:425$1476_EN[15:0]$2007 [0] $0$memwr$\prc$../../rtl/spark_core.v:425$1476_EN[15:0]$2007 [0] $0$memwr$\prc$../../rtl/spark_core.v:425$1476_EN[15:0]$2007 [0] $0$memwr$\prc$../../rtl/spark_core.v:425$1476_EN[15:0]$2007 [0] }
  Optimizing cells in module \spark_core.
    Consolidated identical input bits for $mux cell $procmux$4393:
      Old ports: A=$2$memwr$\nzc$../../rtl/spark_core.v:426$1477_EN[15:0]$2084, B=16'0000000000000000, Y=$0$memwr$\nzc$../../rtl/spark_core.v:426$1477_EN[15:0]$2010
      New ports: A=$procmux$4085_Y [0], B=1'0, Y=$0$memwr$\nzc$../../rtl/spark_core.v:426$1477_EN[15:0]$2010 [0]
      New connections: $0$memwr$\nzc$../../rtl/spark_core.v:426$1477_EN[15:0]$2010 [15:1] = { $0$memwr$\nzc$../../rtl/spark_core.v:426$1477_EN[15:0]$2010 [0] $0$memwr$\nzc$../../rtl/spark_core.v:426$1477_EN[15:0]$2010 [0] $0$memwr$\nzc$../../rtl/spark_core.v:426$1477_EN[15:0]$2010 [0] $0$memwr$\nzc$../../rtl/spark_core.v:426$1477_EN[15:0]$2010 [0] $0$memwr$\nzc$../../rtl/spark_core.v:426$1477_EN[15:0]$2010 [0] $0$memwr$\nzc$../../rtl/spark_core.v:426$1477_EN[15:0]$2010 [0] $0$memwr$\nzc$../../rtl/spark_core.v:426$1477_EN[15:0]$2010 [0] $0$memwr$\nzc$../../rtl/spark_core.v:426$1477_EN[15:0]$2010 [0] $0$memwr$\nzc$../../rtl/spark_core.v:426$1477_EN[15:0]$2010 [0] $0$memwr$\nzc$../../rtl/spark_core.v:426$1477_EN[15:0]$2010 [0] $0$memwr$\nzc$../../rtl/spark_core.v:426$1477_EN[15:0]$2010 [0] $0$memwr$\nzc$../../rtl/spark_core.v:426$1477_EN[15:0]$2010 [0] $0$memwr$\nzc$../../rtl/spark_core.v:426$1477_EN[15:0]$2010 [0] $0$memwr$\nzc$../../rtl/spark_core.v:426$1477_EN[15:0]$2010 [0] $0$memwr$\nzc$../../rtl/spark_core.v:426$1477_EN[15:0]$2010 [0] }
  Optimizing cells in module \spark_core.
Performed a total of 104 changes.

6.7.5. Executing OPT_MERGE pass (detect identical cells).
Finding identical cells in module `\spark_core'.
<suppressed ~429 debug messages>
Removed a total of 143 cells.

6.7.6. Executing OPT_DFF pass (perform DFF optimizations).

6.7.7. Executing OPT_CLEAN pass (remove unused cells and wires).
Finding unused cells or wires in module \spark_core..
Removed 0 unused cells and 1030 unused wires.
<suppressed ~1 debug messages>

6.7.8. Executing OPT_EXPR pass (perform const folding).
Optimizing module spark_core.

6.7.9. Rerunning OPT passes. (Maybe there is more to do..)

6.7.10. Executing OPT_MUXTREE pass (detect dead branches in mux trees).
Running muxtree optimizer on module \spark_core..
  Creating internal representation of mux trees.
  Evaluating internal representation of mux trees.
  Analyzing evaluation results.
Removed 0 multiplexer ports.
<suppressed ~157 debug messages>

6.7.11. Executing OPT_REDUCE pass (consolidate $*mux and $reduce_* inputs).
  Optimizing cells in module \spark_core.
    New ctrl vector for $pmux cell $procmux$4579: { $auto$opt_reduce.cc:134:opt_pmux$7541 $auto$opt_reduce.cc:134:opt_pmux$7427 }
  Optimizing cells in module \spark_core.
Performed a total of 1 changes.

6.7.12. Executing OPT_MERGE pass (detect identical cells).
Finding identical cells in module `\spark_core'.
Removed a total of 0 cells.

6.7.13. Executing OPT_DFF pass (perform DFF optimizations).

6.7.14. Executing OPT_CLEAN pass (remove unused cells and wires).
Finding unused cells or wires in module \spark_core..

6.7.15. Executing OPT_EXPR pass (perform const folding).
Optimizing module spark_core.

6.7.16. Rerunning OPT passes. (Maybe there is more to do..)

6.7.17. Executing OPT_MUXTREE pass (detect dead branches in mux trees).
Running muxtree optimizer on module \spark_core..
  Creating internal representation of mux trees.
  Evaluating internal representation of mux trees.
  Analyzing evaluation results.
Removed 0 multiplexer ports.
<suppressed ~157 debug messages>

6.7.18. Executing OPT_REDUCE pass (consolidate $*mux and $reduce_* inputs).
  Optimizing cells in module \spark_core.
Performed a total of 0 changes.

6.7.19. Executing OPT_MERGE pass (detect identical cells).
Finding identical cells in module `\spark_core'.
Removed a total of 0 cells.

6.7.20. Executing OPT_DFF pass (perform DFF optimizations).

6.7.21. Executing OPT_CLEAN pass (remove unused cells and wires).
Finding unused cells or wires in module \spark_core..

6.7.22. Executing OPT_EXPR pass (perform const folding).
Optimizing module spark_core.

6.7.23. Finished OPT passes. (There is nothing left to do.)

6.8. Executing FSM pass (extract and optimize FSM).

6.8.1. Executing FSM_DETECT pass (finding FSMs in design).
Not marking spark_core.path as FSM state register:
    Register is connected to module port.
    Users of register don't seem to benefit from recoding.
Not marking spark_core.state as FSM state register:
    Users of register don't seem to benefit from recoding.
Not marking spark_core.stg as FSM state register:
    Users of register don't seem to benefit from recoding.

6.8.2. Executing FSM_EXTRACT pass (extracting FSM from design).

6.8.3. Executing FSM_OPT pass (simple optimizations of FSMs).

6.8.4. Executing OPT_CLEAN pass (remove unused cells and wires).
Finding unused cells or wires in module \spark_core..

6.8.5. Executing FSM_OPT pass (simple optimizations of FSMs).

6.8.6. Executing FSM_RECODE pass (re-assigning FSM state encoding).

6.8.7. Executing FSM_INFO pass (dumping all available information on FSM cells).

6.8.8. Executing FSM_MAP pass (mapping FSMs to basic logic).

6.9. Executing OPT pass (performing simple optimizations).

6.9.1. Executing OPT_EXPR pass (perform const folding).
Optimizing module spark_core.

6.9.2. Executing OPT_MERGE pass (detect identical cells).
Finding identical cells in module `\spark_core'.
Removed a total of 0 cells.

6.9.3. Executing OPT_MUXTREE pass (detect dead branches in mux trees).
Running muxtree optimizer on module \spark_core..
  Creating internal representation of mux trees.
  Evaluating internal representation of mux trees.
  Analyzing evaluation results.
Removed 0 multiplexer ports.
<suppressed ~157 debug messages>

6.9.4. Executing OPT_REDUCE pass (consolidate $*mux and $reduce_* inputs).
  Optimizing cells in module \spark_core.
Performed a total of 0 changes.

6.9.5. Executing OPT_MERGE pass (detect identical cells).
Finding identical cells in module `\spark_core'.
Removed a total of 0 cells.

6.9.6. Executing OPT_DFF pass (perform DFF optimizations).
Adding EN signal on $procdff$7343 ($dff) from module spark_core (D = $procmux$4495_Y, Q = \q).
Adding EN signal on $procdff$7342 ($dff) from module spark_core (D = $or$../../rtl/spark_core.v:0$2257_Y, Q = \s_neww).
Adding EN signal on $procdff$7341 ($dff) from module spark_core (D = $or$../../rtl/spark_core.v:0$2245_Y, Q = \h_neww).
Adding EN signal on $procdff$7340 ($dff) from module spark_core (D = $ternary$../../rtl/spark_core.v:450$2232_Y, Q = \po_th).
Adding EN signal on $procdff$7339 ($dff) from module spark_core (D = $3$mem2reg_rd$\h_rd$../../rtl/spark_core.v:449$1467_DATA[127:0]$2231, Q = \po_h).
Adding EN signal on $procdff$7338 ($dff) from module spark_core (D = \acc_rd_s, Q = \po_acc).
Adding EN signal on $procdff$7337 ($dff) from module spark_core (D = $procmux$4537_Y, Q = \idx).
Adding EN signal on $procdff$7336 ($dff) from module spark_core (D = $procmux$4552_Y, Q = \t2).
Adding EN signal on $procdff$7335 ($dff) from module spark_core (D = $procmux$4567_Y, Q = \t1).
Adding EN signal on $procdff$7334 ($dff) from module spark_core (D = $procmux$4579_Y, Q = \m).
Adding EN signal on $procdff$7333 ($dff) from module spark_core (D = $procmux$4601_Y, Q = \e).
Adding EN signal on $procdff$7332 ($dff) from module spark_core (D = $5$mem2reg_rd$\vlat$../../rtl/spark_core.v:422$1465_DATA[4:0]$2181, Q = \ev_v).
Adding EN signal on $procdff$7331 ($dff) from module spark_core (D = $add$../../rtl/spark_core.v:421$2180_Y [7:0], Q = \ev_j).
Adding EN signal on $procdff$7330 ($dff) from module spark_core (D = $2$lookahead\sentw$1975[31:0]$2086, Q = \sentw).
Adding EN signal on $procdff$7329 ($dff) from module spark_core (D = \src_rd, Q = \srcw).
Adding EN signal on $procdff$7328 ($dff) from module spark_core (D = $2$lookahead\mask$1974[7:0]$2085, Q = \mask).
Adding EN signal on $procdff$7327 ($dff) from module spark_core (D = $procmux$4678_Y, Q = \c).
Adding SRST signal on $procdff$7326 ($dff) from module spark_core (D = $procmux$4713_Y, Q = \started, rval = 2'00).
Adding EN signal on $auto$ff.cc:266:slice$7683 ($sdff) from module spark_core (D = $add$../../rtl/spark_core.v:354$2098_Y, Q = \started).
Adding SRST signal on $procdff$7325 ($dff) from module spark_core (D = $procmux$4741_Y, Q = \hist2, rval = 8'00000000).
Adding EN signal on $auto$ff.cc:266:slice$7687 ($sdff) from module spark_core (D = \hist1, Q = \hist2).
Adding SRST signal on $procdff$7324 ($dff) from module spark_core (D = $procmux$4769_Y, Q = \hist1, rval = 8'00000000).
Adding EN signal on $auto$ff.cc:266:slice$7691 ($sdff) from module spark_core (D = \byte_r, Q = \hist1).
Adding SRST signal on $procdff$7323 ($dff) from module spark_core (D = $procmux$4791_Y, Q = \ctx_prev, rval = 0).
Adding EN signal on $auto$ff.cc:266:slice$7695 ($sdff) from module spark_core (D = $procmux$4791_Y, Q = \ctx_prev).
Adding SRST signal on $procdff$7322 ($dff) from module spark_core (D = $procmux$4821_Y, Q = \ctx, rval = 0).
Adding EN signal on $auto$ff.cc:266:slice$7705 ($sdff) from module spark_core (D = { 8'00000000 \ctx_prev [15:0] \byte_r }, Q = \ctx).
Adding SRST signal on $procdff$7321 ($dff) from module spark_core (D = $procmux$4849_Y, Q = \byte_r, rval = 8'00000000).
Adding EN signal on $auto$ff.cc:266:slice$7707 ($sdff) from module spark_core (D = \in_byte, Q = \byte_r).
Adding SRST signal on $procdff$7320 ($dff) from module spark_core (D = $procmux$4867_Y, Q = \stg, rval = 2'00).
Adding EN signal on $auto$ff.cc:266:slice$7711 ($sdff) from module spark_core (D = $procmux$4867_Y, Q = \stg).
Adding SRST signal on $procdff$7319 ($dff) from module spark_core (D = $procmux$4908_Y, Q = \rec_val, rval = 8'00000000).
Adding EN signal on $auto$ff.cc:266:slice$7729 ($sdff) from module spark_core (D = \t_rd [9:2], Q = \rec_val).
Adding SRST signal on $procdff$7318 ($dff) from module spark_core (D = $procmux$4935_Y, Q = \rec_hit, rval = 1'0).
Adding EN signal on $auto$ff.cc:266:slice$7735 ($sdff) from module spark_core (D = $procmux$4935_Y, Q = \rec_hit).
Adding SRST signal on $procdff$7317 ($dff) from module spark_core (D = $procmux$4967_Y, Q = \tokq, rval = 16'0000000000000000).
Adding EN signal on $auto$ff.cc:266:slice$7747 ($sdff) from module spark_core (D = \tokcnt, Q = \tokq).
Adding SRST signal on $procdff$7316 ($dff) from module spark_core (D = $procmux$4995_Y, Q = \tokcnt, rval = 16'0000000000000000).
Adding EN signal on $auto$ff.cc:266:slice$7751 ($sdff) from module spark_core (D = $add$../../rtl/spark_core.v:355$2099_Y, Q = \tokcnt).
Adding SRST signal on $procdff$7315 ($dff) from module spark_core (D = $procmux$5009_Y, Q = \score, rval = 4'1000).
Adding EN signal on $auto$ff.cc:266:slice$7755 ($sdff) from module spark_core (D = $procmux$5005_Y, Q = \score).
Adding EN signal on $procdff$7314 ($dff) from module spark_core (D = $procmux$5030_Y, Q = \n_dl).
Adding EN signal on $procdff$7313 ($dff) from module spark_core (D = $procmux$5052_Y, Q = \n_nz).
Adding EN signal on $procdff$7312 ($dff) from module spark_core (D = $le$../../rtl/spark_core.v:394$2118_Y, Q = \use_delta).
Adding SRST signal on $procdff$7311 ($dff) from module spark_core (D = $procmux$5092_Y, Q = \state, rval = 5'00000).
Adding EN signal on $auto$ff.cc:266:slice$7782 ($sdff) from module spark_core (D = $procmux$5092_Y, Q = \state).
Adding EN signal on $procdff$7310 ($dff) from module spark_core (D = $procmux$5164_Y, Q = \cyc_recall).
Adding EN signal on $procdff$7309 ($dff) from module spark_core (D = $procmux$5179_Y, Q = \cyc_post).
Adding EN signal on $procdff$7308 ($dff) from module spark_core (D = $procmux$5198_Y, Q = \cyc_scan).
Adding EN signal on $procdff$7307 ($dff) from module spark_core (D = $procmux$5221_Y, Q = \cyc_engine).
Adding EN signal on $procdff$7306 ($dff) from module spark_core (D = $procmux$5240_Y, Q = \wreads).
Adding EN signal on $procdff$7305 ($dff) from module spark_core (D = $procmux$5274_Y, Q = \tok_cycles).
Adding EN signal on $procdff$7304 ($dff) from module spark_core (D = $procmux$5295_Y, Q = \path).
Adding EN signal on $procdff$7303 ($dff) from module spark_core (D = $procmux$5323_Y, Q = \pred).
Adding SRST signal on $procdff$7302 ($dff) from module spark_core (D = $procmux$4375_Y, Q = \done, rval = 1'0).
Setting constant 0-bit at position 24 on $auto$ff.cc:266:slice$7706 ($sdffe) from module spark_core.
Setting constant 0-bit at position 25 on $auto$ff.cc:266:slice$7706 ($sdffe) from module spark_core.
Setting constant 0-bit at position 26 on $auto$ff.cc:266:slice$7706 ($sdffe) from module spark_core.
Setting constant 0-bit at position 27 on $auto$ff.cc:266:slice$7706 ($sdffe) from module spark_core.
Setting constant 0-bit at position 28 on $auto$ff.cc:266:slice$7706 ($sdffe) from module spark_core.
Setting constant 0-bit at position 29 on $auto$ff.cc:266:slice$7706 ($sdffe) from module spark_core.
Setting constant 0-bit at position 30 on $auto$ff.cc:266:slice$7706 ($sdffe) from module spark_core.
Setting constant 0-bit at position 31 on $auto$ff.cc:266:slice$7706 ($sdffe) from module spark_core.

6.9.7. Executing OPT_CLEAN pass (remove unused cells and wires).
Finding unused cells or wires in module \spark_core..
Removed 75 unused cells and 75 unused wires.
<suppressed ~76 debug messages>

6.9.8. Executing OPT_EXPR pass (perform const folding).
Optimizing module spark_core.
<suppressed ~21 debug messages>

6.9.9. Rerunning OPT passes. (Maybe there is more to do..)

6.9.10. Executing OPT_MUXTREE pass (detect dead branches in mux trees).
Running muxtree optimizer on module \spark_core..
  Creating internal representation of mux trees.
  Evaluating internal representation of mux trees.
  Analyzing evaluation results.
Removed 0 multiplexer ports.
<suppressed ~142 debug messages>

6.9.11. Executing OPT_REDUCE pass (consolidate $*mux and $reduce_* inputs).
  Optimizing cells in module \spark_core.
Performed a total of 0 changes.

6.9.12. Executing OPT_MERGE pass (detect identical cells).
Finding identical cells in module `\spark_core'.
<suppressed ~222 debug messages>
Removed a total of 74 cells.

6.9.13. Executing OPT_DFF pass (perform DFF optimizations).

6.9.14. Executing OPT_CLEAN pass (remove unused cells and wires).
Finding unused cells or wires in module \spark_core..
Removed 0 unused cells and 74 unused wires.
<suppressed ~1 debug messages>

6.9.15. Executing OPT_EXPR pass (perform const folding).
Optimizing module spark_core.

6.9.16. Rerunning OPT passes. (Maybe there is more to do..)

6.9.17. Executing OPT_MUXTREE pass (detect dead branches in mux trees).
Running muxtree optimizer on module \spark_core..
  Creating internal representation of mux trees.
  Evaluating internal representation of mux trees.
  Analyzing evaluation results.
Removed 0 multiplexer ports.
<suppressed ~144 debug messages>

6.9.18. Executing OPT_REDUCE pass (consolidate $*mux and $reduce_* inputs).
  Optimizing cells in module \spark_core.
Performed a total of 0 changes.

6.9.19. Executing OPT_MERGE pass (detect identical cells).
Finding identical cells in module `\spark_core'.
Removed a total of 0 cells.

6.9.20. Executing OPT_DFF pass (perform DFF optimizations).

6.9.21. Executing OPT_CLEAN pass (remove unused cells and wires).
Finding unused cells or wires in module \spark_core..

6.9.22. Executing OPT_EXPR pass (perform const folding).
Optimizing module spark_core.

6.9.23. Finished OPT passes. (There is nothing left to do.)

6.10. Executing WREDUCE pass (reducing word size of cells).
Removed top 30 address bits (of 32) from memory init port spark_core.$auto$proc_memwr.cc:45:proc_memwr$7410 (nzc).
Removed top 30 address bits (of 32) from memory init port spark_core.$auto$proc_memwr.cc:45:proc_memwr$7411 (prc).
Removed top 30 address bits (of 32) from memory init port spark_core.$auto$proc_memwr.cc:45:proc_memwr$7412 (nzc).
Removed top 30 address bits (of 32) from memory init port spark_core.$auto$proc_memwr.cc:45:proc_memwr$7413 (prc).
Removed top 30 address bits (of 32) from memory init port spark_core.$auto$proc_memwr.cc:45:proc_memwr$7414 (nzc).
Removed top 30 address bits (of 32) from memory init port spark_core.$auto$proc_memwr.cc:45:proc_memwr$7415 (prc).
Removed top 30 address bits (of 32) from memory init port spark_core.$auto$proc_memwr.cc:45:proc_memwr$7416 (nzc).
Removed top 30 address bits (of 32) from memory init port spark_core.$auto$proc_memwr.cc:45:proc_memwr$7417 (prc).
Removed top 2 address bits (of 6) from memory init port spark_core.$flatten\u_acc0.$auto$proc_memwr.cc:45:proc_memwr$7423 (u_acc0.mem).
Removed top 28 address bits (of 32) from memory init port spark_core.$flatten\u_acc0.$meminit$\mem$../spark_ram_asic.v:21$1159 (u_acc0.mem).
Removed top 28 address bits (of 32) from memory init port spark_core.$flatten\u_acc0.$meminit$\mem$../spark_ram_asic.v:21$1160 (u_acc0.mem).
Removed top 28 address bits (of 32) from memory init port spark_core.$flatten\u_acc0.$meminit$\mem$../spark_ram_asic.v:21$1161 (u_acc0.mem).
Removed top 28 address bits (of 32) from memory init port spark_core.$flatten\u_acc0.$meminit$\mem$../spark_ram_asic.v:21$1162 (u_acc0.mem).
Removed top 28 address bits (of 32) from memory init port spark_core.$flatten\u_acc0.$meminit$\mem$../spark_ram_asic.v:21$1163 (u_acc0.mem).
Removed top 28 address bits (of 32) from memory init port spark_core.$flatten\u_acc0.$meminit$\mem$../spark_ram_asic.v:21$1164 (u_acc0.mem).
Removed top 28 address bits (of 32) from memory init port spark_core.$flatten\u_acc0.$meminit$\mem$../spark_ram_asic.v:21$1165 (u_acc0.mem).
Removed top 28 address bits (of 32) from memory init port spark_core.$flatten\u_acc0.$meminit$\mem$../spark_ram_asic.v:21$1166 (u_acc0.mem).
Removed top 28 address bits (of 32) from memory init port spark_core.$flatten\u_acc0.$meminit$\mem$../spark_ram_asic.v:21$1167 (u_acc0.mem).
Removed top 28 address bits (of 32) from memory init port spark_core.$flatten\u_acc0.$meminit$\mem$../spark_ram_asic.v:21$1168 (u_acc0.mem).
Removed top 28 address bits (of 32) from memory init port spark_core.$flatten\u_acc0.$meminit$\mem$../spark_ram_asic.v:21$1169 (u_acc0.mem).
Removed top 28 address bits (of 32) from memory init port spark_core.$flatten\u_acc0.$meminit$\mem$../spark_ram_asic.v:21$1170 (u_acc0.mem).
Removed top 28 address bits (of 32) from memory init port spark_core.$flatten\u_acc0.$meminit$\mem$../spark_ram_asic.v:21$1171 (u_acc0.mem).
Removed top 28 address bits (of 32) from memory init port spark_core.$flatten\u_acc0.$meminit$\mem$../spark_ram_asic.v:21$1172 (u_acc0.mem).
Removed top 28 address bits (of 32) from memory init port spark_core.$flatten\u_acc0.$meminit$\mem$../spark_ram_asic.v:21$1173 (u_acc0.mem).
Removed top 28 address bits (of 32) from memory init port spark_core.$flatten\u_acc0.$meminit$\mem$../spark_ram_asic.v:21$1174 (u_acc0.mem).
Removed top 2 address bits (of 6) from memory read port spark_core.$flatten\u_acc0.$memrd$\mem$../spark_ram_asic.v:26$1158 (u_acc0.mem).
Removed top 2 address bits (of 6) from memory init port spark_core.$flatten\u_acc1.$auto$proc_memwr.cc:45:proc_memwr$7423 (u_acc1.mem).
Removed top 28 address bits (of 32) from memory init port spark_core.$flatten\u_acc1.$meminit$\mem$../spark_ram_asic.v:21$1159 (u_acc1.mem).
Removed top 28 address bits (of 32) from memory init port spark_core.$flatten\u_acc1.$meminit$\mem$../spark_ram_asic.v:21$1160 (u_acc1.mem).
Removed top 28 address bits (of 32) from memory init port spark_core.$flatten\u_acc1.$meminit$\mem$../spark_ram_asic.v:21$1161 (u_acc1.mem).
Removed top 28 address bits (of 32) from memory init port spark_core.$flatten\u_acc1.$meminit$\mem$../spark_ram_asic.v:21$1162 (u_acc1.mem).
Removed top 28 address bits (of 32) from memory init port spark_core.$flatten\u_acc1.$meminit$\mem$../spark_ram_asic.v:21$1163 (u_acc1.mem).
Removed top 28 address bits (of 32) from memory init port spark_core.$flatten\u_acc1.$meminit$\mem$../spark_ram_asic.v:21$1164 (u_acc1.mem).
Removed top 28 address bits (of 32) from memory init port spark_core.$flatten\u_acc1.$meminit$\mem$../spark_ram_asic.v:21$1165 (u_acc1.mem).
Removed top 28 address bits (of 32) from memory init port spark_core.$flatten\u_acc1.$meminit$\mem$../spark_ram_asic.v:21$1166 (u_acc1.mem).
Removed top 28 address bits (of 32) from memory init port spark_core.$flatten\u_acc1.$meminit$\mem$../spark_ram_asic.v:21$1167 (u_acc1.mem).
Removed top 28 address bits (of 32) from memory init port spark_core.$flatten\u_acc1.$meminit$\mem$../spark_ram_asic.v:21$1168 (u_acc1.mem).
Removed top 28 address bits (of 32) from memory init port spark_core.$flatten\u_acc1.$meminit$\mem$../spark_ram_asic.v:21$1169 (u_acc1.mem).
Removed top 28 address bits (of 32) from memory init port spark_core.$flatten\u_acc1.$meminit$\mem$../spark_ram_asic.v:21$1170 (u_acc1.mem).
Removed top 28 address bits (of 32) from memory init port spark_core.$flatten\u_acc1.$meminit$\mem$../spark_ram_asic.v:21$1171 (u_acc1.mem).
Removed top 28 address bits (of 32) from memory init port spark_core.$flatten\u_acc1.$meminit$\mem$../spark_ram_asic.v:21$1172 (u_acc1.mem).
Removed top 28 address bits (of 32) from memory init port spark_core.$flatten\u_acc1.$meminit$\mem$../spark_ram_asic.v:21$1173 (u_acc1.mem).
Removed top 28 address bits (of 32) from memory init port spark_core.$flatten\u_acc1.$meminit$\mem$../spark_ram_asic.v:21$1174 (u_acc1.mem).
Removed top 2 address bits (of 6) from memory read port spark_core.$flatten\u_acc1.$memrd$\mem$../spark_ram_asic.v:26$1158 (u_acc1.mem).
Removed top 1 address bits (of 6) from memory init port spark_core.$flatten\u_acc2.$auto$proc_memwr.cc:45:proc_memwr$7422 (u_acc2.mem).
Removed top 27 address bits (of 32) from memory init port spark_core.$flatten\u_acc2.$meminit$\mem$../spark_ram_asic.v:21$1249 (u_acc2.mem).
Removed top 27 address bits (of 32) from memory init port spark_core.$flatten\u_acc2.$meminit$\mem$../spark_ram_asic.v:21$1250 (u_acc2.mem).
Removed top 27 address bits (of 32) from memory init port spark_core.$flatten\u_acc2.$meminit$\mem$../spark_ram_asic.v:21$1251 (u_acc2.mem).
Removed top 27 address bits (of 32) from memory init port spark_core.$flatten\u_acc2.$meminit$\mem$../spark_ram_asic.v:21$1252 (u_acc2.mem).
Removed top 27 address bits (of 32) from memory init port spark_core.$flatten\u_acc2.$meminit$\mem$../spark_ram_asic.v:21$1253 (u_acc2.mem).
Removed top 27 address bits (of 32) from memory init port spark_core.$flatten\u_acc2.$meminit$\mem$../spark_ram_asic.v:21$1254 (u_acc2.mem).
Removed top 27 address bits (of 32) from memory init port spark_core.$flatten\u_acc2.$meminit$\mem$../spark_ram_asic.v:21$1255 (u_acc2.mem).
Removed top 27 address bits (of 32) from memory init port spark_core.$flatten\u_acc2.$meminit$\mem$../spark_ram_asic.v:21$1256 (u_acc2.mem).
Removed top 27 address bits (of 32) from memory init port spark_core.$flatten\u_acc2.$meminit$\mem$../spark_ram_asic.v:21$1257 (u_acc2.mem).
Removed top 27 address bits (of 32) from memory init port spark_core.$flatten\u_acc2.$meminit$\mem$../spark_ram_asic.v:21$1258 (u_acc2.mem).
Removed top 27 address bits (of 32) from memory init port spark_core.$flatten\u_acc2.$meminit$\mem$../spark_ram_asic.v:21$1259 (u_acc2.mem).
Removed top 27 address bits (of 32) from memory init port spark_core.$flatten\u_acc2.$meminit$\mem$../spark_ram_asic.v:21$1260 (u_acc2.mem).
Removed top 27 address bits (of 32) from memory init port spark_core.$flatten\u_acc2.$meminit$\mem$../spark_ram_asic.v:21$1261 (u_acc2.mem).
Removed top 27 address bits (of 32) from memory init port spark_core.$flatten\u_acc2.$meminit$\mem$../spark_ram_asic.v:21$1262 (u_acc2.mem).
Removed top 27 address bits (of 32) from memory init port spark_core.$flatten\u_acc2.$meminit$\mem$../spark_ram_asic.v:21$1263 (u_acc2.mem).
Removed top 27 address bits (of 32) from memory init port spark_core.$flatten\u_acc2.$meminit$\mem$../spark_ram_asic.v:21$1264 (u_acc2.mem).
Removed top 27 address bits (of 32) from memory init port spark_core.$flatten\u_acc2.$meminit$\mem$../spark_ram_asic.v:21$1265 (u_acc2.mem).
Removed top 27 address bits (of 32) from memory init port spark_core.$flatten\u_acc2.$meminit$\mem$../spark_ram_asic.v:21$1266 (u_acc2.mem).
Removed top 27 address bits (of 32) from memory init port spark_core.$flatten\u_acc2.$meminit$\mem$../spark_ram_asic.v:21$1267 (u_acc2.mem).
Removed top 27 address bits (of 32) from memory init port spark_core.$flatten\u_acc2.$meminit$\mem$../spark_ram_asic.v:21$1268 (u_acc2.mem).
Removed top 27 address bits (of 32) from memory init port spark_core.$flatten\u_acc2.$meminit$\mem$../spark_ram_asic.v:21$1269 (u_acc2.mem).
Removed top 27 address bits (of 32) from memory init port spark_core.$flatten\u_acc2.$meminit$\mem$../spark_ram_asic.v:21$1270 (u_acc2.mem).
Removed top 27 address bits (of 32) from memory init port spark_core.$flatten\u_acc2.$meminit$\mem$../spark_ram_asic.v:21$1271 (u_acc2.mem).
Removed top 27 address bits (of 32) from memory init port spark_core.$flatten\u_acc2.$meminit$\mem$../spark_ram_asic.v:21$1272 (u_acc2.mem).
Removed top 27 address bits (of 32) from memory init port spark_core.$flatten\u_acc2.$meminit$\mem$../spark_ram_asic.v:21$1273 (u_acc2.mem).
Removed top 27 address bits (of 32) from memory init port spark_core.$flatten\u_acc2.$meminit$\mem$../spark_ram_asic.v:21$1274 (u_acc2.mem).
Removed top 27 address bits (of 32) from memory init port spark_core.$flatten\u_acc2.$meminit$\mem$../spark_ram_asic.v:21$1275 (u_acc2.mem).
Removed top 27 address bits (of 32) from memory init port spark_core.$flatten\u_acc2.$meminit$\mem$../spark_ram_asic.v:21$1276 (u_acc2.mem).
Removed top 27 address bits (of 32) from memory init port spark_core.$flatten\u_acc2.$meminit$\mem$../spark_ram_asic.v:21$1277 (u_acc2.mem).
Removed top 27 address bits (of 32) from memory init port spark_core.$flatten\u_acc2.$meminit$\mem$../spark_ram_asic.v:21$1278 (u_acc2.mem).
Removed top 27 address bits (of 32) from memory init port spark_core.$flatten\u_acc2.$meminit$\mem$../spark_ram_asic.v:21$1279 (u_acc2.mem).
Removed top 27 address bits (of 32) from memory init port spark_core.$flatten\u_acc2.$meminit$\mem$../spark_ram_asic.v:21$1280 (u_acc2.mem).
Removed top 1 address bits (of 6) from memory read port spark_core.$flatten\u_acc2.$memrd$\mem$../spark_ram_asic.v:26$1248 (u_acc2.mem).
Removed top 1 address bits (of 6) from memory init port spark_core.$flatten\u_acc3.$auto$proc_memwr.cc:45:proc_memwr$7422 (u_acc3.mem).
Removed top 27 address bits (of 32) from memory init port spark_core.$flatten\u_acc3.$meminit$\mem$../spark_ram_asic.v:21$1249 (u_acc3.mem).
Removed top 27 address bits (of 32) from memory init port spark_core.$flatten\u_acc3.$meminit$\mem$../spark_ram_asic.v:21$1250 (u_acc3.mem).
Removed top 27 address bits (of 32) from memory init port spark_core.$flatten\u_acc3.$meminit$\mem$../spark_ram_asic.v:21$1251 (u_acc3.mem).
Removed top 27 address bits (of 32) from memory init port spark_core.$flatten\u_acc3.$meminit$\mem$../spark_ram_asic.v:21$1252 (u_acc3.mem).
Removed top 27 address bits (of 32) from memory init port spark_core.$flatten\u_acc3.$meminit$\mem$../spark_ram_asic.v:21$1253 (u_acc3.mem).
Removed top 27 address bits (of 32) from memory init port spark_core.$flatten\u_acc3.$meminit$\mem$../spark_ram_asic.v:21$1254 (u_acc3.mem).
Removed top 27 address bits (of 32) from memory init port spark_core.$flatten\u_acc3.$meminit$\mem$../spark_ram_asic.v:21$1255 (u_acc3.mem).
Removed top 27 address bits (of 32) from memory init port spark_core.$flatten\u_acc3.$meminit$\mem$../spark_ram_asic.v:21$1256 (u_acc3.mem).
Removed top 27 address bits (of 32) from memory init port spark_core.$flatten\u_acc3.$meminit$\mem$../spark_ram_asic.v:21$1257 (u_acc3.mem).
Removed top 27 address bits (of 32) from memory init port spark_core.$flatten\u_acc3.$meminit$\mem$../spark_ram_asic.v:21$1258 (u_acc3.mem).
Removed top 27 address bits (of 32) from memory init port spark_core.$flatten\u_acc3.$meminit$\mem$../spark_ram_asic.v:21$1259 (u_acc3.mem).
Removed top 27 address bits (of 32) from memory init port spark_core.$flatten\u_acc3.$meminit$\mem$../spark_ram_asic.v:21$1260 (u_acc3.mem).
Removed top 27 address bits (of 32) from memory init port spark_core.$flatten\u_acc3.$meminit$\mem$../spark_ram_asic.v:21$1261 (u_acc3.mem).
Removed top 27 address bits (of 32) from memory init port spark_core.$flatten\u_acc3.$meminit$\mem$../spark_ram_asic.v:21$1262 (u_acc3.mem).
Removed top 27 address bits (of 32) from memory init port spark_core.$flatten\u_acc3.$meminit$\mem$../spark_ram_asic.v:21$1263 (u_acc3.mem).
Removed top 27 address bits (of 32) from memory init port spark_core.$flatten\u_acc3.$meminit$\mem$../spark_ram_asic.v:21$1264 (u_acc3.mem).
Removed top 27 address bits (of 32) from memory init port spark_core.$flatten\u_acc3.$meminit$\mem$../spark_ram_asic.v:21$1265 (u_acc3.mem).
Removed top 27 address bits (of 32) from memory init port spark_core.$flatten\u_acc3.$meminit$\mem$../spark_ram_asic.v:21$1266 (u_acc3.mem).
Removed top 27 address bits (of 32) from memory init port spark_core.$flatten\u_acc3.$meminit$\mem$../spark_ram_asic.v:21$1267 (u_acc3.mem).
Removed top 27 address bits (of 32) from memory init port spark_core.$flatten\u_acc3.$meminit$\mem$../spark_ram_asic.v:21$1268 (u_acc3.mem).
Removed top 27 address bits (of 32) from memory init port spark_core.$flatten\u_acc3.$meminit$\mem$../spark_ram_asic.v:21$1269 (u_acc3.mem).
Removed top 27 address bits (of 32) from memory init port spark_core.$flatten\u_acc3.$meminit$\mem$../spark_ram_asic.v:21$1270 (u_acc3.mem).
Removed top 27 address bits (of 32) from memory init port spark_core.$flatten\u_acc3.$meminit$\mem$../spark_ram_asic.v:21$1271 (u_acc3.mem).
Removed top 27 address bits (of 32) from memory init port spark_core.$flatten\u_acc3.$meminit$\mem$../spark_ram_asic.v:21$1272 (u_acc3.mem).
Removed top 27 address bits (of 32) from memory init port spark_core.$flatten\u_acc3.$meminit$\mem$../spark_ram_asic.v:21$1273 (u_acc3.mem).
Removed top 27 address bits (of 32) from memory init port spark_core.$flatten\u_acc3.$meminit$\mem$../spark_ram_asic.v:21$1274 (u_acc3.mem).
Removed top 27 address bits (of 32) from memory init port spark_core.$flatten\u_acc3.$meminit$\mem$../spark_ram_asic.v:21$1275 (u_acc3.mem).
Removed top 27 address bits (of 32) from memory init port spark_core.$flatten\u_acc3.$meminit$\mem$../spark_ram_asic.v:21$1276 (u_acc3.mem).
Removed top 27 address bits (of 32) from memory init port spark_core.$flatten\u_acc3.$meminit$\mem$../spark_ram_asic.v:21$1277 (u_acc3.mem).
Removed top 27 address bits (of 32) from memory init port spark_core.$flatten\u_acc3.$meminit$\mem$../spark_ram_asic.v:21$1278 (u_acc3.mem).
Removed top 27 address bits (of 32) from memory init port spark_core.$flatten\u_acc3.$meminit$\mem$../spark_ram_asic.v:21$1279 (u_acc3.mem).
Removed top 27 address bits (of 32) from memory init port spark_core.$flatten\u_acc3.$meminit$\mem$../spark_ram_asic.v:21$1280 (u_acc3.mem).
Removed top 1 address bits (of 6) from memory read port spark_core.$flatten\u_acc3.$memrd$\mem$../spark_ram_asic.v:26$1248 (u_acc3.mem).
Removed top 2 address bits (of 6) from memory init port spark_core.$flatten\u_h0.$auto$proc_memwr.cc:45:proc_memwr$7423 (u_h0.mem).
Removed top 28 address bits (of 32) from memory init port spark_core.$flatten\u_h0.$meminit$\mem$../spark_ram_asic.v:21$1159 (u_h0.mem).
Removed top 28 address bits (of 32) from memory init port spark_core.$flatten\u_h0.$meminit$\mem$../spark_ram_asic.v:21$1160 (u_h0.mem).
Removed top 28 address bits (of 32) from memory init port spark_core.$flatten\u_h0.$meminit$\mem$../spark_ram_asic.v:21$1161 (u_h0.mem).
Removed top 28 address bits (of 32) from memory init port spark_core.$flatten\u_h0.$meminit$\mem$../spark_ram_asic.v:21$1162 (u_h0.mem).
Removed top 28 address bits (of 32) from memory init port spark_core.$flatten\u_h0.$meminit$\mem$../spark_ram_asic.v:21$1163 (u_h0.mem).
Removed top 28 address bits (of 32) from memory init port spark_core.$flatten\u_h0.$meminit$\mem$../spark_ram_asic.v:21$1164 (u_h0.mem).
Removed top 28 address bits (of 32) from memory init port spark_core.$flatten\u_h0.$meminit$\mem$../spark_ram_asic.v:21$1165 (u_h0.mem).
Removed top 28 address bits (of 32) from memory init port spark_core.$flatten\u_h0.$meminit$\mem$../spark_ram_asic.v:21$1166 (u_h0.mem).
Removed top 28 address bits (of 32) from memory init port spark_core.$flatten\u_h0.$meminit$\mem$../spark_ram_asic.v:21$1167 (u_h0.mem).
Removed top 28 address bits (of 32) from memory init port spark_core.$flatten\u_h0.$meminit$\mem$../spark_ram_asic.v:21$1168 (u_h0.mem).
Removed top 28 address bits (of 32) from memory init port spark_core.$flatten\u_h0.$meminit$\mem$../spark_ram_asic.v:21$1169 (u_h0.mem).
Removed top 28 address bits (of 32) from memory init port spark_core.$flatten\u_h0.$meminit$\mem$../spark_ram_asic.v:21$1170 (u_h0.mem).
Removed top 28 address bits (of 32) from memory init port spark_core.$flatten\u_h0.$meminit$\mem$../spark_ram_asic.v:21$1171 (u_h0.mem).
Removed top 28 address bits (of 32) from memory init port spark_core.$flatten\u_h0.$meminit$\mem$../spark_ram_asic.v:21$1172 (u_h0.mem).
Removed top 28 address bits (of 32) from memory init port spark_core.$flatten\u_h0.$meminit$\mem$../spark_ram_asic.v:21$1173 (u_h0.mem).
Removed top 28 address bits (of 32) from memory init port spark_core.$flatten\u_h0.$meminit$\mem$../spark_ram_asic.v:21$1174 (u_h0.mem).
Removed top 2 address bits (of 6) from memory read port spark_core.$flatten\u_h0.$memrd$\mem$../spark_ram_asic.v:26$1158 (u_h0.mem).
Removed top 2 address bits (of 6) from memory init port spark_core.$flatten\u_h1.$auto$proc_memwr.cc:45:proc_memwr$7423 (u_h1.mem).
Removed top 28 address bits (of 32) from memory init port spark_core.$flatten\u_h1.$meminit$\mem$../spark_ram_asic.v:21$1159 (u_h1.mem).
Removed top 28 address bits (of 32) from memory init port spark_core.$flatten\u_h1.$meminit$\mem$../spark_ram_asic.v:21$1160 (u_h1.mem).
Removed top 28 address bits (of 32) from memory init port spark_core.$flatten\u_h1.$meminit$\mem$../spark_ram_asic.v:21$1161 (u_h1.mem).
Removed top 28 address bits (of 32) from memory init port spark_core.$flatten\u_h1.$meminit$\mem$../spark_ram_asic.v:21$1162 (u_h1.mem).
Removed top 28 address bits (of 32) from memory init port spark_core.$flatten\u_h1.$meminit$\mem$../spark_ram_asic.v:21$1163 (u_h1.mem).
Removed top 28 address bits (of 32) from memory init port spark_core.$flatten\u_h1.$meminit$\mem$../spark_ram_asic.v:21$1164 (u_h1.mem).
Removed top 28 address bits (of 32) from memory init port spark_core.$flatten\u_h1.$meminit$\mem$../spark_ram_asic.v:21$1165 (u_h1.mem).
Removed top 28 address bits (of 32) from memory init port spark_core.$flatten\u_h1.$meminit$\mem$../spark_ram_asic.v:21$1166 (u_h1.mem).
Removed top 28 address bits (of 32) from memory init port spark_core.$flatten\u_h1.$meminit$\mem$../spark_ram_asic.v:21$1167 (u_h1.mem).
Removed top 28 address bits (of 32) from memory init port spark_core.$flatten\u_h1.$meminit$\mem$../spark_ram_asic.v:21$1168 (u_h1.mem).
Removed top 28 address bits (of 32) from memory init port spark_core.$flatten\u_h1.$meminit$\mem$../spark_ram_asic.v:21$1169 (u_h1.mem).
Removed top 28 address bits (of 32) from memory init port spark_core.$flatten\u_h1.$meminit$\mem$../spark_ram_asic.v:21$1170 (u_h1.mem).
Removed top 28 address bits (of 32) from memory init port spark_core.$flatten\u_h1.$meminit$\mem$../spark_ram_asic.v:21$1171 (u_h1.mem).
Removed top 28 address bits (of 32) from memory init port spark_core.$flatten\u_h1.$meminit$\mem$../spark_ram_asic.v:21$1172 (u_h1.mem).
Removed top 28 address bits (of 32) from memory init port spark_core.$flatten\u_h1.$meminit$\mem$../spark_ram_asic.v:21$1173 (u_h1.mem).
Removed top 28 address bits (of 32) from memory init port spark_core.$flatten\u_h1.$meminit$\mem$../spark_ram_asic.v:21$1174 (u_h1.mem).
Removed top 2 address bits (of 6) from memory read port spark_core.$flatten\u_h1.$memrd$\mem$../spark_ram_asic.v:26$1158 (u_h1.mem).
Removed top 2 address bits (of 6) from memory init port spark_core.$flatten\u_s0.$auto$proc_memwr.cc:45:proc_memwr$7425 (u_s0.mem).
Removed top 28 address bits (of 32) from memory init port spark_core.$flatten\u_s0.$meminit$\mem$../spark_ram_asic.v:21$979 (u_s0.mem).
Removed top 28 address bits (of 32) from memory init port spark_core.$flatten\u_s0.$meminit$\mem$../spark_ram_asic.v:21$980 (u_s0.mem).
Removed top 28 address bits (of 32) from memory init port spark_core.$flatten\u_s0.$meminit$\mem$../spark_ram_asic.v:21$981 (u_s0.mem).
Removed top 28 address bits (of 32) from memory init port spark_core.$flatten\u_s0.$meminit$\mem$../spark_ram_asic.v:21$982 (u_s0.mem).
Removed top 28 address bits (of 32) from memory init port spark_core.$flatten\u_s0.$meminit$\mem$../spark_ram_asic.v:21$983 (u_s0.mem).
Removed top 28 address bits (of 32) from memory init port spark_core.$flatten\u_s0.$meminit$\mem$../spark_ram_asic.v:21$984 (u_s0.mem).
Removed top 28 address bits (of 32) from memory init port spark_core.$flatten\u_s0.$meminit$\mem$../spark_ram_asic.v:21$985 (u_s0.mem).
Removed top 28 address bits (of 32) from memory init port spark_core.$flatten\u_s0.$meminit$\mem$../spark_ram_asic.v:21$986 (u_s0.mem).
Removed top 28 address bits (of 32) from memory init port spark_core.$flatten\u_s0.$meminit$\mem$../spark_ram_asic.v:21$987 (u_s0.mem).
Removed top 28 address bits (of 32) from memory init port spark_core.$flatten\u_s0.$meminit$\mem$../spark_ram_asic.v:21$988 (u_s0.mem).
Removed top 28 address bits (of 32) from memory init port spark_core.$flatten\u_s0.$meminit$\mem$../spark_ram_asic.v:21$989 (u_s0.mem).
Removed top 28 address bits (of 32) from memory init port spark_core.$flatten\u_s0.$meminit$\mem$../spark_ram_asic.v:21$990 (u_s0.mem).
Removed top 28 address bits (of 32) from memory init port spark_core.$flatten\u_s0.$meminit$\mem$../spark_ram_asic.v:21$991 (u_s0.mem).
Removed top 28 address bits (of 32) from memory init port spark_core.$flatten\u_s0.$meminit$\mem$../spark_ram_asic.v:21$992 (u_s0.mem).
Removed top 28 address bits (of 32) from memory init port spark_core.$flatten\u_s0.$meminit$\mem$../spark_ram_asic.v:21$993 (u_s0.mem).
Removed top 28 address bits (of 32) from memory init port spark_core.$flatten\u_s0.$meminit$\mem$../spark_ram_asic.v:21$994 (u_s0.mem).
Removed top 2 address bits (of 6) from memory read port spark_core.$flatten\u_s0.$memrd$\mem$../spark_ram_asic.v:26$978 (u_s0.mem).
Removed top 2 address bits (of 6) from memory init port spark_core.$flatten\u_s1.$auto$proc_memwr.cc:45:proc_memwr$7425 (u_s1.mem).
Removed top 28 address bits (of 32) from memory init port spark_core.$flatten\u_s1.$meminit$\mem$../spark_ram_asic.v:21$979 (u_s1.mem).
Removed top 28 address bits (of 32) from memory init port spark_core.$flatten\u_s1.$meminit$\mem$../spark_ram_asic.v:21$980 (u_s1.mem).
Removed top 28 address bits (of 32) from memory init port spark_core.$flatten\u_s1.$meminit$\mem$../spark_ram_asic.v:21$981 (u_s1.mem).
Removed top 28 address bits (of 32) from memory init port spark_core.$flatten\u_s1.$meminit$\mem$../spark_ram_asic.v:21$982 (u_s1.mem).
Removed top 28 address bits (of 32) from memory init port spark_core.$flatten\u_s1.$meminit$\mem$../spark_ram_asic.v:21$983 (u_s1.mem).
Removed top 28 address bits (of 32) from memory init port spark_core.$flatten\u_s1.$meminit$\mem$../spark_ram_asic.v:21$984 (u_s1.mem).
Removed top 28 address bits (of 32) from memory init port spark_core.$flatten\u_s1.$meminit$\mem$../spark_ram_asic.v:21$985 (u_s1.mem).
Removed top 28 address bits (of 32) from memory init port spark_core.$flatten\u_s1.$meminit$\mem$../spark_ram_asic.v:21$986 (u_s1.mem).
Removed top 28 address bits (of 32) from memory init port spark_core.$flatten\u_s1.$meminit$\mem$../spark_ram_asic.v:21$987 (u_s1.mem).
Removed top 28 address bits (of 32) from memory init port spark_core.$flatten\u_s1.$meminit$\mem$../spark_ram_asic.v:21$988 (u_s1.mem).
Removed top 28 address bits (of 32) from memory init port spark_core.$flatten\u_s1.$meminit$\mem$../spark_ram_asic.v:21$989 (u_s1.mem).
Removed top 28 address bits (of 32) from memory init port spark_core.$flatten\u_s1.$meminit$\mem$../spark_ram_asic.v:21$990 (u_s1.mem).
Removed top 28 address bits (of 32) from memory init port spark_core.$flatten\u_s1.$meminit$\mem$../spark_ram_asic.v:21$991 (u_s1.mem).
Removed top 28 address bits (of 32) from memory init port spark_core.$flatten\u_s1.$meminit$\mem$../spark_ram_asic.v:21$992 (u_s1.mem).
Removed top 28 address bits (of 32) from memory init port spark_core.$flatten\u_s1.$meminit$\mem$../spark_ram_asic.v:21$993 (u_s1.mem).
Removed top 28 address bits (of 32) from memory init port spark_core.$flatten\u_s1.$meminit$\mem$../spark_ram_asic.v:21$994 (u_s1.mem).
Removed top 2 address bits (of 6) from memory read port spark_core.$flatten\u_s1.$memrd$\mem$../spark_ram_asic.v:26$978 (u_s1.mem).
Removed top 1 address bits (of 6) from memory init port spark_core.$flatten\u_sn0.$auto$proc_memwr.cc:45:proc_memwr$7424 (u_sn0.mem).
Removed top 27 address bits (of 32) from memory init port spark_core.$flatten\u_sn0.$meminit$\mem$../spark_ram_asic.v:21$1061 (u_sn0.mem).
Removed top 27 address bits (of 32) from memory init port spark_core.$flatten\u_sn0.$meminit$\mem$../spark_ram_asic.v:21$1062 (u_sn0.mem).
Removed top 27 address bits (of 32) from memory init port spark_core.$flatten\u_sn0.$meminit$\mem$../spark_ram_asic.v:21$1063 (u_sn0.mem).
Removed top 27 address bits (of 32) from memory init port spark_core.$flatten\u_sn0.$meminit$\mem$../spark_ram_asic.v:21$1064 (u_sn0.mem).
Removed top 27 address bits (of 32) from memory init port spark_core.$flatten\u_sn0.$meminit$\mem$../spark_ram_asic.v:21$1065 (u_sn0.mem).
Removed top 27 address bits (of 32) from memory init port spark_core.$flatten\u_sn0.$meminit$\mem$../spark_ram_asic.v:21$1066 (u_sn0.mem).
Removed top 27 address bits (of 32) from memory init port spark_core.$flatten\u_sn0.$meminit$\mem$../spark_ram_asic.v:21$1067 (u_sn0.mem).
Removed top 27 address bits (of 32) from memory init port spark_core.$flatten\u_sn0.$meminit$\mem$../spark_ram_asic.v:21$1068 (u_sn0.mem).
Removed top 27 address bits (of 32) from memory init port spark_core.$flatten\u_sn0.$meminit$\mem$../spark_ram_asic.v:21$1069 (u_sn0.mem).
Removed top 27 address bits (of 32) from memory init port spark_core.$flatten\u_sn0.$meminit$\mem$../spark_ram_asic.v:21$1070 (u_sn0.mem).
Removed top 27 address bits (of 32) from memory init port spark_core.$flatten\u_sn0.$meminit$\mem$../spark_ram_asic.v:21$1071 (u_sn0.mem).
Removed top 27 address bits (of 32) from memory init port spark_core.$flatten\u_sn0.$meminit$\mem$../spark_ram_asic.v:21$1072 (u_sn0.mem).
Removed top 27 address bits (of 32) from memory init port spark_core.$flatten\u_sn0.$meminit$\mem$../spark_ram_asic.v:21$1073 (u_sn0.mem).
Removed top 27 address bits (of 32) from memory init port spark_core.$flatten\u_sn0.$meminit$\mem$../spark_ram_asic.v:21$1074 (u_sn0.mem).
Removed top 27 address bits (of 32) from memory init port spark_core.$flatten\u_sn0.$meminit$\mem$../spark_ram_asic.v:21$1075 (u_sn0.mem).
Removed top 27 address bits (of 32) from memory init port spark_core.$flatten\u_sn0.$meminit$\mem$../spark_ram_asic.v:21$1076 (u_sn0.mem).
Removed top 27 address bits (of 32) from memory init port spark_core.$flatten\u_sn0.$meminit$\mem$../spark_ram_asic.v:21$1077 (u_sn0.mem).
Removed top 27 address bits (of 32) from memory init port spark_core.$flatten\u_sn0.$meminit$\mem$../spark_ram_asic.v:21$1078 (u_sn0.mem).
Removed top 27 address bits (of 32) from memory init port spark_core.$flatten\u_sn0.$meminit$\mem$../spark_ram_asic.v:21$1079 (u_sn0.mem).
Removed top 27 address bits (of 32) from memory init port spark_core.$flatten\u_sn0.$meminit$\mem$../spark_ram_asic.v:21$1080 (u_sn0.mem).
Removed top 27 address bits (of 32) from memory init port spark_core.$flatten\u_sn0.$meminit$\mem$../spark_ram_asic.v:21$1081 (u_sn0.mem).
Removed top 27 address bits (of 32) from memory init port spark_core.$flatten\u_sn0.$meminit$\mem$../spark_ram_asic.v:21$1082 (u_sn0.mem).
Removed top 27 address bits (of 32) from memory init port spark_core.$flatten\u_sn0.$meminit$\mem$../spark_ram_asic.v:21$1083 (u_sn0.mem).
Removed top 27 address bits (of 32) from memory init port spark_core.$flatten\u_sn0.$meminit$\mem$../spark_ram_asic.v:21$1084 (u_sn0.mem).
Removed top 1 address bits (of 6) from memory read port spark_core.$flatten\u_sn0.$memrd$\mem$../spark_ram_asic.v:26$1060 (u_sn0.mem).
Removed top 2 address bits (of 6) from memory init port spark_core.$flatten\u_sn1.$auto$proc_memwr.cc:45:proc_memwr$7425 (u_sn1.mem).
Removed top 28 address bits (of 32) from memory init port spark_core.$flatten\u_sn1.$meminit$\mem$../spark_ram_asic.v:21$979 (u_sn1.mem).
Removed top 28 address bits (of 32) from memory init port spark_core.$flatten\u_sn1.$meminit$\mem$../spark_ram_asic.v:21$980 (u_sn1.mem).
Removed top 28 address bits (of 32) from memory init port spark_core.$flatten\u_sn1.$meminit$\mem$../spark_ram_asic.v:21$981 (u_sn1.mem).
Removed top 28 address bits (of 32) from memory init port spark_core.$flatten\u_sn1.$meminit$\mem$../spark_ram_asic.v:21$982 (u_sn1.mem).
Removed top 28 address bits (of 32) from memory init port spark_core.$flatten\u_sn1.$meminit$\mem$../spark_ram_asic.v:21$983 (u_sn1.mem).
Removed top 28 address bits (of 32) from memory init port spark_core.$flatten\u_sn1.$meminit$\mem$../spark_ram_asic.v:21$984 (u_sn1.mem).
Removed top 28 address bits (of 32) from memory init port spark_core.$flatten\u_sn1.$meminit$\mem$../spark_ram_asic.v:21$985 (u_sn1.mem).
Removed top 28 address bits (of 32) from memory init port spark_core.$flatten\u_sn1.$meminit$\mem$../spark_ram_asic.v:21$986 (u_sn1.mem).
Removed top 28 address bits (of 32) from memory init port spark_core.$flatten\u_sn1.$meminit$\mem$../spark_ram_asic.v:21$987 (u_sn1.mem).
Removed top 28 address bits (of 32) from memory init port spark_core.$flatten\u_sn1.$meminit$\mem$../spark_ram_asic.v:21$988 (u_sn1.mem).
Removed top 28 address bits (of 32) from memory init port spark_core.$flatten\u_sn1.$meminit$\mem$../spark_ram_asic.v:21$989 (u_sn1.mem).
Removed top 28 address bits (of 32) from memory init port spark_core.$flatten\u_sn1.$meminit$\mem$../spark_ram_asic.v:21$990 (u_sn1.mem).
Removed top 28 address bits (of 32) from memory init port spark_core.$flatten\u_sn1.$meminit$\mem$../spark_ram_asic.v:21$991 (u_sn1.mem).
Removed top 28 address bits (of 32) from memory init port spark_core.$flatten\u_sn1.$meminit$\mem$../spark_ram_asic.v:21$992 (u_sn1.mem).
Removed top 28 address bits (of 32) from memory init port spark_core.$flatten\u_sn1.$meminit$\mem$../spark_ram_asic.v:21$993 (u_sn1.mem).
Removed top 28 address bits (of 32) from memory init port spark_core.$flatten\u_sn1.$meminit$\mem$../spark_ram_asic.v:21$994 (u_sn1.mem).
Removed top 2 address bits (of 6) from memory read port spark_core.$flatten\u_sn1.$memrd$\mem$../spark_ram_asic.v:26$978 (u_sn1.mem).
Removed top 2 address bits (of 6) from memory init port spark_core.$flatten\u_sn2.$auto$proc_memwr.cc:45:proc_memwr$7425 (u_sn2.mem).
Removed top 28 address bits (of 32) from memory init port spark_core.$flatten\u_sn2.$meminit$\mem$../spark_ram_asic.v:21$979 (u_sn2.mem).
Removed top 28 address bits (of 32) from memory init port spark_core.$flatten\u_sn2.$meminit$\mem$../spark_ram_asic.v:21$980 (u_sn2.mem).
Removed top 28 address bits (of 32) from memory init port spark_core.$flatten\u_sn2.$meminit$\mem$../spark_ram_asic.v:21$981 (u_sn2.mem).
Removed top 28 address bits (of 32) from memory init port spark_core.$flatten\u_sn2.$meminit$\mem$../spark_ram_asic.v:21$982 (u_sn2.mem).
Removed top 28 address bits (of 32) from memory init port spark_core.$flatten\u_sn2.$meminit$\mem$../spark_ram_asic.v:21$983 (u_sn2.mem).
Removed top 28 address bits (of 32) from memory init port spark_core.$flatten\u_sn2.$meminit$\mem$../spark_ram_asic.v:21$984 (u_sn2.mem).
Removed top 28 address bits (of 32) from memory init port spark_core.$flatten\u_sn2.$meminit$\mem$../spark_ram_asic.v:21$985 (u_sn2.mem).
Removed top 28 address bits (of 32) from memory init port spark_core.$flatten\u_sn2.$meminit$\mem$../spark_ram_asic.v:21$986 (u_sn2.mem).
Removed top 28 address bits (of 32) from memory init port spark_core.$flatten\u_sn2.$meminit$\mem$../spark_ram_asic.v:21$987 (u_sn2.mem).
Removed top 28 address bits (of 32) from memory init port spark_core.$flatten\u_sn2.$meminit$\mem$../spark_ram_asic.v:21$988 (u_sn2.mem).
Removed top 28 address bits (of 32) from memory init port spark_core.$flatten\u_sn2.$meminit$\mem$../spark_ram_asic.v:21$989 (u_sn2.mem).
Removed top 28 address bits (of 32) from memory init port spark_core.$flatten\u_sn2.$meminit$\mem$../spark_ram_asic.v:21$990 (u_sn2.mem).
Removed top 28 address bits (of 32) from memory init port spark_core.$flatten\u_sn2.$meminit$\mem$../spark_ram_asic.v:21$991 (u_sn2.mem).
Removed top 28 address bits (of 32) from memory init port spark_core.$flatten\u_sn2.$meminit$\mem$../spark_ram_asic.v:21$992 (u_sn2.mem).
Removed top 28 address bits (of 32) from memory init port spark_core.$flatten\u_sn2.$meminit$\mem$../spark_ram_asic.v:21$993 (u_sn2.mem).
Removed top 28 address bits (of 32) from memory init port spark_core.$flatten\u_sn2.$meminit$\mem$../spark_ram_asic.v:21$994 (u_sn2.mem).
Removed top 2 address bits (of 6) from memory read port spark_core.$flatten\u_sn2.$memrd$\mem$../spark_ram_asic.v:26$978 (u_sn2.mem).
Removed top 2 address bits (of 6) from memory init port spark_core.$flatten\u_sn3.$auto$proc_memwr.cc:45:proc_memwr$7425 (u_sn3.mem).
Removed top 28 address bits (of 32) from memory init port spark_core.$flatten\u_sn3.$meminit$\mem$../spark_ram_asic.v:21$979 (u_sn3.mem).
Removed top 28 address bits (of 32) from memory init port spark_core.$flatten\u_sn3.$meminit$\mem$../spark_ram_asic.v:21$980 (u_sn3.mem).
Removed top 28 address bits (of 32) from memory init port spark_core.$flatten\u_sn3.$meminit$\mem$../spark_ram_asic.v:21$981 (u_sn3.mem).
Removed top 28 address bits (of 32) from memory init port spark_core.$flatten\u_sn3.$meminit$\mem$../spark_ram_asic.v:21$982 (u_sn3.mem).
Removed top 28 address bits (of 32) from memory init port spark_core.$flatten\u_sn3.$meminit$\mem$../spark_ram_asic.v:21$983 (u_sn3.mem).
Removed top 28 address bits (of 32) from memory init port spark_core.$flatten\u_sn3.$meminit$\mem$../spark_ram_asic.v:21$984 (u_sn3.mem).
Removed top 28 address bits (of 32) from memory init port spark_core.$flatten\u_sn3.$meminit$\mem$../spark_ram_asic.v:21$985 (u_sn3.mem).
Removed top 28 address bits (of 32) from memory init port spark_core.$flatten\u_sn3.$meminit$\mem$../spark_ram_asic.v:21$986 (u_sn3.mem).
Removed top 28 address bits (of 32) from memory init port spark_core.$flatten\u_sn3.$meminit$\mem$../spark_ram_asic.v:21$987 (u_sn3.mem).
Removed top 28 address bits (of 32) from memory init port spark_core.$flatten\u_sn3.$meminit$\mem$../spark_ram_asic.v:21$988 (u_sn3.mem).
Removed top 28 address bits (of 32) from memory init port spark_core.$flatten\u_sn3.$meminit$\mem$../spark_ram_asic.v:21$989 (u_sn3.mem).
Removed top 28 address bits (of 32) from memory init port spark_core.$flatten\u_sn3.$meminit$\mem$../spark_ram_asic.v:21$990 (u_sn3.mem).
Removed top 28 address bits (of 32) from memory init port spark_core.$flatten\u_sn3.$meminit$\mem$../spark_ram_asic.v:21$991 (u_sn3.mem).
Removed top 28 address bits (of 32) from memory init port spark_core.$flatten\u_sn3.$meminit$\mem$../spark_ram_asic.v:21$992 (u_sn3.mem).
Removed top 28 address bits (of 32) from memory init port spark_core.$flatten\u_sn3.$meminit$\mem$../spark_ram_asic.v:21$993 (u_sn3.mem).
Removed top 28 address bits (of 32) from memory init port spark_core.$flatten\u_sn3.$meminit$\mem$../spark_ram_asic.v:21$994 (u_sn3.mem).
Removed top 2 address bits (of 6) from memory read port spark_core.$flatten\u_sn3.$memrd$\mem$../spark_ram_asic.v:26$978 (u_sn3.mem).
Removed top 2 address bits (of 6) from memory init port spark_core.$flatten\u_th0.$auto$proc_memwr.cc:45:proc_memwr$7420 (u_th0.mem).
Removed top 28 address bits (of 32) from memory init port spark_core.$flatten\u_th0.$meminit$\mem$../spark_ram_asic.v:0$1366 (u_th0.mem).
Removed top 2 address bits (of 6) from memory read port spark_core.$flatten\u_th0.$memrd$\mem$../spark_ram_asic.v:26$1365 (u_th0.mem).
Removed top 2 address bits (of 6) from memory init port spark_core.$flatten\u_th1.$auto$proc_memwr.cc:45:proc_memwr$7421 (u_th1.mem).
Removed top 28 address bits (of 32) from memory init port spark_core.$flatten\u_th1.$meminit$\mem$../spark_ram_asic.v:0$1355 (u_th1.mem).
Removed top 2 address bits (of 6) from memory read port spark_core.$flatten\u_th1.$memrd$\mem$../spark_ram_asic.v:26$1354 (u_th1.mem).
Removed top 30 address bits (of 32) from memory read port spark_core.$memrd$\nzc$../../rtl/spark_core.v:105$1487 (nzc).
Removed top 30 address bits (of 32) from memory read port spark_core.$memrd$\nzc$../../rtl/spark_core.v:105$1488 (nzc).
Removed top 30 address bits (of 32) from memory read port spark_core.$memrd$\nzc$../../rtl/spark_core.v:105$1489 (nzc).
Removed top 30 address bits (of 32) from memory read port spark_core.$memrd$\nzc$../../rtl/spark_core.v:105$1490 (nzc).
Removed top 30 address bits (of 32) from memory read port spark_core.$memrd$\prc$../../rtl/spark_core.v:106$1491 (prc).
Removed top 30 address bits (of 32) from memory read port spark_core.$memrd$\prc$../../rtl/spark_core.v:106$1492 (prc).
Removed top 30 address bits (of 32) from memory read port spark_core.$memrd$\prc$../../rtl/spark_core.v:106$1493 (prc).
Removed top 30 address bits (of 32) from memory read port spark_core.$memrd$\prc$../../rtl/spark_core.v:106$1494 (prc).
Removed top 1 bits (of 5) from port B of cell spark_core.$procmux$4376_CMP0 ($eq).
Removed top 2 bits (of 5) from port B of cell spark_core.$procmux$4057_CMP0 ($eq).
Removed top 3 bits (of 4) from port B of cell spark_core.$auto$opt_dff.cc:195:make_patterns_logic$7651 ($ne).
Removed top 1 bits (of 5) from port B of cell spark_core.$procmux$2685_CMP0 ($eq).
Removed top 2 bits (of 3) from port B of cell spark_core.$procmux$2751_CMP0 ($eq).
Removed top 1 bits (of 3) from port B of cell spark_core.$procmux$2750_CMP0 ($eq).
Removed top 1 bits (of 3) from port B of cell spark_core.$procmux$2749_CMP0 ($eq).
Removed top 1 bits (of 4) from port B of cell spark_core.$ge$../../rtl/spark_core.v:83$1482 ($ge).
Removed top 28 bits (of 32) from mux cell spark_core.$ternary$../../rtl/spark_core.v:108$1496 ($mux).
Removed top 26 bits (of 32) from mux cell spark_core.$ternary$../../rtl/spark_core.v:109$1497 ($mux).
Removed top 2 bits (of 3) from port B of cell spark_core.$eq$../../rtl/spark_core.v:119$1504 ($eq).
Removed top 1 bits (of 3) from port B of cell spark_core.$eq$../../rtl/spark_core.v:124$1506 ($eq).
Removed top 1 bits (of 3) from port B of cell spark_core.$eq$../../rtl/spark_core.v:125$1508 ($eq).
Removed top 1 bits (of 2) from port B of cell spark_core.$gt$../../rtl/spark_core.v:175$1518 ($gt).
Removed top 7 bits (of 8) from port A of cell spark_core.$add$../../rtl/spark_core.v:195$1527 ($add).
Removed top 6 bits (of 8) from port Y of cell spark_core.$add$../../rtl/spark_core.v:195$1527 ($add).
Removed top 7 bits (of 8) from port A of cell spark_core.$add$../../rtl/spark_core.v:196$1528 ($add).
Removed top 6 bits (of 8) from port Y of cell spark_core.$add$../../rtl/spark_core.v:196$1528 ($add).
Removed top 6 bits (of 8) from port A of cell spark_core.$add$../../rtl/spark_core.v:195$1529 ($add).
Removed top 5 bits (of 8) from port Y of cell spark_core.$add$../../rtl/spark_core.v:195$1529 ($add).
Removed top 6 bits (of 8) from port A of cell spark_core.$add$../../rtl/spark_core.v:196$1530 ($add).
Removed top 5 bits (of 8) from port Y of cell spark_core.$add$../../rtl/spark_core.v:196$1530 ($add).
Removed top 5 bits (of 8) from port A of cell spark_core.$add$../../rtl/spark_core.v:195$1531 ($add).
Removed top 4 bits (of 8) from port Y of cell spark_core.$add$../../rtl/spark_core.v:195$1531 ($add).
Removed top 5 bits (of 8) from port A of cell spark_core.$add$../../rtl/spark_core.v:196$1532 ($add).
Removed top 4 bits (of 8) from port Y of cell spark_core.$add$../../rtl/spark_core.v:196$1532 ($add).
Removed top 4 bits (of 8) from port A of cell spark_core.$add$../../rtl/spark_core.v:195$1533 ($add).
Removed top 3 bits (of 8) from port Y of cell spark_core.$add$../../rtl/spark_core.v:195$1533 ($add).
Removed top 4 bits (of 8) from port A of cell spark_core.$add$../../rtl/spark_core.v:196$1534 ($add).
Removed top 3 bits (of 8) from port Y of cell spark_core.$add$../../rtl/spark_core.v:196$1534 ($add).
Removed top 3 bits (of 8) from port A of cell spark_core.$add$../../rtl/spark_core.v:195$1535 ($add).
Removed top 2 bits (of 8) from port Y of cell spark_core.$add$../../rtl/spark_core.v:195$1535 ($add).
Removed top 3 bits (of 8) from port A of cell spark_core.$add$../../rtl/spark_core.v:196$1536 ($add).
Removed top 2 bits (of 8) from port Y of cell spark_core.$add$../../rtl/spark_core.v:196$1536 ($add).
Removed top 2 bits (of 8) from port A of cell spark_core.$add$../../rtl/spark_core.v:195$1537 ($add).
Removed top 1 bits (of 8) from port Y of cell spark_core.$add$../../rtl/spark_core.v:195$1537 ($add).
Removed top 2 bits (of 8) from port A of cell spark_core.$add$../../rtl/spark_core.v:196$1538 ($add).
Removed top 1 bits (of 8) from port Y of cell spark_core.$add$../../rtl/spark_core.v:196$1538 ($add).
Removed top 1 bits (of 8) from port A of cell spark_core.$add$../../rtl/spark_core.v:195$1539 ($add).
Removed top 1 bits (of 8) from port A of cell spark_core.$add$../../rtl/spark_core.v:196$1540 ($add).
Removed top 1 bits (of 5) from port A of cell spark_core.$sub$../../rtl/spark_core.v:203$1542 ($sub).
Removed top 1 bits (of 5) from port B of cell spark_core.$sub$../../rtl/spark_core.v:203$1542 ($sub).
Removed top 1 bits (of 5) from port A of cell spark_core.$sub$../../rtl/spark_core.v:208$1547 ($sub).
Removed top 1 bits (of 5) from port B of cell spark_core.$sub$../../rtl/spark_core.v:208$1547 ($sub).
Removed top 1 bits (of 5) from port A of cell spark_core.$sub$../../rtl/spark_core.v:203$1549 ($sub).
Removed top 1 bits (of 5) from port B of cell spark_core.$sub$../../rtl/spark_core.v:203$1549 ($sub).
Removed top 1 bits (of 5) from port A of cell spark_core.$sub$../../rtl/spark_core.v:208$1554 ($sub).
Removed top 1 bits (of 5) from port B of cell spark_core.$sub$../../rtl/spark_core.v:208$1554 ($sub).
Removed top 1 bits (of 5) from port A of cell spark_core.$sub$../../rtl/spark_core.v:203$1556 ($sub).
Removed top 1 bits (of 5) from port B of cell spark_core.$sub$../../rtl/spark_core.v:203$1556 ($sub).
Removed top 1 bits (of 5) from port A of cell spark_core.$sub$../../rtl/spark_core.v:208$1561 ($sub).
Removed top 1 bits (of 5) from port B of cell spark_core.$sub$../../rtl/spark_core.v:208$1561 ($sub).
Removed top 1 bits (of 5) from port A of cell spark_core.$sub$../../rtl/spark_core.v:203$1563 ($sub).
Removed top 1 bits (of 5) from port B of cell spark_core.$sub$../../rtl/spark_core.v:203$1563 ($sub).
Removed top 1 bits (of 5) from port A of cell spark_core.$sub$../../rtl/spark_core.v:208$1568 ($sub).
Removed top 1 bits (of 5) from port B of cell spark_core.$sub$../../rtl/spark_core.v:208$1568 ($sub).
Removed top 1 bits (of 5) from port A of cell spark_core.$sub$../../rtl/spark_core.v:203$1570 ($sub).
Removed top 1 bits (of 5) from port B of cell spark_core.$sub$../../rtl/spark_core.v:203$1570 ($sub).
Removed top 1 bits (of 5) from port A of cell spark_core.$sub$../../rtl/spark_core.v:208$1575 ($sub).
Removed top 1 bits (of 5) from port B of cell spark_core.$sub$../../rtl/spark_core.v:208$1575 ($sub).
Removed top 1 bits (of 5) from port A of cell spark_core.$sub$../../rtl/spark_core.v:203$1577 ($sub).
Removed top 1 bits (of 5) from port B of cell spark_core.$sub$../../rtl/spark_core.v:203$1577 ($sub).
Removed top 1 bits (of 5) from port A of cell spark_core.$sub$../../rtl/spark_core.v:208$1582 ($sub).
Removed top 1 bits (of 5) from port B of cell spark_core.$sub$../../rtl/spark_core.v:208$1582 ($sub).
Removed top 1 bits (of 5) from port A of cell spark_core.$sub$../../rtl/spark_core.v:203$1584 ($sub).
Removed top 1 bits (of 5) from port B of cell spark_core.$sub$../../rtl/spark_core.v:203$1584 ($sub).
Removed top 1 bits (of 5) from port A of cell spark_core.$sub$../../rtl/spark_core.v:208$1589 ($sub).
Removed top 1 bits (of 5) from port B of cell spark_core.$sub$../../rtl/spark_core.v:208$1589 ($sub).
Removed top 1 bits (of 5) from port A of cell spark_core.$sub$../../rtl/spark_core.v:203$1591 ($sub).
Removed top 1 bits (of 5) from port B of cell spark_core.$sub$../../rtl/spark_core.v:203$1591 ($sub).
Removed top 1 bits (of 5) from port A of cell spark_core.$sub$../../rtl/spark_core.v:208$1596 ($sub).
Removed top 1 bits (of 5) from port B of cell spark_core.$sub$../../rtl/spark_core.v:208$1596 ($sub).
Removed top 12 bits (of 16) from port A of cell spark_core.$mul$../../rtl/spark_core.v:223$1600 ($mul).
Removed top 7 bits (of 16) from port Y of cell spark_core.$mul$../../rtl/spark_core.v:223$1600 ($mul).
Removed top 7 bits (of 16) from port B of cell spark_core.$add$../../rtl/spark_core.v:222$1601 ($add).
Removed top 12 bits (of 16) from port A of cell spark_core.$mul$../../rtl/spark_core.v:223$1602 ($mul).
Removed top 7 bits (of 16) from port Y of cell spark_core.$mul$../../rtl/spark_core.v:223$1602 ($mul).
Removed top 7 bits (of 16) from port B of cell spark_core.$add$../../rtl/spark_core.v:222$1603 ($add).
Removed top 12 bits (of 16) from port A of cell spark_core.$mul$../../rtl/spark_core.v:223$1604 ($mul).
Removed top 7 bits (of 16) from port Y of cell spark_core.$mul$../../rtl/spark_core.v:223$1604 ($mul).
Removed top 7 bits (of 16) from port B of cell spark_core.$add$../../rtl/spark_core.v:222$1605 ($add).
Removed top 12 bits (of 16) from port A of cell spark_core.$mul$../../rtl/spark_core.v:223$1606 ($mul).
Removed top 7 bits (of 16) from port Y of cell spark_core.$mul$../../rtl/spark_core.v:223$1606 ($mul).
Removed top 7 bits (of 16) from port B of cell spark_core.$add$../../rtl/spark_core.v:222$1607 ($add).
Removed top 12 bits (of 16) from port A of cell spark_core.$mul$../../rtl/spark_core.v:223$1608 ($mul).
Removed top 7 bits (of 16) from port Y of cell spark_core.$mul$../../rtl/spark_core.v:223$1608 ($mul).
Removed top 7 bits (of 16) from port B of cell spark_core.$add$../../rtl/spark_core.v:222$1609 ($add).
Removed top 12 bits (of 16) from port A of cell spark_core.$mul$../../rtl/spark_core.v:223$1610 ($mul).
Removed top 7 bits (of 16) from port Y of cell spark_core.$mul$../../rtl/spark_core.v:223$1610 ($mul).
Removed top 7 bits (of 16) from port B of cell spark_core.$add$../../rtl/spark_core.v:222$1611 ($add).
Removed top 12 bits (of 16) from port A of cell spark_core.$mul$../../rtl/spark_core.v:223$1612 ($mul).
Removed top 7 bits (of 16) from port Y of cell spark_core.$mul$../../rtl/spark_core.v:223$1612 ($mul).
Removed top 7 bits (of 16) from port B of cell spark_core.$add$../../rtl/spark_core.v:222$1613 ($add).
Removed top 12 bits (of 16) from port A of cell spark_core.$mul$../../rtl/spark_core.v:223$1614 ($mul).
Removed top 7 bits (of 16) from port Y of cell spark_core.$mul$../../rtl/spark_core.v:223$1614 ($mul).
Removed top 7 bits (of 16) from port B of cell spark_core.$add$../../rtl/spark_core.v:222$1615 ($add).
Removed top 23 bits (of 32) from port B of cell spark_core.$shiftx$../../rtl/spark_core.v:0$1621 ($shiftx).
Removed top 23 bits (of 32) from port B of cell spark_core.$shiftx$../../rtl/spark_core.v:0$1626 ($shiftx).
Removed top 9 bits (of 25) from port A of cell spark_core.$mul$../../rtl/spark_core.v:244$1627 ($mul).
Removed top 15 bits (of 25) from port B of cell spark_core.$mul$../../rtl/spark_core.v:244$1627 ($mul).
Removed top 10 bits (of 26) from port A of cell spark_core.$sshr$../../rtl/spark_core.v:245$1629 ($sshr).
Removed top 8 bits (of 25) from port A of cell spark_core.$add$../../rtl/spark_core.v:245$1630 ($add).
Removed top 10 bits (of 26) from port B of cell spark_core.$gt$../../rtl/spark_core.v:246$1631 ($gt).
Removed top 10 bits (of 26) from port B of cell spark_core.$lt$../../rtl/spark_core.v:246$1632 ($lt).
Removed top 31 bits (of 32) from port B of cell spark_core.$lt$../../rtl/spark_core.v:247$1635 ($lt).
Removed top 14 bits (of 17) from port B of cell spark_core.$gt$../../rtl/spark_core.v:249$1639 ($gt).
Converting cell spark_core.$neg$../../rtl/spark_core.v:250$1641 ($neg) from signed to unsigned.
Removed top 1 bits (of 5) from port A of cell spark_core.$neg$../../rtl/spark_core.v:250$1641 ($neg).
Removed top 23 bits (of 32) from port B of cell spark_core.$shiftx$../../rtl/spark_core.v:0$1647 ($shiftx).
Removed top 2 bits (of 18) from port A of cell spark_core.$sub$../../rtl/spark_core.v:253$1648 ($sub).
Removed top 2 bits (of 18) from port B of cell spark_core.$sub$../../rtl/spark_core.v:253$1648 ($sub).
Removed top 1 bits (of 18) from port Y of cell spark_core.$sub$../../rtl/spark_core.v:253$1648 ($sub).
Removed top 1 bits (of 18) from port A of cell spark_core.$sshr$../../rtl/spark_core.v:254$1649 ($sshr).
Removed top 31 bits (of 32) from port B of cell spark_core.$lt$../../rtl/spark_core.v:255$1650 ($lt).
Removed top 28 bits (of 32) from port B of cell spark_core.$gt$../../rtl/spark_core.v:255$1651 ($gt).
Removed top 12 bits (of 17) from port A of cell spark_core.$sshl$../../rtl/spark_core.v:257$1654 ($sshl).
Removed top 1 bits (of 17) from port A of cell spark_core.$sub$../../rtl/spark_core.v:257$1655 ($sub).
Removed top 1 bits (of 17) from port Y of cell spark_core.$sub$../../rtl/spark_core.v:257$1655 ($sub).
Removed top 1 bits (of 17) from port B of cell spark_core.$sub$../../rtl/spark_core.v:257$1655 ($sub).
Removed top 28 bits (of 32) from port A of cell spark_core.$add$../../rtl/spark_core.v:242$1657 ($add).
Removed top 31 bits (of 32) from port B of cell spark_core.$add$../../rtl/spark_core.v:242$1657 ($add).
Removed top 27 bits (of 32) from port Y of cell spark_core.$add$../../rtl/spark_core.v:242$1657 ($add).
Removed top 22 bits (of 32) from port B of cell spark_core.$shiftx$../../rtl/spark_core.v:0$1660 ($shiftx).
Removed top 22 bits (of 32) from port B of cell spark_core.$shiftx$../../rtl/spark_core.v:0$1665 ($shiftx).
Removed top 9 bits (of 25) from port A of cell spark_core.$mul$../../rtl/spark_core.v:244$1666 ($mul).
Removed top 15 bits (of 25) from port B of cell spark_core.$mul$../../rtl/spark_core.v:244$1666 ($mul).
Removed top 10 bits (of 26) from port A of cell spark_core.$sshr$../../rtl/spark_core.v:245$1668 ($sshr).
Removed top 8 bits (of 25) from port A of cell spark_core.$add$../../rtl/spark_core.v:245$1669 ($add).
Removed top 10 bits (of 26) from port B of cell spark_core.$gt$../../rtl/spark_core.v:246$1670 ($gt).
Removed top 10 bits (of 26) from port B of cell spark_core.$lt$../../rtl/spark_core.v:246$1671 ($lt).
Removed top 31 bits (of 32) from port B of cell spark_core.$lt$../../rtl/spark_core.v:247$1674 ($lt).
Removed top 14 bits (of 17) from port B of cell spark_core.$gt$../../rtl/spark_core.v:249$1678 ($gt).
Converting cell spark_core.$neg$../../rtl/spark_core.v:250$1680 ($neg) from signed to unsigned.
Removed top 1 bits (of 5) from port A of cell spark_core.$neg$../../rtl/spark_core.v:250$1680 ($neg).
Removed top 22 bits (of 32) from port B of cell spark_core.$shiftx$../../rtl/spark_core.v:0$1686 ($shiftx).
Removed top 2 bits (of 18) from port A of cell spark_core.$sub$../../rtl/spark_core.v:253$1687 ($sub).
Removed top 2 bits (of 18) from port B of cell spark_core.$sub$../../rtl/spark_core.v:253$1687 ($sub).
Removed top 1 bits (of 18) from port Y of cell spark_core.$sub$../../rtl/spark_core.v:253$1687 ($sub).
Removed top 1 bits (of 18) from port A of cell spark_core.$sshr$../../rtl/spark_core.v:254$1688 ($sshr).
Removed top 31 bits (of 32) from port B of cell spark_core.$lt$../../rtl/spark_core.v:255$1689 ($lt).
Removed top 28 bits (of 32) from port B of cell spark_core.$gt$../../rtl/spark_core.v:255$1690 ($gt).
Removed top 12 bits (of 17) from port A of cell spark_core.$sshl$../../rtl/spark_core.v:257$1693 ($sshl).
Removed top 1 bits (of 17) from port A of cell spark_core.$sub$../../rtl/spark_core.v:257$1694 ($sub).
Removed top 1 bits (of 17) from port Y of cell spark_core.$sub$../../rtl/spark_core.v:257$1694 ($sub).
Removed top 1 bits (of 17) from port B of cell spark_core.$sub$../../rtl/spark_core.v:257$1694 ($sub).
Removed top 28 bits (of 32) from port A of cell spark_core.$add$../../rtl/spark_core.v:242$1696 ($add).
Removed top 30 bits (of 32) from port B of cell spark_core.$add$../../rtl/spark_core.v:242$1696 ($add).
Removed top 27 bits (of 32) from port Y of cell spark_core.$add$../../rtl/spark_core.v:242$1696 ($add).
Removed top 22 bits (of 32) from port B of cell spark_core.$shiftx$../../rtl/spark_core.v:0$1699 ($shiftx).
Removed top 22 bits (of 32) from port B of cell spark_core.$shiftx$../../rtl/spark_core.v:0$1704 ($shiftx).
Removed top 9 bits (of 25) from port A of cell spark_core.$mul$../../rtl/spark_core.v:244$1705 ($mul).
Removed top 15 bits (of 25) from port B of cell spark_core.$mul$../../rtl/spark_core.v:244$1705 ($mul).
Removed top 10 bits (of 26) from port A of cell spark_core.$sshr$../../rtl/spark_core.v:245$1707 ($sshr).
Removed top 8 bits (of 25) from port A of cell spark_core.$add$../../rtl/spark_core.v:245$1708 ($add).
Removed top 10 bits (of 26) from port B of cell spark_core.$gt$../../rtl/spark_core.v:246$1709 ($gt).
Removed top 10 bits (of 26) from port B of cell spark_core.$lt$../../rtl/spark_core.v:246$1710 ($lt).
Removed top 31 bits (of 32) from port B of cell spark_core.$lt$../../rtl/spark_core.v:247$1713 ($lt).
Removed top 14 bits (of 17) from port B of cell spark_core.$gt$../../rtl/spark_core.v:249$1717 ($gt).
Converting cell spark_core.$neg$../../rtl/spark_core.v:250$1719 ($neg) from signed to unsigned.
Removed top 1 bits (of 5) from port A of cell spark_core.$neg$../../rtl/spark_core.v:250$1719 ($neg).
Removed top 22 bits (of 32) from port B of cell spark_core.$shiftx$../../rtl/spark_core.v:0$1725 ($shiftx).
Removed top 2 bits (of 18) from port A of cell spark_core.$sub$../../rtl/spark_core.v:253$1726 ($sub).
Removed top 2 bits (of 18) from port B of cell spark_core.$sub$../../rtl/spark_core.v:253$1726 ($sub).
Removed top 1 bits (of 18) from port Y of cell spark_core.$sub$../../rtl/spark_core.v:253$1726 ($sub).
Removed top 1 bits (of 18) from port A of cell spark_core.$sshr$../../rtl/spark_core.v:254$1727 ($sshr).
Removed top 31 bits (of 32) from port B of cell spark_core.$lt$../../rtl/spark_core.v:255$1728 ($lt).
Removed top 28 bits (of 32) from port B of cell spark_core.$gt$../../rtl/spark_core.v:255$1729 ($gt).
Removed top 12 bits (of 17) from port A of cell spark_core.$sshl$../../rtl/spark_core.v:257$1732 ($sshl).
Removed top 1 bits (of 17) from port A of cell spark_core.$sub$../../rtl/spark_core.v:257$1733 ($sub).
Removed top 1 bits (of 17) from port Y of cell spark_core.$sub$../../rtl/spark_core.v:257$1733 ($sub).
Removed top 1 bits (of 17) from port B of cell spark_core.$sub$../../rtl/spark_core.v:257$1733 ($sub).
Removed top 28 bits (of 32) from port A of cell spark_core.$add$../../rtl/spark_core.v:242$1735 ($add).
Removed top 30 bits (of 32) from port B of cell spark_core.$add$../../rtl/spark_core.v:242$1735 ($add).
Removed top 27 bits (of 32) from port Y of cell spark_core.$add$../../rtl/spark_core.v:242$1735 ($add).
Removed top 22 bits (of 32) from port B of cell spark_core.$shiftx$../../rtl/spark_core.v:0$1738 ($shiftx).
Removed top 22 bits (of 32) from port B of cell spark_core.$shiftx$../../rtl/spark_core.v:0$1743 ($shiftx).
Removed top 9 bits (of 25) from port A of cell spark_core.$mul$../../rtl/spark_core.v:244$1744 ($mul).
Removed top 15 bits (of 25) from port B of cell spark_core.$mul$../../rtl/spark_core.v:244$1744 ($mul).
Removed top 10 bits (of 26) from port A of cell spark_core.$sshr$../../rtl/spark_core.v:245$1746 ($sshr).
Removed top 8 bits (of 25) from port A of cell spark_core.$add$../../rtl/spark_core.v:245$1747 ($add).
Removed top 10 bits (of 26) from port B of cell spark_core.$gt$../../rtl/spark_core.v:246$1748 ($gt).
Removed top 10 bits (of 26) from port B of cell spark_core.$lt$../../rtl/spark_core.v:246$1749 ($lt).
Removed top 31 bits (of 32) from port B of cell spark_core.$lt$../../rtl/spark_core.v:247$1752 ($lt).
Removed top 14 bits (of 17) from port B of cell spark_core.$gt$../../rtl/spark_core.v:249$1756 ($gt).
Converting cell spark_core.$neg$../../rtl/spark_core.v:250$1758 ($neg) from signed to unsigned.
Removed top 1 bits (of 5) from port A of cell spark_core.$neg$../../rtl/spark_core.v:250$1758 ($neg).
Removed top 22 bits (of 32) from port B of cell spark_core.$shiftx$../../rtl/spark_core.v:0$1764 ($shiftx).
Removed top 2 bits (of 18) from port A of cell spark_core.$sub$../../rtl/spark_core.v:253$1765 ($sub).
Removed top 2 bits (of 18) from port B of cell spark_core.$sub$../../rtl/spark_core.v:253$1765 ($sub).
Removed top 1 bits (of 18) from port Y of cell spark_core.$sub$../../rtl/spark_core.v:253$1765 ($sub).
Removed top 1 bits (of 18) from port A of cell spark_core.$sshr$../../rtl/spark_core.v:254$1766 ($sshr).
Removed top 31 bits (of 32) from port B of cell spark_core.$lt$../../rtl/spark_core.v:255$1767 ($lt).
Removed top 28 bits (of 32) from port B of cell spark_core.$gt$../../rtl/spark_core.v:255$1768 ($gt).
Removed top 12 bits (of 17) from port A of cell spark_core.$sshl$../../rtl/spark_core.v:257$1771 ($sshl).
Removed top 1 bits (of 17) from port A of cell spark_core.$sub$../../rtl/spark_core.v:257$1772 ($sub).
Removed top 1 bits (of 17) from port Y of cell spark_core.$sub$../../rtl/spark_core.v:257$1772 ($sub).
Removed top 1 bits (of 17) from port B of cell spark_core.$sub$../../rtl/spark_core.v:257$1772 ($sub).
Removed top 16 bits (of 32) from port A of cell spark_core.$gt$../../rtl/spark_core.v:270$1779 ($gt).
Removed top 22 bits (of 32) from port A of cell spark_core.$add$../../rtl/spark_core.v:270$1782 ($add).
Removed top 28 bits (of 32) from port B of cell spark_core.$add$../../rtl/spark_core.v:270$1782 ($add).
Removed top 21 bits (of 32) from port Y of cell spark_core.$add$../../rtl/spark_core.v:270$1782 ($add).
Removed top 16 bits (of 32) from port A of cell spark_core.$gt$../../rtl/spark_core.v:271$1784 ($gt).
Removed top 16 bits (of 32) from port A of cell spark_core.$gt$../../rtl/spark_core.v:270$1790 ($gt).
Removed top 21 bits (of 32) from port A of cell spark_core.$add$../../rtl/spark_core.v:270$1794 ($add).
Removed top 31 bits (of 32) from port B of cell spark_core.$add$../../rtl/spark_core.v:270$1794 ($add).
Removed top 24 bits (of 32) from port Y of cell spark_core.$add$../../rtl/spark_core.v:270$1794 ($add).
Removed top 3 bits (of 11) from port A of cell spark_core.$add$../../rtl/spark_core.v:270$1794 ($add).
Removed top 16 bits (of 32) from port A of cell spark_core.$gt$../../rtl/spark_core.v:271$1795 ($gt).
Removed top 16 bits (of 32) from port A of cell spark_core.$gt$../../rtl/spark_core.v:270$1801 ($gt).
Removed top 21 bits (of 32) from port A of cell spark_core.$add$../../rtl/spark_core.v:270$1805 ($add).
Removed top 30 bits (of 32) from port B of cell spark_core.$add$../../rtl/spark_core.v:270$1805 ($add).
Removed top 24 bits (of 32) from port Y of cell spark_core.$add$../../rtl/spark_core.v:270$1805 ($add).
Removed top 3 bits (of 11) from port A of cell spark_core.$add$../../rtl/spark_core.v:270$1805 ($add).
Removed top 16 bits (of 32) from port A of cell spark_core.$gt$../../rtl/spark_core.v:271$1806 ($gt).
Removed top 16 bits (of 32) from port A of cell spark_core.$gt$../../rtl/spark_core.v:270$1812 ($gt).
Removed top 21 bits (of 32) from port A of cell spark_core.$add$../../rtl/spark_core.v:270$1816 ($add).
Removed top 30 bits (of 32) from port B of cell spark_core.$add$../../rtl/spark_core.v:270$1816 ($add).
Removed top 24 bits (of 32) from port Y of cell spark_core.$add$../../rtl/spark_core.v:270$1816 ($add).
Removed top 3 bits (of 11) from port A of cell spark_core.$add$../../rtl/spark_core.v:270$1816 ($add).
Removed top 16 bits (of 32) from port A of cell spark_core.$gt$../../rtl/spark_core.v:271$1817 ($gt).
Removed top 21 bits (of 32) from port A of cell spark_core.$add$../../rtl/spark_core.v:278$1872 ($add).
Removed top 29 bits (of 32) from port B of cell spark_core.$add$../../rtl/spark_core.v:278$1872 ($add).
Removed top 21 bits (of 32) from port Y of cell spark_core.$add$../../rtl/spark_core.v:278$1872 ($add).
Removed top 21 bits (of 32) from port A of cell spark_core.$add$../../rtl/spark_core.v:279$1875 ($add).
Removed top 29 bits (of 32) from port B of cell spark_core.$add$../../rtl/spark_core.v:279$1875 ($add).
Removed top 21 bits (of 32) from port Y of cell spark_core.$add$../../rtl/spark_core.v:279$1875 ($add).
Removed top 21 bits (of 32) from port A of cell spark_core.$add$../../rtl/spark_core.v:280$1878 ($add).
Removed top 29 bits (of 32) from port B of cell spark_core.$add$../../rtl/spark_core.v:280$1878 ($add).
Removed top 21 bits (of 32) from port Y of cell spark_core.$add$../../rtl/spark_core.v:280$1878 ($add).
Removed top 1 bits (of 2) from port B of cell spark_core.$add$../../rtl/spark_core.v:299$1932 ($add).
Removed top 41 bits (of 43) from mux cell spark_core.$ternary$../../rtl/spark_core.v:298$1934 ($mux).
Removed top 8 bits (of 32) from port A of cell spark_core.$mul$../../rtl/spark_core.v:163$1935 ($mul).
Removed top 1 bits (of 7) from port B of cell spark_core.$lt$../../rtl/spark_core.v:306$1936 ($lt).
Removed top 20 bits (of 32) from port A of cell spark_core.$add$../../rtl/spark_core.v:307$1940 ($add).
Removed top 20 bits (of 32) from port Y of cell spark_core.$add$../../rtl/spark_core.v:307$1940 ($add).
Removed top 19 bits (of 32) from port A of cell spark_core.$add$../../rtl/spark_core.v:309$1944 ($add).
Removed top 20 bits (of 32) from port Y of cell spark_core.$add$../../rtl/spark_core.v:309$1944 ($add).
Removed top 1 bits (of 13) from port A of cell spark_core.$add$../../rtl/spark_core.v:309$1944 ($add).
Removed top 31 bits (of 32) from port B of cell spark_core.$ge$../../rtl/spark_core.v:313$1947 ($ge).
Removed top 31 bits (of 32) from port B of cell spark_core.$sub$../../rtl/spark_core.v:314$1954 ($sub).
Removed top 26 bits (of 32) from port Y of cell spark_core.$sub$../../rtl/spark_core.v:314$1954 ($sub).
Removed top 1 bits (of 7) from port A of cell spark_core.$sub$../../rtl/spark_core.v:314$1954 ($sub).
Removed top 31 bits (of 32) from port B of cell spark_core.$add$../../rtl/spark_core.v:349$2052 ($add).
Removed top 1 bits (of 2) from port B of cell spark_core.$add$../../rtl/spark_core.v:354$2098 ($add).
Removed top 15 bits (of 16) from port B of cell spark_core.$add$../../rtl/spark_core.v:355$2099 ($add).
Removed top 31 bits (of 32) from port B of cell spark_core.$add$../../rtl/spark_core.v:364$2101 ($add).
Removed top 8 bits (of 32) from port B of cell spark_core.$eq$../../rtl/spark_core.v:373$2106 ($eq).
Removed top 1 bits (of 5) from mux cell spark_core.$ternary$../../rtl/spark_core.v:386$2111 ($mux).
Removed top 31 bits (of 32) from port B of cell spark_core.$add$../../rtl/spark_core.v:390$2112 ($add).
Removed top 31 bits (of 32) from port B of cell spark_core.$add$../../rtl/spark_core.v:393$2114 ($add).
Removed top 25 bits (of 32) from port Y of cell spark_core.$add$../../rtl/spark_core.v:393$2114 ($add).
Removed top 25 bits (of 32) from port A of cell spark_core.$eq$../../rtl/spark_core.v:393$2115 ($eq).
Removed top 2 bits (of 7) from port B of cell spark_core.$eq$../../rtl/spark_core.v:393$2115 ($eq).
Removed top 31 bits (of 32) from port B of cell spark_core.$add$../../rtl/spark_core.v:404$2127 ($add).
Removed top 24 bits (of 32) from port Y of cell spark_core.$add$../../rtl/spark_core.v:404$2127 ($add).
Removed top 24 bits (of 32) from port A of cell spark_core.$eq$../../rtl/spark_core.v:404$2128 ($eq).
Removed top 1 bits (of 7) from port B of cell spark_core.$eq$../../rtl/spark_core.v:404$2128 ($eq).
Removed top 23 bits (of 32) from port A of cell spark_core.$add$../../rtl/spark_core.v:421$2180 ($add).
Removed top 24 bits (of 32) from port Y of cell spark_core.$add$../../rtl/spark_core.v:421$2180 ($add).
Removed top 1 bits (of 9) from port A of cell spark_core.$add$../../rtl/spark_core.v:421$2180 ($add).
Removed top 27 bits (of 32) from port A of cell spark_core.$neg$../../rtl/spark_core.v:0$2183 ($neg).
Converting cell spark_core.$neg$../../rtl/spark_core.v:0$2183 ($neg) from signed to unsigned.
Removed top 1 bits (of 5) from port A of cell spark_core.$neg$../../rtl/spark_core.v:0$2183 ($neg).
Removed top 26 bits (of 33) from port A of cell spark_core.$neg$../../rtl/spark_core.v:0$2199 ($neg).
Converting cell spark_core.$neg$../../rtl/spark_core.v:0$2199 ($neg) from signed to unsigned.
Removed top 1 bits (of 7) from port A of cell spark_core.$neg$../../rtl/spark_core.v:0$2199 ($neg).
Removed top 25 bits (of 32) from port B of cell spark_core.$shiftx$../../rtl/spark_core.v:0$2203 ($shiftx).
Removed top 31 bits (of 32) from port B of cell spark_core.$add$../../rtl/spark_core.v:425$2212 ($add).
Removed top 16 bits (of 32) from port Y of cell spark_core.$add$../../rtl/spark_core.v:425$2212 ($add).
Removed top 31 bits (of 32) from port B of cell spark_core.$add$../../rtl/spark_core.v:426$2219 ($add).
Removed top 16 bits (of 32) from port Y of cell spark_core.$add$../../rtl/spark_core.v:426$2219 ($add).
Removed top 31 bits (of 32) from port B of cell spark_core.$add$../../rtl/spark_core.v:432$2220 ($add).
Removed top 31 bits (of 32) from port B of cell spark_core.$add$../../rtl/spark_core.v:433$2222 ($add).
Removed top 1 bits (of 7) from port B of cell spark_core.$eq$../../rtl/spark_core.v:434$2223 ($eq).
Removed top 31 bits (of 32) from port B of cell spark_core.$add$../../rtl/spark_core.v:435$2224 ($add).
Removed top 25 bits (of 32) from port Y of cell spark_core.$add$../../rtl/spark_core.v:435$2224 ($add).
Removed top 31 bits (of 32) from port B of cell spark_core.$add$../../rtl/spark_core.v:446$2229 ($add).
Removed top 24 bits (of 33) from port A of cell spark_core.$neg$../../rtl/spark_core.v:0$2237 ($neg).
Converting cell spark_core.$neg$../../rtl/spark_core.v:0$2237 ($neg) from signed to unsigned.
Removed top 1 bits (of 9) from port A of cell spark_core.$neg$../../rtl/spark_core.v:0$2237 ($neg).
Removed top 26 bits (of 33) from port A of cell spark_core.$neg$../../rtl/spark_core.v:0$2249 ($neg).
Converting cell spark_core.$neg$../../rtl/spark_core.v:0$2249 ($neg) from signed to unsigned.
Removed top 1 bits (of 7) from port A of cell spark_core.$neg$../../rtl/spark_core.v:0$2249 ($neg).
Removed top 1 bits (of 2) from port B of cell spark_core.$add$../../rtl/spark_core.v:458$2258 ($add).
Removed top 1 bits (of 2) from port B of cell spark_core.$eq$../../rtl/spark_core.v:459$2259 ($eq).
Removed top 2 bits (of 4) from port B of cell spark_core.$add$../../rtl/spark_core.v:472$2268 ($add).
Removed top 3 bits (of 4) from port B of cell spark_core.$sub$../../rtl/spark_core.v:475$2271 ($sub).
Removed top 1 bits (of 2) from port B of cell spark_core.$eq$../../rtl/spark_core.v:477$2273 ($eq).
Removed top 16 bits (of 32) from port B of cell spark_core.$lt$../../rtl/spark_core.v:483$2276 ($lt).
Removed top 1 bits (of 5) from port B of cell spark_core.$procmux$4542_CMP0 ($eq).
Removed top 1 bits (of 5) from port B of cell spark_core.$procmux$4589_CMP0 ($eq).
Removed top 1 bits (of 5) from port B of cell spark_core.$procmux$4602_CMP0 ($eq).
Removed top 2 bits (of 5) from port B of cell spark_core.$procmux$4684_CMP0 ($eq).
Removed top 3 bits (of 5) from port B of cell spark_core.$procmux$4792_CMP0 ($eq).
Removed top 3 bits (of 5) from port B of cell spark_core.$procmux$4822_CMP0 ($eq).
Removed top 1 bits (of 2) from port B of cell spark_core.$procmux$4861_CMP0 ($eq).
Removed top 1 bits (of 5) from port B of cell spark_core.$procmux$4868_CMP0 ($eq).
Removed top 2 bits (of 5) from port B of cell spark_core.$procmux$4875_CMP0 ($eq).
Removed top 1 bits (of 5) from mux cell spark_core.$procmux$5083 ($mux).
Removed top 1 bits (of 5) from mux cell spark_core.$procmux$5088 ($mux).
Removed top 2 bits (of 5) from mux cell spark_core.$procmux$5095 ($mux).
Removed top 1 bits (of 5) from port B of cell spark_core.$procmux$5102_CMP0 ($eq).
Removed top 1 bits (of 5) from mux cell spark_core.$procmux$5104 ($mux).
Removed top 3 bits (of 5) from mux cell spark_core.$procmux$5111 ($mux).
Removed top 3 bits (of 5) from mux cell spark_core.$procmux$5114 ($mux).
Removed top 2 bits (of 5) from port B of cell spark_core.$procmux$5118_CMP0 ($eq).
Removed top 1 bits (of 5) from port B of cell spark_core.$procmux$5126_CMP0 ($eq).
Removed top 1 bits (of 5) from mux cell spark_core.$procmux$5130 ($mux).
Removed top 1 bits (of 5) from mux cell spark_core.$procmux$5132 ($mux).
Removed top 4 bits (of 5) from port B of cell spark_core.$procmux$5137_CMP0 ($eq).
Removed top 2 bits (of 5) from mux cell spark_core.$procmux$5140 ($mux).
Removed top 4 bits (of 6) from port B of cell spark_core.$auto$opt_dff.cc:195:make_patterns_logic$7578 ($ne).
Removed top 41 bits (of 43) from mux cell spark_core.$procmux$6529 ($mux).
Removed top 2 bits (of 6) from mux cell spark_core.$procmux$6805 ($mux).
Removed top 2 bits (of 6) from mux cell spark_core.$procmux$6809 ($mux).
Removed top 1 bits (of 6) from mux cell spark_core.$procmux$6873 ($pmux).
Removed top 1 bits (of 6) from mux cell spark_core.$procmux$6878 ($pmux).
Removed top 2 bits (of 6) from mux cell spark_core.$procmux$6883 ($pmux).
Removed top 2 bits (of 6) from mux cell spark_core.$procmux$6888 ($pmux).
Removed top 13 bits (of 17) from mux cell spark_core.$procmux$7079 ($mux).
Removed top 13 bits (of 17) from mux cell spark_core.$procmux$7094 ($mux).
Removed top 13 bits (of 17) from mux cell spark_core.$procmux$7109 ($mux).
Removed top 13 bits (of 17) from mux cell spark_core.$procmux$7124 ($mux).
Removed top 1 bits (of 4) from mux cell spark_core.$procmux$7148 ($mux).
Removed top 2 bits (of 3) from port B of cell spark_core.$procmux$7165_CMP0 ($eq).
Removed top 12 bits (of 16) from FF cell spark_core.$auto$ff.cc:266:slice$7748 ($sdffe).
Removed top 1 bits (of 2) from port B of cell spark_core.$flatten\u_emb.\u.$eq$../spark_mem_sky130.v:28$2550 ($eq).
Removed top 1 bits (of 2) from port B of cell spark_core.$flatten\u_emb.\u.$eq$../spark_mem_sky130.v:30$2553 ($eq).
Removed top 1 bits (of 2) from port B of cell spark_core.$flatten\u_emb.\u.$procmux$7244_CMP0 ($eq).
Removed top 1 bits (of 2) from port B of cell spark_core.$flatten\u_emb1.\u.$eq$../spark_mem_sky130.v:30$2553 ($eq).
Removed top 1 bits (of 2) from port B of cell spark_core.$flatten\u_emb1.\u.$procmux$7244_CMP0 ($eq).
Removed top 1 bits (of 2) from port B of cell spark_core.$flatten\u_emb2.\u.$eq$../spark_mem_sky130.v:30$2553 ($eq).
Removed top 1 bits (of 2) from port B of cell spark_core.$flatten\u_emb2.\u.$procmux$7244_CMP0 ($eq).
Removed top 2 bits (of 3) from port B of cell spark_core.$flatten\u_w0.\u.$eq$../spark_mem_sky130.v:28$2624 ($eq).
Removed top 2 bits (of 3) from port B of cell spark_core.$flatten\u_w0.\u.$eq$../spark_mem_sky130.v:30$2627 ($eq).
Removed top 1 bits (of 3) from port B of cell spark_core.$flatten\u_w0.\u.$eq$../spark_mem_sky130.v:28$2629 ($eq).
Removed top 1 bits (of 3) from port B of cell spark_core.$flatten\u_w0.\u.$eq$../spark_mem_sky130.v:30$2632 ($eq).
Removed top 1 bits (of 3) from port B of cell spark_core.$flatten\u_w0.\u.$eq$../spark_mem_sky130.v:28$2634 ($eq).
Removed top 1 bits (of 3) from port B of cell spark_core.$flatten\u_w0.\u.$eq$../spark_mem_sky130.v:30$2637 ($eq).
Removed top 1 bits (of 3) from port B of cell spark_core.$flatten\u_w0.\u.$procmux$7183_CMP0 ($eq).
Removed top 1 bits (of 3) from port B of cell spark_core.$flatten\u_w0.\u.$procmux$7184_CMP0 ($eq).
Removed top 2 bits (of 3) from port B of cell spark_core.$flatten\u_w0.\u.$procmux$7185_CMP0 ($eq).
Removed top 1 bits (of 2) from port B of cell spark_core.$flatten\u_w1.\u.$eq$../spark_mem_sky130.v:30$2553 ($eq).
Removed top 1 bits (of 2) from port B of cell spark_core.$flatten\u_w1.\u.$procmux$7244_CMP0 ($eq).
Removed top 1 bits (of 2) from port B of cell spark_core.$auto$opt_dff.cc:195:make_patterns_logic$7787 ($ne).
Removed top 2 bits (of 3) from port B of cell spark_core.$flatten\u_w3.\u.$eq$../spark_mem_sky130.v:30$2475 ($eq).
Removed top 1 bits (of 3) from port B of cell spark_core.$flatten\u_w3.\u.$eq$../spark_mem_sky130.v:30$2480 ($eq).
Removed top 1 bits (of 3) from port B of cell spark_core.$flatten\u_w3.\u.$eq$../spark_mem_sky130.v:30$2485 ($eq).
Removed top 1 bits (of 3) from port B of cell spark_core.$flatten\u_w3.\u.$procmux$7251_CMP0 ($eq).
Removed top 1 bits (of 3) from port B of cell spark_core.$flatten\u_w3.\u.$procmux$7252_CMP0 ($eq).
Removed top 2 bits (of 3) from port B of cell spark_core.$flatten\u_w3.\u.$procmux$7253_CMP0 ($eq).
Removed top 2 bits (of 6) from mux cell spark_core.$flatten\u_acc0.$procmux$7221 ($mux).
Removed top 2 bits (of 6) from mux cell spark_core.$flatten\u_acc1.$procmux$7221 ($mux).
Removed top 1 bits (of 6) from mux cell spark_core.$flatten\u_acc2.$procmux$7212 ($mux).
Removed top 1 bits (of 6) from mux cell spark_core.$flatten\u_acc3.$procmux$7212 ($mux).
Removed top 2 bits (of 6) from mux cell spark_core.$flatten\u_h0.$procmux$7221 ($mux).
Removed top 2 bits (of 6) from mux cell spark_core.$flatten\u_h1.$procmux$7221 ($mux).
Removed top 1 bits (of 6) from mux cell spark_core.$flatten\u_sn0.$procmux$7230 ($mux).
Removed top 2 bits (of 6) from mux cell spark_core.$flatten\u_sn1.$procmux$7239 ($mux).
Removed top 2 bits (of 6) from mux cell spark_core.$flatten\u_sn2.$procmux$7239 ($mux).
Removed top 2 bits (of 6) from mux cell spark_core.$flatten\u_sn3.$procmux$7239 ($mux).
Removed top 31 bits (of 64) from mux cell spark_core.$flatten\u_tab_tag.\u.$procmux$7255 ($pmux).
Removed top 22 bits (of 32) from mux cell spark_core.$flatten\u_tab_dat.\u.$procmux$7258 ($pmux).
Removed top 1 bits (of 17) from port Y of cell spark_core.$sshl$../../rtl/spark_core.v:257$1654 ($sshl).
Removed top 1 bits (of 17) from port Y of cell spark_core.$sshl$../../rtl/spark_core.v:257$1693 ($sshl).
Removed top 1 bits (of 17) from port Y of cell spark_core.$sshl$../../rtl/spark_core.v:257$1732 ($sshl).
Removed top 1 bits (of 17) from port Y of cell spark_core.$sshl$../../rtl/spark_core.v:257$1771 ($sshl).
Removed top 3 bits (of 11) from port Y of cell spark_core.$add$../../rtl/spark_core.v:270$1782 ($add).
Removed top 2 bits (of 10) from port A of cell spark_core.$add$../../rtl/spark_core.v:270$1782 ($add).
Removed top 1 bits (of 6) from mux cell spark_core.$procmux$6427 ($mux).
Removed top 1 bits (of 6) from mux cell spark_core.$procmux$6437 ($mux).
Removed top 2 bits (of 6) from mux cell spark_core.$procmux$6447 ($mux).
Removed top 2 bits (of 6) from mux cell spark_core.$procmux$6457 ($mux).
Removed top 2 bits (of 6) from mux cell spark_core.$procmux$6792 ($mux).
Removed top 2 bits (of 6) from mux cell spark_core.$procmux$6795 ($mux).
Removed top 2 bits (of 6) from mux cell spark_core.$procmux$6827 ($mux).
Removed top 2 bits (of 6) from mux cell spark_core.$procmux$6833 ($mux).
Removed top 2 bits (of 6) from mux cell spark_core.$procmux$6839 ($mux).
Removed top 1 bits (of 6) from mux cell spark_core.$procmux$6845 ($mux).
Removed top 1 bits (of 6) from mux cell spark_core.$procmux$6912 ($pmux).
Removed top 1 bits (of 6) from mux cell spark_core.$procmux$6917 ($pmux).
Removed top 2 bits (of 6) from mux cell spark_core.$procmux$6922 ($pmux).
Removed top 2 bits (of 6) from mux cell spark_core.$procmux$6927 ($pmux).
Removed top 2 bits (of 6) from mux cell spark_core.$procmux$5409 ($mux).
Removed top 2 bits (of 6) from mux cell spark_core.$procmux$5415 ($mux).
Removed top 1 bits (of 6) from mux cell spark_core.$procmux$5673 ($mux).
Removed top 1 bits (of 6) from mux cell spark_core.$procmux$5679 ($mux).
Removed top 2 bits (of 6) from mux cell spark_core.$procmux$5685 ($mux).
Removed top 2 bits (of 6) from mux cell spark_core.$procmux$5691 ($mux).
Removed top 1 bits (of 6) from mux cell spark_core.$procmux$5917 ($pmux).
Removed top 2 bits (of 6) from mux cell spark_core.$procmux$5928 ($pmux).
Removed top 2 bits (of 6) from mux cell spark_core.$procmux$5939 ($pmux).
Removed top 2 bits (of 6) from mux cell spark_core.$procmux$5950 ($pmux).
Removed top 1 bits (of 6) from mux cell spark_core.$procmux$6247 ($mux).
Removed top 1 bits (of 6) from mux cell spark_core.$procmux$6257 ($mux).
Removed top 2 bits (of 6) from mux cell spark_core.$procmux$6267 ($mux).
Removed top 2 bits (of 6) from mux cell spark_core.$procmux$6277 ($mux).
Removed top 2 bits (of 6) from mux cell spark_core.$procmux$6367 ($pmux).
Removed top 1 bits (of 6) from mux cell spark_core.$procmux$6382 ($pmux).
Removed top 1 bits (of 6) from mux cell spark_core.$procmux$6397 ($pmux).
Removed top 2 bits (of 6) from mux cell spark_core.$procmux$6412 ($pmux).
Removed top 2 bits (of 6) from mux cell spark_core.$procmux$5337 ($pmux).
Removed top 2 bits (of 6) from mux cell spark_core.$procmux$5346 ($pmux).
Removed top 2 bits (of 6) from mux cell spark_core.$procmux$5549 ($pmux).
Removed top 1 bits (of 6) from mux cell spark_core.$procmux$5560 ($pmux).
Removed top 1 bits (of 6) from mux cell spark_core.$procmux$5571 ($pmux).
Removed top 2 bits (of 6) from mux cell spark_core.$procmux$5582 ($pmux).
Removed top 2 bits (of 6) from mux cell spark_core.$procmux$6067 ($pmux).
Removed top 1 bits (of 6) from mux cell spark_core.$procmux$6082 ($pmux).
Removed top 1 bits (of 6) from mux cell spark_core.$procmux$6097 ($pmux).
Removed top 2 bits (of 6) from mux cell spark_core.$procmux$6112 ($pmux).
Removed top 1 bits (of 6) from port Y of cell spark_core.$sub$../../rtl/spark_core.v:314$1954 ($sub).
Removed top 1 bits (of 6) from port A of cell spark_core.$sub$../../rtl/spark_core.v:314$1954 ($sub).
Removed top 13 bits (of 17) from wire spark_core.$1\mag[16:0].
Removed top 1 bits (of 4) from wire spark_core.$1\sel[3:0].
Removed top 2 bits (of 6) from wire spark_core.$2\acc_ra[0][5:0].
Removed top 2 bits (of 6) from wire spark_core.$2\acc_ra[1][5:0].
Removed top 2 bits (of 6) from wire spark_core.$2\h_ra[0][5:0].
Removed top 2 bits (of 6) from wire spark_core.$2\h_ra[1][5:0].
Removed top 2 bits (of 6) from wire spark_core.$2\h_wa[0][5:0].
Removed top 2 bits (of 6) from wire spark_core.$2\h_wa[1][5:0].
Removed top 13 bits (of 17) from wire spark_core.$2\mag[16:0].
Removed top 1 bits (of 6) from wire spark_core.$2\sn_wa[0][5:0].
Removed top 2 bits (of 6) from wire spark_core.$2\sn_wa[1][5:0].
Removed top 1 bits (of 5) from wire spark_core.$2\sp[4:0].
Removed top 1 bits (of 43) from wire spark_core.$2\t_wd[42:0].
Removed top 2 bits (of 6) from wire spark_core.$3\acc_wa[0][5:0].
Removed top 2 bits (of 6) from wire spark_core.$3\acc_wa[1][5:0].
Removed top 1 bits (of 5) from wire spark_core.$3\sp[4:0].
Removed top 2 bits (of 6) from wire spark_core.$4\acc_ra[0][5:0].
Removed top 2 bits (of 6) from wire spark_core.$4\acc_ra[1][5:0].
Removed top 1 bits (of 6) from wire spark_core.$4\acc_ra[2][5:0].
Removed top 23 bits (of 32) from wire spark_core.$add$../../rtl/spark_core.v:0$1659_Y.
Removed top 23 bits (of 32) from wire spark_core.$add$../../rtl/spark_core.v:0$1698_Y.
Removed top 23 bits (of 32) from wire spark_core.$add$../../rtl/spark_core.v:0$1737_Y.
Removed top 6 bits (of 8) from wire spark_core.$add$../../rtl/spark_core.v:195$1527_Y.
Removed top 5 bits (of 8) from wire spark_core.$add$../../rtl/spark_core.v:195$1529_Y.
Removed top 4 bits (of 8) from wire spark_core.$add$../../rtl/spark_core.v:195$1531_Y.
Removed top 3 bits (of 8) from wire spark_core.$add$../../rtl/spark_core.v:195$1533_Y.
Removed top 2 bits (of 8) from wire spark_core.$add$../../rtl/spark_core.v:195$1535_Y.
Removed top 1 bits (of 8) from wire spark_core.$add$../../rtl/spark_core.v:195$1537_Y.
Removed top 7 bits (of 8) from wire spark_core.$add$../../rtl/spark_core.v:196$1528_Y.
Removed top 5 bits (of 8) from wire spark_core.$add$../../rtl/spark_core.v:196$1530_Y.
Removed top 7 bits (of 8) from wire spark_core.$add$../../rtl/spark_core.v:196$1532_Y.
Removed top 3 bits (of 8) from wire spark_core.$add$../../rtl/spark_core.v:196$1534_Y.
Removed top 24 bits (of 32) from wire spark_core.$add$../../rtl/spark_core.v:270$1782_Y.
Removed top 24 bits (of 32) from wire spark_core.$add$../../rtl/spark_core.v:270$1794_Y.
Removed top 21 bits (of 32) from wire spark_core.$add$../../rtl/spark_core.v:278$1872_Y.
Removed top 21 bits (of 32) from wire spark_core.$add$../../rtl/spark_core.v:279$1875_Y.
Removed top 21 bits (of 32) from wire spark_core.$add$../../rtl/spark_core.v:280$1878_Y.
Removed top 20 bits (of 32) from wire spark_core.$add$../../rtl/spark_core.v:307$1940_Y.
Removed top 2 bits (of 6) from wire spark_core.$flatten\u_acc0.$0$memwr$\mem$../spark_ram_asic.v:25$1150_ADDR[5:0]$1152.
Removed top 2 bits (of 6) from wire spark_core.$flatten\u_acc1.$0$memwr$\mem$../spark_ram_asic.v:25$1150_ADDR[5:0]$1152.
Removed top 2 bits (of 128) from wire spark_core.$flatten\u_acc1.$0$memwr$\mem$../spark_ram_asic.v:25$1150_DATA[127:0]$1153.
Removed top 1 bits (of 6) from wire spark_core.$flatten\u_acc2.$0$memwr$\mem$../spark_ram_asic.v:25$1240_ADDR[5:0]$1242.
Removed top 1 bits (of 128) from wire spark_core.$flatten\u_acc2.$0$memwr$\mem$../spark_ram_asic.v:25$1240_DATA[127:0]$1243.
Removed top 1 bits (of 6) from wire spark_core.$flatten\u_acc3.$0$memwr$\mem$../spark_ram_asic.v:25$1240_ADDR[5:0]$1242.
Removed top 2 bits (of 6) from wire spark_core.$flatten\u_h0.$0$memwr$\mem$../spark_ram_asic.v:25$1150_ADDR[5:0]$1152.
Removed top 3 bits (of 128) from wire spark_core.$flatten\u_h0.$0$memwr$\mem$../spark_ram_asic.v:25$1150_DATA[127:0]$1153.
Removed top 2 bits (of 6) from wire spark_core.$flatten\u_h1.$0$memwr$\mem$../spark_ram_asic.v:25$1150_ADDR[5:0]$1152.
Removed top 1 bits (of 6) from wire spark_core.$flatten\u_sn0.$0$memwr$\mem$../spark_ram_asic.v:25$1052_ADDR[5:0]$1054.
Removed top 1 bits (of 32) from wire spark_core.$flatten\u_sn0.$0$memwr$\mem$../spark_ram_asic.v:25$1052_DATA[31:0]$1055.
Removed top 2 bits (of 6) from wire spark_core.$flatten\u_sn1.$0$memwr$\mem$../spark_ram_asic.v:25$970_ADDR[5:0]$972.
Removed top 1 bits (of 32) from wire spark_core.$flatten\u_sn1.$0$memwr$\mem$../spark_ram_asic.v:25$970_DATA[31:0]$973.
Removed top 2 bits (of 6) from wire spark_core.$flatten\u_sn2.$0$memwr$\mem$../spark_ram_asic.v:25$970_ADDR[5:0]$972.
Removed top 2 bits (of 6) from wire spark_core.$flatten\u_sn3.$0$memwr$\mem$../spark_ram_asic.v:25$970_ADDR[5:0]$972.
Removed top 1 bits (of 32) from wire spark_core.$flatten\u_sn3.$0$memwr$\mem$../spark_ram_asic.v:25$970_DATA[31:0]$973.
Removed top 1 bits (of 5) from wire spark_core.$procmux$5083_Y.
Removed top 1 bits (of 5) from wire spark_core.$procmux$5088_Y.
Removed top 2 bits (of 5) from wire spark_core.$procmux$5095_Y.
Removed top 1 bits (of 5) from wire spark_core.$procmux$5104_Y.
Removed top 3 bits (of 5) from wire spark_core.$procmux$5111_Y.
Removed top 3 bits (of 5) from wire spark_core.$procmux$5114_Y.
Removed top 1 bits (of 5) from wire spark_core.$procmux$5130_Y.
Removed top 1 bits (of 5) from wire spark_core.$procmux$5132_Y.
Removed top 1 bits (of 17) from wire spark_core.$sshl$../../rtl/spark_core.v:257$1654_Y.
Removed top 1 bits (of 17) from wire spark_core.$sshl$../../rtl/spark_core.v:257$1693_Y.
Removed top 1 bits (of 17) from wire spark_core.$sshl$../../rtl/spark_core.v:257$1732_Y.
Removed top 1 bits (of 17) from wire spark_core.$sshl$../../rtl/spark_core.v:257$1771_Y.
Removed top 1 bits (of 17) from wire spark_core.$sub$../../rtl/spark_core.v:257$1655_Y.
Removed top 1 bits (of 17) from wire spark_core.$sub$../../rtl/spark_core.v:257$1694_Y.
Removed top 1 bits (of 17) from wire spark_core.$sub$../../rtl/spark_core.v:257$1733_Y.
Removed top 28 bits (of 32) from wire spark_core.$ternary$../../rtl/spark_core.v:108$1496_Y.
Removed top 26 bits (of 32) from wire spark_core.$ternary$../../rtl/spark_core.v:109$1497_Y.
Removed top 2 bits (of 32) from wire spark_core.$ternary$../../rtl/spark_core.v:176$1521_Y.
Removed top 1 bits (of 5) from wire spark_core.$ternary$../../rtl/spark_core.v:255$1770_Y.
Removed top 1 bits (of 43) from wire spark_core.$ternary$../../rtl/spark_core.v:298$1934_Y.
Removed top 2 bits (of 6) from wire spark_core.acc_ra[0].
Removed top 2 bits (of 6) from wire spark_core.acc_ra[1].
Removed top 1 bits (of 6) from wire spark_core.acc_ra[2].
Removed top 1 bits (of 6) from wire spark_core.acc_ra[3].
Removed top 2 bits (of 6) from wire spark_core.acc_wa[0].
Removed top 1 bits (of 6) from wire spark_core.acc_wa[2].
Removed top 27 bits (of 128) from wire spark_core.acc_wd[0].
Removed top 38 bits (of 128) from wire spark_core.acc_wd[1].
Removed top 44 bits (of 128) from wire spark_core.acc_wd[3].
Removed top 8 bits (of 32) from wire spark_core.ctx.
Removed top 1 bits (of 12) from wire spark_core.emb1_ra.
Removed top 1 bits (of 12) from wire spark_core.emb2_ra.
Removed top 1 bits (of 12) from wire spark_core.emb_ra.
Removed top 2 bits (of 6) from wire spark_core.h_ra[0].
Removed top 2 bits (of 6) from wire spark_core.h_ra[1].
Removed top 2 bits (of 6) from wire spark_core.h_wa[0].
Removed top 2 bits (of 6) from wire spark_core.h_wa[1].
Removed top 1 bits (of 17) from wire spark_core.hr.
Removed top 13 bits (of 17) from wire spark_core.mag.
Removed top 1 bits (of 7) from wire spark_core.nc.
Removed top 3 bits (of 7) from wire spark_core.nin_ch.
Removed top 5 bits (of 32) from wire spark_core.s_rd[1].
Removed top 2 bits (of 6) from wire spark_core.s_wa[0].
Removed top 2 bits (of 6) from wire spark_core.s_wa[1].
Removed top 6 bits (of 32) from wire spark_core.sn_rd[0].
Removed top 2 bits (of 32) from wire spark_core.sn_rd[2].
Removed top 2 bits (of 6) from wire spark_core.sn_wa[1].
Removed top 2 bits (of 6) from wire spark_core.sn_wa[3].
Removed top 12 bits (of 16) from wire spark_core.tokq.

6.11. Executing PEEPOPT pass (run peephole optimizers).

6.12. Executing OPT_CLEAN pass (remove unused cells and wires).
Finding unused cells or wires in module \spark_core..
Removed 0 unused cells and 114 unused wires.
<suppressed ~1 debug messages>

6.13. Executing ALUMACC pass (create $alu and $macc cells).
Extracting $alu and $macc cells in module spark_core:
  creating $macc model for $add$../../rtl/spark_core.v:195$1527 ($add).
  creating $macc model for $add$../../rtl/spark_core.v:195$1529 ($add).
  creating $macc model for $add$../../rtl/spark_core.v:195$1531 ($add).
  creating $macc model for $add$../../rtl/spark_core.v:195$1533 ($add).
  creating $macc model for $add$../../rtl/spark_core.v:195$1535 ($add).
  creating $macc model for $add$../../rtl/spark_core.v:195$1537 ($add).
  creating $macc model for $add$../../rtl/spark_core.v:195$1539 ($add).
  creating $macc model for $add$../../rtl/spark_core.v:196$1528 ($add).
  creating $macc model for $add$../../rtl/spark_core.v:196$1530 ($add).
  creating $macc model for $add$../../rtl/spark_core.v:196$1532 ($add).
  creating $macc model for $add$../../rtl/spark_core.v:196$1534 ($add).
  creating $macc model for $add$../../rtl/spark_core.v:196$1536 ($add).
  creating $macc model for $add$../../rtl/spark_core.v:196$1538 ($add).
  creating $macc model for $add$../../rtl/spark_core.v:196$1540 ($add).
  creating $macc model for $add$../../rtl/spark_core.v:222$1601 ($add).
  creating $macc model for $add$../../rtl/spark_core.v:222$1603 ($add).
  creating $macc model for $add$../../rtl/spark_core.v:222$1605 ($add).
  creating $macc model for $add$../../rtl/spark_core.v:222$1607 ($add).
  creating $macc model for $add$../../rtl/spark_core.v:222$1609 ($add).
  creating $macc model for $add$../../rtl/spark_core.v:222$1611 ($add).
  creating $macc model for $add$../../rtl/spark_core.v:222$1613 ($add).
  creating $macc model for $add$../../rtl/spark_core.v:222$1615 ($add).
  creating $macc model for $add$../../rtl/spark_core.v:242$1657 ($add).
  creating $macc model for $add$../../rtl/spark_core.v:242$1696 ($add).
  creating $macc model for $add$../../rtl/spark_core.v:242$1735 ($add).
  creating $macc model for $add$../../rtl/spark_core.v:245$1630 ($add).
  creating $macc model for $add$../../rtl/spark_core.v:245$1669 ($add).
  creating $macc model for $add$../../rtl/spark_core.v:245$1708 ($add).
  creating $macc model for $add$../../rtl/spark_core.v:245$1747 ($add).
  creating $macc model for $add$../../rtl/spark_core.v:270$1782 ($add).
  creating $macc model for $add$../../rtl/spark_core.v:270$1794 ($add).
  creating $macc model for $add$../../rtl/spark_core.v:270$1805 ($add).
  creating $macc model for $add$../../rtl/spark_core.v:270$1816 ($add).
  creating $macc model for $add$../../rtl/spark_core.v:278$1872 ($add).
  creating $macc model for $add$../../rtl/spark_core.v:279$1875 ($add).
  creating $macc model for $add$../../rtl/spark_core.v:280$1878 ($add).
  creating $macc model for $add$../../rtl/spark_core.v:299$1932 ($add).
  creating $macc model for $add$../../rtl/spark_core.v:307$1940 ($add).
  creating $macc model for $add$../../rtl/spark_core.v:309$1944 ($add).
  creating $macc model for $add$../../rtl/spark_core.v:349$2052 ($add).
  creating $macc model for $add$../../rtl/spark_core.v:354$2098 ($add).
  creating $macc model for $add$../../rtl/spark_core.v:355$2099 ($add).
  creating $macc model for $add$../../rtl/spark_core.v:364$2101 ($add).
  creating $macc model for $add$../../rtl/spark_core.v:390$2112 ($add).
  creating $macc model for $add$../../rtl/spark_core.v:393$2114 ($add).
  creating $macc model for $add$../../rtl/spark_core.v:394$2116 ($add).
  creating $macc model for $add$../../rtl/spark_core.v:394$2117 ($add).
  creating $macc model for $add$../../rtl/spark_core.v:404$2127 ($add).
  creating $macc model for $add$../../rtl/spark_core.v:421$2180 ($add).
  creating $macc model for $add$../../rtl/spark_core.v:425$2212 ($add).
  creating $macc model for $add$../../rtl/spark_core.v:426$2219 ($add).
  creating $macc model for $add$../../rtl/spark_core.v:432$2220 ($add).
  creating $macc model for $add$../../rtl/spark_core.v:433$2222 ($add).
  creating $macc model for $add$../../rtl/spark_core.v:435$2224 ($add).
  creating $macc model for $add$../../rtl/spark_core.v:446$2229 ($add).
  creating $macc model for $add$../../rtl/spark_core.v:458$2258 ($add).
  creating $macc model for $add$../../rtl/spark_core.v:472$2268 ($add).
  creating $macc model for $mul$../../rtl/spark_core.v:163$1879 ($mul).
  creating $macc model for $mul$../../rtl/spark_core.v:163$1935 ($mul).
  creating $macc model for $mul$../../rtl/spark_core.v:223$1600 ($mul).
  creating $macc model for $mul$../../rtl/spark_core.v:223$1602 ($mul).
  creating $macc model for $mul$../../rtl/spark_core.v:223$1604 ($mul).
  creating $macc model for $mul$../../rtl/spark_core.v:223$1606 ($mul).
  creating $macc model for $mul$../../rtl/spark_core.v:223$1608 ($mul).
  creating $macc model for $mul$../../rtl/spark_core.v:223$1610 ($mul).
  creating $macc model for $mul$../../rtl/spark_core.v:223$1612 ($mul).
  creating $macc model for $mul$../../rtl/spark_core.v:223$1614 ($mul).
  creating $macc model for $mul$../../rtl/spark_core.v:244$1627 ($mul).
  creating $macc model for $mul$../../rtl/spark_core.v:244$1666 ($mul).
  creating $macc model for $mul$../../rtl/spark_core.v:244$1705 ($mul).
  creating $macc model for $mul$../../rtl/spark_core.v:244$1744 ($mul).
  creating $macc model for $neg$../../rtl/spark_core.v:0$2183 ($neg).
  creating $macc model for $neg$../../rtl/spark_core.v:0$2199 ($neg).
  creating $macc model for $neg$../../rtl/spark_core.v:0$2237 ($neg).
  creating $macc model for $neg$../../rtl/spark_core.v:0$2249 ($neg).
  creating $macc model for $neg$../../rtl/spark_core.v:247$1636 ($neg).
  creating $macc model for $neg$../../rtl/spark_core.v:247$1675 ($neg).
  creating $macc model for $neg$../../rtl/spark_core.v:247$1714 ($neg).
  creating $macc model for $neg$../../rtl/spark_core.v:247$1753 ($neg).
  creating $macc model for $neg$../../rtl/spark_core.v:250$1641 ($neg).
  creating $macc model for $neg$../../rtl/spark_core.v:250$1680 ($neg).
  creating $macc model for $neg$../../rtl/spark_core.v:250$1719 ($neg).
  creating $macc model for $neg$../../rtl/spark_core.v:250$1758 ($neg).
  creating $macc model for $sub$../../rtl/spark_core.v:203$1542 ($sub).
  creating $macc model for $sub$../../rtl/spark_core.v:203$1549 ($sub).
  creating $macc model for $sub$../../rtl/spark_core.v:203$1556 ($sub).
  creating $macc model for $sub$../../rtl/spark_core.v:203$1563 ($sub).
  creating $macc model for $sub$../../rtl/spark_core.v:203$1570 ($sub).
  creating $macc model for $sub$../../rtl/spark_core.v:203$1577 ($sub).
  creating $macc model for $sub$../../rtl/spark_core.v:203$1584 ($sub).
  creating $macc model for $sub$../../rtl/spark_core.v:203$1591 ($sub).
  creating $macc model for $sub$../../rtl/spark_core.v:208$1547 ($sub).
  creating $macc model for $sub$../../rtl/spark_core.v:208$1554 ($sub).
  creating $macc model for $sub$../../rtl/spark_core.v:208$1561 ($sub).
  creating $macc model for $sub$../../rtl/spark_core.v:208$1568 ($sub).
  creating $macc model for $sub$../../rtl/spark_core.v:208$1575 ($sub).
  creating $macc model for $sub$../../rtl/spark_core.v:208$1582 ($sub).
  creating $macc model for $sub$../../rtl/spark_core.v:208$1589 ($sub).
  creating $macc model for $sub$../../rtl/spark_core.v:208$1596 ($sub).
  creating $macc model for $sub$../../rtl/spark_core.v:253$1648 ($sub).
  creating $macc model for $sub$../../rtl/spark_core.v:253$1687 ($sub).
  creating $macc model for $sub$../../rtl/spark_core.v:253$1726 ($sub).
  creating $macc model for $sub$../../rtl/spark_core.v:253$1765 ($sub).
  creating $macc model for $sub$../../rtl/spark_core.v:257$1655 ($sub).
  creating $macc model for $sub$../../rtl/spark_core.v:257$1694 ($sub).
  creating $macc model for $sub$../../rtl/spark_core.v:257$1733 ($sub).
  creating $macc model for $sub$../../rtl/spark_core.v:257$1772 ($sub).
  creating $macc model for $sub$../../rtl/spark_core.v:314$1954 ($sub).
  creating $macc model for $sub$../../rtl/spark_core.v:470$2265 ($sub).
  creating $macc model for $sub$../../rtl/spark_core.v:475$2271 ($sub).
  merging $macc model for $add$../../rtl/spark_core.v:195$1539 into $add$../../rtl/spark_core.v:394$2117.
  merging $macc model for $add$../../rtl/spark_core.v:195$1537 into $add$../../rtl/spark_core.v:394$2117.
  merging $macc model for $add$../../rtl/spark_core.v:195$1535 into $add$../../rtl/spark_core.v:394$2117.
  merging $macc model for $add$../../rtl/spark_core.v:195$1533 into $add$../../rtl/spark_core.v:394$2117.
  merging $macc model for $add$../../rtl/spark_core.v:195$1531 into $add$../../rtl/spark_core.v:394$2117.
  merging $macc model for $add$../../rtl/spark_core.v:195$1529 into $add$../../rtl/spark_core.v:394$2117.
  merging $macc model for $add$../../rtl/spark_core.v:195$1527 into $add$../../rtl/spark_core.v:394$2117.
  merging $macc model for $add$../../rtl/spark_core.v:196$1540 into $add$../../rtl/spark_core.v:394$2116.
  merging $macc model for $add$../../rtl/spark_core.v:196$1538 into $add$../../rtl/spark_core.v:394$2116.
  merging $macc model for $add$../../rtl/spark_core.v:196$1536 into $add$../../rtl/spark_core.v:394$2116.
  merging $macc model for $add$../../rtl/spark_core.v:196$1534 into $add$../../rtl/spark_core.v:394$2116.
  merging $macc model for $add$../../rtl/spark_core.v:196$1532 into $add$../../rtl/spark_core.v:394$2116.
  merging $macc model for $add$../../rtl/spark_core.v:196$1530 into $add$../../rtl/spark_core.v:394$2116.
  merging $macc model for $add$../../rtl/spark_core.v:196$1528 into $add$../../rtl/spark_core.v:394$2116.
  merging $macc model for $mul$../../rtl/spark_core.v:223$1614 into $add$../../rtl/spark_core.v:222$1615.
  merging $macc model for $mul$../../rtl/spark_core.v:223$1612 into $add$../../rtl/spark_core.v:222$1613.
  merging $macc model for $mul$../../rtl/spark_core.v:223$1610 into $add$../../rtl/spark_core.v:222$1611.
  merging $macc model for $mul$../../rtl/spark_core.v:223$1608 into $add$../../rtl/spark_core.v:222$1609.
  merging $macc model for $mul$../../rtl/spark_core.v:223$1606 into $add$../../rtl/spark_core.v:222$1607.
  merging $macc model for $mul$../../rtl/spark_core.v:223$1604 into $add$../../rtl/spark_core.v:222$1605.
  merging $macc model for $mul$../../rtl/spark_core.v:223$1602 into $add$../../rtl/spark_core.v:222$1603.
  merging $macc model for $mul$../../rtl/spark_core.v:223$1600 into $add$../../rtl/spark_core.v:222$1601.
  creating $alu model for $macc $sub$../../rtl/spark_core.v:203$1570.
  creating $alu model for $macc $sub$../../rtl/spark_core.v:203$1563.
  creating $alu model for $macc $sub$../../rtl/spark_core.v:203$1556.
  creating $alu model for $macc $sub$../../rtl/spark_core.v:203$1549.
  creating $alu model for $macc $sub$../../rtl/spark_core.v:203$1542.
  creating $alu model for $macc $neg$../../rtl/spark_core.v:250$1758.
  creating $alu model for $macc $neg$../../rtl/spark_core.v:250$1719.
  creating $alu model for $macc $neg$../../rtl/spark_core.v:250$1680.
  creating $alu model for $macc $neg$../../rtl/spark_core.v:250$1641.
  creating $alu model for $macc $neg$../../rtl/spark_core.v:247$1753.
  creating $alu model for $macc $neg$../../rtl/spark_core.v:247$1714.
  creating $alu model for $macc $neg$../../rtl/spark_core.v:247$1675.
  creating $alu model for $macc $neg$../../rtl/spark_core.v:247$1636.
  creating $alu model for $macc $neg$../../rtl/spark_core.v:0$2249.
  creating $alu model for $macc $neg$../../rtl/spark_core.v:0$2237.
  creating $alu model for $macc $neg$../../rtl/spark_core.v:0$2199.
  creating $alu model for $macc $neg$../../rtl/spark_core.v:0$2183.
  creating $alu model for $macc $sub$../../rtl/spark_core.v:253$1765.
  creating $alu model for $macc $sub$../../rtl/spark_core.v:257$1655.
  creating $alu model for $macc $sub$../../rtl/spark_core.v:257$1694.
  creating $alu model for $macc $sub$../../rtl/spark_core.v:257$1733.
  creating $alu model for $macc $sub$../../rtl/spark_core.v:257$1772.
  creating $alu model for $macc $sub$../../rtl/spark_core.v:314$1954.
  creating $alu model for $macc $sub$../../rtl/spark_core.v:470$2265.
  creating $alu model for $macc $sub$../../rtl/spark_core.v:475$2271.
  creating $alu model for $macc $add$../../rtl/spark_core.v:472$2268.
  creating $alu model for $macc $add$../../rtl/spark_core.v:458$2258.
  creating $alu model for $macc $add$../../rtl/spark_core.v:446$2229.
  creating $alu model for $macc $add$../../rtl/spark_core.v:435$2224.
  creating $alu model for $macc $add$../../rtl/spark_core.v:433$2222.
  creating $alu model for $macc $add$../../rtl/spark_core.v:432$2220.
  creating $alu model for $macc $add$../../rtl/spark_core.v:426$2219.
  creating $alu model for $macc $add$../../rtl/spark_core.v:425$2212.
  creating $alu model for $macc $add$../../rtl/spark_core.v:421$2180.
  creating $alu model for $macc $add$../../rtl/spark_core.v:404$2127.
  creating $alu model for $macc $add$../../rtl/spark_core.v:393$2114.
  creating $alu model for $macc $add$../../rtl/spark_core.v:390$2112.
  creating $alu model for $macc $add$../../rtl/spark_core.v:364$2101.
  creating $alu model for $macc $add$../../rtl/spark_core.v:355$2099.
  creating $alu model for $macc $add$../../rtl/spark_core.v:354$2098.
  creating $alu model for $macc $add$../../rtl/spark_core.v:349$2052.
  creating $alu model for $macc $add$../../rtl/spark_core.v:309$1944.
  creating $alu model for $macc $add$../../rtl/spark_core.v:307$1940.
  creating $alu model for $macc $add$../../rtl/spark_core.v:299$1932.
  creating $alu model for $macc $add$../../rtl/spark_core.v:280$1878.
  creating $alu model for $macc $add$../../rtl/spark_core.v:279$1875.
  creating $alu model for $macc $add$../../rtl/spark_core.v:278$1872.
  creating $alu model for $macc $add$../../rtl/spark_core.v:270$1816.
  creating $alu model for $macc $add$../../rtl/spark_core.v:270$1805.
  creating $alu model for $macc $add$../../rtl/spark_core.v:270$1794.
  creating $alu model for $macc $add$../../rtl/spark_core.v:270$1782.
  creating $alu model for $macc $add$../../rtl/spark_core.v:245$1747.
  creating $alu model for $macc $add$../../rtl/spark_core.v:245$1708.
  creating $alu model for $macc $add$../../rtl/spark_core.v:245$1669.
  creating $alu model for $macc $add$../../rtl/spark_core.v:245$1630.
  creating $alu model for $macc $add$../../rtl/spark_core.v:242$1735.
  creating $alu model for $macc $add$../../rtl/spark_core.v:242$1696.
  creating $alu model for $macc $add$../../rtl/spark_core.v:242$1657.
  creating $alu model for $macc $sub$../../rtl/spark_core.v:208$1575.
  creating $alu model for $macc $sub$../../rtl/spark_core.v:208$1582.
  creating $alu model for $macc $sub$../../rtl/spark_core.v:208$1589.
  creating $alu model for $macc $sub$../../rtl/spark_core.v:208$1596.
  creating $alu model for $macc $sub$../../rtl/spark_core.v:253$1648.
  creating $alu model for $macc $sub$../../rtl/spark_core.v:253$1687.
  creating $alu model for $macc $sub$../../rtl/spark_core.v:253$1726.
  creating $alu model for $macc $sub$../../rtl/spark_core.v:203$1577.
  creating $alu model for $macc $sub$../../rtl/spark_core.v:203$1584.
  creating $alu model for $macc $sub$../../rtl/spark_core.v:203$1591.
  creating $alu model for $macc $sub$../../rtl/spark_core.v:208$1547.
  creating $alu model for $macc $sub$../../rtl/spark_core.v:208$1554.
  creating $alu model for $macc $sub$../../rtl/spark_core.v:208$1561.
  creating $alu model for $macc $sub$../../rtl/spark_core.v:208$1568.
  creating $macc cell for $add$../../rtl/spark_core.v:222$1603: $auto$alumacc.cc:365:replace_macc$7981
  creating $macc cell for $add$../../rtl/spark_core.v:222$1601: $auto$alumacc.cc:365:replace_macc$7982
  creating $macc cell for $mul$../../rtl/spark_core.v:163$1935: $auto$alumacc.cc:365:replace_macc$7983
  creating $macc cell for $mul$../../rtl/spark_core.v:244$1627: $auto$alumacc.cc:365:replace_macc$7984
  creating $macc cell for $mul$../../rtl/spark_core.v:244$1666: $auto$alumacc.cc:365:replace_macc$7985
  creating $macc cell for $mul$../../rtl/spark_core.v:244$1705: $auto$alumacc.cc:365:replace_macc$7986
  creating $macc cell for $mul$../../rtl/spark_core.v:244$1744: $auto$alumacc.cc:365:replace_macc$7987
  creating $macc cell for $add$../../rtl/spark_core.v:394$2117: $auto$alumacc.cc:365:replace_macc$7988
  creating $macc cell for $add$../../rtl/spark_core.v:394$2116: $auto$alumacc.cc:365:replace_macc$7989
  creating $macc cell for $mul$../../rtl/spark_core.v:163$1879: $auto$alumacc.cc:365:replace_macc$7990
  creating $macc cell for $add$../../rtl/spark_core.v:222$1615: $auto$alumacc.cc:365:replace_macc$7991
  creating $macc cell for $add$../../rtl/spark_core.v:222$1613: $auto$alumacc.cc:365:replace_macc$7992
  creating $macc cell for $add$../../rtl/spark_core.v:222$1611: $auto$alumacc.cc:365:replace_macc$7993
  creating $macc cell for $add$../../rtl/spark_core.v:222$1609: $auto$alumacc.cc:365:replace_macc$7994
  creating $macc cell for $add$../../rtl/spark_core.v:222$1607: $auto$alumacc.cc:365:replace_macc$7995
  creating $macc cell for $add$../../rtl/spark_core.v:222$1605: $auto$alumacc.cc:365:replace_macc$7996
  creating $alu model for $ge$../../rtl/spark_core.v:313$1947 ($ge): new $alu
  creating $alu model for $ge$../../rtl/spark_core.v:373$2108 ($ge): new $alu
  creating $alu model for $ge$../../rtl/spark_core.v:418$2159 ($ge): new $alu
  creating $alu model for $ge$../../rtl/spark_core.v:470$2266 ($ge): new $alu
  creating $alu model for $ge$../../rtl/spark_core.v:472$2267 ($ge): new $alu
  creating $alu model for $ge$../../rtl/spark_core.v:83$1482 ($ge): new $alu
  creating $alu model for $gt$../../rtl/spark_core.v:175$1518 ($gt): new $alu
  creating $alu model for $gt$../../rtl/spark_core.v:176$1520 ($gt): new $alu
  creating $alu model for $gt$../../rtl/spark_core.v:246$1631 ($gt): new $alu
  creating $alu model for $gt$../../rtl/spark_core.v:246$1670 ($gt): new $alu
  creating $alu model for $gt$../../rtl/spark_core.v:246$1709 ($gt): new $alu
  creating $alu model for $gt$../../rtl/spark_core.v:246$1748 ($gt): new $alu
  creating $alu model for $gt$../../rtl/spark_core.v:249$1639 ($gt): new $alu
  creating $alu model for $gt$../../rtl/spark_core.v:249$1678 ($gt): new $alu
  creating $alu model for $gt$../../rtl/spark_core.v:249$1717 ($gt): new $alu
  creating $alu model for $gt$../../rtl/spark_core.v:249$1756 ($gt): new $alu
  creating $alu model for $gt$../../rtl/spark_core.v:255$1651 ($gt): new $alu
  creating $alu model for $gt$../../rtl/spark_core.v:255$1690 ($gt): new $alu
  creating $alu model for $gt$../../rtl/spark_core.v:255$1729 ($gt): new $alu
  creating $alu model for $gt$../../rtl/spark_core.v:255$1768 ($gt): new $alu
  creating $alu model for $gt$../../rtl/spark_core.v:270$1779 ($gt): new $alu
  creating $alu model for $gt$../../rtl/spark_core.v:270$1790 ($gt): new $alu
  creating $alu model for $gt$../../rtl/spark_core.v:270$1801 ($gt): new $alu
  creating $alu model for $gt$../../rtl/spark_core.v:270$1812 ($gt): new $alu
  creating $alu model for $gt$../../rtl/spark_core.v:271$1784 ($gt): new $alu
  creating $alu model for $gt$../../rtl/spark_core.v:271$1795 ($gt): new $alu
  creating $alu model for $gt$../../rtl/spark_core.v:271$1806 ($gt): new $alu
  creating $alu model for $gt$../../rtl/spark_core.v:271$1817 ($gt): new $alu
  creating $alu model for $le$../../rtl/spark_core.v:394$2118 ($le): new $alu
  creating $alu model for $lt$../../rtl/spark_core.v:246$1632 ($lt): new $alu
  creating $alu model for $lt$../../rtl/spark_core.v:246$1671 ($lt): new $alu
  creating $alu model for $lt$../../rtl/spark_core.v:246$1710 ($lt): new $alu
  creating $alu model for $lt$../../rtl/spark_core.v:246$1749 ($lt): new $alu
  creating $alu model for $lt$../../rtl/spark_core.v:247$1635 ($lt): new $alu
  creating $alu model for $lt$../../rtl/spark_core.v:247$1674 ($lt): new $alu
  creating $alu model for $lt$../../rtl/spark_core.v:247$1713 ($lt): new $alu
  creating $alu model for $lt$../../rtl/spark_core.v:247$1752 ($lt): new $alu
  creating $alu model for $lt$../../rtl/spark_core.v:255$1650 ($lt): new $alu
  creating $alu model for $lt$../../rtl/spark_core.v:255$1689 ($lt): new $alu
  creating $alu model for $lt$../../rtl/spark_core.v:255$1728 ($lt): new $alu
  creating $alu model for $lt$../../rtl/spark_core.v:255$1767 ($lt): new $alu
  creating $alu model for $lt$../../rtl/spark_core.v:306$1936 ($lt): new $alu
  creating $alu model for $lt$../../rtl/spark_core.v:483$2276 ($lt): new $alu
  creating $alu model for $eq$../../rtl/spark_core.v:434$2223 ($eq): merged with $lt$../../rtl/spark_core.v:306$1936.
  creating $alu cell for $lt$../../rtl/spark_core.v:483$2276: $auto$alumacc.cc:485:replace_alu$8040
  creating $alu cell for $lt$../../rtl/spark_core.v:306$1936, $eq$../../rtl/spark_core.v:434$2223: $auto$alumacc.cc:485:replace_alu$8053
  creating $alu cell for $lt$../../rtl/spark_core.v:255$1767: $auto$alumacc.cc:485:replace_alu$8064
  creating $alu cell for $lt$../../rtl/spark_core.v:255$1728: $auto$alumacc.cc:485:replace_alu$8077
  creating $alu cell for $lt$../../rtl/spark_core.v:255$1689: $auto$alumacc.cc:485:replace_alu$8090
  creating $alu cell for $lt$../../rtl/spark_core.v:255$1650: $auto$alumacc.cc:485:replace_alu$8103
  creating $alu cell for $lt$../../rtl/spark_core.v:247$1752: $auto$alumacc.cc:485:replace_alu$8116
  creating $alu cell for $lt$../../rtl/spark_core.v:247$1713: $auto$alumacc.cc:485:replace_alu$8129
  creating $alu cell for $lt$../../rtl/spark_core.v:247$1674: $auto$alumacc.cc:485:replace_alu$8142
  creating $alu cell for $lt$../../rtl/spark_core.v:247$1635: $auto$alumacc.cc:485:replace_alu$8155
  creating $alu cell for $lt$../../rtl/spark_core.v:246$1749: $auto$alumacc.cc:485:replace_alu$8168
  creating $alu cell for $lt$../../rtl/spark_core.v:246$1710: $auto$alumacc.cc:485:replace_alu$8181
  creating $alu cell for $lt$../../rtl/spark_core.v:246$1671: $auto$alumacc.cc:485:replace_alu$8194
  creating $alu cell for $lt$../../rtl/spark_core.v:246$1632: $auto$alumacc.cc:485:replace_alu$8207
  creating $alu cell for $le$../../rtl/spark_core.v:394$2118: $auto$alumacc.cc:485:replace_alu$8220
  creating $alu cell for $gt$../../rtl/spark_core.v:271$1817: $auto$alumacc.cc:485:replace_alu$8229
  creating $alu cell for $gt$../../rtl/spark_core.v:271$1806: $auto$alumacc.cc:485:replace_alu$8242
  creating $alu cell for $gt$../../rtl/spark_core.v:271$1795: $auto$alumacc.cc:485:replace_alu$8255
  creating $alu cell for $gt$../../rtl/spark_core.v:271$1784: $auto$alumacc.cc:485:replace_alu$8268
  creating $alu cell for $gt$../../rtl/spark_core.v:270$1812: $auto$alumacc.cc:485:replace_alu$8281
  creating $alu cell for $gt$../../rtl/spark_core.v:270$1801: $auto$alumacc.cc:485:replace_alu$8294
  creating $alu cell for $gt$../../rtl/spark_core.v:270$1790: $auto$alumacc.cc:485:replace_alu$8307
  creating $alu cell for $gt$../../rtl/spark_core.v:270$1779: $auto$alumacc.cc:485:replace_alu$8320
  creating $alu cell for $gt$../../rtl/spark_core.v:255$1768: $auto$alumacc.cc:485:replace_alu$8333
  creating $alu cell for $gt$../../rtl/spark_core.v:255$1729: $auto$alumacc.cc:485:replace_alu$8340
  creating $alu cell for $gt$../../rtl/spark_core.v:255$1690: $auto$alumacc.cc:485:replace_alu$8347
  creating $alu cell for $gt$../../rtl/spark_core.v:255$1651: $auto$alumacc.cc:485:replace_alu$8354
  creating $alu cell for $gt$../../rtl/spark_core.v:249$1756: $auto$alumacc.cc:485:replace_alu$8361
  creating $alu cell for $gt$../../rtl/spark_core.v:249$1717: $auto$alumacc.cc:485:replace_alu$8366
  creating $alu cell for $gt$../../rtl/spark_core.v:249$1678: $auto$alumacc.cc:485:replace_alu$8371
  creating $alu cell for $gt$../../rtl/spark_core.v:249$1639: $auto$alumacc.cc:485:replace_alu$8376
  creating $alu cell for $gt$../../rtl/spark_core.v:246$1748: $auto$alumacc.cc:485:replace_alu$8381
  creating $alu cell for $gt$../../rtl/spark_core.v:246$1709: $auto$alumacc.cc:485:replace_alu$8388
  creating $alu cell for $gt$../../rtl/spark_core.v:246$1670: $auto$alumacc.cc:485:replace_alu$8395
  creating $alu cell for $gt$../../rtl/spark_core.v:246$1631: $auto$alumacc.cc:485:replace_alu$8402
  creating $alu cell for $gt$../../rtl/spark_core.v:176$1520: $auto$alumacc.cc:485:replace_alu$8409
  creating $alu cell for $ge$../../rtl/spark_core.v:83$1482: $auto$alumacc.cc:485:replace_alu$8414
  creating $alu cell for $ge$../../rtl/spark_core.v:472$2267: $auto$alumacc.cc:485:replace_alu$8423
  creating $alu cell for $ge$../../rtl/spark_core.v:470$2266: $auto$alumacc.cc:485:replace_alu$8436
  creating $alu cell for $ge$../../rtl/spark_core.v:418$2159: $auto$alumacc.cc:485:replace_alu$8451
  creating $alu cell for $ge$../../rtl/spark_core.v:373$2108: $auto$alumacc.cc:485:replace_alu$8464
  creating $alu cell for $sub$../../rtl/spark_core.v:208$1568: $auto$alumacc.cc:485:replace_alu$8477
  creating $alu cell for $sub$../../rtl/spark_core.v:208$1561: $auto$alumacc.cc:485:replace_alu$8480
  creating $alu cell for $sub$../../rtl/spark_core.v:208$1554: $auto$alumacc.cc:485:replace_alu$8483
  creating $alu cell for $sub$../../rtl/spark_core.v:208$1547: $auto$alumacc.cc:485:replace_alu$8486
  creating $alu cell for $sub$../../rtl/spark_core.v:203$1591: $auto$alumacc.cc:485:replace_alu$8489
  creating $alu cell for $sub$../../rtl/spark_core.v:203$1584: $auto$alumacc.cc:485:replace_alu$8492
  creating $alu cell for $sub$../../rtl/spark_core.v:203$1577: $auto$alumacc.cc:485:replace_alu$8495
  creating $alu cell for $sub$../../rtl/spark_core.v:253$1726: $auto$alumacc.cc:485:replace_alu$8498
  creating $alu cell for $sub$../../rtl/spark_core.v:253$1687: $auto$alumacc.cc:485:replace_alu$8501
  creating $alu cell for $sub$../../rtl/spark_core.v:253$1648: $auto$alumacc.cc:485:replace_alu$8504
  creating $alu cell for $sub$../../rtl/spark_core.v:208$1596: $auto$alumacc.cc:485:replace_alu$8507
  creating $alu cell for $sub$../../rtl/spark_core.v:208$1589: $auto$alumacc.cc:485:replace_alu$8510
  creating $alu cell for $sub$../../rtl/spark_core.v:208$1582: $auto$alumacc.cc:485:replace_alu$8513
  creating $alu cell for $sub$../../rtl/spark_core.v:208$1575: $auto$alumacc.cc:485:replace_alu$8516
  creating $alu cell for $add$../../rtl/spark_core.v:242$1657: $auto$alumacc.cc:485:replace_alu$8519
  creating $alu cell for $add$../../rtl/spark_core.v:242$1696: $auto$alumacc.cc:485:replace_alu$8522
  creating $alu cell for $add$../../rtl/spark_core.v:242$1735: $auto$alumacc.cc:485:replace_alu$8525
  creating $alu cell for $add$../../rtl/spark_core.v:245$1630: $auto$alumacc.cc:485:replace_alu$8528
  creating $alu cell for $add$../../rtl/spark_core.v:245$1669: $auto$alumacc.cc:485:replace_alu$8531
  creating $alu cell for $add$../../rtl/spark_core.v:245$1708: $auto$alumacc.cc:485:replace_alu$8534
  creating $alu cell for $add$../../rtl/spark_core.v:245$1747: $auto$alumacc.cc:485:replace_alu$8537
  creating $alu cell for $add$../../rtl/spark_core.v:270$1782: $auto$alumacc.cc:485:replace_alu$8540
  creating $alu cell for $add$../../rtl/spark_core.v:270$1794: $auto$alumacc.cc:485:replace_alu$8543
  creating $alu cell for $add$../../rtl/spark_core.v:270$1805: $auto$alumacc.cc:485:replace_alu$8546
  creating $alu cell for $add$../../rtl/spark_core.v:270$1816: $auto$alumacc.cc:485:replace_alu$8549
  creating $alu cell for $add$../../rtl/spark_core.v:278$1872: $auto$alumacc.cc:485:replace_alu$8552
  creating $alu cell for $add$../../rtl/spark_core.v:279$1875: $auto$alumacc.cc:485:replace_alu$8555
  creating $alu cell for $add$../../rtl/spark_core.v:280$1878: $auto$alumacc.cc:485:replace_alu$8558
  creating $alu cell for $add$../../rtl/spark_core.v:299$1932: $auto$alumacc.cc:485:replace_alu$8561
  creating $alu cell for $add$../../rtl/spark_core.v:307$1940: $auto$alumacc.cc:485:replace_alu$8564
  creating $alu cell for $add$../../rtl/spark_core.v:309$1944: $auto$alumacc.cc:485:replace_alu$8567
  creating $alu cell for $add$../../rtl/spark_core.v:349$2052: $auto$alumacc.cc:485:replace_alu$8570
  creating $alu cell for $gt$../../rtl/spark_core.v:175$1518: $auto$alumacc.cc:485:replace_alu$8573
  creating $alu cell for $add$../../rtl/spark_core.v:354$2098: $auto$alumacc.cc:485:replace_alu$8578
  creating $alu cell for $add$../../rtl/spark_core.v:355$2099: $auto$alumacc.cc:485:replace_alu$8581
  creating $alu cell for $add$../../rtl/spark_core.v:364$2101: $auto$alumacc.cc:485:replace_alu$8584
  creating $alu cell for $add$../../rtl/spark_core.v:390$2112: $auto$alumacc.cc:485:replace_alu$8587
  creating $alu cell for $add$../../rtl/spark_core.v:393$2114: $auto$alumacc.cc:485:replace_alu$8590
  creating $alu cell for $add$../../rtl/spark_core.v:404$2127: $auto$alumacc.cc:485:replace_alu$8593
  creating $alu cell for $add$../../rtl/spark_core.v:421$2180: $auto$alumacc.cc:485:replace_alu$8596
  creating $alu cell for $add$../../rtl/spark_core.v:425$2212: $auto$alumacc.cc:485:replace_alu$8599
  creating $alu cell for $add$../../rtl/spark_core.v:426$2219: $auto$alumacc.cc:485:replace_alu$8602
  creating $alu cell for $add$../../rtl/spark_core.v:432$2220: $auto$alumacc.cc:485:replace_alu$8605
  creating $alu cell for $add$../../rtl/spark_core.v:433$2222: $auto$alumacc.cc:485:replace_alu$8608
  creating $alu cell for $ge$../../rtl/spark_core.v:313$1947: $auto$alumacc.cc:485:replace_alu$8611
  creating $alu cell for $add$../../rtl/spark_core.v:435$2224: $auto$alumacc.cc:485:replace_alu$8620
  creating $alu cell for $add$../../rtl/spark_core.v:446$2229: $auto$alumacc.cc:485:replace_alu$8623
  creating $alu cell for $add$../../rtl/spark_core.v:458$2258: $auto$alumacc.cc:485:replace_alu$8626
  creating $alu cell for $add$../../rtl/spark_core.v:472$2268: $auto$alumacc.cc:485:replace_alu$8629
  creating $alu cell for $sub$../../rtl/spark_core.v:475$2271: $auto$alumacc.cc:485:replace_alu$8632
  creating $alu cell for $sub$../../rtl/spark_core.v:470$2265: $auto$alumacc.cc:485:replace_alu$8635
  creating $alu cell for $sub$../../rtl/spark_core.v:314$1954: $auto$alumacc.cc:485:replace_alu$8638
  creating $alu cell for $sub$../../rtl/spark_core.v:257$1772: $auto$alumacc.cc:485:replace_alu$8641
  creating $alu cell for $sub$../../rtl/spark_core.v:257$1733: $auto$alumacc.cc:485:replace_alu$8644
  creating $alu cell for $sub$../../rtl/spark_core.v:257$1694: $auto$alumacc.cc:485:replace_alu$8647
  creating $alu cell for $sub$../../rtl/spark_core.v:257$1655: $auto$alumacc.cc:485:replace_alu$8650
  creating $alu cell for $sub$../../rtl/spark_core.v:253$1765: $auto$alumacc.cc:485:replace_alu$8653
  creating $alu cell for $neg$../../rtl/spark_core.v:0$2183: $auto$alumacc.cc:485:replace_alu$8656
  creating $alu cell for $neg$../../rtl/spark_core.v:0$2199: $auto$alumacc.cc:485:replace_alu$8659
  creating $alu cell for $neg$../../rtl/spark_core.v:0$2237: $auto$alumacc.cc:485:replace_alu$8662
  creating $alu cell for $neg$../../rtl/spark_core.v:0$2249: $auto$alumacc.cc:485:replace_alu$8665
  creating $alu cell for $neg$../../rtl/spark_core.v:247$1636: $auto$alumacc.cc:485:replace_alu$8668
  creating $alu cell for $neg$../../rtl/spark_core.v:247$1675: $auto$alumacc.cc:485:replace_alu$8671
  creating $alu cell for $neg$../../rtl/spark_core.v:247$1714: $auto$alumacc.cc:485:replace_alu$8674
  creating $alu cell for $neg$../../rtl/spark_core.v:247$1753: $auto$alumacc.cc:485:replace_alu$8677
  creating $alu cell for $neg$../../rtl/spark_core.v:250$1641: $auto$alumacc.cc:485:replace_alu$8680
  creating $alu cell for $neg$../../rtl/spark_core.v:250$1680: $auto$alumacc.cc:485:replace_alu$8683
  creating $alu cell for $neg$../../rtl/spark_core.v:250$1719: $auto$alumacc.cc:485:replace_alu$8686
  creating $alu cell for $neg$../../rtl/spark_core.v:250$1758: $auto$alumacc.cc:485:replace_alu$8689
  creating $alu cell for $sub$../../rtl/spark_core.v:203$1542: $auto$alumacc.cc:485:replace_alu$8692
  creating $alu cell for $sub$../../rtl/spark_core.v:203$1549: $auto$alumacc.cc:485:replace_alu$8695
  creating $alu cell for $sub$../../rtl/spark_core.v:203$1556: $auto$alumacc.cc:485:replace_alu$8698
  creating $alu cell for $sub$../../rtl/spark_core.v:203$1563: $auto$alumacc.cc:485:replace_alu$8701
  creating $alu cell for $sub$../../rtl/spark_core.v:203$1570: $auto$alumacc.cc:485:replace_alu$8704
  created 115 $alu and 16 $macc cells.

6.14. Executing SHARE pass (SAT-based resource sharing).
Found 17 cells in module spark_core that may be considered for resource sharing.
  Analyzing resource sharing options for $sshr$../../rtl/spark_core.v:254$1766 ($sshr):
    Found 3 activation_patterns using ctrl signal { $auto$rtlil.cc:2401:Not$8076 $auto$rtlil.cc:2433:Xor$8339 \thr_en }.
    Found 3 candidates: $sshr$../../rtl/spark_core.v:254$1727 $sshr$../../rtl/spark_core.v:254$1688 $sshr$../../rtl/spark_core.v:254$1649
    Analyzing resource sharing with $sshr$../../rtl/spark_core.v:254$1727 ($sshr):
      Found 3 activation_patterns using ctrl signal { $auto$rtlil.cc:2401:Not$8089 $auto$rtlil.cc:2433:Xor$8346 \thr_en }.
      Forbidden control signals for this pair of cells: { $gt$../../rtl/spark_core.v:255$1768_Y $lt$../../rtl/spark_core.v:255$1767_Y $gt$../../rtl/spark_core.v:255$1729_Y $lt$../../rtl/spark_core.v:255$1728_Y }
      Activation pattern for cell $sshr$../../rtl/spark_core.v:254$1766: { $auto$rtlil.cc:2401:Not$8076 $auto$rtlil.cc:2433:Xor$8339 \thr_en } = 3'001
      Activation pattern for cell $sshr$../../rtl/spark_core.v:254$1766: { $auto$rtlil.cc:2401:Not$8076 \thr_en } = 2'01
      Activation pattern for cell $sshr$../../rtl/spark_core.v:254$1766: \thr_en = 1'1
      Activation pattern for cell $sshr$../../rtl/spark_core.v:254$1727: { $auto$rtlil.cc:2401:Not$8089 $auto$rtlil.cc:2433:Xor$8346 \thr_en } = 3'001
      Activation pattern for cell $sshr$../../rtl/spark_core.v:254$1727: { $auto$rtlil.cc:2401:Not$8089 \thr_en } = 2'01
      Activation pattern for cell $sshr$../../rtl/spark_core.v:254$1727: \thr_en = 1'1
      Size of SAT problem: 0 cells, 1454 variables, 3895 clauses
      According to the SAT solver this pair of cells can not be shared.
      Model from SAT solver: { $auto$rtlil.cc:2401:Not$8089 $auto$rtlil.cc:2401:Not$8076 $auto$rtlil.cc:2433:Xor$8339 $auto$rtlil.cc:2433:Xor$8346 \thr_en } = 5'11001
    Analyzing resource sharing with $sshr$../../rtl/spark_core.v:254$1688 ($sshr):
      Found 3 activation_patterns using ctrl signal { $auto$rtlil.cc:2401:Not$8102 $auto$rtlil.cc:2433:Xor$8353 \thr_en }.
      Forbidden control signals for this pair of cells: { $gt$../../rtl/spark_core.v:255$1768_Y $lt$../../rtl/spark_core.v:255$1767_Y $gt$../../rtl/spark_core.v:255$1690_Y $lt$../../rtl/spark_core.v:255$1689_Y }
      Activation pattern for cell $sshr$../../rtl/spark_core.v:254$1766: { $auto$rtlil.cc:2401:Not$8076 $auto$rtlil.cc:2433:Xor$8339 \thr_en } = 3'001
      Activation pattern for cell $sshr$../../rtl/spark_core.v:254$1766: { $auto$rtlil.cc:2401:Not$8076 \thr_en } = 2'01
      Activation pattern for cell $sshr$../../rtl/spark_core.v:254$1766: \thr_en = 1'1
      Activation pattern for cell $sshr$../../rtl/spark_core.v:254$1688: { $auto$rtlil.cc:2401:Not$8102 $auto$rtlil.cc:2433:Xor$8353 \thr_en } = 3'001
      Activation pattern for cell $sshr$../../rtl/spark_core.v:254$1688: { $auto$rtlil.cc:2401:Not$8102 \thr_en } = 2'01
      Activation pattern for cell $sshr$../../rtl/spark_core.v:254$1688: \thr_en = 1'1
      Size of SAT problem: 0 cells, 1454 variables, 3895 clauses
      According to the SAT solver this pair of cells can not be shared.
      Model from SAT solver: { $auto$rtlil.cc:2401:Not$8076 $auto$rtlil.cc:2401:Not$8102 $auto$rtlil.cc:2433:Xor$8339 $auto$rtlil.cc:2433:Xor$8353 \thr_en } = 5'11001
    Analyzing resource sharing with $sshr$../../rtl/spark_core.v:254$1649 ($sshr):
      Found 3 activation_patterns using ctrl signal { $auto$rtlil.cc:2401:Not$8115 $auto$rtlil.cc:2433:Xor$8360 \thr_en }.
      Forbidden control signals for this pair of cells: { $gt$../../rtl/spark_core.v:255$1768_Y $lt$../../rtl/spark_core.v:255$1767_Y $gt$../../rtl/spark_core.v:255$1651_Y $lt$../../rtl/spark_core.v:255$1650_Y }
      Activation pattern for cell $sshr$../../rtl/spark_core.v:254$1766: { $auto$rtlil.cc:2401:Not$8076 $auto$rtlil.cc:2433:Xor$8339 \thr_en } = 3'001
      Activation pattern for cell $sshr$../../rtl/spark_core.v:254$1766: { $auto$rtlil.cc:2401:Not$8076 \thr_en } = 2'01
      Activation pattern for cell $sshr$../../rtl/spark_core.v:254$1766: \thr_en = 1'1
      Activation pattern for cell $sshr$../../rtl/spark_core.v:254$1649: { $auto$rtlil.cc:2401:Not$8115 $auto$rtlil.cc:2433:Xor$8360 \thr_en } = 3'001
      Activation pattern for cell $sshr$../../rtl/spark_core.v:254$1649: { $auto$rtlil.cc:2401:Not$8115 \thr_en } = 2'01
      Activation pattern for cell $sshr$../../rtl/spark_core.v:254$1649: \thr_en = 1'1
      Size of SAT problem: 0 cells, 1454 variables, 3895 clauses
      According to the SAT solver this pair of cells can not be shared.
      Model from SAT solver: { $auto$rtlil.cc:2401:Not$8076 $auto$rtlil.cc:2401:Not$8115 $auto$rtlil.cc:2433:Xor$8339 $auto$rtlil.cc:2433:Xor$8360 \thr_en } = 5'11001
  Analyzing resource sharing options for $sshr$../../rtl/spark_core.v:254$1727 ($sshr):
    Found 3 activation_patterns using ctrl signal { $auto$rtlil.cc:2401:Not$8089 $auto$rtlil.cc:2433:Xor$8346 \thr_en }.
    Found 2 candidates: $sshr$../../rtl/spark_core.v:254$1688 $sshr$../../rtl/spark_core.v:254$1649
    Analyzing resource sharing with $sshr$../../rtl/spark_core.v:254$1688 ($sshr):
      Found 3 activation_patterns using ctrl signal { $auto$rtlil.cc:2401:Not$8102 $auto$rtlil.cc:2433:Xor$8353 \thr_en }.
      Forbidden control signals for this pair of cells: { $gt$../../rtl/spark_core.v:255$1729_Y $lt$../../rtl/spark_core.v:255$1728_Y $gt$../../rtl/spark_core.v:255$1690_Y $lt$../../rtl/spark_core.v:255$1689_Y }
      Activation pattern for cell $sshr$../../rtl/spark_core.v:254$1727: { $auto$rtlil.cc:2401:Not$8089 $auto$rtlil.cc:2433:Xor$8346 \thr_en } = 3'001
      Activation pattern for cell $sshr$../../rtl/spark_core.v:254$1727: { $auto$rtlil.cc:2401:Not$8089 \thr_en } = 2'01
      Activation pattern for cell $sshr$../../rtl/spark_core.v:254$1727: \thr_en = 1'1
      Activation pattern for cell $sshr$../../rtl/spark_core.v:254$1688: { $auto$rtlil.cc:2401:Not$8102 $auto$rtlil.cc:2433:Xor$8353 \thr_en } = 3'001
      Activation pattern for cell $sshr$../../rtl/spark_core.v:254$1688: { $auto$rtlil.cc:2401:Not$8102 \thr_en } = 2'01
      Activation pattern for cell $sshr$../../rtl/spark_core.v:254$1688: \thr_en = 1'1
      Size of SAT problem: 0 cells, 1454 variables, 3895 clauses
      According to the SAT solver this pair of cells can not be shared.
      Model from SAT solver: { $auto$rtlil.cc:2401:Not$8089 $auto$rtlil.cc:2401:Not$8102 $auto$rtlil.cc:2433:Xor$8346 $auto$rtlil.cc:2433:Xor$8353 \thr_en } = 5'11001
    Analyzing resource sharing with $sshr$../../rtl/spark_core.v:254$1649 ($sshr):
      Found 3 activation_patterns using ctrl signal { $auto$rtlil.cc:2401:Not$8115 $auto$rtlil.cc:2433:Xor$8360 \thr_en }.
      Forbidden control signals for this pair of cells: { $gt$../../rtl/spark_core.v:255$1729_Y $lt$../../rtl/spark_core.v:255$1728_Y $gt$../../rtl/spark_core.v:255$1651_Y $lt$../../rtl/spark_core.v:255$1650_Y }
      Activation pattern for cell $sshr$../../rtl/spark_core.v:254$1727: { $auto$rtlil.cc:2401:Not$8089 $auto$rtlil.cc:2433:Xor$8346 \thr_en } = 3'001
      Activation pattern for cell $sshr$../../rtl/spark_core.v:254$1727: { $auto$rtlil.cc:2401:Not$8089 \thr_en } = 2'01
      Activation pattern for cell $sshr$../../rtl/spark_core.v:254$1727: \thr_en = 1'1
      Activation pattern for cell $sshr$../../rtl/spark_core.v:254$1649: { $auto$rtlil.cc:2401:Not$8115 $auto$rtlil.cc:2433:Xor$8360 \thr_en } = 3'001
      Activation pattern for cell $sshr$../../rtl/spark_core.v:254$1649: { $auto$rtlil.cc:2401:Not$8115 \thr_en } = 2'01
      Activation pattern for cell $sshr$../../rtl/spark_core.v:254$1649: \thr_en = 1'1
      Size of SAT problem: 0 cells, 1454 variables, 3895 clauses
      According to the SAT solver this pair of cells can not be shared.
      Model from SAT solver: { $auto$rtlil.cc:2401:Not$8089 $auto$rtlil.cc:2401:Not$8115 $auto$rtlil.cc:2433:Xor$8346 $auto$rtlil.cc:2433:Xor$8360 \thr_en } = 5'11001
  Analyzing resource sharing options for $sshr$../../rtl/spark_core.v:254$1688 ($sshr):
    Found 3 activation_patterns using ctrl signal { $auto$rtlil.cc:2401:Not$8102 $auto$rtlil.cc:2433:Xor$8353 \thr_en }.
    Found 1 candidates: $sshr$../../rtl/spark_core.v:254$1649
    Analyzing resource sharing with $sshr$../../rtl/spark_core.v:254$1649 ($sshr):
      Found 3 activation_patterns using ctrl signal { $auto$rtlil.cc:2401:Not$8115 $auto$rtlil.cc:2433:Xor$8360 \thr_en }.
      Forbidden control signals for this pair of cells: { $gt$../../rtl/spark_core.v:255$1690_Y $lt$../../rtl/spark_core.v:255$1689_Y $gt$../../rtl/spark_core.v:255$1651_Y $lt$../../rtl/spark_core.v:255$1650_Y }
      Activation pattern for cell $sshr$../../rtl/spark_core.v:254$1688: { $auto$rtlil.cc:2401:Not$8102 $auto$rtlil.cc:2433:Xor$8353 \thr_en } = 3'001
      Activation pattern for cell $sshr$../../rtl/spark_core.v:254$1688: { $auto$rtlil.cc:2401:Not$8102 \thr_en } = 2'01
      Activation pattern for cell $sshr$../../rtl/spark_core.v:254$1688: \thr_en = 1'1
      Activation pattern for cell $sshr$../../rtl/spark_core.v:254$1649: { $auto$rtlil.cc:2401:Not$8115 $auto$rtlil.cc:2433:Xor$8360 \thr_en } = 3'001
      Activation pattern for cell $sshr$../../rtl/spark_core.v:254$1649: { $auto$rtlil.cc:2401:Not$8115 \thr_en } = 2'01
      Activation pattern for cell $sshr$../../rtl/spark_core.v:254$1649: \thr_en = 1'1
      Size of SAT problem: 0 cells, 1454 variables, 3895 clauses
      According to the SAT solver this pair of cells can not be shared.
      Model from SAT solver: { $auto$rtlil.cc:2401:Not$8102 $auto$rtlil.cc:2401:Not$8115 $auto$rtlil.cc:2433:Xor$8353 $auto$rtlil.cc:2433:Xor$8360 \thr_en } = 5'11001
  Analyzing resource sharing options for $sshr$../../rtl/spark_core.v:254$1649 ($sshr):
    Found 3 activation_patterns using ctrl signal { $auto$rtlil.cc:2401:Not$8115 $auto$rtlil.cc:2433:Xor$8360 \thr_en }.
    No candidates found.
  Analyzing resource sharing options for $shr$../../rtl/spark_core.v:248$1755 ($shr):
    Found 2 activation_patterns using ctrl signal { $auto$rtlil.cc:2401:Not$8365 \thr_en }.
    Found 3 candidates: $shr$../../rtl/spark_core.v:248$1716 $shr$../../rtl/spark_core.v:248$1677 $shr$../../rtl/spark_core.v:248$1638
    Analyzing resource sharing with $shr$../../rtl/spark_core.v:248$1716 ($shr):
      Found 2 activation_patterns using ctrl signal { $auto$rtlil.cc:2401:Not$8370 \thr_en }.
      Forbidden control signals for this pair of cells: { $gt$../../rtl/spark_core.v:249$1756_Y $gt$../../rtl/spark_core.v:249$1717_Y }
      Activation pattern for cell $shr$../../rtl/spark_core.v:248$1755: { $auto$rtlil.cc:2401:Not$8365 \thr_en } = 2'00
      Activation pattern for cell $shr$../../rtl/spark_core.v:248$1755: \thr_en = 1'0
      Activation pattern for cell $shr$../../rtl/spark_core.v:248$1716: { $auto$rtlil.cc:2401:Not$8370 \thr_en } = 2'00
      Activation pattern for cell $shr$../../rtl/spark_core.v:248$1716: \thr_en = 1'0
      Size of SAT problem: 0 cells, 686 variables, 1775 clauses
      According to the SAT solver this pair of cells can not be shared.
      Model from SAT solver: { $auto$rtlil.cc:2401:Not$8365 $auto$rtlil.cc:2401:Not$8370 \thr_en } = 3'110
    Analyzing resource sharing with $shr$../../rtl/spark_core.v:248$1677 ($shr):
      Found 2 activation_patterns using ctrl signal { $auto$rtlil.cc:2401:Not$8375 \thr_en }.
      Forbidden control signals for this pair of cells: { $gt$../../rtl/spark_core.v:249$1756_Y $gt$../../rtl/spark_core.v:249$1678_Y }
      Activation pattern for cell $shr$../../rtl/spark_core.v:248$1755: { $auto$rtlil.cc:2401:Not$8365 \thr_en } = 2'00
      Activation pattern for cell $shr$../../rtl/spark_core.v:248$1755: \thr_en = 1'0
      Activation pattern for cell $shr$../../rtl/spark_core.v:248$1677: { $auto$rtlil.cc:2401:Not$8375 \thr_en } = 2'00
      Activation pattern for cell $shr$../../rtl/spark_core.v:248$1677: \thr_en = 1'0
      Size of SAT problem: 0 cells, 686 variables, 1775 clauses
      According to the SAT solver this pair of cells can not be shared.
      Model from SAT solver: { $auto$rtlil.cc:2401:Not$8365 $auto$rtlil.cc:2401:Not$8375 \thr_en } = 3'110
    Analyzing resource sharing with $shr$../../rtl/spark_core.v:248$1638 ($shr):
      Found 2 activation_patterns using ctrl signal { $auto$rtlil.cc:2401:Not$8380 \thr_en }.
      Forbidden control signals for this pair of cells: { $gt$../../rtl/spark_core.v:249$1756_Y $gt$../../rtl/spark_core.v:249$1639_Y }
      Activation pattern for cell $shr$../../rtl/spark_core.v:248$1755: { $auto$rtlil.cc:2401:Not$8365 \thr_en } = 2'00
      Activation pattern for cell $shr$../../rtl/spark_core.v:248$1755: \thr_en = 1'0
      Activation pattern for cell $shr$../../rtl/spark_core.v:248$1638: { $auto$rtlil.cc:2401:Not$8380 \thr_en } = 2'00
      Activation pattern for cell $shr$../../rtl/spark_core.v:248$1638: \thr_en = 1'0
      Size of SAT problem: 0 cells, 686 variables, 1775 clauses
      According to the SAT solver this pair of cells can not be shared.
      Model from SAT solver: { $auto$rtlil.cc:2401:Not$8365 $auto$rtlil.cc:2401:Not$8380 \thr_en } = 3'110
  Analyzing resource sharing options for $shr$../../rtl/spark_core.v:248$1716 ($shr):
    Found 2 activation_patterns using ctrl signal { $auto$rtlil.cc:2401:Not$8370 \thr_en }.
    Found 2 candidates: $shr$../../rtl/spark_core.v:248$1677 $shr$../../rtl/spark_core.v:248$1638
    Analyzing resource sharing with $shr$../../rtl/spark_core.v:248$1677 ($shr):
      Found 2 activation_patterns using ctrl signal { $auto$rtlil.cc:2401:Not$8375 \thr_en }.
      Forbidden control signals for this pair of cells: { $gt$../../rtl/spark_core.v:249$1717_Y $gt$../../rtl/spark_core.v:249$1678_Y }
      Activation pattern for cell $shr$../../rtl/spark_core.v:248$1716: { $auto$rtlil.cc:2401:Not$8370 \thr_en } = 2'00
      Activation pattern for cell $shr$../../rtl/spark_core.v:248$1716: \thr_en = 1'0
      Activation pattern for cell $shr$../../rtl/spark_core.v:248$1677: { $auto$rtlil.cc:2401:Not$8375 \thr_en } = 2'00
      Activation pattern for cell $shr$../../rtl/spark_core.v:248$1677: \thr_en = 1'0
      Size of SAT problem: 0 cells, 686 variables, 1775 clauses
      According to the SAT solver this pair of cells can not be shared.
      Model from SAT solver: { $auto$rtlil.cc:2401:Not$8370 $auto$rtlil.cc:2401:Not$8375 \thr_en } = 3'110
    Analyzing resource sharing with $shr$../../rtl/spark_core.v:248$1638 ($shr):
      Found 2 activation_patterns using ctrl signal { $auto$rtlil.cc:2401:Not$8380 \thr_en }.
      Forbidden control signals for this pair of cells: { $gt$../../rtl/spark_core.v:249$1717_Y $gt$../../rtl/spark_core.v:249$1639_Y }
      Activation pattern for cell $shr$../../rtl/spark_core.v:248$1716: { $auto$rtlil.cc:2401:Not$8370 \thr_en } = 2'00
      Activation pattern for cell $shr$../../rtl/spark_core.v:248$1716: \thr_en = 1'0
      Activation pattern for cell $shr$../../rtl/spark_core.v:248$1638: { $auto$rtlil.cc:2401:Not$8380 \thr_en } = 2'00
      Activation pattern for cell $shr$../../rtl/spark_core.v:248$1638: \thr_en = 1'0
      Size of SAT problem: 0 cells, 686 variables, 1775 clauses
      According to the SAT solver this pair of cells can not be shared.
      Model from SAT solver: { $auto$rtlil.cc:2401:Not$8370 $auto$rtlil.cc:2401:Not$8380 \thr_en } = 3'110
  Analyzing resource sharing options for $shr$../../rtl/spark_core.v:248$1677 ($shr):
    Found 2 activation_patterns using ctrl signal { $auto$rtlil.cc:2401:Not$8375 \thr_en }.
    Found 1 candidates: $shr$../../rtl/spark_core.v:248$1638
    Analyzing resource sharing with $shr$../../rtl/spark_core.v:248$1638 ($shr):
      Found 2 activation_patterns using ctrl signal { $auto$rtlil.cc:2401:Not$8380 \thr_en }.
      Forbidden control signals for this pair of cells: { $gt$../../rtl/spark_core.v:249$1678_Y $gt$../../rtl/spark_core.v:249$1639_Y }
      Activation pattern for cell $shr$../../rtl/spark_core.v:248$1677: { $auto$rtlil.cc:2401:Not$8375 \thr_en } = 2'00
      Activation pattern for cell $shr$../../rtl/spark_core.v:248$1677: \thr_en = 1'0
      Activation pattern for cell $shr$../../rtl/spark_core.v:248$1638: { $auto$rtlil.cc:2401:Not$8380 \thr_en } = 2'00
      Activation pattern for cell $shr$../../rtl/spark_core.v:248$1638: \thr_en = 1'0
      Size of SAT problem: 0 cells, 686 variables, 1775 clauses
      According to the SAT solver this pair of cells can not be shared.
      Model from SAT solver: { $auto$rtlil.cc:2401:Not$8375 $auto$rtlil.cc:2401:Not$8380 \thr_en } = 3'110
  Analyzing resource sharing options for $shr$../../rtl/spark_core.v:248$1638 ($shr):
    Found 2 activation_patterns using ctrl signal { $auto$rtlil.cc:2401:Not$8380 \thr_en }.
    No candidates found.
  Analyzing resource sharing options for $mul$../../rtl/spark_core.v:223$1614 ($mul):
    Found cell that is never activated: $mul$../../rtl/spark_core.v:223$1614
    Cell is never active. Sharing is pointless, we simply remove it.
  Analyzing resource sharing options for $mul$../../rtl/spark_core.v:223$1612 ($mul):
    Found cell that is never activated: $mul$../../rtl/spark_core.v:223$1612
    Cell is never active. Sharing is pointless, we simply remove it.
  Analyzing resource sharing options for $mul$../../rtl/spark_core.v:223$1610 ($mul):
    Found cell that is never activated: $mul$../../rtl/spark_core.v:223$1610
    Cell is never active. Sharing is pointless, we simply remove it.
  Analyzing resource sharing options for $mul$../../rtl/spark_core.v:223$1608 ($mul):
    Found cell that is never activated: $mul$../../rtl/spark_core.v:223$1608
    Cell is never active. Sharing is pointless, we simply remove it.
  Analyzing resource sharing options for $mul$../../rtl/spark_core.v:223$1606 ($mul):
    Found cell that is never activated: $mul$../../rtl/spark_core.v:223$1606
    Cell is never active. Sharing is pointless, we simply remove it.
  Analyzing resource sharing options for $mul$../../rtl/spark_core.v:223$1604 ($mul):
    Found cell that is never activated: $mul$../../rtl/spark_core.v:223$1604
    Cell is never active. Sharing is pointless, we simply remove it.
  Analyzing resource sharing options for $mul$../../rtl/spark_core.v:223$1602 ($mul):
    Found cell that is never activated: $mul$../../rtl/spark_core.v:223$1602
    Cell is never active. Sharing is pointless, we simply remove it.
  Analyzing resource sharing options for $mul$../../rtl/spark_core.v:223$1600 ($mul):
    Found cell that is never activated: $mul$../../rtl/spark_core.v:223$1600
    Cell is never active. Sharing is pointless, we simply remove it.
  Analyzing resource sharing options for $memrd$\prc$../../rtl/spark_core.v:425$2211 ($memrd):
    Found 1 activation_patterns using ctrl signal { $logic_and$../../rtl/spark_core.v:418$2160_Y $eq$../../rtl/spark_core.v:417$2137_Y $procmux$2685_CMP \rst }.
    No candidates found.
Removing 8 cells in module spark_core:
  Removing cell $mul$../../rtl/spark_core.v:223$1600 ($mul).
  Removing cell $mul$../../rtl/spark_core.v:223$1602 ($mul).
  Removing cell $mul$../../rtl/spark_core.v:223$1604 ($mul).
  Removing cell $mul$../../rtl/spark_core.v:223$1606 ($mul).
  Removing cell $mul$../../rtl/spark_core.v:223$1608 ($mul).
  Removing cell $mul$../../rtl/spark_core.v:223$1610 ($mul).
  Removing cell $mul$../../rtl/spark_core.v:223$1612 ($mul).
  Removing cell $mul$../../rtl/spark_core.v:223$1614 ($mul).

6.15. Executing OPT pass (performing simple optimizations).

6.15.1. Executing OPT_EXPR pass (perform const folding).
Optimizing module spark_core.
<suppressed ~45 debug messages>

6.15.2. Executing OPT_MERGE pass (detect identical cells).
Finding identical cells in module `\spark_core'.
Removed a total of 0 cells.

6.15.3. Executing OPT_MUXTREE pass (detect dead branches in mux trees).
Running muxtree optimizer on module \spark_core..
  Creating internal representation of mux trees.
  Evaluating internal representation of mux trees.
  Analyzing evaluation results.
Removed 0 multiplexer ports.
<suppressed ~144 debug messages>

6.15.4. Executing OPT_REDUCE pass (consolidate $*mux and $reduce_* inputs).
  Optimizing cells in module \spark_core.
Performed a total of 0 changes.

6.15.5. Executing OPT_MERGE pass (detect identical cells).
Finding identical cells in module `\spark_core'.
Removed a total of 0 cells.

6.15.6. Executing OPT_DFF pass (perform DFF optimizations).

6.15.7. Executing OPT_CLEAN pass (remove unused cells and wires).
Finding unused cells or wires in module \spark_core..
Removed 36 unused cells and 90 unused wires.
<suppressed ~39 debug messages>

6.15.8. Executing OPT_EXPR pass (perform const folding).
Optimizing module spark_core.

6.15.9. Rerunning OPT passes. (Maybe there is more to do..)

6.15.10. Executing OPT_MUXTREE pass (detect dead branches in mux trees).
Running muxtree optimizer on module \spark_core..
  Creating internal representation of mux trees.
  Evaluating internal representation of mux trees.
  Analyzing evaluation results.
Removed 0 multiplexer ports.
<suppressed ~144 debug messages>

6.15.11. Executing OPT_REDUCE pass (consolidate $*mux and $reduce_* inputs).
  Optimizing cells in module \spark_core.
Performed a total of 0 changes.

6.15.12. Executing OPT_MERGE pass (detect identical cells).
Finding identical cells in module `\spark_core'.
Removed a total of 0 cells.

6.15.13. Executing OPT_DFF pass (perform DFF optimizations).

6.15.14. Executing OPT_CLEAN pass (remove unused cells and wires).
Finding unused cells or wires in module \spark_core..

6.15.15. Executing OPT_EXPR pass (perform const folding).
Optimizing module spark_core.

6.15.16. Finished OPT passes. (There is nothing left to do.)

6.16. Executing MEMORY pass.

6.16.1. Executing OPT_MEM pass (optimize memories).
spark_core.u_th0.mem: removing const-0 lane 20
spark_core.u_th0.mem: removing const-0 lane 21
spark_core.u_th0.mem: removing const-0 lane 22
spark_core.u_th0.mem: removing const-0 lane 23
spark_core.u_th0.mem: removing const-0 lane 24
spark_core.u_th0.mem: removing const-0 lane 25
spark_core.u_th0.mem: removing const-0 lane 26
spark_core.u_th0.mem: removing const-0 lane 27
spark_core.u_th0.mem: removing const-0 lane 28
spark_core.u_th0.mem: removing const-0 lane 29
spark_core.u_th0.mem: removing const-0 lane 30
spark_core.u_th0.mem: removing const-0 lane 31
spark_core.u_th0.mem: removing const-0 lane 69
spark_core.u_th0.mem: removing const-0 lane 70
spark_core.u_th0.mem: removing const-0 lane 71
spark_core.u_th0.mem: removing const-0 lane 72
spark_core.u_th0.mem: removing const-0 lane 73
spark_core.u_th0.mem: removing const-0 lane 74
spark_core.u_th0.mem: removing const-0 lane 75
spark_core.u_th0.mem: removing const-0 lane 76
spark_core.u_th0.mem: removing const-0 lane 77
spark_core.u_th0.mem: removing const-0 lane 78
spark_core.u_th0.mem: removing const-0 lane 79
spark_core.u_th0.mem: removing const-0 lane 85
spark_core.u_th0.mem: removing const-0 lane 86
spark_core.u_th0.mem: removing const-0 lane 87
spark_core.u_th0.mem: removing const-0 lane 88
spark_core.u_th0.mem: removing const-0 lane 89
spark_core.u_th0.mem: removing const-0 lane 90
spark_core.u_th0.mem: removing const-0 lane 91
spark_core.u_th0.mem: removing const-0 lane 92
spark_core.u_th0.mem: removing const-0 lane 93
spark_core.u_th0.mem: removing const-0 lane 94
spark_core.u_th0.mem: removing const-0 lane 95
spark_core.u_th0.mem: removing const-0 lane 117
spark_core.u_th0.mem: removing const-0 lane 118
spark_core.u_th0.mem: removing const-0 lane 119
spark_core.u_th0.mem: removing const-0 lane 120
spark_core.u_th0.mem: removing const-0 lane 121
spark_core.u_th0.mem: removing const-0 lane 122
spark_core.u_th0.mem: removing const-0 lane 123
spark_core.u_th0.mem: removing const-0 lane 124
spark_core.u_th0.mem: removing const-0 lane 125
spark_core.u_th0.mem: removing const-0 lane 126
spark_core.u_th0.mem: removing const-0 lane 127
Performed a total of 3 transformations.

6.16.2. Executing OPT_MEM_PRIORITY pass (removing unnecessary memory write priority relations).
Performed a total of 12 transformations.

6.16.3. Executing OPT_MEM_FEEDBACK pass (finding memory read-to-write feedback paths).
  Analyzing spark_core.nzc write port 0.
  Analyzing spark_core.nzc write port 1.
  Analyzing spark_core.nzc write port 2.
  Analyzing spark_core.nzc write port 3.
  Analyzing spark_core.nzc write port 4.
  Analyzing spark_core.prc write port 0.
  Analyzing spark_core.prc write port 1.
  Analyzing spark_core.prc write port 2.
  Analyzing spark_core.prc write port 3.
  Analyzing spark_core.prc write port 4.
  Analyzing spark_core.u_acc0.mem write port 0.
  Analyzing spark_core.u_acc1.mem write port 0.
  Analyzing spark_core.u_acc2.mem write port 0.
  Analyzing spark_core.u_acc3.mem write port 0.
  Analyzing spark_core.u_h0.mem write port 0.
  Analyzing spark_core.u_h1.mem write port 0.
  Analyzing spark_core.u_s0.mem write port 0.
  Analyzing spark_core.u_s1.mem write port 0.
  Analyzing spark_core.u_sn0.mem write port 0.
  Analyzing spark_core.u_sn1.mem write port 0.
  Analyzing spark_core.u_sn2.mem write port 0.
  Analyzing spark_core.u_sn3.mem write port 0.

6.16.4. Executing MEMORY_BMUX2ROM pass (converting muxes to ROMs).

6.16.5. Executing MEMORY_DFF pass (merging $dff cells to $memrd).
Checking read port `\nzc'[0] in module `\spark_core': no output FF found.
Checking read port `\nzc'[1] in module `\spark_core': no output FF found.
Checking read port `\nzc'[2] in module `\spark_core': no output FF found.
Checking read port `\nzc'[3] in module `\spark_core': no output FF found.
Checking read port `\nzc'[4] in module `\spark_core': no output FF found.
Checking read port `\prc'[0] in module `\spark_core': no output FF found.
Checking read port `\prc'[1] in module `\spark_core': no output FF found.
Checking read port `\prc'[2] in module `\spark_core': no output FF found.
Checking read port `\prc'[3] in module `\spark_core': no output FF found.
Checking read port `\prc'[4] in module `\spark_core': no output FF found.
Checking read port `\u_acc0.mem'[0] in module `\spark_core': merging output FF to cell.
    Write port 0: non-transparent.
Checking read port `\u_acc1.mem'[0] in module `\spark_core': merging output FF to cell.
    Write port 0: non-transparent.
Checking read port `\u_acc2.mem'[0] in module `\spark_core': merging output FF to cell.
    Write port 0: non-transparent.
Checking read port `\u_acc3.mem'[0] in module `\spark_core': merging output FF to cell.
    Write port 0: non-transparent.
Checking read port `\u_h0.mem'[0] in module `\spark_core': merging output FF to cell.
    Write port 0: non-transparent.
Checking read port `\u_h1.mem'[0] in module `\spark_core': merging output FF to cell.
    Write port 0: non-transparent.
Checking read port `\u_s0.mem'[0] in module `\spark_core': merging output FF to cell.
    Write port 0: non-transparent.
Checking read port `\u_s1.mem'[0] in module `\spark_core': merging output FF to cell.
    Write port 0: non-transparent.
Checking read port `\u_sn0.mem'[0] in module `\spark_core': merging output FF to cell.
    Write port 0: non-transparent.
Checking read port `\u_sn1.mem'[0] in module `\spark_core': merging output FF to cell.
    Write port 0: non-transparent.
Checking read port `\u_sn2.mem'[0] in module `\spark_core': merging output FF to cell.
    Write port 0: non-transparent.
Checking read port `\u_sn3.mem'[0] in module `\spark_core': merging output FF to cell.
    Write port 0: non-transparent.
Checking read port `\u_th0.mem'[0] in module `\spark_core': merging output FF to cell.
Checking read port `\u_th1.mem'[0] in module `\spark_core': merging output FF to cell.
Checking read port address `\nzc'[0] in module `\spark_core': merged address FF to cell.
Checking read port address `\nzc'[1] in module `\spark_core': no address FF found.
Checking read port address `\nzc'[2] in module `\spark_core': no address FF found.
Checking read port address `\nzc'[3] in module `\spark_core': no address FF found.
Checking read port address `\nzc'[4] in module `\spark_core': no address FF found.
Checking read port address `\prc'[0] in module `\spark_core': merged address FF to cell.
Checking read port address `\prc'[1] in module `\spark_core': no address FF found.
Checking read port address `\prc'[2] in module `\spark_core': no address FF found.
Checking read port address `\prc'[3] in module `\spark_core': no address FF found.
Checking read port address `\prc'[4] in module `\spark_core': no address FF found.

6.16.6. Executing OPT_CLEAN pass (remove unused cells and wires).
Finding unused cells or wires in module \spark_core..
Removed 13 unused cells and 1101 unused wires.
<suppressed ~14 debug messages>

6.16.7. Executing MEMORY_SHARE pass (consolidating $memrd/$memwr cells).
Consolidating read ports of memory spark_core.nzc by address:
  Merging ports 1, 2 (address 2'11).
  Merging ports 1, 3 (address 2'10).
Consolidating read ports of memory spark_core.nzc by address:
Consolidating write ports of memory spark_core.nzc by address:
  Merging ports 0, 1 (address 2'00).
  Merging ports 0, 2 (address 2'00).
Consolidating write ports of memory spark_core.nzc by address:
Consolidating read ports of memory spark_core.prc by address:
  Merging ports 1, 2 (address 2'11).
  Merging ports 1, 3 (address 2'10).
Consolidating read ports of memory spark_core.prc by address:
Consolidating write ports of memory spark_core.prc by address:
  Merging ports 0, 1 (address 2'00).
  Merging ports 0, 2 (address 2'00).
Consolidating write ports of memory spark_core.prc by address:
Consolidating write ports of memory spark_core.nzc using sat-based resource sharing:
  Checking group clocked with posedge \clk, width 16: ports 1, 2.
  Common input cone for all EN signals: 59 cells.
  Size of unconstrained SAT problem: 2169 variables, 5679 clauses
  Merging port 2 into port 1.
Consolidating write ports of memory spark_core.prc using sat-based resource sharing:
  Checking group clocked with posedge \clk, width 16: ports 1, 2.
  Common input cone for all EN signals: 19 cells.
  Size of unconstrained SAT problem: 506 variables, 1294 clauses
  Merging port 2 into port 1.

6.16.8. Executing OPT_MEM_WIDEN pass (optimize memories where all ports are wide).
Performed a total of 0 transformations.

6.16.9. Executing OPT_CLEAN pass (remove unused cells and wires).
Finding unused cells or wires in module \spark_core..
Removed 0 unused cells and 2 unused wires.
<suppressed ~1 debug messages>

6.16.10. Executing MEMORY_COLLECT pass (generating $mem cells).

6.17. Executing OPT_CLEAN pass (remove unused cells and wires).
Finding unused cells or wires in module \spark_core..

6.18. Executing OPT pass (performing simple optimizations).

6.18.1. Executing OPT_EXPR pass (perform const folding).
Optimizing module spark_core.
<suppressed ~327 debug messages>

6.18.2. Executing OPT_MERGE pass (detect identical cells).
Finding identical cells in module `\spark_core'.
<suppressed ~18 debug messages>
Removed a total of 6 cells.

6.18.3. Executing OPT_DFF pass (perform DFF optimizations).
Adding SRST signal on $auto$ff.cc:266:slice$7842 ($dffe) from module spark_core (D = $procmux$5288_Y, Q = \path, rval = 2'10).
Adding SRST signal on $auto$ff.cc:266:slice$7830 ($dffe) from module spark_core (D = $procmux$5238_Y, Q = \wreads, rval = 0).
Adding SRST signal on $auto$ff.cc:266:slice$7821 ($dffe) from module spark_core (D = $add$../../rtl/spark_core.v:432$2220_Y, Q = \cyc_engine, rval = 0).
Adding SRST signal on $auto$ff.cc:266:slice$7812 ($dffe) from module spark_core (D = $add$../../rtl/spark_core.v:390$2112_Y, Q = \cyc_scan, rval = 0).
Adding SRST signal on $auto$ff.cc:266:slice$7803 ($dffe) from module spark_core (D = $add$../../rtl/spark_core.v:446$2229_Y, Q = \cyc_post, rval = 0).
Adding SRST signal on $auto$ff.cc:266:slice$7794 ($dffe) from module spark_core (D = $add$../../rtl/spark_core.v:364$2101_Y, Q = \cyc_recall, rval = 0).
Adding SRST signal on $auto$ff.cc:266:slice$7768 ($dffe) from module spark_core (D = $procmux$5050_Y, Q = \n_nz, rval = 8'00000000).
Adding SRST signal on $auto$ff.cc:266:slice$7759 ($dffe) from module spark_core (D = $procmux$5028_Y, Q = \n_dl, rval = 8'00000000).
Adding EN signal on $auto$ff.cc:266:slice$7756 ($sdffe) from module spark_core (D = $procmux$5005_Y [0], Q = \score [0]).
Adding SRST signal on $auto$ff.cc:266:slice$7618 ($dffe) from module spark_core (D = $add$../../rtl/spark_core.v:435$2224_Y [6:0], Q = \e, rval = 7'0000000).
Adding SRST signal on $auto$ff.cc:266:slice$7609 ($dffe) from module spark_core (D = $add$../../rtl/spark_core.v:404$2127_Y [6:0], Q = \m, rval = 7'0000000).
Adding SRST signal on $auto$ff.cc:266:slice$7598 ($dffe) from module spark_core (D = $procmux$4565_Y, Q = \t1, rval = 32'11000000000000000000000000000000).
Adding SRST signal on $auto$ff.cc:266:slice$7587 ($dffe) from module spark_core (D = $procmux$4550_Y, Q = \t2, rval = 32'11000000000000000000000000000000).
Adding SRST signal on $auto$ff.cc:266:slice$7574 ($dffe) from module spark_core (D = $procmux$4535_Y, Q = \idx, rval = 8'00000000).
Adding SRST signal on $auto$ff.cc:266:slice$7542 ($dffe) from module spark_core (D = $add$../../rtl/spark_core.v:458$2258_Y, Q = \q, rval = 2'00).
Setting constant 1-bit at position 0 on $flatten\u_th0.$procdff$7382 ($dff) from module spark_core.
Setting constant 1-bit at position 1 on $flatten\u_th0.$procdff$7382 ($dff) from module spark_core.
Setting constant 1-bit at position 2 on $flatten\u_th0.$procdff$7382 ($dff) from module spark_core.
Setting constant 1-bit at position 3 on $flatten\u_th0.$procdff$7382 ($dff) from module spark_core.
Setting constant 1-bit at position 4 on $flatten\u_th0.$procdff$7382 ($dff) from module spark_core.
Setting constant 1-bit at position 5 on $flatten\u_th0.$procdff$7382 ($dff) from module spark_core.
Setting constant 1-bit at position 6 on $flatten\u_th0.$procdff$7382 ($dff) from module spark_core.
Setting constant 1-bit at position 7 on $flatten\u_th0.$procdff$7382 ($dff) from module spark_core.
Setting constant 1-bit at position 8 on $flatten\u_th0.$procdff$7382 ($dff) from module spark_core.
Setting constant 1-bit at position 9 on $flatten\u_th0.$procdff$7382 ($dff) from module spark_core.
Setting constant 1-bit at position 10 on $flatten\u_th0.$procdff$7382 ($dff) from module spark_core.
Setting constant 1-bit at position 11 on $flatten\u_th0.$procdff$7382 ($dff) from module spark_core.
Setting constant 1-bit at position 12 on $flatten\u_th0.$procdff$7382 ($dff) from module spark_core.
Setting constant 1-bit at position 13 on $flatten\u_th0.$procdff$7382 ($dff) from module spark_core.
Setting constant 1-bit at position 14 on $flatten\u_th0.$procdff$7382 ($dff) from module spark_core.
Setting constant 1-bit at position 15 on $flatten\u_th0.$procdff$7382 ($dff) from module spark_core.
Setting constant 1-bit at position 16 on $flatten\u_th0.$procdff$7382 ($dff) from module spark_core.
Setting constant 1-bit at position 17 on $flatten\u_th0.$procdff$7382 ($dff) from module spark_core.
Setting constant 1-bit at position 18 on $flatten\u_th0.$procdff$7382 ($dff) from module spark_core.
Setting constant 1-bit at position 19 on $flatten\u_th0.$procdff$7382 ($dff) from module spark_core.
Setting constant 0-bit at position 20 on $flatten\u_th0.$procdff$7382 ($dff) from module spark_core.
Setting constant 0-bit at position 21 on $flatten\u_th0.$procdff$7382 ($dff) from module spark_core.
Setting constant 0-bit at position 22 on $flatten\u_th0.$procdff$7382 ($dff) from module spark_core.
Setting constant 0-bit at position 23 on $flatten\u_th0.$procdff$7382 ($dff) from module spark_core.
Setting constant 0-bit at position 24 on $flatten\u_th0.$procdff$7382 ($dff) from module spark_core.
Setting constant 0-bit at position 25 on $flatten\u_th0.$procdff$7382 ($dff) from module spark_core.
Setting constant 0-bit at position 26 on $flatten\u_th0.$procdff$7382 ($dff) from module spark_core.
Setting constant 0-bit at position 27 on $flatten\u_th0.$procdff$7382 ($dff) from module spark_core.
Setting constant 0-bit at position 28 on $flatten\u_th0.$procdff$7382 ($dff) from module spark_core.
Setting constant 0-bit at position 29 on $flatten\u_th0.$procdff$7382 ($dff) from module spark_core.
Setting constant 0-bit at position 30 on $flatten\u_th0.$procdff$7382 ($dff) from module spark_core.
Setting constant 0-bit at position 31 on $flatten\u_th0.$procdff$7382 ($dff) from module spark_core.
Setting constant 1-bit at position 32 on $flatten\u_th0.$procdff$7382 ($dff) from module spark_core.
Setting constant 1-bit at position 33 on $flatten\u_th0.$procdff$7382 ($dff) from module spark_core.
Setting constant 1-bit at position 34 on $flatten\u_th0.$procdff$7382 ($dff) from module spark_core.
Setting constant 1-bit at position 35 on $flatten\u_th0.$procdff$7382 ($dff) from module spark_core.
Setting constant 1-bit at position 36 on $flatten\u_th0.$procdff$7382 ($dff) from module spark_core.
Setting constant 1-bit at position 37 on $flatten\u_th0.$procdff$7382 ($dff) from module spark_core.
Setting constant 1-bit at position 38 on $flatten\u_th0.$procdff$7382 ($dff) from module spark_core.
Setting constant 1-bit at position 39 on $flatten\u_th0.$procdff$7382 ($dff) from module spark_core.
Setting constant 1-bit at position 40 on $flatten\u_th0.$procdff$7382 ($dff) from module spark_core.
Setting constant 1-bit at position 41 on $flatten\u_th0.$procdff$7382 ($dff) from module spark_core.
Setting constant 1-bit at position 42 on $flatten\u_th0.$procdff$7382 ($dff) from module spark_core.
Setting constant 1-bit at position 43 on $flatten\u_th0.$procdff$7382 ($dff) from module spark_core.
Setting constant 1-bit at position 44 on $flatten\u_th0.$procdff$7382 ($dff) from module spark_core.
Setting constant 1-bit at position 45 on $flatten\u_th0.$procdff$7382 ($dff) from module spark_core.
Setting constant 1-bit at position 46 on $flatten\u_th0.$procdff$7382 ($dff) from module spark_core.
Setting constant 1-bit at position 47 on $flatten\u_th0.$procdff$7382 ($dff) from module spark_core.
Setting constant 1-bit at position 48 on $flatten\u_th0.$procdff$7382 ($dff) from module spark_core.
Setting constant 1-bit at position 49 on $flatten\u_th0.$procdff$7382 ($dff) from module spark_core.
Setting constant 1-bit at position 50 on $flatten\u_th0.$procdff$7382 ($dff) from module spark_core.
Setting constant 1-bit at position 51 on $flatten\u_th0.$procdff$7382 ($dff) from module spark_core.
Setting constant 1-bit at position 52 on $flatten\u_th0.$procdff$7382 ($dff) from module spark_core.
Setting constant 1-bit at position 53 on $flatten\u_th0.$procdff$7382 ($dff) from module spark_core.
Setting constant 1-bit at position 54 on $flatten\u_th0.$procdff$7382 ($dff) from module spark_core.
Setting constant 1-bit at position 55 on $flatten\u_th0.$procdff$7382 ($dff) from module spark_core.
Setting constant 1-bit at position 56 on $flatten\u_th0.$procdff$7382 ($dff) from module spark_core.
Setting constant 1-bit at position 57 on $flatten\u_th0.$procdff$7382 ($dff) from module spark_core.
Setting constant 1-bit at position 58 on $flatten\u_th0.$procdff$7382 ($dff) from module spark_core.
Setting constant 1-bit at position 59 on $flatten\u_th0.$procdff$7382 ($dff) from module spark_core.
Setting constant 1-bit at position 60 on $flatten\u_th0.$procdff$7382 ($dff) from module spark_core.
Setting constant 1-bit at position 61 on $flatten\u_th0.$procdff$7382 ($dff) from module spark_core.
Setting constant 1-bit at position 62 on $flatten\u_th0.$procdff$7382 ($dff) from module spark_core.
Setting constant 1-bit at position 63 on $flatten\u_th0.$procdff$7382 ($dff) from module spark_core.
Setting constant 1-bit at position 64 on $flatten\u_th0.$procdff$7382 ($dff) from module spark_core.
Setting constant 1-bit at position 65 on $flatten\u_th0.$procdff$7382 ($dff) from module spark_core.
Setting constant 1-bit at position 66 on $flatten\u_th0.$procdff$7382 ($dff) from module spark_core.
Setting constant 1-bit at position 67 on $flatten\u_th0.$procdff$7382 ($dff) from module spark_core.
Setting constant 1-bit at position 68 on $flatten\u_th0.$procdff$7382 ($dff) from module spark_core.
Setting constant 0-bit at position 69 on $flatten\u_th0.$procdff$7382 ($dff) from module spark_core.
Setting constant 0-bit at position 70 on $flatten\u_th0.$procdff$7382 ($dff) from module spark_core.
Setting constant 0-bit at position 71 on $flatten\u_th0.$procdff$7382 ($dff) from module spark_core.
Setting constant 0-bit at position 72 on $flatten\u_th0.$procdff$7382 ($dff) from module spark_core.
Setting constant 0-bit at position 73 on $flatten\u_th0.$procdff$7382 ($dff) from module spark_core.
Setting constant 0-bit at position 74 on $flatten\u_th0.$procdff$7382 ($dff) from module spark_core.
Setting constant 0-bit at position 75 on $flatten\u_th0.$procdff$7382 ($dff) from module spark_core.
Setting constant 0-bit at position 76 on $flatten\u_th0.$procdff$7382 ($dff) from module spark_core.
Setting constant 0-bit at position 77 on $flatten\u_th0.$procdff$7382 ($dff) from module spark_core.
Setting constant 0-bit at position 78 on $flatten\u_th0.$procdff$7382 ($dff) from module spark_core.
Setting constant 0-bit at position 79 on $flatten\u_th0.$procdff$7382 ($dff) from module spark_core.
Setting constant 1-bit at position 80 on $flatten\u_th0.$procdff$7382 ($dff) from module spark_core.
Setting constant 1-bit at position 81 on $flatten\u_th0.$procdff$7382 ($dff) from module spark_core.
Setting constant 1-bit at position 82 on $flatten\u_th0.$procdff$7382 ($dff) from module spark_core.
Setting constant 1-bit at position 83 on $flatten\u_th0.$procdff$7382 ($dff) from module spark_core.
Setting constant 1-bit at position 84 on $flatten\u_th0.$procdff$7382 ($dff) from module spark_core.
Setting constant 0-bit at position 85 on $flatten\u_th0.$procdff$7382 ($dff) from module spark_core.
Setting constant 0-bit at position 86 on $flatten\u_th0.$procdff$7382 ($dff) from module spark_core.
Setting constant 0-bit at position 87 on $flatten\u_th0.$procdff$7382 ($dff) from module spark_core.
Setting constant 0-bit at position 88 on $flatten\u_th0.$procdff$7382 ($dff) from module spark_core.
Setting constant 0-bit at position 89 on $flatten\u_th0.$procdff$7382 ($dff) from module spark_core.
Setting constant 0-bit at position 90 on $flatten\u_th0.$procdff$7382 ($dff) from module spark_core.
Setting constant 0-bit at position 91 on $flatten\u_th0.$procdff$7382 ($dff) from module spark_core.
Setting constant 0-bit at position 92 on $flatten\u_th0.$procdff$7382 ($dff) from module spark_core.
Setting constant 0-bit at position 93 on $flatten\u_th0.$procdff$7382 ($dff) from module spark_core.
Setting constant 0-bit at position 94 on $flatten\u_th0.$procdff$7382 ($dff) from module spark_core.
Setting constant 0-bit at position 95 on $flatten\u_th0.$procdff$7382 ($dff) from module spark_core.
Setting constant 1-bit at position 96 on $flatten\u_th0.$procdff$7382 ($dff) from module spark_core.
Setting constant 1-bit at position 97 on $flatten\u_th0.$procdff$7382 ($dff) from module spark_core.
Setting constant 1-bit at position 98 on $flatten\u_th0.$procdff$7382 ($dff) from module spark_core.
Setting constant 1-bit at position 99 on $flatten\u_th0.$procdff$7382 ($dff) from module spark_core.
Setting constant 1-bit at position 100 on $flatten\u_th0.$procdff$7382 ($dff) from module spark_core.
Setting constant 1-bit at position 101 on $flatten\u_th0.$procdff$7382 ($dff) from module spark_core.
Setting constant 1-bit at position 102 on $flatten\u_th0.$procdff$7382 ($dff) from module spark_core.
Setting constant 1-bit at position 103 on $flatten\u_th0.$procdff$7382 ($dff) from module spark_core.
Setting constant 1-bit at position 104 on $flatten\u_th0.$procdff$7382 ($dff) from module spark_core.
Setting constant 1-bit at position 105 on $flatten\u_th0.$procdff$7382 ($dff) from module spark_core.
Setting constant 1-bit at position 106 on $flatten\u_th0.$procdff$7382 ($dff) from module spark_core.
Setting constant 1-bit at position 107 on $flatten\u_th0.$procdff$7382 ($dff) from module spark_core.
Setting constant 1-bit at position 108 on $flatten\u_th0.$procdff$7382 ($dff) from module spark_core.
Setting constant 1-bit at position 109 on $flatten\u_th0.$procdff$7382 ($dff) from module spark_core.
Setting constant 1-bit at position 110 on $flatten\u_th0.$procdff$7382 ($dff) from module spark_core.
Setting constant 1-bit at position 111 on $flatten\u_th0.$procdff$7382 ($dff) from module spark_core.
Setting constant 1-bit at position 112 on $flatten\u_th0.$procdff$7382 ($dff) from module spark_core.
Setting constant 1-bit at position 113 on $flatten\u_th0.$procdff$7382 ($dff) from module spark_core.
Setting constant 1-bit at position 114 on $flatten\u_th0.$procdff$7382 ($dff) from module spark_core.
Setting constant 1-bit at position 115 on $flatten\u_th0.$procdff$7382 ($dff) from module spark_core.
Setting constant 1-bit at position 116 on $flatten\u_th0.$procdff$7382 ($dff) from module spark_core.
Setting constant 0-bit at position 117 on $flatten\u_th0.$procdff$7382 ($dff) from module spark_core.
Setting constant 0-bit at position 118 on $flatten\u_th0.$procdff$7382 ($dff) from module spark_core.
Setting constant 0-bit at position 119 on $flatten\u_th0.$procdff$7382 ($dff) from module spark_core.
Setting constant 0-bit at position 120 on $flatten\u_th0.$procdff$7382 ($dff) from module spark_core.
Setting constant 0-bit at position 121 on $flatten\u_th0.$procdff$7382 ($dff) from module spark_core.
Setting constant 0-bit at position 122 on $flatten\u_th0.$procdff$7382 ($dff) from module spark_core.
Setting constant 0-bit at position 123 on $flatten\u_th0.$procdff$7382 ($dff) from module spark_core.
Setting constant 0-bit at position 124 on $flatten\u_th0.$procdff$7382 ($dff) from module spark_core.
Setting constant 0-bit at position 125 on $flatten\u_th0.$procdff$7382 ($dff) from module spark_core.
Setting constant 0-bit at position 126 on $flatten\u_th0.$procdff$7382 ($dff) from module spark_core.
Setting constant 0-bit at position 127 on $flatten\u_th0.$procdff$7382 ($dff) from module spark_core.

6.18.4. Executing OPT_CLEAN pass (remove unused cells and wires).
Finding unused cells or wires in module \spark_core..
Removed 110 unused cells and 334 unused wires.
<suppressed ~116 debug messages>

6.18.5. Rerunning OPT passes. (Removed registers in this run.)

6.18.6. Executing OPT_EXPR pass (perform const folding).
Optimizing module spark_core.
<suppressed ~1 debug messages>

6.18.7. Executing OPT_MERGE pass (detect identical cells).
Finding identical cells in module `\spark_core'.
Removed a total of 0 cells.

6.18.8. Executing OPT_DFF pass (perform DFF optimizations).
Adding SRST signal on $auto$ff.cc:266:slice$7559 ($dffe) from module spark_core (D = { \u_th1.rd [127:117] \u_th1.rd [95:85] \u_th1.rd [79:69] \u_th1.rd [31:20] }, Q = { \po_th [127:117] \po_th [95:85] \po_th [79:69] \po_th [31:20] }, rval = 45'000000000000000000000000000000000000000000000).

6.18.9. Executing OPT_CLEAN pass (remove unused cells and wires).
Finding unused cells or wires in module \spark_core..
Removed 0 unused cells and 1 unused wires.
<suppressed ~1 debug messages>

6.18.10. Rerunning OPT passes. (Removed registers in this run.)

6.18.11. Executing OPT_EXPR pass (perform const folding).
Optimizing module spark_core.

6.18.12. Executing OPT_MERGE pass (detect identical cells).
Finding identical cells in module `\spark_core'.
Removed a total of 0 cells.

6.18.13. Executing OPT_DFF pass (perform DFF optimizations).

6.18.14. Executing OPT_CLEAN pass (remove unused cells and wires).
Finding unused cells or wires in module \spark_core..

6.18.15. Finished fast OPT passes.

6.19. Executing MEMORY_MAP pass (converting memories to logic and flip-flops).
Mapping memory \nzc in module \spark_core:
  created 4 $dff cells and 0 static cells of width 16.
Extracted addr FF from read port 0 of spark_core.nzc: $\nzc$rdreg[0]
  read interface: 1 $dff and 6 $mux cells.
  write interface: 8 write mux blocks.
Mapping memory \prc in module \spark_core:
  created 4 $dff cells and 0 static cells of width 16.
Extracted addr FF from read port 0 of spark_core.prc: $\prc$rdreg[0]
  read interface: 1 $dff and 6 $mux cells.
  write interface: 8 write mux blocks.
Mapping memory \u_acc0.mem in module \spark_core:
  created 16 $dff cells and 0 static cells of width 128.
Extracted data FF from read port 0 of spark_core.u_acc0.mem: $\u_acc0.mem$rdreg[0]
  read interface: 1 $dff and 15 $mux cells.
  write interface: 16 write mux blocks.
Mapping memory \u_acc1.mem in module \spark_core:
  created 16 $dff cells and 0 static cells of width 128.
Extracted data FF from read port 0 of spark_core.u_acc1.mem: $\u_acc1.mem$rdreg[0]
  read interface: 1 $dff and 15 $mux cells.
  write interface: 16 write mux blocks.
Mapping memory \u_acc2.mem in module \spark_core:
  created 32 $dff cells and 0 static cells of width 128.
Extracted data FF from read port 0 of spark_core.u_acc2.mem: $\u_acc2.mem$rdreg[0]
  read interface: 1 $dff and 31 $mux cells.
  write interface: 32 write mux blocks.
Mapping memory \u_acc3.mem in module \spark_core:
  created 32 $dff cells and 0 static cells of width 128.
Extracted data FF from read port 0 of spark_core.u_acc3.mem: $\u_acc3.mem$rdreg[0]
  read interface: 1 $dff and 31 $mux cells.
  write interface: 32 write mux blocks.
Mapping memory \u_h0.mem in module \spark_core:
  created 16 $dff cells and 0 static cells of width 128.
Extracted data FF from read port 0 of spark_core.u_h0.mem: $\u_h0.mem$rdreg[0]
  read interface: 1 $dff and 15 $mux cells.
  write interface: 16 write mux blocks.
Mapping memory \u_h1.mem in module \spark_core:
  created 16 $dff cells and 0 static cells of width 128.
Extracted data FF from read port 0 of spark_core.u_h1.mem: $\u_h1.mem$rdreg[0]
  read interface: 1 $dff and 15 $mux cells.
  write interface: 16 write mux blocks.
Mapping memory \u_s0.mem in module \spark_core:
  created 16 $dff cells and 0 static cells of width 32.
Extracted data FF from read port 0 of spark_core.u_s0.mem: $\u_s0.mem$rdreg[0]
  read interface: 1 $dff and 15 $mux cells.
  write interface: 16 write mux blocks.
Mapping memory \u_s1.mem in module \spark_core:
  created 16 $dff cells and 0 static cells of width 32.
Extracted data FF from read port 0 of spark_core.u_s1.mem: $\u_s1.mem$rdreg[0]
  read interface: 1 $dff and 15 $mux cells.
  write interface: 16 write mux blocks.
Mapping memory \u_sn0.mem in module \spark_core:
  created 24 $dff cells and 0 static cells of width 32.
Extracted data FF from read port 0 of spark_core.u_sn0.mem: $\u_sn0.mem$rdreg[0]
  read interface: 1 $dff and 31 $mux cells.
  write interface: 24 write mux blocks.
Mapping memory \u_sn1.mem in module \spark_core:
  created 16 $dff cells and 0 static cells of width 32.
Extracted data FF from read port 0 of spark_core.u_sn1.mem: $\u_sn1.mem$rdreg[0]
  read interface: 1 $dff and 15 $mux cells.
  write interface: 16 write mux blocks.
Mapping memory \u_sn2.mem in module \spark_core:
  created 16 $dff cells and 0 static cells of width 32.
Extracted data FF from read port 0 of spark_core.u_sn2.mem: $\u_sn2.mem$rdreg[0]
  read interface: 1 $dff and 15 $mux cells.
  write interface: 16 write mux blocks.
Mapping memory \u_sn3.mem in module \spark_core:
  created 16 $dff cells and 0 static cells of width 32.
Extracted data FF from read port 0 of spark_core.u_sn3.mem: $\u_sn3.mem$rdreg[0]
  read interface: 1 $dff and 15 $mux cells.
  write interface: 16 write mux blocks.
Mapping memory \u_th0.mem in module \spark_core:
  created 16 $dff cells and 0 static cells of width 83.
Extracted data FF from read port 0 of spark_core.u_th0.mem: $\u_th0.mem$rdreg[0]
  read interface: 1 $dff and 15 $mux cells.
  write interface: 0 write mux blocks.
Mapping memory \u_th1.mem in module \spark_core:
  created 16 $dff cells and 0 static cells of width 128.
Extracted data FF from read port 0 of spark_core.u_th1.mem: $\u_th1.mem$rdreg[0]
  read interface: 1 $dff and 15 $mux cells.
  write interface: 0 write mux blocks.

6.20. Executing OPT pass (performing simple optimizations).

6.20.1. Executing OPT_EXPR pass (perform const folding).
Optimizing module spark_core.
<suppressed ~170 debug messages>

6.20.2. Executing OPT_MERGE pass (detect identical cells).
Finding identical cells in module `\spark_core'.
<suppressed ~99 debug messages>
Removed a total of 33 cells.

6.20.3. Executing OPT_MUXTREE pass (detect dead branches in mux trees).
Running muxtree optimizer on module \spark_core..
  Creating internal representation of mux trees.
  Evaluating internal representation of mux trees.
      Replacing known input bits on port B of cell $auto$memory_share.cc:453:consolidate_wr_using_sat$9931: $0$memwr$\nzc$../../rtl/spark_core.v:426$1477_EN[15:0]$2010 [15] -> 1'1
      Replacing known input bits on port B of cell $auto$memory_share.cc:453:consolidate_wr_using_sat$9939: $0$memwr$\prc$../../rtl/spark_core.v:425$1476_EN[15:0]$2007 [15] -> 1'1
  Analyzing evaluation results.
Removed 0 multiplexer ports.
<suppressed ~364 debug messages>

6.20.4. Executing OPT_REDUCE pass (consolidate $*mux and $reduce_* inputs).
  Optimizing cells in module \spark_core.
    New input vector for $reduce_and cell $auto$opt_dff.cc:220:make_patterns_logic$10139: { $procmux$4868_CMP $procmux$4865_CMP $auto$opt_dff.cc:194:make_patterns_logic$10136 }
    Consolidated identical input bits for $mux cell $memory\u_th0.mem$rdmux[0][3][6]$13188:
      Old ports: A=83'01101000000000000100001110100010000000000001000000000000001000001100000000000000110, B=83'00111000000000000110000101010100000000000001000000000000000100100100000000000000001, Y=$memory\u_th0.mem$rdmux[0][2][3]$a$13168
      New ports: A=2'10, B=2'01, Y=$memory\u_th0.mem$rdmux[0][2][3]$a$13168 [1:0]
      New connections: $memory\u_th0.mem$rdmux[0][2][3]$a$13168 [82:2] = { 1'0 $memory\u_th0.mem$rdmux[0][2][3]$a$13168 [1] 1'1 $memory\u_th0.mem$rdmux[0][2][3]$a$13168 [0] 14'10000000000001 $memory\u_th0.mem$rdmux[0][2][3]$a$13168 [0] 3'000 $memory\u_th0.mem$rdmux[0][2][3]$a$13168 [1] 1'1 $memory\u_th0.mem$rdmux[0][2][3]$a$13168 [1:0] $memory\u_th0.mem$rdmux[0][2][3]$a$13168 [1:0] 1'0 $memory\u_th0.mem$rdmux[0][2][3]$a$13168 [0] $memory\u_th0.mem$rdmux[0][2][3]$a$13168 [1] 27'000000000000100000000000000 $memory\u_th0.mem$rdmux[0][2][3]$a$13168 [1:0] 2'00 $memory\u_th0.mem$rdmux[0][2][3]$a$13168 [0] 1'0 $memory\u_th0.mem$rdmux[0][2][3]$a$13168 [1] 15'100000000000000 $memory\u_th0.mem$rdmux[0][2][3]$a$13168 [1] }
    Consolidated identical input bits for $mux cell $memory\u_th1.mem$rdmux[0][3][5]$13230:
      Old ports: A=128'00000000000000001111111111111110111111111111111011111111111110000000000000000011111111111111111011111111111110100000000000000010, B=128'00000000000000010000000000000001000000000000000111111111111110100000000000000011000000000000000100000000000000110000000000000001, Y=$memory\u_th1.mem$rdmux[0][2][2]$b$13211
      New ports: A=2'10, B=2'01, Y=$memory\u_th1.mem$rdmux[0][2][2]$b$13211 [1:0]
      New connections: $memory\u_th1.mem$rdmux[0][2][2]$b$13211 [127:2] = { 15'000000000000000 $memory\u_th1.mem$rdmux[0][2][2]$b$13211 [0] $memory\u_th1.mem$rdmux[0][2][2]$b$13211 [1] $memory\u_th1.mem$rdmux[0][2][2]$b$13211 [1] $memory\u_th1.mem$rdmux[0][2][2]$b$13211 [1] $memory\u_th1.mem$rdmux[0][2][2]$b$13211 [1] $memory\u_th1.mem$rdmux[0][2][2]$b$13211 [1] $memory\u_th1.mem$rdmux[0][2][2]$b$13211 [1] $memory\u_th1.mem$rdmux[0][2][2]$b$13211 [1] $memory\u_th1.mem$rdmux[0][2][2]$b$13211 [1] $memory\u_th1.mem$rdmux[0][2][2]$b$13211 [1] $memory\u_th1.mem$rdmux[0][2][2]$b$13211 [1] $memory\u_th1.mem$rdmux[0][2][2]$b$13211 [1] $memory\u_th1.mem$rdmux[0][2][2]$b$13211 [1] $memory\u_th1.mem$rdmux[0][2][2]$b$13211 [1] $memory\u_th1.mem$rdmux[0][2][2]$b$13211 [1] $memory\u_th1.mem$rdmux[0][2][2]$b$13211 [1:0] $memory\u_th1.mem$rdmux[0][2][2]$b$13211 [1] $memory\u_th1.mem$rdmux[0][2][2]$b$13211 [1] $memory\u_th1.mem$rdmux[0][2][2]$b$13211 [1] $memory\u_th1.mem$rdmux[0][2][2]$b$13211 [1] $memory\u_th1.mem$rdmux[0][2][2]$b$13211 [1] $memory\u_th1.mem$rdmux[0][2][2]$b$13211 [1] $memory\u_th1.mem$rdmux[0][2][2]$b$13211 [1] $memory\u_th1.mem$rdmux[0][2][2]$b$13211 [1] $memory\u_th1.mem$rdmux[0][2][2]$b$13211 [1] $memory\u_th1.mem$rdmux[0][2][2]$b$13211 [1] $memory\u_th1.mem$rdmux[0][2][2]$b$13211 [1] $memory\u_th1.mem$rdmux[0][2][2]$b$13211 [1] $memory\u_th1.mem$rdmux[0][2][2]$b$13211 [1] $memory\u_th1.mem$rdmux[0][2][2]$b$13211 [1] $memory\u_th1.mem$rdmux[0][2][2]$b$13211 [1:0] 14'11111111111110 $memory\u_th1.mem$rdmux[0][2][2]$b$13211 [0] 17'00000000000000011 $memory\u_th1.mem$rdmux[0][2][2]$b$13211 [1] $memory\u_th1.mem$rdmux[0][2][2]$b$13211 [1] $memory\u_th1.mem$rdmux[0][2][2]$b$13211 [1] $memory\u_th1.mem$rdmux[0][2][2]$b$13211 [1] $memory\u_th1.mem$rdmux[0][2][2]$b$13211 [1] $memory\u_th1.mem$rdmux[0][2][2]$b$13211 [1] $memory\u_th1.mem$rdmux[0][2][2]$b$13211 [1] $memory\u_th1.mem$rdmux[0][2][2]$b$13211 [1] $memory\u_th1.mem$rdmux[0][2][2]$b$13211 [1] $memory\u_th1.mem$rdmux[0][2][2]$b$13211 [1] $memory\u_th1.mem$rdmux[0][2][2]$b$13211 [1] $memory\u_th1.mem$rdmux[0][2][2]$b$13211 [1] $memory\u_th1.mem$rdmux[0][2][2]$b$13211 [1] $memory\u_th1.mem$rdmux[0][2][2]$b$13211 [1] $memory\u_th1.mem$rdmux[0][2][2]$b$13211 [1:0] $memory\u_th1.mem$rdmux[0][2][2]$b$13211 [1] $memory\u_th1.mem$rdmux[0][2][2]$b$13211 [1] $memory\u_th1.mem$rdmux[0][2][2]$b$13211 [1] $memory\u_th1.mem$rdmux[0][2][2]$b$13211 [1] $memory\u_th1.mem$rdmux[0][2][2]$b$13211 [1] $memory\u_th1.mem$rdmux[0][2][2]$b$13211 [1] $memory\u_th1.mem$rdmux[0][2][2]$b$13211 [1] $memory\u_th1.mem$rdmux[0][2][2]$b$13211 [1] $memory\u_th1.mem$rdmux[0][2][2]$b$13211 [1] $memory\u_th1.mem$rdmux[0][2][2]$b$13211 [1] $memory\u_th1.mem$rdmux[0][2][2]$b$13211 [1] $memory\u_th1.mem$rdmux[0][2][2]$b$13211 [1] $memory\u_th1.mem$rdmux[0][2][2]$b$13211 [1] 2'01 $memory\u_th1.mem$rdmux[0][2][2]$b$13211 [0] 14'00000000000000 }
    Consolidated identical input bits for $mux cell $memory\u_th1.mem$rdmux[0][3][6]$13233:
      Old ports: A=128'00000000000000010000000000000100000000000000001011111111111111111111111111111111000000000000000111111111111111100000000000000001, B=128'00000000000000011111111111111101000000000000010011111111111111001111111111111111000000000000010000000000000000010000000000001001, Y=$memory\u_th1.mem$rdmux[0][2][3]$a$13213
      New ports: A=2'10, B=2'01, Y={ $memory\u_th1.mem$rdmux[0][2][3]$a$13213 [17] $memory\u_th1.mem$rdmux[0][2][3]$a$13213 [3] }
      New connections: { $memory\u_th1.mem$rdmux[0][2][3]$a$13213 [127:18] $memory\u_th1.mem$rdmux[0][2][3]$a$13213 [16:4] $memory\u_th1.mem$rdmux[0][2][3]$a$13213 [2:0] } = { 16'0000000000000001 $memory\u_th1.mem$rdmux[0][2][3]$a$13213 [3] $memory\u_th1.mem$rdmux[0][2][3]$a$13213 [3] $memory\u_th1.mem$rdmux[0][2][3]$a$13213 [3] $memory\u_th1.mem$rdmux[0][2][3]$a$13213 [3] $memory\u_th1.mem$rdmux[0][2][3]$a$13213 [3] $memory\u_th1.mem$rdmux[0][2][3]$a$13213 [3] $memory\u_th1.mem$rdmux[0][2][3]$a$13213 [3] $memory\u_th1.mem$rdmux[0][2][3]$a$13213 [3] $memory\u_th1.mem$rdmux[0][2][3]$a$13213 [3] $memory\u_th1.mem$rdmux[0][2][3]$a$13213 [3] $memory\u_th1.mem$rdmux[0][2][3]$a$13213 [3] $memory\u_th1.mem$rdmux[0][2][3]$a$13213 [3] $memory\u_th1.mem$rdmux[0][2][3]$a$13213 [3] 2'10 $memory\u_th1.mem$rdmux[0][2][3]$a$13213 [3] 13'0000000000000 $memory\u_th1.mem$rdmux[0][2][3]$a$13213 [3] $memory\u_th1.mem$rdmux[0][2][3]$a$13213 [17] 15'011111111111111 $memory\u_th1.mem$rdmux[0][2][3]$a$13213 [17] $memory\u_th1.mem$rdmux[0][2][3]$a$13213 [17] 29'11111111111111110000000000000 $memory\u_th1.mem$rdmux[0][2][3]$a$13213 [3] 1'0 $memory\u_th1.mem$rdmux[0][2][3]$a$13213 [17] $memory\u_th1.mem$rdmux[0][2][3]$a$13213 [17] $memory\u_th1.mem$rdmux[0][2][3]$a$13213 [17] $memory\u_th1.mem$rdmux[0][2][3]$a$13213 [17] $memory\u_th1.mem$rdmux[0][2][3]$a$13213 [17] $memory\u_th1.mem$rdmux[0][2][3]$a$13213 [17] $memory\u_th1.mem$rdmux[0][2][3]$a$13213 [17] $memory\u_th1.mem$rdmux[0][2][3]$a$13213 [17] $memory\u_th1.mem$rdmux[0][2][3]$a$13213 [17] $memory\u_th1.mem$rdmux[0][2][3]$a$13213 [17] $memory\u_th1.mem$rdmux[0][2][3]$a$13213 [17] $memory\u_th1.mem$rdmux[0][2][3]$a$13213 [17] $memory\u_th1.mem$rdmux[0][2][3]$a$13213 [17] $memory\u_th1.mem$rdmux[0][2][3]$a$13213 [17] $memory\u_th1.mem$rdmux[0][2][3]$a$13213 [17] $memory\u_th1.mem$rdmux[0][2][3]$a$13213 [3] 15'000000000000001 }
    Consolidated identical input bits for $mux cell $memory\u_th0.mem$rdmux[0][3][2]$13176:
      Old ports: A=83'01001000000000000100011011010010000000000000110000000000000011101011111111111001111, B=83'00101000000000000011001001010110000000000001011000000000000110010010000000000001010, Y=$memory\u_th0.mem$rdmux[0][2][1]$a$13162
      New ports: A=2'01, B=2'10, Y={ $memory\u_th0.mem$rdmux[0][2][1]$a$13162 [19] $memory\u_th0.mem$rdmux[0][2][1]$a$13162 [0] }
      New connections: { $memory\u_th0.mem$rdmux[0][2][1]$a$13162 [82:20] $memory\u_th0.mem$rdmux[0][2][1]$a$13162 [18:1] } = { 1'0 $memory\u_th0.mem$rdmux[0][2][1]$a$13162 [0] $memory\u_th0.mem$rdmux[0][2][1]$a$13162 [19] 14'01000000000000 $memory\u_th0.mem$rdmux[0][2][1]$a$13162 [0] $memory\u_th0.mem$rdmux[0][2][1]$a$13162 [19] $memory\u_th0.mem$rdmux[0][2][1]$a$13162 [19] 1'0 $memory\u_th0.mem$rdmux[0][2][1]$a$13162 [0] 2'10 $memory\u_th0.mem$rdmux[0][2][1]$a$13162 [0] 4'1010 $memory\u_th0.mem$rdmux[0][2][1]$a$13162 [19] 13'1000000000000 $memory\u_th0.mem$rdmux[0][2][1]$a$13162 [19] $memory\u_th0.mem$rdmux[0][2][1]$a$13162 [0] 1'1 $memory\u_th0.mem$rdmux[0][2][1]$a$13162 [19] 12'000000000000 $memory\u_th0.mem$rdmux[0][2][1]$a$13162 [19] 1'1 $memory\u_th0.mem$rdmux[0][2][1]$a$13162 [0] $memory\u_th0.mem$rdmux[0][2][1]$a$13162 [0] $memory\u_th0.mem$rdmux[0][2][1]$a$13162 [0] 2'01 $memory\u_th0.mem$rdmux[0][2][1]$a$13162 [0] $memory\u_th0.mem$rdmux[0][2][1]$a$13162 [0] $memory\u_th0.mem$rdmux[0][2][1]$a$13162 [0] $memory\u_th0.mem$rdmux[0][2][1]$a$13162 [0] $memory\u_th0.mem$rdmux[0][2][1]$a$13162 [0] $memory\u_th0.mem$rdmux[0][2][1]$a$13162 [0] $memory\u_th0.mem$rdmux[0][2][1]$a$13162 [0] $memory\u_th0.mem$rdmux[0][2][1]$a$13162 [0] $memory\u_th0.mem$rdmux[0][2][1]$a$13162 [0] $memory\u_th0.mem$rdmux[0][2][1]$a$13162 [0] 3'001 $memory\u_th0.mem$rdmux[0][2][1]$a$13162 [0] 1'1 }
    Consolidated identical input bits for $mux cell $memory\u_th1.mem$rdmux[0][3][4]$13227:
      Old ports: A=128'00000000000001011111111111111100000000000000000100000000000000110000000000000001000000000000000100000000000000011111111111111100, B=128'00000000000000010000000000000011000000000000000011111111111111111111111111111110000000000000001100000000000000010000000000000010, Y=$memory\u_th1.mem$rdmux[0][2][2]$a$13210
      New ports: A=2'10, B=2'01, Y=$memory\u_th1.mem$rdmux[0][2][2]$a$13210 [2:1]
      New connections: { $memory\u_th1.mem$rdmux[0][2][2]$a$13210 [127:3] $memory\u_th1.mem$rdmux[0][2][2]$a$13210 [0] } = { 13'0000000000000 $memory\u_th1.mem$rdmux[0][2][2]$a$13210 [2] 2'01 $memory\u_th1.mem$rdmux[0][2][2]$a$13210 [2] $memory\u_th1.mem$rdmux[0][2][2]$a$13210 [2] $memory\u_th1.mem$rdmux[0][2][2]$a$13210 [2] $memory\u_th1.mem$rdmux[0][2][2]$a$13210 [2] $memory\u_th1.mem$rdmux[0][2][2]$a$13210 [2] $memory\u_th1.mem$rdmux[0][2][2]$a$13210 [2] $memory\u_th1.mem$rdmux[0][2][2]$a$13210 [2] $memory\u_th1.mem$rdmux[0][2][2]$a$13210 [2] $memory\u_th1.mem$rdmux[0][2][2]$a$13210 [2] $memory\u_th1.mem$rdmux[0][2][2]$a$13210 [2] $memory\u_th1.mem$rdmux[0][2][2]$a$13210 [2] $memory\u_th1.mem$rdmux[0][2][2]$a$13210 [2] $memory\u_th1.mem$rdmux[0][2][2]$a$13210 [2] $memory\u_th1.mem$rdmux[0][2][2]$a$13210 [2:1] $memory\u_th1.mem$rdmux[0][2][2]$a$13210 [1] 15'000000000000000 $memory\u_th1.mem$rdmux[0][2][2]$a$13210 [2:1] $memory\u_th1.mem$rdmux[0][2][2]$a$13210 [1] $memory\u_th1.mem$rdmux[0][2][2]$a$13210 [1] $memory\u_th1.mem$rdmux[0][2][2]$a$13210 [1] $memory\u_th1.mem$rdmux[0][2][2]$a$13210 [1] $memory\u_th1.mem$rdmux[0][2][2]$a$13210 [1] $memory\u_th1.mem$rdmux[0][2][2]$a$13210 [1] $memory\u_th1.mem$rdmux[0][2][2]$a$13210 [1] $memory\u_th1.mem$rdmux[0][2][2]$a$13210 [1] $memory\u_th1.mem$rdmux[0][2][2]$a$13210 [1] $memory\u_th1.mem$rdmux[0][2][2]$a$13210 [1] $memory\u_th1.mem$rdmux[0][2][2]$a$13210 [1] $memory\u_th1.mem$rdmux[0][2][2]$a$13210 [1] $memory\u_th1.mem$rdmux[0][2][2]$a$13210 [1] 2'11 $memory\u_th1.mem$rdmux[0][2][2]$a$13210 [1] $memory\u_th1.mem$rdmux[0][2][2]$a$13210 [1] $memory\u_th1.mem$rdmux[0][2][2]$a$13210 [1] $memory\u_th1.mem$rdmux[0][2][2]$a$13210 [1] $memory\u_th1.mem$rdmux[0][2][2]$a$13210 [1] $memory\u_th1.mem$rdmux[0][2][2]$a$13210 [1] $memory\u_th1.mem$rdmux[0][2][2]$a$13210 [1] $memory\u_th1.mem$rdmux[0][2][2]$a$13210 [1] $memory\u_th1.mem$rdmux[0][2][2]$a$13210 [1] $memory\u_th1.mem$rdmux[0][2][2]$a$13210 [1] $memory\u_th1.mem$rdmux[0][2][2]$a$13210 [1] $memory\u_th1.mem$rdmux[0][2][2]$a$13210 [1] $memory\u_th1.mem$rdmux[0][2][2]$a$13210 [1] $memory\u_th1.mem$rdmux[0][2][2]$a$13210 [1] $memory\u_th1.mem$rdmux[0][2][2]$a$13210 [1] $memory\u_th1.mem$rdmux[0][2][2]$a$13210 [2] 14'00000000000000 $memory\u_th1.mem$rdmux[0][2][2]$a$13210 [1] 17'10000000000000001 $memory\u_th1.mem$rdmux[0][2][2]$a$13210 [2] $memory\u_th1.mem$rdmux[0][2][2]$a$13210 [2] $memory\u_th1.mem$rdmux[0][2][2]$a$13210 [2] $memory\u_th1.mem$rdmux[0][2][2]$a$13210 [2] $memory\u_th1.mem$rdmux[0][2][2]$a$13210 [2] $memory\u_th1.mem$rdmux[0][2][2]$a$13210 [2] $memory\u_th1.mem$rdmux[0][2][2]$a$13210 [2] $memory\u_th1.mem$rdmux[0][2][2]$a$13210 [2] $memory\u_th1.mem$rdmux[0][2][2]$a$13210 [2] $memory\u_th1.mem$rdmux[0][2][2]$a$13210 [2] $memory\u_th1.mem$rdmux[0][2][2]$a$13210 [2] $memory\u_th1.mem$rdmux[0][2][2]$a$13210 [2] $memory\u_th1.mem$rdmux[0][2][2]$a$13210 [2] 1'0 }
    Consolidated identical input bits for $mux cell $memory\u_th1.mem$rdmux[0][3][3]$13224:
      Old ports: A=128'00000000000001010000000000000001000000000000000100000000000000010000000000000000000000000000000000000000000000101111111111111101, B=128'00000000000000010000000000000010111111111111111011111111111111111111111111111111111111111111111100000000000000010000000000000001, Y=$memory\u_th1.mem$rdmux[0][2][1]$b$13208
      New ports: A=2'01, B=2'10, Y={ $memory\u_th1.mem$rdmux[0][2][1]$b$13208 [16] $memory\u_th1.mem$rdmux[0][2][1]$b$13208 [2] }
      New connections: { $memory\u_th1.mem$rdmux[0][2][1]$b$13208 [127:17] $memory\u_th1.mem$rdmux[0][2][1]$b$13208 [15:3] $memory\u_th1.mem$rdmux[0][2][1]$b$13208 [1:0] } = { 13'0000000000000 $memory\u_th1.mem$rdmux[0][2][1]$b$13208 [2] 16'0100000000000000 $memory\u_th1.mem$rdmux[0][2][1]$b$13208 [16] $memory\u_th1.mem$rdmux[0][2][1]$b$13208 [2] $memory\u_th1.mem$rdmux[0][2][1]$b$13208 [16] $memory\u_th1.mem$rdmux[0][2][1]$b$13208 [16] $memory\u_th1.mem$rdmux[0][2][1]$b$13208 [16] $memory\u_th1.mem$rdmux[0][2][1]$b$13208 [16] $memory\u_th1.mem$rdmux[0][2][1]$b$13208 [16] $memory\u_th1.mem$rdmux[0][2][1]$b$13208 [16] $memory\u_th1.mem$rdmux[0][2][1]$b$13208 [16] $memory\u_th1.mem$rdmux[0][2][1]$b$13208 [16] $memory\u_th1.mem$rdmux[0][2][1]$b$13208 [16] $memory\u_th1.mem$rdmux[0][2][1]$b$13208 [16] $memory\u_th1.mem$rdmux[0][2][1]$b$13208 [16] $memory\u_th1.mem$rdmux[0][2][1]$b$13208 [16] $memory\u_th1.mem$rdmux[0][2][1]$b$13208 [16] $memory\u_th1.mem$rdmux[0][2][1]$b$13208 [16] $memory\u_th1.mem$rdmux[0][2][1]$b$13208 [16] $memory\u_th1.mem$rdmux[0][2][1]$b$13208 [2] $memory\u_th1.mem$rdmux[0][2][1]$b$13208 [16] $memory\u_th1.mem$rdmux[0][2][1]$b$13208 [16] $memory\u_th1.mem$rdmux[0][2][1]$b$13208 [16] $memory\u_th1.mem$rdmux[0][2][1]$b$13208 [16] $memory\u_th1.mem$rdmux[0][2][1]$b$13208 [16] $memory\u_th1.mem$rdmux[0][2][1]$b$13208 [16] $memory\u_th1.mem$rdmux[0][2][1]$b$13208 [16] $memory\u_th1.mem$rdmux[0][2][1]$b$13208 [16] $memory\u_th1.mem$rdmux[0][2][1]$b$13208 [16] $memory\u_th1.mem$rdmux[0][2][1]$b$13208 [16] $memory\u_th1.mem$rdmux[0][2][1]$b$13208 [16] $memory\u_th1.mem$rdmux[0][2][1]$b$13208 [16] $memory\u_th1.mem$rdmux[0][2][1]$b$13208 [16] $memory\u_th1.mem$rdmux[0][2][1]$b$13208 [16] $memory\u_th1.mem$rdmux[0][2][1]$b$13208 [16] 1'1 $memory\u_th1.mem$rdmux[0][2][1]$b$13208 [16] $memory\u_th1.mem$rdmux[0][2][1]$b$13208 [16] $memory\u_th1.mem$rdmux[0][2][1]$b$13208 [16] $memory\u_th1.mem$rdmux[0][2][1]$b$13208 [16] $memory\u_th1.mem$rdmux[0][2][1]$b$13208 [16] $memory\u_th1.mem$rdmux[0][2][1]$b$13208 [16] $memory\u_th1.mem$rdmux[0][2][1]$b$13208 [16] $memory\u_th1.mem$rdmux[0][2][1]$b$13208 [16] $memory\u_th1.mem$rdmux[0][2][1]$b$13208 [16] $memory\u_th1.mem$rdmux[0][2][1]$b$13208 [16] $memory\u_th1.mem$rdmux[0][2][1]$b$13208 [16] $memory\u_th1.mem$rdmux[0][2][1]$b$13208 [16] $memory\u_th1.mem$rdmux[0][2][1]$b$13208 [16] $memory\u_th1.mem$rdmux[0][2][1]$b$13208 [16] $memory\u_th1.mem$rdmux[0][2][1]$b$13208 [16] $memory\u_th1.mem$rdmux[0][2][1]$b$13208 [16] $memory\u_th1.mem$rdmux[0][2][1]$b$13208 [16] $memory\u_th1.mem$rdmux[0][2][1]$b$13208 [16] $memory\u_th1.mem$rdmux[0][2][1]$b$13208 [16] $memory\u_th1.mem$rdmux[0][2][1]$b$13208 [16] $memory\u_th1.mem$rdmux[0][2][1]$b$13208 [16] $memory\u_th1.mem$rdmux[0][2][1]$b$13208 [16] $memory\u_th1.mem$rdmux[0][2][1]$b$13208 [16] $memory\u_th1.mem$rdmux[0][2][1]$b$13208 [16] $memory\u_th1.mem$rdmux[0][2][1]$b$13208 [16] $memory\u_th1.mem$rdmux[0][2][1]$b$13208 [16] $memory\u_th1.mem$rdmux[0][2][1]$b$13208 [16] $memory\u_th1.mem$rdmux[0][2][1]$b$13208 [16] $memory\u_th1.mem$rdmux[0][2][1]$b$13208 [16] $memory\u_th1.mem$rdmux[0][2][1]$b$13208 [16] $memory\u_th1.mem$rdmux[0][2][1]$b$13208 [16] $memory\u_th1.mem$rdmux[0][2][1]$b$13208 [16] 14'00000000000000 $memory\u_th1.mem$rdmux[0][2][1]$b$13208 [2] $memory\u_th1.mem$rdmux[0][2][1]$b$13208 [2] $memory\u_th1.mem$rdmux[0][2][1]$b$13208 [2] $memory\u_th1.mem$rdmux[0][2][1]$b$13208 [2] $memory\u_th1.mem$rdmux[0][2][1]$b$13208 [2] $memory\u_th1.mem$rdmux[0][2][1]$b$13208 [2] $memory\u_th1.mem$rdmux[0][2][1]$b$13208 [2] $memory\u_th1.mem$rdmux[0][2][1]$b$13208 [2] $memory\u_th1.mem$rdmux[0][2][1]$b$13208 [2] $memory\u_th1.mem$rdmux[0][2][1]$b$13208 [2] $memory\u_th1.mem$rdmux[0][2][1]$b$13208 [2] $memory\u_th1.mem$rdmux[0][2][1]$b$13208 [2] $memory\u_th1.mem$rdmux[0][2][1]$b$13208 [2] $memory\u_th1.mem$rdmux[0][2][1]$b$13208 [2] 2'01 }
    Consolidated identical input bits for $mux cell $memory\u_th1.mem$rdmux[0][3][2]$13221:
      Old ports: A=128'00000000000000001111111111111110111111111111111111111111111111010000000000000000000000000000001000000000000000011111111111111101, B=128'00000000000000000000000000000000111111111111111111111111111111100000000000000001111111111111111100000000000001001111111111111110, Y=$memory\u_th1.mem$rdmux[0][2][1]$a$13207
      New ports: A=2'01, B=2'10, Y=$memory\u_th1.mem$rdmux[0][2][1]$a$13207 [1:0]
      New connections: $memory\u_th1.mem$rdmux[0][2][1]$a$13207 [127:2] = { 16'0000000000000000 $memory\u_th1.mem$rdmux[0][2][1]$a$13207 [0] $memory\u_th1.mem$rdmux[0][2][1]$a$13207 [0] $memory\u_th1.mem$rdmux[0][2][1]$a$13207 [0] $memory\u_th1.mem$rdmux[0][2][1]$a$13207 [0] $memory\u_th1.mem$rdmux[0][2][1]$a$13207 [0] $memory\u_th1.mem$rdmux[0][2][1]$a$13207 [0] $memory\u_th1.mem$rdmux[0][2][1]$a$13207 [0] $memory\u_th1.mem$rdmux[0][2][1]$a$13207 [0] $memory\u_th1.mem$rdmux[0][2][1]$a$13207 [0] $memory\u_th1.mem$rdmux[0][2][1]$a$13207 [0] $memory\u_th1.mem$rdmux[0][2][1]$a$13207 [0] $memory\u_th1.mem$rdmux[0][2][1]$a$13207 [0] $memory\u_th1.mem$rdmux[0][2][1]$a$13207 [0] $memory\u_th1.mem$rdmux[0][2][1]$a$13207 [0] $memory\u_th1.mem$rdmux[0][2][1]$a$13207 [0] 31'0111111111111111111111111111111 $memory\u_th1.mem$rdmux[0][2][1]$a$13207 [1:0] 15'000000000000000 $memory\u_th1.mem$rdmux[0][2][1]$a$13207 [1] $memory\u_th1.mem$rdmux[0][2][1]$a$13207 [1] $memory\u_th1.mem$rdmux[0][2][1]$a$13207 [1] $memory\u_th1.mem$rdmux[0][2][1]$a$13207 [1] $memory\u_th1.mem$rdmux[0][2][1]$a$13207 [1] $memory\u_th1.mem$rdmux[0][2][1]$a$13207 [1] $memory\u_th1.mem$rdmux[0][2][1]$a$13207 [1] $memory\u_th1.mem$rdmux[0][2][1]$a$13207 [1] $memory\u_th1.mem$rdmux[0][2][1]$a$13207 [1] $memory\u_th1.mem$rdmux[0][2][1]$a$13207 [1] $memory\u_th1.mem$rdmux[0][2][1]$a$13207 [1] $memory\u_th1.mem$rdmux[0][2][1]$a$13207 [1] $memory\u_th1.mem$rdmux[0][2][1]$a$13207 [1] $memory\u_th1.mem$rdmux[0][2][1]$a$13207 [1] $memory\u_th1.mem$rdmux[0][2][1]$a$13207 [1] 1'1 $memory\u_th1.mem$rdmux[0][2][1]$a$13207 [1] 13'0000000000000 $memory\u_th1.mem$rdmux[0][2][1]$a$13207 [1] 1'0 $memory\u_th1.mem$rdmux[0][2][1]$a$13207 [0] 14'11111111111111 }
    Consolidated identical input bits for $mux cell $memory\u_th1.mem$rdmux[0][3][1]$13218:
      Old ports: A=128'00000000000001010000000000000001000000000000001011111111111111000000000000000100000000000000000000000000000000100000000000000001, B=128'11111111111111100000000000000000000000000000001011111111111110010000000000000010000000000000000111111111111111010000000000000000, Y=$memory\u_th1.mem$rdmux[0][2][0]$b$13205
      New ports: A=2'01, B=2'10, Y={ $memory\u_th1.mem$rdmux[0][2][0]$b$13205 [16] $memory\u_th1.mem$rdmux[0][2][0]$b$13205 [0] }
      New connections: { $memory\u_th1.mem$rdmux[0][2][0]$b$13205 [127:17] $memory\u_th1.mem$rdmux[0][2][0]$b$13205 [15:1] } = { $memory\u_th1.mem$rdmux[0][2][0]$b$13205 [16] $memory\u_th1.mem$rdmux[0][2][0]$b$13205 [16] $memory\u_th1.mem$rdmux[0][2][0]$b$13205 [16] $memory\u_th1.mem$rdmux[0][2][0]$b$13205 [16] $memory\u_th1.mem$rdmux[0][2][0]$b$13205 [16] $memory\u_th1.mem$rdmux[0][2][0]$b$13205 [16] $memory\u_th1.mem$rdmux[0][2][0]$b$13205 [16] $memory\u_th1.mem$rdmux[0][2][0]$b$13205 [16] $memory\u_th1.mem$rdmux[0][2][0]$b$13205 [16] $memory\u_th1.mem$rdmux[0][2][0]$b$13205 [16] $memory\u_th1.mem$rdmux[0][2][0]$b$13205 [16] $memory\u_th1.mem$rdmux[0][2][0]$b$13205 [16] $memory\u_th1.mem$rdmux[0][2][0]$b$13205 [16] 1'1 $memory\u_th1.mem$rdmux[0][2][0]$b$13205 [16] $memory\u_th1.mem$rdmux[0][2][0]$b$13205 [0] 15'000000000000000 $memory\u_th1.mem$rdmux[0][2][0]$b$13205 [0] 29'00000000000000101111111111111 $memory\u_th1.mem$rdmux[0][2][0]$b$13205 [0] 1'0 $memory\u_th1.mem$rdmux[0][2][0]$b$13205 [16] 13'0000000000000 $memory\u_th1.mem$rdmux[0][2][0]$b$13205 [0] $memory\u_th1.mem$rdmux[0][2][0]$b$13205 [16] 16'0000000000000000 $memory\u_th1.mem$rdmux[0][2][0]$b$13205 [16] $memory\u_th1.mem$rdmux[0][2][0]$b$13205 [16] $memory\u_th1.mem$rdmux[0][2][0]$b$13205 [16] $memory\u_th1.mem$rdmux[0][2][0]$b$13205 [16] $memory\u_th1.mem$rdmux[0][2][0]$b$13205 [16] $memory\u_th1.mem$rdmux[0][2][0]$b$13205 [16] $memory\u_th1.mem$rdmux[0][2][0]$b$13205 [16] $memory\u_th1.mem$rdmux[0][2][0]$b$13205 [16] $memory\u_th1.mem$rdmux[0][2][0]$b$13205 [16] $memory\u_th1.mem$rdmux[0][2][0]$b$13205 [16] $memory\u_th1.mem$rdmux[0][2][0]$b$13205 [16] $memory\u_th1.mem$rdmux[0][2][0]$b$13205 [16] $memory\u_th1.mem$rdmux[0][2][0]$b$13205 [16] $memory\u_th1.mem$rdmux[0][2][0]$b$13205 [16] $memory\u_th1.mem$rdmux[0][2][0]$b$13205 [16] $memory\u_th1.mem$rdmux[0][2][0]$b$13205 [0] 15'000000000000000 }
    Consolidated identical input bits for $mux cell $memory\u_th0.mem$rdmux[0][3][0]$13170:
      Old ports: A=83'01100000000000000100010001010010000000000001000000000000000101101100000000000001010, B=83'01010000000000000110000110010100000000000001100000000000000011101110000000000010010, Y=$memory\u_th0.mem$rdmux[0][2][0]$a$13159
      New ports: A=2'01, B=2'10, Y=$memory\u_th0.mem$rdmux[0][2][0]$a$13159 [4:3]
      New connections: { $memory\u_th0.mem$rdmux[0][2][0]$a$13159 [82:5] $memory\u_th0.mem$rdmux[0][2][0]$a$13159 [2:0] } = { 2'01 $memory\u_th0.mem$rdmux[0][2][0]$a$13159 [3] $memory\u_th0.mem$rdmux[0][2][0]$a$13159 [4] 14'00000000000001 $memory\u_th0.mem$rdmux[0][2][0]$a$13159 [4] 2'00 $memory\u_th0.mem$rdmux[0][2][0]$a$13159 [3] 1'0 $memory\u_th0.mem$rdmux[0][2][0]$a$13159 [4] $memory\u_th0.mem$rdmux[0][2][0]$a$13159 [4:3] 3'010 $memory\u_th0.mem$rdmux[0][2][0]$a$13159 [4:3] 13'0000000000001 $memory\u_th0.mem$rdmux[0][2][0]$a$13159 [4] 14'00000000000000 $memory\u_th0.mem$rdmux[0][2][0]$a$13159 [3] $memory\u_th0.mem$rdmux[0][2][0]$a$13159 [4] 5'11011 $memory\u_th0.mem$rdmux[0][2][0]$a$13159 [4] 14'00000000000010 }
    Consolidated identical input bits for $mux cell $memory\u_th0.mem$rdmux[0][3][1]$13173:
      Old ports: A=83'00110000000000000011101101001010000000000000110000000000000010110110000000000001101, B=83'00101000000000000011101100010110000000000010001000000000000100111000000000000001100, Y=$memory\u_th0.mem$rdmux[0][2][0]$b$13160
      New ports: A=2'01, B=2'10, Y={ $memory\u_th0.mem$rdmux[0][2][0]$b$13160 [18] $memory\u_th0.mem$rdmux[0][2][0]$b$13160 [0] }
      New connections: { $memory\u_th0.mem$rdmux[0][2][0]$b$13160 [82:19] $memory\u_th0.mem$rdmux[0][2][0]$b$13160 [17:1] } = { 3'001 $memory\u_th0.mem$rdmux[0][2][0]$b$13160 [0] $memory\u_th0.mem$rdmux[0][2][0]$b$13160 [18] 20'00000000000001110110 $memory\u_th0.mem$rdmux[0][2][0]$b$13160 [0] 1'0 $memory\u_th0.mem$rdmux[0][2][0]$b$13160 [18] $memory\u_th0.mem$rdmux[0][2][0]$b$13160 [0] $memory\u_th0.mem$rdmux[0][2][0]$b$13160 [18] 12'100000000000 $memory\u_th0.mem$rdmux[0][2][0]$b$13160 [18] 1'0 $memory\u_th0.mem$rdmux[0][2][0]$b$13160 [0] $memory\u_th0.mem$rdmux[0][2][0]$b$13160 [0] $memory\u_th0.mem$rdmux[0][2][0]$b$13160 [18] 12'000000000000 $memory\u_th0.mem$rdmux[0][2][0]$b$13160 [18] $memory\u_th0.mem$rdmux[0][2][0]$b$13160 [0] 3'011 $memory\u_th0.mem$rdmux[0][2][0]$b$13160 [0] $memory\u_th0.mem$rdmux[0][2][0]$b$13160 [0] 15'000000000000110 }
    Consolidated identical input bits for $mux cell $memory\u_th0.mem$rdmux[0][3][3]$13179:
      Old ports: A=83'01011000000000000010001010010010000000000000111000000000000110110111111111111111011, B=83'01010111111111111010101000001101111111111111111000000000001010101000000000000001001, Y=$memory\u_th0.mem$rdmux[0][2][1]$b$13163
      New ports: A=2'01, B=2'10, Y={ $memory\u_th0.mem$rdmux[0][2][1]$b$13163 [18] $memory\u_th0.mem$rdmux[0][2][1]$b$13163 [1] }
      New connections: { $memory\u_th0.mem$rdmux[0][2][1]$b$13163 [82:19] $memory\u_th0.mem$rdmux[0][2][1]$b$13163 [17:2] $memory\u_th0.mem$rdmux[0][2][1]$b$13163 [0] } = { 4'0101 $memory\u_th0.mem$rdmux[0][2][1]$b$13163 [1] $memory\u_th0.mem$rdmux[0][2][1]$b$13163 [18] $memory\u_th0.mem$rdmux[0][2][1]$b$13163 [18] $memory\u_th0.mem$rdmux[0][2][1]$b$13163 [18] $memory\u_th0.mem$rdmux[0][2][1]$b$13163 [18] $memory\u_th0.mem$rdmux[0][2][1]$b$13163 [18] $memory\u_th0.mem$rdmux[0][2][1]$b$13163 [18] $memory\u_th0.mem$rdmux[0][2][1]$b$13163 [18] $memory\u_th0.mem$rdmux[0][2][1]$b$13163 [18] $memory\u_th0.mem$rdmux[0][2][1]$b$13163 [18] $memory\u_th0.mem$rdmux[0][2][1]$b$13163 [18] $memory\u_th0.mem$rdmux[0][2][1]$b$13163 [18] $memory\u_th0.mem$rdmux[0][2][1]$b$13163 [18] 3'010 $memory\u_th0.mem$rdmux[0][2][1]$b$13163 [18] 3'010 $memory\u_th0.mem$rdmux[0][2][1]$b$13163 [1] 2'00 $memory\u_th0.mem$rdmux[0][2][1]$b$13163 [1] $memory\u_th0.mem$rdmux[0][2][1]$b$13163 [18] $memory\u_th0.mem$rdmux[0][2][1]$b$13163 [18] $memory\u_th0.mem$rdmux[0][2][1]$b$13163 [1] $memory\u_th0.mem$rdmux[0][2][1]$b$13163 [18] $memory\u_th0.mem$rdmux[0][2][1]$b$13163 [18] $memory\u_th0.mem$rdmux[0][2][1]$b$13163 [18] $memory\u_th0.mem$rdmux[0][2][1]$b$13163 [18] $memory\u_th0.mem$rdmux[0][2][1]$b$13163 [18] $memory\u_th0.mem$rdmux[0][2][1]$b$13163 [18] $memory\u_th0.mem$rdmux[0][2][1]$b$13163 [18] $memory\u_th0.mem$rdmux[0][2][1]$b$13163 [18] $memory\u_th0.mem$rdmux[0][2][1]$b$13163 [18] $memory\u_th0.mem$rdmux[0][2][1]$b$13163 [18] $memory\u_th0.mem$rdmux[0][2][1]$b$13163 [18] $memory\u_th0.mem$rdmux[0][2][1]$b$13163 [18] $memory\u_th0.mem$rdmux[0][2][1]$b$13163 [18] 14'11100000000000 $memory\u_th0.mem$rdmux[0][2][1]$b$13163 [18] $memory\u_th0.mem$rdmux[0][2][1]$b$13163 [1] 3'101 $memory\u_th0.mem$rdmux[0][2][1]$b$13163 [1] $memory\u_th0.mem$rdmux[0][2][1]$b$13163 [1] $memory\u_th0.mem$rdmux[0][2][1]$b$13163 [1] $memory\u_th0.mem$rdmux[0][2][1]$b$13163 [1] $memory\u_th0.mem$rdmux[0][2][1]$b$13163 [1] $memory\u_th0.mem$rdmux[0][2][1]$b$13163 [1] $memory\u_th0.mem$rdmux[0][2][1]$b$13163 [1] $memory\u_th0.mem$rdmux[0][2][1]$b$13163 [1] $memory\u_th0.mem$rdmux[0][2][1]$b$13163 [1] $memory\u_th0.mem$rdmux[0][2][1]$b$13163 [1] $memory\u_th0.mem$rdmux[0][2][1]$b$13163 [1] $memory\u_th0.mem$rdmux[0][2][1]$b$13163 [1] $memory\u_th0.mem$rdmux[0][2][1]$b$13163 [1] $memory\u_th0.mem$rdmux[0][2][1]$b$13163 [1] $memory\u_th0.mem$rdmux[0][2][1]$b$13163 [1] 3'101 }
    Consolidated identical input bits for $mux cell $memory\u_th1.mem$rdmux[0][3][0]$13215:
      Old ports: A=128'11111111111111011111111111111111000000000000000000000000000000010000000000000001000000000000000100000000000000010000000000000000, B=128'00000000000000101111111111111110000000000000000111111111111111010000000000000001000000000000000000000000000000010000000000000100, Y=$memory\u_th1.mem$rdmux[0][2][0]$a$13204
      New ports: A=2'10, B=2'01, Y={ $memory\u_th1.mem$rdmux[0][2][0]$a$13204 [32] $memory\u_th1.mem$rdmux[0][2][0]$a$13204 [2] }
      New connections: { $memory\u_th1.mem$rdmux[0][2][0]$a$13204 [127:33] $memory\u_th1.mem$rdmux[0][2][0]$a$13204 [31:3] $memory\u_th1.mem$rdmux[0][2][0]$a$13204 [1:0] } = { $memory\u_th1.mem$rdmux[0][2][0]$a$13204 [32] $memory\u_th1.mem$rdmux[0][2][0]$a$13204 [32] $memory\u_th1.mem$rdmux[0][2][0]$a$13204 [32] $memory\u_th1.mem$rdmux[0][2][0]$a$13204 [32] $memory\u_th1.mem$rdmux[0][2][0]$a$13204 [32] $memory\u_th1.mem$rdmux[0][2][0]$a$13204 [32] $memory\u_th1.mem$rdmux[0][2][0]$a$13204 [32] $memory\u_th1.mem$rdmux[0][2][0]$a$13204 [32] $memory\u_th1.mem$rdmux[0][2][0]$a$13204 [32] $memory\u_th1.mem$rdmux[0][2][0]$a$13204 [32] $memory\u_th1.mem$rdmux[0][2][0]$a$13204 [32] $memory\u_th1.mem$rdmux[0][2][0]$a$13204 [32] $memory\u_th1.mem$rdmux[0][2][0]$a$13204 [32] $memory\u_th1.mem$rdmux[0][2][0]$a$13204 [32] $memory\u_th1.mem$rdmux[0][2][0]$a$13204 [2] $memory\u_th1.mem$rdmux[0][2][0]$a$13204 [32] 15'111111111111111 $memory\u_th1.mem$rdmux[0][2][0]$a$13204 [32] 15'000000000000000 $memory\u_th1.mem$rdmux[0][2][0]$a$13204 [2] $memory\u_th1.mem$rdmux[0][2][0]$a$13204 [2] $memory\u_th1.mem$rdmux[0][2][0]$a$13204 [2] $memory\u_th1.mem$rdmux[0][2][0]$a$13204 [2] $memory\u_th1.mem$rdmux[0][2][0]$a$13204 [2] $memory\u_th1.mem$rdmux[0][2][0]$a$13204 [2] $memory\u_th1.mem$rdmux[0][2][0]$a$13204 [2] $memory\u_th1.mem$rdmux[0][2][0]$a$13204 [2] $memory\u_th1.mem$rdmux[0][2][0]$a$13204 [2] $memory\u_th1.mem$rdmux[0][2][0]$a$13204 [2] $memory\u_th1.mem$rdmux[0][2][0]$a$13204 [2] $memory\u_th1.mem$rdmux[0][2][0]$a$13204 [2] $memory\u_th1.mem$rdmux[0][2][0]$a$13204 [2] $memory\u_th1.mem$rdmux[0][2][0]$a$13204 [2] $memory\u_th1.mem$rdmux[0][2][0]$a$13204 [2] 64'0100000000000000010000000000000000000000000000001000000000000000 }
    Consolidated identical input bits for $mux cell $memory\u_th0.mem$rdmux[0][3][4]$13182:
      Old ports: A=83'01010000000000000101001001011110000000000000111000000000000101010000000000000000101, B=83'01100000000000000100101000010110000000000001011000000000000100010000000000000001011, Y=$memory\u_th0.mem$rdmux[0][2][2]$a$13165
      New ports: A=2'10, B=2'01, Y=$memory\u_th0.mem$rdmux[0][2][2]$a$13165 [2:1]
      New connections: { $memory\u_th0.mem$rdmux[0][2][2]$a$13165 [82:3] $memory\u_th0.mem$rdmux[0][2][2]$a$13165 [0] } = { 2'01 $memory\u_th0.mem$rdmux[0][2][2]$a$13165 [1] $memory\u_th0.mem$rdmux[0][2][2]$a$13165 [2] 15'000000000000010 $memory\u_th0.mem$rdmux[0][2][2]$a$13165 [2:1] 4'0100 $memory\u_th0.mem$rdmux[0][2][2]$a$13165 [2] 2'01 $memory\u_th0.mem$rdmux[0][2][2]$a$13165 [2] 14'11000000000000 $memory\u_th0.mem$rdmux[0][2][2]$a$13165 [1] $memory\u_th0.mem$rdmux[0][2][2]$a$13165 [2] 16'1100000000000010 $memory\u_th0.mem$rdmux[0][2][2]$a$13165 [2] 17'01000000000000000 $memory\u_th0.mem$rdmux[0][2][2]$a$13165 [1] 1'1 }
    Consolidated identical input bits for $mux cell $memory\u_th0.mem$rdmux[0][3][5]$13185:
      Old ports: A=83'10001000000000000100101000010110000000000000101111111111111110101010000000000001000, B=83'01111000000000000011001010110110000000000001001000000000000110011000000000000001001, Y=$memory\u_th0.mem$rdmux[0][2][2]$b$13166
      New ports: A=2'10, B=2'01, Y={ $memory\u_th0.mem$rdmux[0][2][2]$b$13166 [16] $memory\u_th0.mem$rdmux[0][2][2]$b$13166 [0] }
      New connections: { $memory\u_th0.mem$rdmux[0][2][2]$b$13166 [82:17] $memory\u_th0.mem$rdmux[0][2][2]$b$13166 [15:1] } = { $memory\u_th0.mem$rdmux[0][2][2]$b$13166 [16] $memory\u_th0.mem$rdmux[0][2][2]$b$13166 [0] $memory\u_th0.mem$rdmux[0][2][2]$b$13166 [0] $memory\u_th0.mem$rdmux[0][2][2]$b$13166 [0] 13'1000000000000 $memory\u_th0.mem$rdmux[0][2][2]$b$13166 [16] $memory\u_th0.mem$rdmux[0][2][2]$b$13166 [0] $memory\u_th0.mem$rdmux[0][2][2]$b$13166 [0] $memory\u_th0.mem$rdmux[0][2][2]$b$13166 [16] 3'010 $memory\u_th0.mem$rdmux[0][2][2]$b$13166 [0] 1'0 $memory\u_th0.mem$rdmux[0][2][2]$b$13166 [0] 16'1011000000000000 $memory\u_th0.mem$rdmux[0][2][2]$b$13166 [0] $memory\u_th0.mem$rdmux[0][2][2]$b$13166 [16] 2'01 $memory\u_th0.mem$rdmux[0][2][2]$b$13166 [16] $memory\u_th0.mem$rdmux[0][2][2]$b$13166 [16] $memory\u_th0.mem$rdmux[0][2][2]$b$13166 [16] $memory\u_th0.mem$rdmux[0][2][2]$b$13166 [16] $memory\u_th0.mem$rdmux[0][2][2]$b$13166 [16] $memory\u_th0.mem$rdmux[0][2][2]$b$13166 [16] $memory\u_th0.mem$rdmux[0][2][2]$b$13166 [16] $memory\u_th0.mem$rdmux[0][2][2]$b$13166 [16] $memory\u_th0.mem$rdmux[0][2][2]$b$13166 [16] $memory\u_th0.mem$rdmux[0][2][2]$b$13166 [16] $memory\u_th0.mem$rdmux[0][2][2]$b$13166 [16] $memory\u_th0.mem$rdmux[0][2][2]$b$13166 [16] 3'110 $memory\u_th0.mem$rdmux[0][2][2]$b$13166 [16] $memory\u_th0.mem$rdmux[0][2][2]$b$13166 [0] 17'10000000000000100 }
    Consolidated identical input bits for $mux cell $procmux$4791:
      Old ports: A={ 8'00000000 \ctx_prev [15:0] \in_byte }, B={ 8'00000000 \ctx }, Y=$procmux$4791_Y
      New ports: A={ \ctx_prev [15:0] \in_byte }, B=\ctx, Y=$procmux$4791_Y [23:0]
      New connections: $procmux$4791_Y [31:24] = 8'00000000
    New ctrl vector for $pmux cell $procmux$4867: $procmux$4868_CMP
    Consolidated identical input bits for $mux cell $procmux$5083:
      Old ports: A=4'0101, B=4'1101, Y=$auto$wreduce.cc:461:run$7932 [3:0]
      New ports: A=1'0, B=1'1, Y=$auto$wreduce.cc:461:run$7932 [3]
      New connections: $auto$wreduce.cc:461:run$7932 [2:0] = 3'101
    Consolidated identical input bits for $pmux cell $procmux$5085:
      Old ports: A=5'01101, B={ 6'001010 $auto$wreduce.cc:461:run$7933 [3:0] 1'0 $auto$wreduce.cc:461:run$7932 [3:0] }, Y=$procmux$5085_Y
      New ports: A=4'1101, B={ 4'0101 $auto$wreduce.cc:461:run$7933 [3:0] $auto$wreduce.cc:461:run$7932 [3:0] }, Y=$procmux$5085_Y [3:0]
      New connections: $procmux$5085_Y [4] = 1'0
    Consolidated identical input bits for $mux cell $procmux$5088:
      Old ports: A=4'0101, B=4'1101, Y=$auto$wreduce.cc:461:run$7933 [3:0]
      New ports: A=1'0, B=1'1, Y=$auto$wreduce.cc:461:run$7933 [3]
      New connections: $auto$wreduce.cc:461:run$7933 [2:0] = 3'101
    New ctrl vector for $pmux cell $procmux$5092: { $procmux$3603_CMP $procmux$5137_CMP \u_tab_dat.u.we $procmux$4792_CMP $procmux$4875_CMP $procmux$4684_CMP $procmux$5126_CMP $procmux$4589_CMP $procmux$4585_CMP $procmux$5118_CMP $procmux$2685_CMP $auto$opt_reduce.cc:134:opt_pmux$13240 $procmux$4542_CMP $procmux$5102_CMP $procmux$2662_CMP $procmux$4033_CMP $procmux$4580_CMP $procmux$4868_CMP }
    Consolidated identical input bits for $mux cell $procmux$5095:
      Old ports: A=3'011, B=3'100, Y=$auto$wreduce.cc:461:run$7934 [2:0]
      New ports: A=2'01, B=2'10, Y={ $auto$wreduce.cc:461:run$7934 [2] $auto$wreduce.cc:461:run$7934 [0] }
      New connections: $auto$wreduce.cc:461:run$7934 [1] = $auto$wreduce.cc:461:run$7934 [0]
    Consolidated identical input bits for $mux cell $procmux$5104:
      Old ports: A=4'0110, B=4'1011, Y=$auto$wreduce.cc:461:run$7935 [3:0]
      New ports: A=2'10, B=2'01, Y={ $auto$wreduce.cc:461:run$7935 [2] $auto$wreduce.cc:461:run$7935 [0] }
      New connections: { $auto$wreduce.cc:461:run$7935 [3] $auto$wreduce.cc:461:run$7935 [1] } = { $auto$wreduce.cc:461:run$7935 [0] 1'1 }
    Consolidated identical input bits for $mux cell $procmux$5130:
      Old ports: A=4'0101, B=4'1101, Y=$auto$wreduce.cc:461:run$7938 [3:0]
      New ports: A=1'0, B=1'1, Y=$auto$wreduce.cc:461:run$7938 [3]
      New connections: $auto$wreduce.cc:461:run$7938 [2:0] = 3'101
    Consolidated identical input bits for $mux cell $procmux$5140:
      Old ports: A=3'101, B=3'001, Y=$procmux$5140_Y [2:0]
      New ports: A=1'1, B=1'0, Y=$procmux$5140_Y [2]
      New connections: $procmux$5140_Y [1:0] = 2'01
    Consolidated identical input bits for $mux cell $procmux$5282:
      Old ports: A=2'00, B=2'10, Y=$procmux$5282_Y
      New ports: A=1'0, B=1'1, Y=$procmux$5282_Y [1]
      New connections: $procmux$5282_Y [0] = 1'0
    New ctrl vector for $pmux cell $procmux$6892: $procmux$4602_CMP
    New ctrl vector for $pmux cell $procmux$6897: $procmux$4602_CMP
    New ctrl vector for $pmux cell $procmux$6902: $procmux$4602_CMP
    New ctrl vector for $pmux cell $procmux$6907: $procmux$4602_CMP
    Consolidated identical input bits for $mux cell $procmux$7043:
      Old ports: A={ $1\nidx[7:0] [7:3] \q [0] 2'01 }, B={ $1\nidx[7:0] [7:3] \q [0] 2'00 }, Y=$2\nidx[7:0]
      New ports: A=1'1, B=1'0, Y=$2\nidx[7:0] [0]
      New connections: $2\nidx[7:0] [7:1] = { $1\nidx[7:0] [7:3] \q [0] 1'0 }
    Consolidated identical input bits for $mux cell $procmux$7145:
      Old ports: A={ 1'0 $1\sel[3:0] }, B=4'0110, Y=$2\sel[3:0]
      New ports: A=$1\sel[3:0], B=3'110, Y=$2\sel[3:0] [2:0]
      New connections: $2\sel[3:0] [3] = 1'0
    Consolidated identical input bits for $mux cell $procmux$7148:
      Old ports: A=3'000, B=3'111, Y=$1\sel[3:0]
      New ports: A=1'0, B=1'1, Y=$1\sel[3:0] [0]
      New connections: $1\sel[3:0] [2:1] = { $1\sel[3:0] [0] $1\sel[3:0] [0] }
    Consolidated identical input bits for $mux cell $ternary$../../rtl/spark_core.v:108$1496:
      Old ports: A=4'0000, B=4'1000, Y=\nin_ch
      New ports: A=1'0, B=1'1, Y=\nin_ch [3]
      New connections: \nin_ch [2:0] = 3'000
    Consolidated identical input bits for $mux cell $ternary$../../rtl/spark_core.v:109$1497:
      Old ports: A=6'010000, B=6'100000, Y=\nc
      New ports: A=2'01, B=2'10, Y=\nc [5:4]
      New connections: \nc [3:0] = 4'0000
    Consolidated identical input bits for $mux cell $ternary$../../rtl/spark_core.v:386$2111:
      Old ports: A=4'0110, B=4'1110, Y=$ternary$../../rtl/spark_core.v:386$2111_Y [3:0]
      New ports: A=1'0, B=1'1, Y=$ternary$../../rtl/spark_core.v:386$2111_Y [3]
      New connections: $ternary$../../rtl/spark_core.v:386$2111_Y [2:0] = 3'110
    Consolidated identical input bits for $mux cell $ternary$../../rtl/spark_core.v:396$2122:
      Old ports: A=5'10000, B=5'00110, Y=$ternary$../../rtl/spark_core.v:396$2122_Y
      New ports: A=2'10, B=2'01, Y={ $ternary$../../rtl/spark_core.v:396$2122_Y [4] $ternary$../../rtl/spark_core.v:396$2122_Y [1] }
      New connections: { $ternary$../../rtl/spark_core.v:396$2122_Y [3:2] $ternary$../../rtl/spark_core.v:396$2122_Y [0] } = { 1'0 $ternary$../../rtl/spark_core.v:396$2122_Y [1] 1'0 }
    Consolidated identical input bits for $mux cell $memory\u_th0.mem$rdmux[0][3][7]$13191:
      Old ports: A=83'00111000000000000010010000011100000000000000110000000000000010110000000000000010111, B=83'01101000000000000101001110011110000000000000111000000000000101110010000000000001001, Y=$memory\u_th0.mem$rdmux[0][2][3]$b$13169
      New ports: A=2'01, B=2'10, Y={ $memory\u_th0.mem$rdmux[0][2][3]$b$13169 [3] $memory\u_th0.mem$rdmux[0][2][3]$b$13169 [1] }
      New connections: { $memory\u_th0.mem$rdmux[0][2][3]$b$13169 [82:4] $memory\u_th0.mem$rdmux[0][2][3]$b$13169 [2] $memory\u_th0.mem$rdmux[0][2][3]$b$13169 [0] } = { 1'0 $memory\u_th0.mem$rdmux[0][2][3]$b$13169 [3] 1'1 $memory\u_th0.mem$rdmux[0][2][3]$b$13169 [1] 13'1000000000000 $memory\u_th0.mem$rdmux[0][2][3]$b$13169 [3] $memory\u_th0.mem$rdmux[0][2][3]$b$13169 [1] $memory\u_th0.mem$rdmux[0][2][3]$b$13169 [3] 1'0 $memory\u_th0.mem$rdmux[0][2][3]$b$13169 [1] $memory\u_th0.mem$rdmux[0][2][3]$b$13169 [3] $memory\u_th0.mem$rdmux[0][2][3]$b$13169 [3] $memory\u_th0.mem$rdmux[0][2][3]$b$13169 [3] 5'00111 $memory\u_th0.mem$rdmux[0][2][3]$b$13169 [3] 15'000000000000011 $memory\u_th0.mem$rdmux[0][2][3]$b$13169 [3] 12'000000000000 $memory\u_th0.mem$rdmux[0][2][3]$b$13169 [3] $memory\u_th0.mem$rdmux[0][2][3]$b$13169 [1] $memory\u_th0.mem$rdmux[0][2][3]$b$13169 [3] 4'1100 $memory\u_th0.mem$rdmux[0][2][3]$b$13169 [3] 11'00000000000 $memory\u_th0.mem$rdmux[0][2][3]$b$13169 [1] $memory\u_th0.mem$rdmux[0][2][3]$b$13169 [1] 1'1 }
    Consolidated identical input bits for $mux cell $memory\u_th1.mem$rdmux[0][3][7]$13236:
      Old ports: A=128'00000000000001010000000000000010000000000000000100000000000000010000000000000010111111111111111000000000000000100000000000000001, B=128'11111111111111101111111111111111000000000000001000000000000000010000000000000001000000000000000011111111111111100000000000000010, Y=$memory\u_th1.mem$rdmux[0][2][3]$b$13214
      New ports: A=2'01, B=2'10, Y=$memory\u_th1.mem$rdmux[0][2][3]$b$13214 [1:0]
      New connections: $memory\u_th1.mem$rdmux[0][2][3]$b$13214 [127:2] = { $memory\u_th1.mem$rdmux[0][2][3]$b$13214 [1] $memory\u_th1.mem$rdmux[0][2][3]$b$13214 [1] $memory\u_th1.mem$rdmux[0][2][3]$b$13214 [1] $memory\u_th1.mem$rdmux[0][2][3]$b$13214 [1] $memory\u_th1.mem$rdmux[0][2][3]$b$13214 [1] $memory\u_th1.mem$rdmux[0][2][3]$b$13214 [1] $memory\u_th1.mem$rdmux[0][2][3]$b$13214 [1] $memory\u_th1.mem$rdmux[0][2][3]$b$13214 [1] $memory\u_th1.mem$rdmux[0][2][3]$b$13214 [1] $memory\u_th1.mem$rdmux[0][2][3]$b$13214 [1] $memory\u_th1.mem$rdmux[0][2][3]$b$13214 [1] $memory\u_th1.mem$rdmux[0][2][3]$b$13214 [1] $memory\u_th1.mem$rdmux[0][2][3]$b$13214 [1] 1'1 $memory\u_th1.mem$rdmux[0][2][3]$b$13214 [1:0] $memory\u_th1.mem$rdmux[0][2][3]$b$13214 [1] $memory\u_th1.mem$rdmux[0][2][3]$b$13214 [1] $memory\u_th1.mem$rdmux[0][2][3]$b$13214 [1] $memory\u_th1.mem$rdmux[0][2][3]$b$13214 [1] $memory\u_th1.mem$rdmux[0][2][3]$b$13214 [1] $memory\u_th1.mem$rdmux[0][2][3]$b$13214 [1] $memory\u_th1.mem$rdmux[0][2][3]$b$13214 [1] $memory\u_th1.mem$rdmux[0][2][3]$b$13214 [1] $memory\u_th1.mem$rdmux[0][2][3]$b$13214 [1] $memory\u_th1.mem$rdmux[0][2][3]$b$13214 [1] $memory\u_th1.mem$rdmux[0][2][3]$b$13214 [1] $memory\u_th1.mem$rdmux[0][2][3]$b$13214 [1] $memory\u_th1.mem$rdmux[0][2][3]$b$13214 [1] $memory\u_th1.mem$rdmux[0][2][3]$b$13214 [1] 1'1 $memory\u_th1.mem$rdmux[0][2][3]$b$13214 [1] 14'00000000000000 $memory\u_th1.mem$rdmux[0][2][3]$b$13214 [1:0] 30'000000000000000100000000000000 $memory\u_th1.mem$rdmux[0][2][3]$b$13214 [0] $memory\u_th1.mem$rdmux[0][2][3]$b$13214 [1:0] $memory\u_th1.mem$rdmux[0][2][3]$b$13214 [0] $memory\u_th1.mem$rdmux[0][2][3]$b$13214 [0] $memory\u_th1.mem$rdmux[0][2][3]$b$13214 [0] $memory\u_th1.mem$rdmux[0][2][3]$b$13214 [0] $memory\u_th1.mem$rdmux[0][2][3]$b$13214 [0] $memory\u_th1.mem$rdmux[0][2][3]$b$13214 [0] $memory\u_th1.mem$rdmux[0][2][3]$b$13214 [0] $memory\u_th1.mem$rdmux[0][2][3]$b$13214 [0] $memory\u_th1.mem$rdmux[0][2][3]$b$13214 [0] $memory\u_th1.mem$rdmux[0][2][3]$b$13214 [0] $memory\u_th1.mem$rdmux[0][2][3]$b$13214 [0] $memory\u_th1.mem$rdmux[0][2][3]$b$13214 [0] $memory\u_th1.mem$rdmux[0][2][3]$b$13214 [0] $memory\u_th1.mem$rdmux[0][2][3]$b$13214 [0] 1'0 $memory\u_th1.mem$rdmux[0][2][3]$b$13214 [1] $memory\u_th1.mem$rdmux[0][2][3]$b$13214 [1] $memory\u_th1.mem$rdmux[0][2][3]$b$13214 [1] $memory\u_th1.mem$rdmux[0][2][3]$b$13214 [1] $memory\u_th1.mem$rdmux[0][2][3]$b$13214 [1] $memory\u_th1.mem$rdmux[0][2][3]$b$13214 [1] $memory\u_th1.mem$rdmux[0][2][3]$b$13214 [1] $memory\u_th1.mem$rdmux[0][2][3]$b$13214 [1] $memory\u_th1.mem$rdmux[0][2][3]$b$13214 [1] $memory\u_th1.mem$rdmux[0][2][3]$b$13214 [1] $memory\u_th1.mem$rdmux[0][2][3]$b$13214 [1] $memory\u_th1.mem$rdmux[0][2][3]$b$13214 [1] $memory\u_th1.mem$rdmux[0][2][3]$b$13214 [1] $memory\u_th1.mem$rdmux[0][2][3]$b$13214 [1] 16'1000000000000000 }
  Optimizing cells in module \spark_core.
    Consolidated identical input bits for $mux cell $memory\u_th1.mem$rdmux[0][2][1]$13206:
      Old ports: A=$memory\u_th1.mem$rdmux[0][2][1]$a$13207, B=$memory\u_th1.mem$rdmux[0][2][1]$b$13208, Y=$memory\u_th1.mem$rdmux[0][1][0]$b$13199
      New ports: A={ 1'0 $memory\u_th1.mem$rdmux[0][2][1]$a$13207 [0] 2'01 $memory\u_th1.mem$rdmux[0][2][1]$a$13207 [1] 1'0 $memory\u_th1.mem$rdmux[0][2][1]$a$13207 [0] 1'1 $memory\u_th1.mem$rdmux[0][2][1]$a$13207 [1:0] }, B={ 2'10 $memory\u_th1.mem$rdmux[0][2][1]$b$13208 [16] $memory\u_th1.mem$rdmux[0][2][1]$b$13208 [16] $memory\u_th1.mem$rdmux[0][2][1]$b$13208 [16] $memory\u_th1.mem$rdmux[0][2][1]$b$13208 [2] $memory\u_th1.mem$rdmux[0][2][1]$b$13208 [16] $memory\u_th1.mem$rdmux[0][2][1]$b$13208 [2] 2'01 }, Y={ $memory\u_th1.mem$rdmux[0][1][0]$b$13199 [112] $memory\u_th1.mem$rdmux[0][1][0]$b$13199 [98] $memory\u_th1.mem$rdmux[0][1][0]$b$13199 [49] $memory\u_th1.mem$rdmux[0][1][0]$b$13199 [33:32] $memory\u_th1.mem$rdmux[0][1][0]$b$13199 [17:16] $memory\u_th1.mem$rdmux[0][1][0]$b$13199 [2:0] }
      New connections: { $memory\u_th1.mem$rdmux[0][1][0]$b$13199 [127:113] $memory\u_th1.mem$rdmux[0][1][0]$b$13199 [111:99] $memory\u_th1.mem$rdmux[0][1][0]$b$13199 [97:50] $memory\u_th1.mem$rdmux[0][1][0]$b$13199 [48:34] $memory\u_th1.mem$rdmux[0][1][0]$b$13199 [31:18] $memory\u_th1.mem$rdmux[0][1][0]$b$13199 [15:3] } = { 13'0000000000000 $memory\u_th1.mem$rdmux[0][1][0]$b$13199 [17] 1'0 $memory\u_th1.mem$rdmux[0][1][0]$b$13199 [98] $memory\u_th1.mem$rdmux[0][1][0]$b$13199 [98] $memory\u_th1.mem$rdmux[0][1][0]$b$13199 [98] $memory\u_th1.mem$rdmux[0][1][0]$b$13199 [98] $memory\u_th1.mem$rdmux[0][1][0]$b$13199 [98] $memory\u_th1.mem$rdmux[0][1][0]$b$13199 [98] $memory\u_th1.mem$rdmux[0][1][0]$b$13199 [98] $memory\u_th1.mem$rdmux[0][1][0]$b$13199 [98] $memory\u_th1.mem$rdmux[0][1][0]$b$13199 [98] $memory\u_th1.mem$rdmux[0][1][0]$b$13199 [98] $memory\u_th1.mem$rdmux[0][1][0]$b$13199 [98] $memory\u_th1.mem$rdmux[0][1][0]$b$13199 [98] $memory\u_th1.mem$rdmux[0][1][0]$b$13199 [98] $memory\u_th1.mem$rdmux[0][1][0]$b$13199 [16] $memory\u_th1.mem$rdmux[0][1][0]$b$13199 [17] $memory\u_th1.mem$rdmux[0][1][0]$b$13199 [33] $memory\u_th1.mem$rdmux[0][1][0]$b$13199 [33] $memory\u_th1.mem$rdmux[0][1][0]$b$13199 [33] $memory\u_th1.mem$rdmux[0][1][0]$b$13199 [33] $memory\u_th1.mem$rdmux[0][1][0]$b$13199 [33] $memory\u_th1.mem$rdmux[0][1][0]$b$13199 [33] $memory\u_th1.mem$rdmux[0][1][0]$b$13199 [33] $memory\u_th1.mem$rdmux[0][1][0]$b$13199 [33] $memory\u_th1.mem$rdmux[0][1][0]$b$13199 [33] $memory\u_th1.mem$rdmux[0][1][0]$b$13199 [33] $memory\u_th1.mem$rdmux[0][1][0]$b$13199 [33] $memory\u_th1.mem$rdmux[0][1][0]$b$13199 [33] $memory\u_th1.mem$rdmux[0][1][0]$b$13199 [33] $memory\u_th1.mem$rdmux[0][1][0]$b$13199 [33] $memory\u_th1.mem$rdmux[0][1][0]$b$13199 [33] $memory\u_th1.mem$rdmux[0][1][0]$b$13199 [2] $memory\u_th1.mem$rdmux[0][1][0]$b$13199 [33] $memory\u_th1.mem$rdmux[0][1][0]$b$13199 [33] $memory\u_th1.mem$rdmux[0][1][0]$b$13199 [33] $memory\u_th1.mem$rdmux[0][1][0]$b$13199 [33] $memory\u_th1.mem$rdmux[0][1][0]$b$13199 [33] $memory\u_th1.mem$rdmux[0][1][0]$b$13199 [33] $memory\u_th1.mem$rdmux[0][1][0]$b$13199 [33] $memory\u_th1.mem$rdmux[0][1][0]$b$13199 [33] $memory\u_th1.mem$rdmux[0][1][0]$b$13199 [33] $memory\u_th1.mem$rdmux[0][1][0]$b$13199 [33] $memory\u_th1.mem$rdmux[0][1][0]$b$13199 [33] $memory\u_th1.mem$rdmux[0][1][0]$b$13199 [33] $memory\u_th1.mem$rdmux[0][1][0]$b$13199 [33] $memory\u_th1.mem$rdmux[0][1][0]$b$13199 [33:32] $memory\u_th1.mem$rdmux[0][1][0]$b$13199 [0] $memory\u_th1.mem$rdmux[0][1][0]$b$13199 [49] $memory\u_th1.mem$rdmux[0][1][0]$b$13199 [49] $memory\u_th1.mem$rdmux[0][1][0]$b$13199 [49] $memory\u_th1.mem$rdmux[0][1][0]$b$13199 [49] $memory\u_th1.mem$rdmux[0][1][0]$b$13199 [49] $memory\u_th1.mem$rdmux[0][1][0]$b$13199 [49] $memory\u_th1.mem$rdmux[0][1][0]$b$13199 [49] $memory\u_th1.mem$rdmux[0][1][0]$b$13199 [49] $memory\u_th1.mem$rdmux[0][1][0]$b$13199 [49] $memory\u_th1.mem$rdmux[0][1][0]$b$13199 [49] $memory\u_th1.mem$rdmux[0][1][0]$b$13199 [49] $memory\u_th1.mem$rdmux[0][1][0]$b$13199 [49] $memory\u_th1.mem$rdmux[0][1][0]$b$13199 [49] $memory\u_th1.mem$rdmux[0][1][0]$b$13199 [49] $memory\u_th1.mem$rdmux[0][1][0]$b$13199 [32] $memory\u_th1.mem$rdmux[0][1][0]$b$13199 [32] $memory\u_th1.mem$rdmux[0][1][0]$b$13199 [32] $memory\u_th1.mem$rdmux[0][1][0]$b$13199 [32] $memory\u_th1.mem$rdmux[0][1][0]$b$13199 [32] $memory\u_th1.mem$rdmux[0][1][0]$b$13199 [32] $memory\u_th1.mem$rdmux[0][1][0]$b$13199 [32] $memory\u_th1.mem$rdmux[0][1][0]$b$13199 [32] $memory\u_th1.mem$rdmux[0][1][0]$b$13199 [32] $memory\u_th1.mem$rdmux[0][1][0]$b$13199 [32] $memory\u_th1.mem$rdmux[0][1][0]$b$13199 [32] $memory\u_th1.mem$rdmux[0][1][0]$b$13199 [32] $memory\u_th1.mem$rdmux[0][1][0]$b$13199 [32] $memory\u_th1.mem$rdmux[0][1][0]$b$13199 [32] $memory\u_th1.mem$rdmux[0][1][0]$b$13199 [32] 13'0000000000000 $memory\u_th1.mem$rdmux[0][1][0]$b$13199 [1] $memory\u_th1.mem$rdmux[0][1][0]$b$13199 [2] $memory\u_th1.mem$rdmux[0][1][0]$b$13199 [2] $memory\u_th1.mem$rdmux[0][1][0]$b$13199 [2] $memory\u_th1.mem$rdmux[0][1][0]$b$13199 [2] $memory\u_th1.mem$rdmux[0][1][0]$b$13199 [2] $memory\u_th1.mem$rdmux[0][1][0]$b$13199 [2] $memory\u_th1.mem$rdmux[0][1][0]$b$13199 [2] $memory\u_th1.mem$rdmux[0][1][0]$b$13199 [2] $memory\u_th1.mem$rdmux[0][1][0]$b$13199 [2] $memory\u_th1.mem$rdmux[0][1][0]$b$13199 [2] $memory\u_th1.mem$rdmux[0][1][0]$b$13199 [2] $memory\u_th1.mem$rdmux[0][1][0]$b$13199 [2] $memory\u_th1.mem$rdmux[0][1][0]$b$13199 [2] }
    Consolidated identical input bits for $mux cell $memory\u_th1.mem$rdmux[0][2][0]$13203:
      Old ports: A=$memory\u_th1.mem$rdmux[0][2][0]$a$13204, B=$memory\u_th1.mem$rdmux[0][2][0]$b$13205, Y=$memory\u_th1.mem$rdmux[0][1][0]$a$13198
      New ports: A={ $memory\u_th1.mem$rdmux[0][2][0]$a$13204 [32] $memory\u_th1.mem$rdmux[0][2][0]$a$13204 [2] $memory\u_th1.mem$rdmux[0][2][0]$a$13204 [32] 1'0 $memory\u_th1.mem$rdmux[0][2][0]$a$13204 [2] $memory\u_th1.mem$rdmux[0][2][0]$a$13204 [2] 1'1 $memory\u_th1.mem$rdmux[0][2][0]$a$13204 [32] 2'01 $memory\u_th1.mem$rdmux[0][2][0]$a$13204 [2] 1'0 }, B={ 1'1 $memory\u_th1.mem$rdmux[0][2][0]$b$13205 [16] $memory\u_th1.mem$rdmux[0][2][0]$b$13205 [0] 2'11 $memory\u_th1.mem$rdmux[0][2][0]$b$13205 [0] 1'0 $memory\u_th1.mem$rdmux[0][2][0]$b$13205 [16] $memory\u_th1.mem$rdmux[0][2][0]$b$13205 [16] $memory\u_th1.mem$rdmux[0][2][0]$b$13205 [16] 1'0 $memory\u_th1.mem$rdmux[0][2][0]$b$13205 [0] }, Y={ $memory\u_th1.mem$rdmux[0][1][0]$a$13198 [114:113] $memory\u_th1.mem$rdmux[0][1][0]$a$13198 [96] $memory\u_th1.mem$rdmux[0][1][0]$a$13198 [81] $memory\u_th1.mem$rdmux[0][1][0]$a$13198 [67:66] $memory\u_th1.mem$rdmux[0][1][0]$a$13198 [48] $memory\u_th1.mem$rdmux[0][1][0]$a$13198 [32] $memory\u_th1.mem$rdmux[0][1][0]$a$13198 [18] $memory\u_th1.mem$rdmux[0][1][0]$a$13198 [16] $memory\u_th1.mem$rdmux[0][1][0]$a$13198 [2] $memory\u_th1.mem$rdmux[0][1][0]$a$13198 [0] }
      New connections: { $memory\u_th1.mem$rdmux[0][1][0]$a$13198 [127:115] $memory\u_th1.mem$rdmux[0][1][0]$a$13198 [112:97] $memory\u_th1.mem$rdmux[0][1][0]$a$13198 [95:82] $memory\u_th1.mem$rdmux[0][1][0]$a$13198 [80:68] $memory\u_th1.mem$rdmux[0][1][0]$a$13198 [65:49] $memory\u_th1.mem$rdmux[0][1][0]$a$13198 [47:33] $memory\u_th1.mem$rdmux[0][1][0]$a$13198 [31:19] $memory\u_th1.mem$rdmux[0][1][0]$a$13198 [17] $memory\u_th1.mem$rdmux[0][1][0]$a$13198 [15:3] $memory\u_th1.mem$rdmux[0][1][0]$a$13198 [1] } = { $memory\u_th1.mem$rdmux[0][1][0]$a$13198 [32] $memory\u_th1.mem$rdmux[0][1][0]$a$13198 [32] $memory\u_th1.mem$rdmux[0][1][0]$a$13198 [32] $memory\u_th1.mem$rdmux[0][1][0]$a$13198 [32] $memory\u_th1.mem$rdmux[0][1][0]$a$13198 [32] $memory\u_th1.mem$rdmux[0][1][0]$a$13198 [32] $memory\u_th1.mem$rdmux[0][1][0]$a$13198 [32] $memory\u_th1.mem$rdmux[0][1][0]$a$13198 [32] $memory\u_th1.mem$rdmux[0][1][0]$a$13198 [32] $memory\u_th1.mem$rdmux[0][1][0]$a$13198 [32] $memory\u_th1.mem$rdmux[0][1][0]$a$13198 [32] $memory\u_th1.mem$rdmux[0][1][0]$a$13198 [32] $memory\u_th1.mem$rdmux[0][1][0]$a$13198 [32] $memory\u_th1.mem$rdmux[0][1][0]$a$13198 [96] $memory\u_th1.mem$rdmux[0][1][0]$a$13198 [48] $memory\u_th1.mem$rdmux[0][1][0]$a$13198 [48] $memory\u_th1.mem$rdmux[0][1][0]$a$13198 [48] $memory\u_th1.mem$rdmux[0][1][0]$a$13198 [48] $memory\u_th1.mem$rdmux[0][1][0]$a$13198 [48] $memory\u_th1.mem$rdmux[0][1][0]$a$13198 [48] $memory\u_th1.mem$rdmux[0][1][0]$a$13198 [48] $memory\u_th1.mem$rdmux[0][1][0]$a$13198 [48] $memory\u_th1.mem$rdmux[0][1][0]$a$13198 [48] $memory\u_th1.mem$rdmux[0][1][0]$a$13198 [48] $memory\u_th1.mem$rdmux[0][1][0]$a$13198 [48] $memory\u_th1.mem$rdmux[0][1][0]$a$13198 [48] $memory\u_th1.mem$rdmux[0][1][0]$a$13198 [48] $memory\u_th1.mem$rdmux[0][1][0]$a$13198 [48] $memory\u_th1.mem$rdmux[0][1][0]$a$13198 [48] 14'00000000000000 $memory\u_th1.mem$rdmux[0][1][0]$a$13198 [2] $memory\u_th1.mem$rdmux[0][1][0]$a$13198 [67] $memory\u_th1.mem$rdmux[0][1][0]$a$13198 [67] $memory\u_th1.mem$rdmux[0][1][0]$a$13198 [67] $memory\u_th1.mem$rdmux[0][1][0]$a$13198 [67] $memory\u_th1.mem$rdmux[0][1][0]$a$13198 [67] $memory\u_th1.mem$rdmux[0][1][0]$a$13198 [67] $memory\u_th1.mem$rdmux[0][1][0]$a$13198 [67] $memory\u_th1.mem$rdmux[0][1][0]$a$13198 [67] $memory\u_th1.mem$rdmux[0][1][0]$a$13198 [67] $memory\u_th1.mem$rdmux[0][1][0]$a$13198 [67] $memory\u_th1.mem$rdmux[0][1][0]$a$13198 [67] $memory\u_th1.mem$rdmux[0][1][0]$a$13198 [67] 1'0 $memory\u_th1.mem$rdmux[0][1][0]$a$13198 [16] 13'0000000000000 $memory\u_th1.mem$rdmux[0][1][0]$a$13198 [0] $memory\u_th1.mem$rdmux[0][1][0]$a$13198 [18] 15'000000000000000 $memory\u_th1.mem$rdmux[0][1][0]$a$13198 [18] $memory\u_th1.mem$rdmux[0][1][0]$a$13198 [18] $memory\u_th1.mem$rdmux[0][1][0]$a$13198 [18] $memory\u_th1.mem$rdmux[0][1][0]$a$13198 [18] $memory\u_th1.mem$rdmux[0][1][0]$a$13198 [18] $memory\u_th1.mem$rdmux[0][1][0]$a$13198 [18] $memory\u_th1.mem$rdmux[0][1][0]$a$13198 [18] $memory\u_th1.mem$rdmux[0][1][0]$a$13198 [18] $memory\u_th1.mem$rdmux[0][1][0]$a$13198 [18] $memory\u_th1.mem$rdmux[0][1][0]$a$13198 [18] $memory\u_th1.mem$rdmux[0][1][0]$a$13198 [18] $memory\u_th1.mem$rdmux[0][1][0]$a$13198 [18] $memory\u_th1.mem$rdmux[0][1][0]$a$13198 [18] $memory\u_th1.mem$rdmux[0][1][0]$a$13198 [0] 14'00000000000000 }
    Consolidated identical input bits for $mux cell $memory\u_th1.mem$rdmux[0][2][2]$13209:
      Old ports: A=$memory\u_th1.mem$rdmux[0][2][2]$a$13210, B=$memory\u_th1.mem$rdmux[0][2][2]$b$13211, Y=$memory\u_th1.mem$rdmux[0][1][1]$a$13201
      New ports: A={ $memory\u_th1.mem$rdmux[0][2][2]$a$13210 [2:1] $memory\u_th1.mem$rdmux[0][2][2]$a$13210 [2] 1'1 $memory\u_th1.mem$rdmux[0][2][2]$a$13210 [1] $memory\u_th1.mem$rdmux[0][2][2]$a$13210 [1] $memory\u_th1.mem$rdmux[0][2][2]$a$13210 [2] 3'001 $memory\u_th1.mem$rdmux[0][2][2]$a$13210 [2:1] 1'0 }, B={ $memory\u_th1.mem$rdmux[0][2][2]$b$13211 [1:0] $memory\u_th1.mem$rdmux[0][2][2]$b$13211 [0] 4'0011 $memory\u_th1.mem$rdmux[0][2][2]$b$13211 [1] 1'1 $memory\u_th1.mem$rdmux[0][2][2]$b$13211 [0] 1'0 $memory\u_th1.mem$rdmux[0][2][2]$b$13211 [1:0] }, Y={ $memory\u_th1.mem$rdmux[0][1][1]$a$13201 [98] $memory\u_th1.mem$rdmux[0][1][1]$a$13201 [96] $memory\u_th1.mem$rdmux[0][1][1]$a$13201 [80] $memory\u_th1.mem$rdmux[0][1][1]$a$13201 [64] $memory\u_th1.mem$rdmux[0][1][1]$a$13201 [50:48] $memory\u_th1.mem$rdmux[0][1][1]$a$13201 [19] $memory\u_th1.mem$rdmux[0][1][1]$a$13201 [17:16] $memory\u_th1.mem$rdmux[0][1][1]$a$13201 [2:0] }
      New connections: { $memory\u_th1.mem$rdmux[0][1][1]$a$13201 [127:99] $memory\u_th1.mem$rdmux[0][1][1]$a$13201 [97] $memory\u_th1.mem$rdmux[0][1][1]$a$13201 [95:81] $memory\u_th1.mem$rdmux[0][1][1]$a$13201 [79:65] $memory\u_th1.mem$rdmux[0][1][1]$a$13201 [63:51] $memory\u_th1.mem$rdmux[0][1][1]$a$13201 [47:20] $memory\u_th1.mem$rdmux[0][1][1]$a$13201 [18] $memory\u_th1.mem$rdmux[0][1][1]$a$13201 [15:3] } = { 13'0000000000000 $memory\u_th1.mem$rdmux[0][1][1]$a$13201 [2] 1'0 $memory\u_th1.mem$rdmux[0][1][1]$a$13201 [16] $memory\u_th1.mem$rdmux[0][1][1]$a$13201 [98] $memory\u_th1.mem$rdmux[0][1][1]$a$13201 [98] $memory\u_th1.mem$rdmux[0][1][1]$a$13201 [98] $memory\u_th1.mem$rdmux[0][1][1]$a$13201 [98] $memory\u_th1.mem$rdmux[0][1][1]$a$13201 [98] $memory\u_th1.mem$rdmux[0][1][1]$a$13201 [98] $memory\u_th1.mem$rdmux[0][1][1]$a$13201 [98] $memory\u_th1.mem$rdmux[0][1][1]$a$13201 [98] $memory\u_th1.mem$rdmux[0][1][1]$a$13201 [98] $memory\u_th1.mem$rdmux[0][1][1]$a$13201 [98] $memory\u_th1.mem$rdmux[0][1][1]$a$13201 [98] $memory\u_th1.mem$rdmux[0][1][1]$a$13201 [98] $memory\u_th1.mem$rdmux[0][1][1]$a$13201 [98] $memory\u_th1.mem$rdmux[0][1][1]$a$13201 [1] $memory\u_th1.mem$rdmux[0][1][1]$a$13201 [19] $memory\u_th1.mem$rdmux[0][1][1]$a$13201 [19] $memory\u_th1.mem$rdmux[0][1][1]$a$13201 [19] $memory\u_th1.mem$rdmux[0][1][1]$a$13201 [19] $memory\u_th1.mem$rdmux[0][1][1]$a$13201 [19] $memory\u_th1.mem$rdmux[0][1][1]$a$13201 [19] $memory\u_th1.mem$rdmux[0][1][1]$a$13201 [19] $memory\u_th1.mem$rdmux[0][1][1]$a$13201 [19] $memory\u_th1.mem$rdmux[0][1][1]$a$13201 [19] $memory\u_th1.mem$rdmux[0][1][1]$a$13201 [19] $memory\u_th1.mem$rdmux[0][1][1]$a$13201 [19] $memory\u_th1.mem$rdmux[0][1][1]$a$13201 [19] $memory\u_th1.mem$rdmux[0][1][1]$a$13201 [19] $memory\u_th1.mem$rdmux[0][1][1]$a$13201 [19] $memory\u_th1.mem$rdmux[0][1][1]$a$13201 [19] $memory\u_th1.mem$rdmux[0][1][1]$a$13201 [49] $memory\u_th1.mem$rdmux[0][1][1]$a$13201 [49] $memory\u_th1.mem$rdmux[0][1][1]$a$13201 [49] $memory\u_th1.mem$rdmux[0][1][1]$a$13201 [49] $memory\u_th1.mem$rdmux[0][1][1]$a$13201 [49] $memory\u_th1.mem$rdmux[0][1][1]$a$13201 [49] $memory\u_th1.mem$rdmux[0][1][1]$a$13201 [49] $memory\u_th1.mem$rdmux[0][1][1]$a$13201 [49] $memory\u_th1.mem$rdmux[0][1][1]$a$13201 [49] $memory\u_th1.mem$rdmux[0][1][1]$a$13201 [49] $memory\u_th1.mem$rdmux[0][1][1]$a$13201 [49] $memory\u_th1.mem$rdmux[0][1][1]$a$13201 [49] $memory\u_th1.mem$rdmux[0][1][1]$a$13201 [49] $memory\u_th1.mem$rdmux[0][1][1]$a$13201 [50] $memory\u_th1.mem$rdmux[0][1][1]$a$13201 [16] $memory\u_th1.mem$rdmux[0][1][1]$a$13201 [50] $memory\u_th1.mem$rdmux[0][1][1]$a$13201 [50] $memory\u_th1.mem$rdmux[0][1][1]$a$13201 [50] $memory\u_th1.mem$rdmux[0][1][1]$a$13201 [50] $memory\u_th1.mem$rdmux[0][1][1]$a$13201 [50] $memory\u_th1.mem$rdmux[0][1][1]$a$13201 [50] $memory\u_th1.mem$rdmux[0][1][1]$a$13201 [50] $memory\u_th1.mem$rdmux[0][1][1]$a$13201 [50] $memory\u_th1.mem$rdmux[0][1][1]$a$13201 [50] $memory\u_th1.mem$rdmux[0][1][1]$a$13201 [50] $memory\u_th1.mem$rdmux[0][1][1]$a$13201 [50] $memory\u_th1.mem$rdmux[0][1][1]$a$13201 [50] $memory\u_th1.mem$rdmux[0][1][1]$a$13201 [50] $memory\u_th1.mem$rdmux[0][1][1]$a$13201 [19] $memory\u_th1.mem$rdmux[0][1][1]$a$13201 [19] $memory\u_th1.mem$rdmux[0][1][1]$a$13201 [19] $memory\u_th1.mem$rdmux[0][1][1]$a$13201 [19] $memory\u_th1.mem$rdmux[0][1][1]$a$13201 [19] $memory\u_th1.mem$rdmux[0][1][1]$a$13201 [19] $memory\u_th1.mem$rdmux[0][1][1]$a$13201 [19] $memory\u_th1.mem$rdmux[0][1][1]$a$13201 [19] $memory\u_th1.mem$rdmux[0][1][1]$a$13201 [19] $memory\u_th1.mem$rdmux[0][1][1]$a$13201 [19] $memory\u_th1.mem$rdmux[0][1][1]$a$13201 [19] $memory\u_th1.mem$rdmux[0][1][1]$a$13201 [19] $memory\u_th1.mem$rdmux[0][1][1]$a$13201 [19] $memory\u_th1.mem$rdmux[0][1][1]$a$13201 [19] $memory\u_th1.mem$rdmux[0][1][1]$a$13201 [1] $memory\u_th1.mem$rdmux[0][1][1]$a$13201 [16] $memory\u_th1.mem$rdmux[0][1][1]$a$13201 [19] $memory\u_th1.mem$rdmux[0][1][1]$a$13201 [19] $memory\u_th1.mem$rdmux[0][1][1]$a$13201 [19] $memory\u_th1.mem$rdmux[0][1][1]$a$13201 [19] $memory\u_th1.mem$rdmux[0][1][1]$a$13201 [19] $memory\u_th1.mem$rdmux[0][1][1]$a$13201 [19] $memory\u_th1.mem$rdmux[0][1][1]$a$13201 [19] $memory\u_th1.mem$rdmux[0][1][1]$a$13201 [19] $memory\u_th1.mem$rdmux[0][1][1]$a$13201 [19] $memory\u_th1.mem$rdmux[0][1][1]$a$13201 [19] $memory\u_th1.mem$rdmux[0][1][1]$a$13201 [19] $memory\u_th1.mem$rdmux[0][1][1]$a$13201 [19] 1'0 $memory\u_th1.mem$rdmux[0][1][1]$a$13201 [2] $memory\u_th1.mem$rdmux[0][1][1]$a$13201 [2] $memory\u_th1.mem$rdmux[0][1][1]$a$13201 [2] $memory\u_th1.mem$rdmux[0][1][1]$a$13201 [2] $memory\u_th1.mem$rdmux[0][1][1]$a$13201 [2] $memory\u_th1.mem$rdmux[0][1][1]$a$13201 [2] $memory\u_th1.mem$rdmux[0][1][1]$a$13201 [2] $memory\u_th1.mem$rdmux[0][1][1]$a$13201 [2] $memory\u_th1.mem$rdmux[0][1][1]$a$13201 [2] $memory\u_th1.mem$rdmux[0][1][1]$a$13201 [2] $memory\u_th1.mem$rdmux[0][1][1]$a$13201 [2] $memory\u_th1.mem$rdmux[0][1][1]$a$13201 [2] $memory\u_th1.mem$rdmux[0][1][1]$a$13201 [2] }
    Consolidated identical input bits for $mux cell $memory\u_th0.mem$rdmux[0][2][2]$13164:
      Old ports: A=$memory\u_th0.mem$rdmux[0][2][2]$a$13165, B=$memory\u_th0.mem$rdmux[0][2][2]$b$13166, Y=$memory\u_th0.mem$rdmux[0][1][1]$a$13156
      New ports: A={ 1'1 $memory\u_th0.mem$rdmux[0][2][2]$a$13165 [2:1] 1'0 $memory\u_th0.mem$rdmux[0][2][2]$a$13165 [1] $memory\u_th0.mem$rdmux[0][2][2]$a$13165 [2] 3'100 $memory\u_th0.mem$rdmux[0][2][2]$a$13165 [1] $memory\u_th0.mem$rdmux[0][2][2]$a$13165 [2:1] 1'1 }, B={ $memory\u_th0.mem$rdmux[0][2][2]$b$13166 [16] $memory\u_th0.mem$rdmux[0][2][2]$b$13166 [0] $memory\u_th0.mem$rdmux[0][2][2]$b$13166 [16] $memory\u_th0.mem$rdmux[0][2][2]$b$13166 [0] $memory\u_th0.mem$rdmux[0][2][2]$b$13166 [0] $memory\u_th0.mem$rdmux[0][2][2]$b$13166 [16] 2'01 $memory\u_th0.mem$rdmux[0][2][2]$b$13166 [16] 3'100 $memory\u_th0.mem$rdmux[0][2][2]$b$13166 [0] }, Y={ $memory\u_th0.mem$rdmux[0][1][1]$a$13156 [65] $memory\u_th0.mem$rdmux[0][1][1]$a$13156 [63:62] $memory\u_th0.mem$rdmux[0][1][1]$a$13156 [56] $memory\u_th0.mem$rdmux[0][1][1]$a$13156 [39:37] $memory\u_th0.mem$rdmux[0][1][1]$a$13156 [18] $memory\u_th0.mem$rdmux[0][1][1]$a$13156 [16] $memory\u_th0.mem$rdmux[0][1][1]$a$13156 [3:0] }
      New connections: { $memory\u_th0.mem$rdmux[0][1][1]$a$13156 [82:66] $memory\u_th0.mem$rdmux[0][1][1]$a$13156 [64] $memory\u_th0.mem$rdmux[0][1][1]$a$13156 [61:57] $memory\u_th0.mem$rdmux[0][1][1]$a$13156 [55:40] $memory\u_th0.mem$rdmux[0][1][1]$a$13156 [36:19] $memory\u_th0.mem$rdmux[0][1][1]$a$13156 [17] $memory\u_th0.mem$rdmux[0][1][1]$a$13156 [15:4] } = { $memory\u_th0.mem$rdmux[0][1][1]$a$13156 [16] $memory\u_th0.mem$rdmux[0][1][1]$a$13156 [0] $memory\u_th0.mem$rdmux[0][1][1]$a$13156 [39] $memory\u_th0.mem$rdmux[0][1][1]$a$13156 [63] $memory\u_th0.mem$rdmux[0][1][1]$a$13156 [18] 12'000000000000 $memory\u_th0.mem$rdmux[0][1][1]$a$13156 [56] 3'010 $memory\u_th0.mem$rdmux[0][1][1]$a$13156 [56] $memory\u_th0.mem$rdmux[0][1][1]$a$13156 [2] 1'1 $memory\u_th0.mem$rdmux[0][1][1]$a$13156 [2] 15'110000000000001 $memory\u_th0.mem$rdmux[0][1][1]$a$13156 [16] $memory\u_th0.mem$rdmux[0][1][1]$a$13156 [16] $memory\u_th0.mem$rdmux[0][1][1]$a$13156 [16] $memory\u_th0.mem$rdmux[0][1][1]$a$13156 [16] $memory\u_th0.mem$rdmux[0][1][1]$a$13156 [16] $memory\u_th0.mem$rdmux[0][1][1]$a$13156 [16] $memory\u_th0.mem$rdmux[0][1][1]$a$13156 [16] $memory\u_th0.mem$rdmux[0][1][1]$a$13156 [16] $memory\u_th0.mem$rdmux[0][1][1]$a$13156 [16] $memory\u_th0.mem$rdmux[0][1][1]$a$13156 [16] $memory\u_th0.mem$rdmux[0][1][1]$a$13156 [16] $memory\u_th0.mem$rdmux[0][1][1]$a$13156 [16] 1'1 $memory\u_th0.mem$rdmux[0][1][1]$a$13156 [18] $memory\u_th0.mem$rdmux[0][1][1]$a$13156 [2] $memory\u_th0.mem$rdmux[0][1][1]$a$13156 [16] $memory\u_th0.mem$rdmux[0][1][1]$a$13156 [0] 13'0000000000000 }
    Consolidated identical input bits for $mux cell $memory\u_th0.mem$rdmux[0][2][1]$13161:
      Old ports: A=$memory\u_th0.mem$rdmux[0][2][1]$a$13162, B=$memory\u_th0.mem$rdmux[0][2][1]$b$13163, Y=$memory\u_th0.mem$rdmux[0][1][0]$b$13154
      New ports: A={ 1'0 $memory\u_th0.mem$rdmux[0][2][1]$a$13162 [19] 1'1 $memory\u_th0.mem$rdmux[0][2][1]$a$13162 [19] $memory\u_th0.mem$rdmux[0][2][1]$a$13162 [19] 1'0 $memory\u_th0.mem$rdmux[0][2][1]$a$13162 [19] $memory\u_th0.mem$rdmux[0][2][1]$a$13162 [0] $memory\u_th0.mem$rdmux[0][2][1]$a$13162 [0] 1'0 $memory\u_th0.mem$rdmux[0][2][1]$a$13162 [0] 1'1 $memory\u_th0.mem$rdmux[0][2][1]$a$13162 [0] }, B={ 3'100 $memory\u_th0.mem$rdmux[0][2][1]$b$13163 [18] 1'1 $memory\u_th0.mem$rdmux[0][2][1]$b$13163 [18] $memory\u_th0.mem$rdmux[0][2][1]$b$13163 [1] $memory\u_th0.mem$rdmux[0][2][1]$b$13163 [18] $memory\u_th0.mem$rdmux[0][2][1]$b$13163 [1] $memory\u_th0.mem$rdmux[0][2][1]$b$13163 [1] 1'0 $memory\u_th0.mem$rdmux[0][2][1]$b$13163 [1] 1'1 }, Y={ $memory\u_th0.mem$rdmux[0][1][0]$b$13154 [79] $memory\u_th0.mem$rdmux[0][1][0]$b$13154 [63] $memory\u_th0.mem$rdmux[0][1][0]$b$13154 [57] $memory\u_th0.mem$rdmux[0][1][0]$b$13154 [39] $memory\u_th0.mem$rdmux[0][1][0]$b$13154 [36] $memory\u_th0.mem$rdmux[0][1][0]$b$13154 [24] $memory\u_th0.mem$rdmux[0][1][0]$b$13154 [19:18] $memory\u_th0.mem$rdmux[0][1][0]$b$13154 [6] $memory\u_th0.mem$rdmux[0][1][0]$b$13154 [4] $memory\u_th0.mem$rdmux[0][1][0]$b$13154 [2:0] }
      New connections: { $memory\u_th0.mem$rdmux[0][1][0]$b$13154 [82:80] $memory\u_th0.mem$rdmux[0][1][0]$b$13154 [78:64] $memory\u_th0.mem$rdmux[0][1][0]$b$13154 [62:58] $memory\u_th0.mem$rdmux[0][1][0]$b$13154 [56:40] $memory\u_th0.mem$rdmux[0][1][0]$b$13154 [38:37] $memory\u_th0.mem$rdmux[0][1][0]$b$13154 [35:25] $memory\u_th0.mem$rdmux[0][1][0]$b$13154 [23:20] $memory\u_th0.mem$rdmux[0][1][0]$b$13154 [17:7] $memory\u_th0.mem$rdmux[0][1][0]$b$13154 [5] $memory\u_th0.mem$rdmux[0][1][0]$b$13154 [3] } = { 1'0 $memory\u_th0.mem$rdmux[0][1][0]$b$13154 [0] $memory\u_th0.mem$rdmux[0][1][0]$b$13154 [63] $memory\u_th0.mem$rdmux[0][1][0]$b$13154 [1] $memory\u_th0.mem$rdmux[0][1][0]$b$13154 [24] $memory\u_th0.mem$rdmux[0][1][0]$b$13154 [24] $memory\u_th0.mem$rdmux[0][1][0]$b$13154 [24] $memory\u_th0.mem$rdmux[0][1][0]$b$13154 [24] $memory\u_th0.mem$rdmux[0][1][0]$b$13154 [24] $memory\u_th0.mem$rdmux[0][1][0]$b$13154 [24] $memory\u_th0.mem$rdmux[0][1][0]$b$13154 [24] $memory\u_th0.mem$rdmux[0][1][0]$b$13154 [24] $memory\u_th0.mem$rdmux[0][1][0]$b$13154 [24] $memory\u_th0.mem$rdmux[0][1][0]$b$13154 [24] $memory\u_th0.mem$rdmux[0][1][0]$b$13154 [24] $memory\u_th0.mem$rdmux[0][1][0]$b$13154 [24] $memory\u_th0.mem$rdmux[0][1][0]$b$13154 [2] $memory\u_th0.mem$rdmux[0][1][0]$b$13154 [36] $memory\u_th0.mem$rdmux[0][1][0]$b$13154 [24] $memory\u_th0.mem$rdmux[0][1][0]$b$13154 [2] 2'10 $memory\u_th0.mem$rdmux[0][1][0]$b$13154 [6] 1'0 $memory\u_th0.mem$rdmux[0][1][0]$b$13154 [1] $memory\u_th0.mem$rdmux[0][1][0]$b$13154 [24] $memory\u_th0.mem$rdmux[0][1][0]$b$13154 [39] $memory\u_th0.mem$rdmux[0][1][0]$b$13154 [1] $memory\u_th0.mem$rdmux[0][1][0]$b$13154 [24] $memory\u_th0.mem$rdmux[0][1][0]$b$13154 [24] $memory\u_th0.mem$rdmux[0][1][0]$b$13154 [24] $memory\u_th0.mem$rdmux[0][1][0]$b$13154 [24] $memory\u_th0.mem$rdmux[0][1][0]$b$13154 [24] $memory\u_th0.mem$rdmux[0][1][0]$b$13154 [24] $memory\u_th0.mem$rdmux[0][1][0]$b$13154 [24] $memory\u_th0.mem$rdmux[0][1][0]$b$13154 [24] $memory\u_th0.mem$rdmux[0][1][0]$b$13154 [24] $memory\u_th0.mem$rdmux[0][1][0]$b$13154 [24] $memory\u_th0.mem$rdmux[0][1][0]$b$13154 [24] $memory\u_th0.mem$rdmux[0][1][0]$b$13154 [24] $memory\u_th0.mem$rdmux[0][1][0]$b$13154 [0] 12'100000000000 $memory\u_th0.mem$rdmux[0][1][0]$b$13154 [19] 1'1 $memory\u_th0.mem$rdmux[0][1][0]$b$13154 [2] $memory\u_th0.mem$rdmux[0][1][0]$b$13154 [0] $memory\u_th0.mem$rdmux[0][1][0]$b$13154 [4] $memory\u_th0.mem$rdmux[0][1][0]$b$13154 [1] $memory\u_th0.mem$rdmux[0][1][0]$b$13154 [6] $memory\u_th0.mem$rdmux[0][1][0]$b$13154 [6] $memory\u_th0.mem$rdmux[0][1][0]$b$13154 [6] $memory\u_th0.mem$rdmux[0][1][0]$b$13154 [6] $memory\u_th0.mem$rdmux[0][1][0]$b$13154 [6] $memory\u_th0.mem$rdmux[0][1][0]$b$13154 [6] $memory\u_th0.mem$rdmux[0][1][0]$b$13154 [6] $memory\u_th0.mem$rdmux[0][1][0]$b$13154 [6] $memory\u_th0.mem$rdmux[0][1][0]$b$13154 [6] $memory\u_th0.mem$rdmux[0][1][0]$b$13154 [4] 1'1 }
    Consolidated identical input bits for $mux cell $memory\u_th0.mem$rdmux[0][2][0]$13158:
      Old ports: A=$memory\u_th0.mem$rdmux[0][2][0]$a$13159, B=$memory\u_th0.mem$rdmux[0][2][0]$b$13160, Y=$memory\u_th0.mem$rdmux[0][1][0]$a$13153
      New ports: A={ $memory\u_th0.mem$rdmux[0][2][0]$a$13159 [3] $memory\u_th0.mem$rdmux[0][2][0]$a$13159 [4:3] $memory\u_th0.mem$rdmux[0][2][0]$a$13159 [4] 1'0 $memory\u_th0.mem$rdmux[0][2][0]$a$13159 [3] 2'11 $memory\u_th0.mem$rdmux[0][2][0]$a$13159 [4] $memory\u_th0.mem$rdmux[0][2][0]$a$13159 [4:3] 3'010 }, B={ 2'01 $memory\u_th0.mem$rdmux[0][2][0]$b$13160 [0] $memory\u_th0.mem$rdmux[0][2][0]$b$13160 [18] $memory\u_th0.mem$rdmux[0][2][0]$b$13160 [18] $memory\u_th0.mem$rdmux[0][2][0]$b$13160 [18] $memory\u_th0.mem$rdmux[0][2][0]$b$13160 [18] $memory\u_th0.mem$rdmux[0][2][0]$b$13160 [0] $memory\u_th0.mem$rdmux[0][2][0]$b$13160 [0] 4'0110 $memory\u_th0.mem$rdmux[0][2][0]$b$13160 [0] }, Y={ $memory\u_th0.mem$rdmux[0][1][0]$a$13153 [61] $memory\u_th0.mem$rdmux[0][1][0]$a$13153 [59] $memory\u_th0.mem$rdmux[0][1][0]$a$13153 [57] $memory\u_th0.mem$rdmux[0][1][0]$a$13153 [53] $memory\u_th0.mem$rdmux[0][1][0]$a$13153 [36] $memory\u_th0.mem$rdmux[0][1][0]$a$13153 [23] $memory\u_th0.mem$rdmux[0][1][0]$a$13153 [18:16] $memory\u_th0.mem$rdmux[0][1][0]$a$13153 [4:0] }
      New connections: { $memory\u_th0.mem$rdmux[0][1][0]$a$13153 [82:62] $memory\u_th0.mem$rdmux[0][1][0]$a$13153 [60] $memory\u_th0.mem$rdmux[0][1][0]$a$13153 [58] $memory\u_th0.mem$rdmux[0][1][0]$a$13153 [56:54] $memory\u_th0.mem$rdmux[0][1][0]$a$13153 [52:37] $memory\u_th0.mem$rdmux[0][1][0]$a$13153 [35:24] $memory\u_th0.mem$rdmux[0][1][0]$a$13153 [22:19] $memory\u_th0.mem$rdmux[0][1][0]$a$13153 [15:5] } = { 1'0 $memory\u_th0.mem$rdmux[0][1][0]$a$13153 [1] $memory\u_th0.mem$rdmux[0][1][0]$a$13153 [3] $memory\u_th0.mem$rdmux[0][1][0]$a$13153 [16] $memory\u_th0.mem$rdmux[0][1][0]$a$13153 [36] 12'000000000000 $memory\u_th0.mem$rdmux[0][1][0]$a$13153 [1] $memory\u_th0.mem$rdmux[0][1][0]$a$13153 [59] $memory\u_th0.mem$rdmux[0][1][0]$a$13153 [2] $memory\u_th0.mem$rdmux[0][1][0]$a$13153 [2] $memory\u_th0.mem$rdmux[0][1][0]$a$13153 [2] $memory\u_th0.mem$rdmux[0][1][0]$a$13153 [4] 1'0 $memory\u_th0.mem$rdmux[0][1][0]$a$13153 [18] $memory\u_th0.mem$rdmux[0][1][0]$a$13153 [0] $memory\u_th0.mem$rdmux[0][1][0]$a$13153 [3] 11'00000000000 $memory\u_th0.mem$rdmux[0][1][0]$a$13153 [36] $memory\u_th0.mem$rdmux[0][1][0]$a$13153 [1] $memory\u_th0.mem$rdmux[0][1][0]$a$13153 [16] $memory\u_th0.mem$rdmux[0][1][0]$a$13153 [0] 12'000000000000 $memory\u_th0.mem$rdmux[0][1][0]$a$13153 [16] $memory\u_th0.mem$rdmux[0][1][0]$a$13153 [1] 1'1 $memory\u_th0.mem$rdmux[0][1][0]$a$13153 [2] 11'00000000000 }
    Consolidated identical input bits for $mux cell $memory\u_th1.mem$rdmux[0][2][3]$13212:
      Old ports: A=$memory\u_th1.mem$rdmux[0][2][3]$a$13213, B=$memory\u_th1.mem$rdmux[0][2][3]$b$13214, Y=$memory\u_th1.mem$rdmux[0][1][1]$b$13202
      New ports: A={ 1'0 $memory\u_th1.mem$rdmux[0][2][3]$a$13213 [3] 2'11 $memory\u_th1.mem$rdmux[0][2][3]$a$13213 [3] 1'0 $memory\u_th1.mem$rdmux[0][2][3]$a$13213 [17] $memory\u_th1.mem$rdmux[0][2][3]$a$13213 [17] $memory\u_th1.mem$rdmux[0][2][3]$a$13213 [17] $memory\u_th1.mem$rdmux[0][2][3]$a$13213 [3] 2'01 }, B={ 1'1 $memory\u_th1.mem$rdmux[0][2][3]$b$13214 [1] 1'0 $memory\u_th1.mem$rdmux[0][2][3]$b$13214 [1:0] $memory\u_th1.mem$rdmux[0][2][3]$b$13214 [0] 1'0 $memory\u_th1.mem$rdmux[0][2][3]$b$13214 [1] 2'10 $memory\u_th1.mem$rdmux[0][2][3]$b$13214 [1:0] }, Y={ $memory\u_th1.mem$rdmux[0][1][1]$b$13202 [97:96] $memory\u_th1.mem$rdmux[0][1][1]$b$13202 [50] $memory\u_th1.mem$rdmux[0][1][1]$b$13202 [48] $memory\u_th1.mem$rdmux[0][1][1]$b$13202 [34:32] $memory\u_th1.mem$rdmux[0][1][1]$b$13202 [18:17] $memory\u_th1.mem$rdmux[0][1][1]$b$13202 [3] $memory\u_th1.mem$rdmux[0][1][1]$b$13202 [1:0] }
      New connections: { $memory\u_th1.mem$rdmux[0][1][1]$b$13202 [127:98] $memory\u_th1.mem$rdmux[0][1][1]$b$13202 [95:51] $memory\u_th1.mem$rdmux[0][1][1]$b$13202 [49] $memory\u_th1.mem$rdmux[0][1][1]$b$13202 [47:35] $memory\u_th1.mem$rdmux[0][1][1]$b$13202 [31:19] $memory\u_th1.mem$rdmux[0][1][1]$b$13202 [16:4] $memory\u_th1.mem$rdmux[0][1][1]$b$13202 [2] } = { $memory\u_th1.mem$rdmux[0][1][1]$b$13202 [1] $memory\u_th1.mem$rdmux[0][1][1]$b$13202 [1] $memory\u_th1.mem$rdmux[0][1][1]$b$13202 [1] $memory\u_th1.mem$rdmux[0][1][1]$b$13202 [1] $memory\u_th1.mem$rdmux[0][1][1]$b$13202 [1] $memory\u_th1.mem$rdmux[0][1][1]$b$13202 [1] $memory\u_th1.mem$rdmux[0][1][1]$b$13202 [1] $memory\u_th1.mem$rdmux[0][1][1]$b$13202 [1] $memory\u_th1.mem$rdmux[0][1][1]$b$13202 [1] $memory\u_th1.mem$rdmux[0][1][1]$b$13202 [1] $memory\u_th1.mem$rdmux[0][1][1]$b$13202 [1] $memory\u_th1.mem$rdmux[0][1][1]$b$13202 [1] $memory\u_th1.mem$rdmux[0][1][1]$b$13202 [1] $memory\u_th1.mem$rdmux[0][1][1]$b$13202 [97] $memory\u_th1.mem$rdmux[0][1][1]$b$13202 [1:0] $memory\u_th1.mem$rdmux[0][1][1]$b$13202 [96] $memory\u_th1.mem$rdmux[0][1][1]$b$13202 [96] $memory\u_th1.mem$rdmux[0][1][1]$b$13202 [96] $memory\u_th1.mem$rdmux[0][1][1]$b$13202 [96] $memory\u_th1.mem$rdmux[0][1][1]$b$13202 [96] $memory\u_th1.mem$rdmux[0][1][1]$b$13202 [96] $memory\u_th1.mem$rdmux[0][1][1]$b$13202 [96] $memory\u_th1.mem$rdmux[0][1][1]$b$13202 [96] $memory\u_th1.mem$rdmux[0][1][1]$b$13202 [96] $memory\u_th1.mem$rdmux[0][1][1]$b$13202 [96] $memory\u_th1.mem$rdmux[0][1][1]$b$13202 [96] $memory\u_th1.mem$rdmux[0][1][1]$b$13202 [96] $memory\u_th1.mem$rdmux[0][1][1]$b$13202 [96] $memory\u_th1.mem$rdmux[0][1][1]$b$13202 [48] 13'0000000000000 $memory\u_th1.mem$rdmux[0][1][1]$b$13202 [3] $memory\u_th1.mem$rdmux[0][1][1]$b$13202 [18] $memory\u_th1.mem$rdmux[0][1][1]$b$13202 [33] $memory\u_th1.mem$rdmux[0][1][1]$b$13202 [50] $memory\u_th1.mem$rdmux[0][1][1]$b$13202 [50] $memory\u_th1.mem$rdmux[0][1][1]$b$13202 [50] $memory\u_th1.mem$rdmux[0][1][1]$b$13202 [50] $memory\u_th1.mem$rdmux[0][1][1]$b$13202 [50] $memory\u_th1.mem$rdmux[0][1][1]$b$13202 [50] $memory\u_th1.mem$rdmux[0][1][1]$b$13202 [50] $memory\u_th1.mem$rdmux[0][1][1]$b$13202 [50] $memory\u_th1.mem$rdmux[0][1][1]$b$13202 [50] $memory\u_th1.mem$rdmux[0][1][1]$b$13202 [50] $memory\u_th1.mem$rdmux[0][1][1]$b$13202 [50] $memory\u_th1.mem$rdmux[0][1][1]$b$13202 [50] $memory\u_th1.mem$rdmux[0][1][1]$b$13202 [50] $memory\u_th1.mem$rdmux[0][1][1]$b$13202 [50] $memory\u_th1.mem$rdmux[0][1][1]$b$13202 [32] $memory\u_th1.mem$rdmux[0][1][1]$b$13202 [17] $memory\u_th1.mem$rdmux[0][1][1]$b$13202 [50] $memory\u_th1.mem$rdmux[0][1][1]$b$13202 [50] $memory\u_th1.mem$rdmux[0][1][1]$b$13202 [50] $memory\u_th1.mem$rdmux[0][1][1]$b$13202 [50] $memory\u_th1.mem$rdmux[0][1][1]$b$13202 [50] $memory\u_th1.mem$rdmux[0][1][1]$b$13202 [50] $memory\u_th1.mem$rdmux[0][1][1]$b$13202 [50] $memory\u_th1.mem$rdmux[0][1][1]$b$13202 [50] $memory\u_th1.mem$rdmux[0][1][1]$b$13202 [50] $memory\u_th1.mem$rdmux[0][1][1]$b$13202 [50] $memory\u_th1.mem$rdmux[0][1][1]$b$13202 [50] $memory\u_th1.mem$rdmux[0][1][1]$b$13202 [50] $memory\u_th1.mem$rdmux[0][1][1]$b$13202 [50] $memory\u_th1.mem$rdmux[0][1][1]$b$13202 [0] $memory\u_th1.mem$rdmux[0][1][1]$b$13202 [33] $memory\u_th1.mem$rdmux[0][1][1]$b$13202 [33] $memory\u_th1.mem$rdmux[0][1][1]$b$13202 [33] $memory\u_th1.mem$rdmux[0][1][1]$b$13202 [33] $memory\u_th1.mem$rdmux[0][1][1]$b$13202 [33] $memory\u_th1.mem$rdmux[0][1][1]$b$13202 [33] $memory\u_th1.mem$rdmux[0][1][1]$b$13202 [33] $memory\u_th1.mem$rdmux[0][1][1]$b$13202 [33] $memory\u_th1.mem$rdmux[0][1][1]$b$13202 [33] $memory\u_th1.mem$rdmux[0][1][1]$b$13202 [33] $memory\u_th1.mem$rdmux[0][1][1]$b$13202 [33] $memory\u_th1.mem$rdmux[0][1][1]$b$13202 [33] $memory\u_th1.mem$rdmux[0][1][1]$b$13202 [33] $memory\u_th1.mem$rdmux[0][1][1]$b$13202 [18] $memory\u_th1.mem$rdmux[0][1][1]$b$13202 [18] $memory\u_th1.mem$rdmux[0][1][1]$b$13202 [18] $memory\u_th1.mem$rdmux[0][1][1]$b$13202 [18] $memory\u_th1.mem$rdmux[0][1][1]$b$13202 [18] $memory\u_th1.mem$rdmux[0][1][1]$b$13202 [18] $memory\u_th1.mem$rdmux[0][1][1]$b$13202 [18] $memory\u_th1.mem$rdmux[0][1][1]$b$13202 [18] $memory\u_th1.mem$rdmux[0][1][1]$b$13202 [18] $memory\u_th1.mem$rdmux[0][1][1]$b$13202 [18] $memory\u_th1.mem$rdmux[0][1][1]$b$13202 [18] $memory\u_th1.mem$rdmux[0][1][1]$b$13202 [18] $memory\u_th1.mem$rdmux[0][1][1]$b$13202 [18] $memory\u_th1.mem$rdmux[0][1][1]$b$13202 [3] 13'0000000000000 }
    Consolidated identical input bits for $mux cell $memory\u_th0.mem$rdmux[0][2][3]$13167:
      Old ports: A=$memory\u_th0.mem$rdmux[0][2][3]$a$13168, B=$memory\u_th0.mem$rdmux[0][2][3]$b$13169, Y=$memory\u_th0.mem$rdmux[0][1][1]$b$13157
      New ports: A={ $memory\u_th0.mem$rdmux[0][2][3]$a$13168 [0] 1'1 $memory\u_th0.mem$rdmux[0][2][3]$a$13168 [0] $memory\u_th0.mem$rdmux[0][2][3]$a$13168 [1:0] 1'0 $memory\u_th0.mem$rdmux[0][2][3]$a$13168 [1] 3'100 $memory\u_th0.mem$rdmux[0][2][3]$a$13168 [1:0] }, B={ $memory\u_th0.mem$rdmux[0][2][3]$b$13169 [1] $memory\u_th0.mem$rdmux[0][2][3]$b$13169 [3] 1'0 $memory\u_th0.mem$rdmux[0][2][3]$b$13169 [3] $memory\u_th0.mem$rdmux[0][2][3]$b$13169 [3] 3'100 $memory\u_th0.mem$rdmux[0][2][3]$b$13169 [1] $memory\u_th0.mem$rdmux[0][2][3]$b$13169 [3] $memory\u_th0.mem$rdmux[0][2][3]$b$13169 [1] 1'1 }, Y={ $memory\u_th0.mem$rdmux[0][1][1]$b$13157 [64] $memory\u_th0.mem$rdmux[0][1][1]$b$13157 [59] $memory\u_th0.mem$rdmux[0][1][1]$b$13157 [57] $memory\u_th0.mem$rdmux[0][1][1]$b$13157 [52] $memory\u_th0.mem$rdmux[0][1][1]$b$13157 [23] $memory\u_th0.mem$rdmux[0][1][1]$b$13157 [19:17] $memory\u_th0.mem$rdmux[0][1][1]$b$13157 [4:3] $memory\u_th0.mem$rdmux[0][1][1]$b$13157 [1:0] }
      New connections: { $memory\u_th0.mem$rdmux[0][1][1]$b$13157 [82:65] $memory\u_th0.mem$rdmux[0][1][1]$b$13157 [63:60] $memory\u_th0.mem$rdmux[0][1][1]$b$13157 [58] $memory\u_th0.mem$rdmux[0][1][1]$b$13157 [56:53] $memory\u_th0.mem$rdmux[0][1][1]$b$13157 [51:24] $memory\u_th0.mem$rdmux[0][1][1]$b$13157 [22:20] $memory\u_th0.mem$rdmux[0][1][1]$b$13157 [16:5] $memory\u_th0.mem$rdmux[0][1][1]$b$13157 [2] } = { 1'0 $memory\u_th0.mem$rdmux[0][1][1]$b$13157 [52] 1'1 $memory\u_th0.mem$rdmux[0][1][1]$b$13157 [64] 13'1000000000000 $memory\u_th0.mem$rdmux[0][1][1]$b$13157 [59] $memory\u_th0.mem$rdmux[0][1][1]$b$13157 [3] 1'0 $memory\u_th0.mem$rdmux[0][1][1]$b$13157 [4] $memory\u_th0.mem$rdmux[0][1][1]$b$13157 [52] $memory\u_th0.mem$rdmux[0][1][1]$b$13157 [52] $memory\u_th0.mem$rdmux[0][1][1]$b$13157 [18] $memory\u_th0.mem$rdmux[0][1][1]$b$13157 [0] $memory\u_th0.mem$rdmux[0][1][1]$b$13157 [19] $memory\u_th0.mem$rdmux[0][1][1]$b$13157 [0] 12'000000000000 $memory\u_th0.mem$rdmux[0][1][1]$b$13157 [17] $memory\u_th0.mem$rdmux[0][1][1]$b$13157 [19] $memory\u_th0.mem$rdmux[0][1][1]$b$13157 [19] $memory\u_th0.mem$rdmux[0][1][1]$b$13157 [3] 11'00000000000 $memory\u_th0.mem$rdmux[0][1][1]$b$13157 [18] $memory\u_th0.mem$rdmux[0][1][1]$b$13157 [4:3] $memory\u_th0.mem$rdmux[0][1][1]$b$13157 [0] $memory\u_th0.mem$rdmux[0][1][1]$b$13157 [3] 11'00000000000 $memory\u_th0.mem$rdmux[0][1][1]$b$13157 [1] }
    Consolidated identical input bits for $pmux cell $procmux$5085:
      Old ports: A=4'1101, B={ 4'0101 $auto$wreduce.cc:461:run$7933 [3:0] $auto$wreduce.cc:461:run$7932 [3:0] }, Y=$procmux$5085_Y [3:0]
      New ports: A=1'1, B={ 1'0 $auto$wreduce.cc:461:run$7933 [3] $auto$wreduce.cc:461:run$7932 [3] }, Y=$procmux$5085_Y [3]
      New connections: $procmux$5085_Y [2:0] = 3'101
    Consolidated identical input bits for $mux cell $procmux$5123:
      Old ports: A=5'01110, B=$ternary$../../rtl/spark_core.v:396$2122_Y, Y=$procmux$5123_Y
      New ports: A=3'011, B={ $ternary$../../rtl/spark_core.v:396$2122_Y [4] 1'0 $ternary$../../rtl/spark_core.v:396$2122_Y [1] }, Y={ $procmux$5123_Y [4:3] $procmux$5123_Y [1] }
      New connections: { $procmux$5123_Y [2] $procmux$5123_Y [0] } = { $procmux$5123_Y [1] 1'0 }
    Consolidated identical input bits for $mux cell $procmux$5132:
      Old ports: A=4'0101, B=$auto$wreduce.cc:461:run$7938 [3:0], Y=$auto$wreduce.cc:461:run$7939 [3:0]
      New ports: A=1'0, B=$auto$wreduce.cc:461:run$7938 [3], Y=$auto$wreduce.cc:461:run$7939 [3]
      New connections: $auto$wreduce.cc:461:run$7939 [2:0] = 3'101
    Consolidated identical input bits for $mux cell $procmux$7028:
      Old ports: A={ $1\nidx[7:0] [7:3] \q [0] 2'10 }, B=$2\nidx[7:0], Y=$3\nidx[7:0]
      New ports: A=2'10, B={ 1'0 $2\nidx[7:0] [0] }, Y=$3\nidx[7:0] [1:0]
      New connections: $3\nidx[7:0] [7:2] = { $1\nidx[7:0] [7:3] \q [0] }
    Consolidated identical input bits for $mux cell $procmux$7142:
      Old ports: A=$2\sel[3:0], B=4'0101, Y=$3\sel[3:0]
      New ports: A=$2\sel[3:0] [2:0], B=3'101, Y=$3\sel[3:0] [2:0]
      New connections: $3\sel[3:0] [3] = 1'0
    Consolidated identical input bits for $mux cell $procmux$7145:
      Old ports: A=$1\sel[3:0], B=3'110, Y=$2\sel[3:0] [2:0]
      New ports: A={ $1\sel[3:0] [0] $1\sel[3:0] [0] }, B=2'10, Y=$2\sel[3:0] [1:0]
      New connections: $2\sel[3:0] [2] = $2\sel[3:0] [1]
  Optimizing cells in module \spark_core.
    Consolidated identical input bits for $mux cell $memory\u_th1.mem$rdmux[0][1][1]$13200:
      Old ports: A=$memory\u_th1.mem$rdmux[0][1][1]$a$13201, B=$memory\u_th1.mem$rdmux[0][1][1]$b$13202, Y=$memory\u_th1.mem$rdmux[0][0][0]$b$13196
      New ports: A={ $memory\u_th1.mem$rdmux[0][1][1]$a$13201 [2] 1'0 $memory\u_th1.mem$rdmux[0][1][1]$a$13201 [16] $memory\u_th1.mem$rdmux[0][1][1]$a$13201 [98] $memory\u_th1.mem$rdmux[0][1][1]$a$13201 [98] $memory\u_th1.mem$rdmux[0][1][1]$a$13201 [1] $memory\u_th1.mem$rdmux[0][1][1]$a$13201 [96] $memory\u_th1.mem$rdmux[0][1][1]$a$13201 [19] $memory\u_th1.mem$rdmux[0][1][1]$a$13201 [19] $memory\u_th1.mem$rdmux[0][1][1]$a$13201 [80] $memory\u_th1.mem$rdmux[0][1][1]$a$13201 [49] $memory\u_th1.mem$rdmux[0][1][1]$a$13201 [64] $memory\u_th1.mem$rdmux[0][1][1]$a$13201 [50:48] $memory\u_th1.mem$rdmux[0][1][1]$a$13201 [19] $memory\u_th1.mem$rdmux[0][1][1]$a$13201 [19] $memory\u_th1.mem$rdmux[0][1][1]$a$13201 [1] $memory\u_th1.mem$rdmux[0][1][1]$a$13201 [16] $memory\u_th1.mem$rdmux[0][1][1]$a$13201 [19] 1'0 $memory\u_th1.mem$rdmux[0][1][1]$a$13201 [17:16] $memory\u_th1.mem$rdmux[0][1][1]$a$13201 [2] $memory\u_th1.mem$rdmux[0][1][1]$a$13201 [2:0] }, B={ $memory\u_th1.mem$rdmux[0][1][1]$b$13202 [97] $memory\u_th1.mem$rdmux[0][1][1]$b$13202 [1:0] $memory\u_th1.mem$rdmux[0][1][1]$b$13202 [96] $memory\u_th1.mem$rdmux[0][1][1]$b$13202 [48] $memory\u_th1.mem$rdmux[0][1][1]$b$13202 [97:96] 1'0 $memory\u_th1.mem$rdmux[0][1][1]$b$13202 [3] $memory\u_th1.mem$rdmux[0][1][1]$b$13202 [33] $memory\u_th1.mem$rdmux[0][1][1]$b$13202 [50] $memory\u_th1.mem$rdmux[0][1][1]$b$13202 [17] $memory\u_th1.mem$rdmux[0][1][1]$b$13202 [50] $memory\u_th1.mem$rdmux[0][1][1]$b$13202 [0] $memory\u_th1.mem$rdmux[0][1][1]$b$13202 [48] $memory\u_th1.mem$rdmux[0][1][1]$b$13202 [33] $memory\u_th1.mem$rdmux[0][1][1]$b$13202 [34:32] $memory\u_th1.mem$rdmux[0][1][1]$b$13202 [18] $memory\u_th1.mem$rdmux[0][1][1]$b$13202 [18:17] $memory\u_th1.mem$rdmux[0][1][1]$b$13202 [3] $memory\u_th1.mem$rdmux[0][1][1]$b$13202 [3] 1'0 $memory\u_th1.mem$rdmux[0][1][1]$b$13202 [1:0] }, Y={ $memory\u_th1.mem$rdmux[0][0][0]$b$13196 [114:112] $memory\u_th1.mem$rdmux[0][0][0]$b$13196 [99:96] $memory\u_th1.mem$rdmux[0][0][0]$b$13196 [83:82] $memory\u_th1.mem$rdmux[0][0][0]$b$13196 [80] $memory\u_th1.mem$rdmux[0][0][0]$b$13196 [67] $memory\u_th1.mem$rdmux[0][0][0]$b$13196 [64] $memory\u_th1.mem$rdmux[0][0][0]$b$13196 [50:48] $memory\u_th1.mem$rdmux[0][0][0]$b$13196 [35:32] $memory\u_th1.mem$rdmux[0][0][0]$b$13196 [19:16] $memory\u_th1.mem$rdmux[0][0][0]$b$13196 [3:0] }
      New connections: { $memory\u_th1.mem$rdmux[0][0][0]$b$13196 [127:115] $memory\u_th1.mem$rdmux[0][0][0]$b$13196 [111:100] $memory\u_th1.mem$rdmux[0][0][0]$b$13196 [95:84] $memory\u_th1.mem$rdmux[0][0][0]$b$13196 [81] $memory\u_th1.mem$rdmux[0][0][0]$b$13196 [79:68] $memory\u_th1.mem$rdmux[0][0][0]$b$13196 [66:65] $memory\u_th1.mem$rdmux[0][0][0]$b$13196 [63:51] $memory\u_th1.mem$rdmux[0][0][0]$b$13196 [47:36] $memory\u_th1.mem$rdmux[0][0][0]$b$13196 [31:20] $memory\u_th1.mem$rdmux[0][0][0]$b$13196 [15:4] } = { $memory\u_th1.mem$rdmux[0][0][0]$b$13196 [113] $memory\u_th1.mem$rdmux[0][0][0]$b$13196 [113] $memory\u_th1.mem$rdmux[0][0][0]$b$13196 [113] $memory\u_th1.mem$rdmux[0][0][0]$b$13196 [113] $memory\u_th1.mem$rdmux[0][0][0]$b$13196 [113] $memory\u_th1.mem$rdmux[0][0][0]$b$13196 [113] $memory\u_th1.mem$rdmux[0][0][0]$b$13196 [113] $memory\u_th1.mem$rdmux[0][0][0]$b$13196 [113] $memory\u_th1.mem$rdmux[0][0][0]$b$13196 [113] $memory\u_th1.mem$rdmux[0][0][0]$b$13196 [113] $memory\u_th1.mem$rdmux[0][0][0]$b$13196 [113] $memory\u_th1.mem$rdmux[0][0][0]$b$13196 [113] $memory\u_th1.mem$rdmux[0][0][0]$b$13196 [113] $memory\u_th1.mem$rdmux[0][0][0]$b$13196 [99] $memory\u_th1.mem$rdmux[0][0][0]$b$13196 [99] $memory\u_th1.mem$rdmux[0][0][0]$b$13196 [99] $memory\u_th1.mem$rdmux[0][0][0]$b$13196 [99] $memory\u_th1.mem$rdmux[0][0][0]$b$13196 [99] $memory\u_th1.mem$rdmux[0][0][0]$b$13196 [99] $memory\u_th1.mem$rdmux[0][0][0]$b$13196 [99] $memory\u_th1.mem$rdmux[0][0][0]$b$13196 [99] $memory\u_th1.mem$rdmux[0][0][0]$b$13196 [99] $memory\u_th1.mem$rdmux[0][0][0]$b$13196 [99] $memory\u_th1.mem$rdmux[0][0][0]$b$13196 [99] $memory\u_th1.mem$rdmux[0][0][0]$b$13196 [99] $memory\u_th1.mem$rdmux[0][0][0]$b$13196 [83] $memory\u_th1.mem$rdmux[0][0][0]$b$13196 [83] $memory\u_th1.mem$rdmux[0][0][0]$b$13196 [83] $memory\u_th1.mem$rdmux[0][0][0]$b$13196 [83] $memory\u_th1.mem$rdmux[0][0][0]$b$13196 [83] $memory\u_th1.mem$rdmux[0][0][0]$b$13196 [83] $memory\u_th1.mem$rdmux[0][0][0]$b$13196 [83] $memory\u_th1.mem$rdmux[0][0][0]$b$13196 [83] $memory\u_th1.mem$rdmux[0][0][0]$b$13196 [83] $memory\u_th1.mem$rdmux[0][0][0]$b$13196 [83] $memory\u_th1.mem$rdmux[0][0][0]$b$13196 [83] $memory\u_th1.mem$rdmux[0][0][0]$b$13196 [83] $memory\u_th1.mem$rdmux[0][0][0]$b$13196 [19] $memory\u_th1.mem$rdmux[0][0][0]$b$13196 [67] $memory\u_th1.mem$rdmux[0][0][0]$b$13196 [67] $memory\u_th1.mem$rdmux[0][0][0]$b$13196 [67] $memory\u_th1.mem$rdmux[0][0][0]$b$13196 [67] $memory\u_th1.mem$rdmux[0][0][0]$b$13196 [67] $memory\u_th1.mem$rdmux[0][0][0]$b$13196 [67] $memory\u_th1.mem$rdmux[0][0][0]$b$13196 [67] $memory\u_th1.mem$rdmux[0][0][0]$b$13196 [67] $memory\u_th1.mem$rdmux[0][0][0]$b$13196 [67] $memory\u_th1.mem$rdmux[0][0][0]$b$13196 [67] $memory\u_th1.mem$rdmux[0][0][0]$b$13196 [67] $memory\u_th1.mem$rdmux[0][0][0]$b$13196 [67] $memory\u_th1.mem$rdmux[0][0][0]$b$13196 [50] $memory\u_th1.mem$rdmux[0][0][0]$b$13196 [32] $memory\u_th1.mem$rdmux[0][0][0]$b$13196 [50] $memory\u_th1.mem$rdmux[0][0][0]$b$13196 [50] $memory\u_th1.mem$rdmux[0][0][0]$b$13196 [50] $memory\u_th1.mem$rdmux[0][0][0]$b$13196 [50] $memory\u_th1.mem$rdmux[0][0][0]$b$13196 [50] $memory\u_th1.mem$rdmux[0][0][0]$b$13196 [50] $memory\u_th1.mem$rdmux[0][0][0]$b$13196 [50] $memory\u_th1.mem$rdmux[0][0][0]$b$13196 [50] $memory\u_th1.mem$rdmux[0][0][0]$b$13196 [50] $memory\u_th1.mem$rdmux[0][0][0]$b$13196 [50] $memory\u_th1.mem$rdmux[0][0][0]$b$13196 [50] $memory\u_th1.mem$rdmux[0][0][0]$b$13196 [50] $memory\u_th1.mem$rdmux[0][0][0]$b$13196 [50] $memory\u_th1.mem$rdmux[0][0][0]$b$13196 [35] $memory\u_th1.mem$rdmux[0][0][0]$b$13196 [35] $memory\u_th1.mem$rdmux[0][0][0]$b$13196 [35] $memory\u_th1.mem$rdmux[0][0][0]$b$13196 [35] $memory\u_th1.mem$rdmux[0][0][0]$b$13196 [35] $memory\u_th1.mem$rdmux[0][0][0]$b$13196 [35] $memory\u_th1.mem$rdmux[0][0][0]$b$13196 [35] $memory\u_th1.mem$rdmux[0][0][0]$b$13196 [35] $memory\u_th1.mem$rdmux[0][0][0]$b$13196 [35] $memory\u_th1.mem$rdmux[0][0][0]$b$13196 [35] $memory\u_th1.mem$rdmux[0][0][0]$b$13196 [35] $memory\u_th1.mem$rdmux[0][0][0]$b$13196 [35] $memory\u_th1.mem$rdmux[0][0][0]$b$13196 [19] $memory\u_th1.mem$rdmux[0][0][0]$b$13196 [19] $memory\u_th1.mem$rdmux[0][0][0]$b$13196 [19] $memory\u_th1.mem$rdmux[0][0][0]$b$13196 [19] $memory\u_th1.mem$rdmux[0][0][0]$b$13196 [19] $memory\u_th1.mem$rdmux[0][0][0]$b$13196 [19] $memory\u_th1.mem$rdmux[0][0][0]$b$13196 [19] $memory\u_th1.mem$rdmux[0][0][0]$b$13196 [19] $memory\u_th1.mem$rdmux[0][0][0]$b$13196 [19] $memory\u_th1.mem$rdmux[0][0][0]$b$13196 [19] $memory\u_th1.mem$rdmux[0][0][0]$b$13196 [19] $memory\u_th1.mem$rdmux[0][0][0]$b$13196 [19] $memory\u_th1.mem$rdmux[0][0][0]$b$13196 [2] $memory\u_th1.mem$rdmux[0][0][0]$b$13196 [2] $memory\u_th1.mem$rdmux[0][0][0]$b$13196 [2] $memory\u_th1.mem$rdmux[0][0][0]$b$13196 [2] $memory\u_th1.mem$rdmux[0][0][0]$b$13196 [2] $memory\u_th1.mem$rdmux[0][0][0]$b$13196 [2] $memory\u_th1.mem$rdmux[0][0][0]$b$13196 [2] $memory\u_th1.mem$rdmux[0][0][0]$b$13196 [2] $memory\u_th1.mem$rdmux[0][0][0]$b$13196 [2] $memory\u_th1.mem$rdmux[0][0][0]$b$13196 [2] $memory\u_th1.mem$rdmux[0][0][0]$b$13196 [2] $memory\u_th1.mem$rdmux[0][0][0]$b$13196 [2] }
    Consolidated identical input bits for $mux cell $memory\u_th1.mem$rdmux[0][1][0]$13197:
      Old ports: A=$memory\u_th1.mem$rdmux[0][1][0]$a$13198, B=$memory\u_th1.mem$rdmux[0][1][0]$b$13199, Y=$memory\u_th1.mem$rdmux[0][0][0]$a$13195
      New ports: A={ $memory\u_th1.mem$rdmux[0][1][0]$a$13198 [32] $memory\u_th1.mem$rdmux[0][1][0]$a$13198 [114:113] $memory\u_th1.mem$rdmux[0][1][0]$a$13198 [96] $memory\u_th1.mem$rdmux[0][1][0]$a$13198 [48] $memory\u_th1.mem$rdmux[0][1][0]$a$13198 [48] $memory\u_th1.mem$rdmux[0][1][0]$a$13198 [96] $memory\u_th1.mem$rdmux[0][1][0]$a$13198 [81] $memory\u_th1.mem$rdmux[0][1][0]$a$13198 [67:66] $memory\u_th1.mem$rdmux[0][1][0]$a$13198 [16] 1'0 $memory\u_th1.mem$rdmux[0][1][0]$a$13198 [0] $memory\u_th1.mem$rdmux[0][1][0]$a$13198 [18] $memory\u_th1.mem$rdmux[0][1][0]$a$13198 [48] 2'00 $memory\u_th1.mem$rdmux[0][1][0]$a$13198 [32] $memory\u_th1.mem$rdmux[0][1][0]$a$13198 [18] $memory\u_th1.mem$rdmux[0][1][0]$a$13198 [18] $memory\u_th1.mem$rdmux[0][1][0]$a$13198 [0] $memory\u_th1.mem$rdmux[0][1][0]$a$13198 [16] 1'0 $memory\u_th1.mem$rdmux[0][1][0]$a$13198 [2] 1'0 $memory\u_th1.mem$rdmux[0][1][0]$a$13198 [0] }, B={ 1'0 $memory\u_th1.mem$rdmux[0][1][0]$b$13199 [17] 1'0 $memory\u_th1.mem$rdmux[0][1][0]$b$13199 [112] $memory\u_th1.mem$rdmux[0][1][0]$b$13199 [98] $memory\u_th1.mem$rdmux[0][1][0]$b$13199 [16] $memory\u_th1.mem$rdmux[0][1][0]$b$13199 [17] $memory\u_th1.mem$rdmux[0][1][0]$b$13199 [33] $memory\u_th1.mem$rdmux[0][1][0]$b$13199 [33] $memory\u_th1.mem$rdmux[0][1][0]$b$13199 [33] $memory\u_th1.mem$rdmux[0][1][0]$b$13199 [0] $memory\u_th1.mem$rdmux[0][1][0]$b$13199 [49] $memory\u_th1.mem$rdmux[0][1][0]$b$13199 [49] $memory\u_th1.mem$rdmux[0][1][0]$b$13199 [49] $memory\u_th1.mem$rdmux[0][1][0]$b$13199 [32] $memory\u_th1.mem$rdmux[0][1][0]$b$13199 [32] $memory\u_th1.mem$rdmux[0][1][0]$b$13199 [33:32] 1'0 $memory\u_th1.mem$rdmux[0][1][0]$b$13199 [1] $memory\u_th1.mem$rdmux[0][1][0]$b$13199 [17:16] $memory\u_th1.mem$rdmux[0][1][0]$b$13199 [2] $memory\u_th1.mem$rdmux[0][1][0]$b$13199 [2:0] }, Y={ $memory\u_th1.mem$rdmux[0][0][0]$a$13195 [115:112] $memory\u_th1.mem$rdmux[0][0][0]$a$13195 [98:96] $memory\u_th1.mem$rdmux[0][0][0]$a$13195 [81] $memory\u_th1.mem$rdmux[0][0][0]$a$13195 [67:66] $memory\u_th1.mem$rdmux[0][0][0]$a$13195 [64] $memory\u_th1.mem$rdmux[0][0][0]$a$13195 [51:48] $memory\u_th1.mem$rdmux[0][0][0]$a$13195 [34:32] $memory\u_th1.mem$rdmux[0][0][0]$a$13195 [19:16] $memory\u_th1.mem$rdmux[0][0][0]$a$13195 [3:0] }
      New connections: { $memory\u_th1.mem$rdmux[0][0][0]$a$13195 [127:116] $memory\u_th1.mem$rdmux[0][0][0]$a$13195 [111:99] $memory\u_th1.mem$rdmux[0][0][0]$a$13195 [95:82] $memory\u_th1.mem$rdmux[0][0][0]$a$13195 [80:68] $memory\u_th1.mem$rdmux[0][0][0]$a$13195 [65] $memory\u_th1.mem$rdmux[0][0][0]$a$13195 [63:52] $memory\u_th1.mem$rdmux[0][0][0]$a$13195 [47:35] $memory\u_th1.mem$rdmux[0][0][0]$a$13195 [31:20] $memory\u_th1.mem$rdmux[0][0][0]$a$13195 [15:4] } = { $memory\u_th1.mem$rdmux[0][0][0]$a$13195 [115] $memory\u_th1.mem$rdmux[0][0][0]$a$13195 [115] $memory\u_th1.mem$rdmux[0][0][0]$a$13195 [115] $memory\u_th1.mem$rdmux[0][0][0]$a$13195 [115] $memory\u_th1.mem$rdmux[0][0][0]$a$13195 [115] $memory\u_th1.mem$rdmux[0][0][0]$a$13195 [115] $memory\u_th1.mem$rdmux[0][0][0]$a$13195 [115] $memory\u_th1.mem$rdmux[0][0][0]$a$13195 [115] $memory\u_th1.mem$rdmux[0][0][0]$a$13195 [115] $memory\u_th1.mem$rdmux[0][0][0]$a$13195 [115] $memory\u_th1.mem$rdmux[0][0][0]$a$13195 [115] $memory\u_th1.mem$rdmux[0][0][0]$a$13195 [115] $memory\u_th1.mem$rdmux[0][0][0]$a$13195 [98] $memory\u_th1.mem$rdmux[0][0][0]$a$13195 [98] $memory\u_th1.mem$rdmux[0][0][0]$a$13195 [98] $memory\u_th1.mem$rdmux[0][0][0]$a$13195 [98] $memory\u_th1.mem$rdmux[0][0][0]$a$13195 [98] $memory\u_th1.mem$rdmux[0][0][0]$a$13195 [98] $memory\u_th1.mem$rdmux[0][0][0]$a$13195 [98] $memory\u_th1.mem$rdmux[0][0][0]$a$13195 [98] $memory\u_th1.mem$rdmux[0][0][0]$a$13195 [98] $memory\u_th1.mem$rdmux[0][0][0]$a$13195 [98] $memory\u_th1.mem$rdmux[0][0][0]$a$13195 [98] $memory\u_th1.mem$rdmux[0][0][0]$a$13195 [98] $memory\u_th1.mem$rdmux[0][0][0]$a$13195 [98] $memory\u_th1.mem$rdmux[0][0][0]$a$13195 [33] $memory\u_th1.mem$rdmux[0][0][0]$a$13195 [33] $memory\u_th1.mem$rdmux[0][0][0]$a$13195 [33] $memory\u_th1.mem$rdmux[0][0][0]$a$13195 [33] $memory\u_th1.mem$rdmux[0][0][0]$a$13195 [33] $memory\u_th1.mem$rdmux[0][0][0]$a$13195 [33] $memory\u_th1.mem$rdmux[0][0][0]$a$13195 [33] $memory\u_th1.mem$rdmux[0][0][0]$a$13195 [33] $memory\u_th1.mem$rdmux[0][0][0]$a$13195 [33] $memory\u_th1.mem$rdmux[0][0][0]$a$13195 [33] $memory\u_th1.mem$rdmux[0][0][0]$a$13195 [33] $memory\u_th1.mem$rdmux[0][0][0]$a$13195 [33] $memory\u_th1.mem$rdmux[0][0][0]$a$13195 [33] $memory\u_th1.mem$rdmux[0][0][0]$a$13195 [33] $memory\u_th1.mem$rdmux[0][0][0]$a$13195 [2] $memory\u_th1.mem$rdmux[0][0][0]$a$13195 [67] $memory\u_th1.mem$rdmux[0][0][0]$a$13195 [67] $memory\u_th1.mem$rdmux[0][0][0]$a$13195 [67] $memory\u_th1.mem$rdmux[0][0][0]$a$13195 [67] $memory\u_th1.mem$rdmux[0][0][0]$a$13195 [67] $memory\u_th1.mem$rdmux[0][0][0]$a$13195 [67] $memory\u_th1.mem$rdmux[0][0][0]$a$13195 [67] $memory\u_th1.mem$rdmux[0][0][0]$a$13195 [67] $memory\u_th1.mem$rdmux[0][0][0]$a$13195 [67] $memory\u_th1.mem$rdmux[0][0][0]$a$13195 [67] $memory\u_th1.mem$rdmux[0][0][0]$a$13195 [67] $memory\u_th1.mem$rdmux[0][0][0]$a$13195 [67] $memory\u_th1.mem$rdmux[0][0][0]$a$13195 [34] $memory\u_th1.mem$rdmux[0][0][0]$a$13195 [51] $memory\u_th1.mem$rdmux[0][0][0]$a$13195 [51] $memory\u_th1.mem$rdmux[0][0][0]$a$13195 [51] $memory\u_th1.mem$rdmux[0][0][0]$a$13195 [51] $memory\u_th1.mem$rdmux[0][0][0]$a$13195 [51] $memory\u_th1.mem$rdmux[0][0][0]$a$13195 [51] $memory\u_th1.mem$rdmux[0][0][0]$a$13195 [51] $memory\u_th1.mem$rdmux[0][0][0]$a$13195 [51] $memory\u_th1.mem$rdmux[0][0][0]$a$13195 [51] $memory\u_th1.mem$rdmux[0][0][0]$a$13195 [51] $memory\u_th1.mem$rdmux[0][0][0]$a$13195 [51] $memory\u_th1.mem$rdmux[0][0][0]$a$13195 [51] $memory\u_th1.mem$rdmux[0][0][0]$a$13195 [34] $memory\u_th1.mem$rdmux[0][0][0]$a$13195 [34] $memory\u_th1.mem$rdmux[0][0][0]$a$13195 [34] $memory\u_th1.mem$rdmux[0][0][0]$a$13195 [34] $memory\u_th1.mem$rdmux[0][0][0]$a$13195 [34] $memory\u_th1.mem$rdmux[0][0][0]$a$13195 [34] $memory\u_th1.mem$rdmux[0][0][0]$a$13195 [34] $memory\u_th1.mem$rdmux[0][0][0]$a$13195 [34] $memory\u_th1.mem$rdmux[0][0][0]$a$13195 [34] $memory\u_th1.mem$rdmux[0][0][0]$a$13195 [34] $memory\u_th1.mem$rdmux[0][0][0]$a$13195 [34] $memory\u_th1.mem$rdmux[0][0][0]$a$13195 [34] $memory\u_th1.mem$rdmux[0][0][0]$a$13195 [34] $memory\u_th1.mem$rdmux[0][0][0]$a$13195 [19] $memory\u_th1.mem$rdmux[0][0][0]$a$13195 [19] $memory\u_th1.mem$rdmux[0][0][0]$a$13195 [19] $memory\u_th1.mem$rdmux[0][0][0]$a$13195 [19] $memory\u_th1.mem$rdmux[0][0][0]$a$13195 [19] $memory\u_th1.mem$rdmux[0][0][0]$a$13195 [19] $memory\u_th1.mem$rdmux[0][0][0]$a$13195 [19] $memory\u_th1.mem$rdmux[0][0][0]$a$13195 [19] $memory\u_th1.mem$rdmux[0][0][0]$a$13195 [19] $memory\u_th1.mem$rdmux[0][0][0]$a$13195 [19] $memory\u_th1.mem$rdmux[0][0][0]$a$13195 [19] $memory\u_th1.mem$rdmux[0][0][0]$a$13195 [19] $memory\u_th1.mem$rdmux[0][0][0]$a$13195 [3] $memory\u_th1.mem$rdmux[0][0][0]$a$13195 [3] $memory\u_th1.mem$rdmux[0][0][0]$a$13195 [3] $memory\u_th1.mem$rdmux[0][0][0]$a$13195 [3] $memory\u_th1.mem$rdmux[0][0][0]$a$13195 [3] $memory\u_th1.mem$rdmux[0][0][0]$a$13195 [3] $memory\u_th1.mem$rdmux[0][0][0]$a$13195 [3] $memory\u_th1.mem$rdmux[0][0][0]$a$13195 [3] $memory\u_th1.mem$rdmux[0][0][0]$a$13195 [3] $memory\u_th1.mem$rdmux[0][0][0]$a$13195 [3] $memory\u_th1.mem$rdmux[0][0][0]$a$13195 [3] $memory\u_th1.mem$rdmux[0][0][0]$a$13195 [3] }
    Consolidated identical input bits for $mux cell $memory\u_th0.mem$rdmux[0][1][0]$13152:
      Old ports: A=$memory\u_th0.mem$rdmux[0][1][0]$a$13153, B=$memory\u_th0.mem$rdmux[0][1][0]$b$13154, Y=$memory\u_th0.mem$rdmux[0][0][0]$a$13150
      New ports: A={ $memory\u_th0.mem$rdmux[0][1][0]$a$13153 [1] $memory\u_th0.mem$rdmux[0][1][0]$a$13153 [3] $memory\u_th0.mem$rdmux[0][1][0]$a$13153 [16] $memory\u_th0.mem$rdmux[0][1][0]$a$13153 [36] $memory\u_th0.mem$rdmux[0][1][0]$a$13153 [59] $memory\u_th0.mem$rdmux[0][1][0]$a$13153 [2] $memory\u_th0.mem$rdmux[0][1][0]$a$13153 [2] $memory\u_th0.mem$rdmux[0][1][0]$a$13153 [61] $memory\u_th0.mem$rdmux[0][1][0]$a$13153 [2] $memory\u_th0.mem$rdmux[0][1][0]$a$13153 [59] $memory\u_th0.mem$rdmux[0][1][0]$a$13153 [4] $memory\u_th0.mem$rdmux[0][1][0]$a$13153 [57] $memory\u_th0.mem$rdmux[0][1][0]$a$13153 [18] $memory\u_th0.mem$rdmux[0][1][0]$a$13153 [0] $memory\u_th0.mem$rdmux[0][1][0]$a$13153 [53] $memory\u_th0.mem$rdmux[0][1][0]$a$13153 [3] $memory\u_th0.mem$rdmux[0][1][0]$a$13153 [36] $memory\u_th0.mem$rdmux[0][1][0]$a$13153 [1] $memory\u_th0.mem$rdmux[0][1][0]$a$13153 [16] $memory\u_th0.mem$rdmux[0][1][0]$a$13153 [0] $memory\u_th0.mem$rdmux[0][1][0]$a$13153 [36] 1'0 $memory\u_th0.mem$rdmux[0][1][0]$a$13153 [23] $memory\u_th0.mem$rdmux[0][1][0]$a$13153 [16] $memory\u_th0.mem$rdmux[0][1][0]$a$13153 [1] 1'1 $memory\u_th0.mem$rdmux[0][1][0]$a$13153 [2] $memory\u_th0.mem$rdmux[0][1][0]$a$13153 [18:16] 2'00 $memory\u_th0.mem$rdmux[0][1][0]$a$13153 [4:0] }, B={ $memory\u_th0.mem$rdmux[0][1][0]$b$13154 [0] $memory\u_th0.mem$rdmux[0][1][0]$b$13154 [63] $memory\u_th0.mem$rdmux[0][1][0]$b$13154 [79] $memory\u_th0.mem$rdmux[0][1][0]$b$13154 [1] $memory\u_th0.mem$rdmux[0][1][0]$b$13154 [36] $memory\u_th0.mem$rdmux[0][1][0]$b$13154 [63] $memory\u_th0.mem$rdmux[0][1][0]$b$13154 [24] $memory\u_th0.mem$rdmux[0][1][0]$b$13154 [2] 2'10 $memory\u_th0.mem$rdmux[0][1][0]$b$13154 [6] $memory\u_th0.mem$rdmux[0][1][0]$b$13154 [57] $memory\u_th0.mem$rdmux[0][1][0]$b$13154 [1] $memory\u_th0.mem$rdmux[0][1][0]$b$13154 [24] $memory\u_th0.mem$rdmux[0][1][0]$b$13154 [39] $memory\u_th0.mem$rdmux[0][1][0]$b$13154 [1] $memory\u_th0.mem$rdmux[0][1][0]$b$13154 [24] $memory\u_th0.mem$rdmux[0][1][0]$b$13154 [39] $memory\u_th0.mem$rdmux[0][1][0]$b$13154 [0] 1'1 $memory\u_th0.mem$rdmux[0][1][0]$b$13154 [36] $memory\u_th0.mem$rdmux[0][1][0]$b$13154 [24] $memory\u_th0.mem$rdmux[0][1][0]$b$13154 [19] 1'1 $memory\u_th0.mem$rdmux[0][1][0]$b$13154 [2] $memory\u_th0.mem$rdmux[0][1][0]$b$13154 [0] $memory\u_th0.mem$rdmux[0][1][0]$b$13154 [19:18] $memory\u_th0.mem$rdmux[0][1][0]$b$13154 [4] $memory\u_th0.mem$rdmux[0][1][0]$b$13154 [1] $memory\u_th0.mem$rdmux[0][1][0]$b$13154 [6] $memory\u_th0.mem$rdmux[0][1][0]$b$13154 [4] $memory\u_th0.mem$rdmux[0][1][0]$b$13154 [4] 1'1 $memory\u_th0.mem$rdmux[0][1][0]$b$13154 [2:0] }, Y={ $memory\u_th0.mem$rdmux[0][0][0]$a$13150 [81:78] $memory\u_th0.mem$rdmux[0][0][0]$a$13150 [64:57] $memory\u_th0.mem$rdmux[0][0][0]$a$13150 [55:52] $memory\u_th0.mem$rdmux[0][0][0]$a$13150 [40:36] $memory\u_th0.mem$rdmux[0][0][0]$a$13150 [24:16] $memory\u_th0.mem$rdmux[0][0][0]$a$13150 [6:0] }
      New connections: { $memory\u_th0.mem$rdmux[0][0][0]$a$13150 [82] $memory\u_th0.mem$rdmux[0][0][0]$a$13150 [77:65] $memory\u_th0.mem$rdmux[0][0][0]$a$13150 [56] $memory\u_th0.mem$rdmux[0][0][0]$a$13150 [51:41] $memory\u_th0.mem$rdmux[0][0][0]$a$13150 [35:25] $memory\u_th0.mem$rdmux[0][0][0]$a$13150 [15:7] } = { 1'0 $memory\u_th0.mem$rdmux[0][0][0]$a$13150 [24] $memory\u_th0.mem$rdmux[0][0][0]$a$13150 [24] $memory\u_th0.mem$rdmux[0][0][0]$a$13150 [24] $memory\u_th0.mem$rdmux[0][0][0]$a$13150 [24] $memory\u_th0.mem$rdmux[0][0][0]$a$13150 [24] $memory\u_th0.mem$rdmux[0][0][0]$a$13150 [24] $memory\u_th0.mem$rdmux[0][0][0]$a$13150 [24] $memory\u_th0.mem$rdmux[0][0][0]$a$13150 [24] $memory\u_th0.mem$rdmux[0][0][0]$a$13150 [24] $memory\u_th0.mem$rdmux[0][0][0]$a$13150 [24] $memory\u_th0.mem$rdmux[0][0][0]$a$13150 [24] $memory\u_th0.mem$rdmux[0][0][0]$a$13150 [24] $memory\u_th0.mem$rdmux[0][0][0]$a$13150 [21] 1'0 $memory\u_th0.mem$rdmux[0][0][0]$a$13150 [24] $memory\u_th0.mem$rdmux[0][0][0]$a$13150 [24] $memory\u_th0.mem$rdmux[0][0][0]$a$13150 [24] $memory\u_th0.mem$rdmux[0][0][0]$a$13150 [24] $memory\u_th0.mem$rdmux[0][0][0]$a$13150 [24] $memory\u_th0.mem$rdmux[0][0][0]$a$13150 [24] $memory\u_th0.mem$rdmux[0][0][0]$a$13150 [24] $memory\u_th0.mem$rdmux[0][0][0]$a$13150 [24] $memory\u_th0.mem$rdmux[0][0][0]$a$13150 [24] $memory\u_th0.mem$rdmux[0][0][0]$a$13150 [24] $memory\u_th0.mem$rdmux[0][0][0]$a$13150 [24] 11'00000000000 $memory\u_th0.mem$rdmux[0][0][0]$a$13150 [6] $memory\u_th0.mem$rdmux[0][0][0]$a$13150 [6] $memory\u_th0.mem$rdmux[0][0][0]$a$13150 [6] $memory\u_th0.mem$rdmux[0][0][0]$a$13150 [6] $memory\u_th0.mem$rdmux[0][0][0]$a$13150 [6] $memory\u_th0.mem$rdmux[0][0][0]$a$13150 [6] $memory\u_th0.mem$rdmux[0][0][0]$a$13150 [6] $memory\u_th0.mem$rdmux[0][0][0]$a$13150 [6] $memory\u_th0.mem$rdmux[0][0][0]$a$13150 [6] }
    Consolidated identical input bits for $mux cell $memory\u_th0.mem$rdmux[0][1][1]$13155:
      Old ports: A=$memory\u_th0.mem$rdmux[0][1][1]$a$13156, B=$memory\u_th0.mem$rdmux[0][1][1]$b$13157, Y=$memory\u_th0.mem$rdmux[0][0][0]$b$13151
      New ports: A={ $memory\u_th0.mem$rdmux[0][1][1]$a$13156 [0] $memory\u_th0.mem$rdmux[0][1][1]$a$13156 [39] $memory\u_th0.mem$rdmux[0][1][1]$a$13156 [63] $memory\u_th0.mem$rdmux[0][1][1]$a$13156 [18] $memory\u_th0.mem$rdmux[0][1][1]$a$13156 [65] $memory\u_th0.mem$rdmux[0][1][1]$a$13156 [56] $memory\u_th0.mem$rdmux[0][1][1]$a$13156 [63:62] 1'0 $memory\u_th0.mem$rdmux[0][1][1]$a$13156 [56] $memory\u_th0.mem$rdmux[0][1][1]$a$13156 [2] $memory\u_th0.mem$rdmux[0][1][1]$a$13156 [56] $memory\u_th0.mem$rdmux[0][1][1]$a$13156 [2] 2'11 $memory\u_th0.mem$rdmux[0][1][1]$a$13156 [39:37] 1'1 $memory\u_th0.mem$rdmux[0][1][1]$a$13156 [16] $memory\u_th0.mem$rdmux[0][1][1]$a$13156 [16] 1'1 $memory\u_th0.mem$rdmux[0][1][1]$a$13156 [18] $memory\u_th0.mem$rdmux[0][1][1]$a$13156 [2] $memory\u_th0.mem$rdmux[0][1][1]$a$13156 [16] $memory\u_th0.mem$rdmux[0][1][1]$a$13156 [0] $memory\u_th0.mem$rdmux[0][1][1]$a$13156 [18] 1'0 $memory\u_th0.mem$rdmux[0][1][1]$a$13156 [16] 1'0 $memory\u_th0.mem$rdmux[0][1][1]$a$13156 [3:0] }, B={ $memory\u_th0.mem$rdmux[0][1][1]$b$13157 [52] 1'1 $memory\u_th0.mem$rdmux[0][1][1]$b$13157 [64] 1'1 $memory\u_th0.mem$rdmux[0][1][1]$b$13157 [59] $memory\u_th0.mem$rdmux[0][1][1]$b$13157 [64] $memory\u_th0.mem$rdmux[0][1][1]$b$13157 [3] 1'0 $memory\u_th0.mem$rdmux[0][1][1]$b$13157 [59] $memory\u_th0.mem$rdmux[0][1][1]$b$13157 [52] $memory\u_th0.mem$rdmux[0][1][1]$b$13157 [57] $memory\u_th0.mem$rdmux[0][1][1]$b$13157 [18] $memory\u_th0.mem$rdmux[0][1][1]$b$13157 [19] $memory\u_th0.mem$rdmux[0][1][1]$b$13157 [0] $memory\u_th0.mem$rdmux[0][1][1]$b$13157 [52] $memory\u_th0.mem$rdmux[0][1][1]$b$13157 [17] $memory\u_th0.mem$rdmux[0][1][1]$b$13157 [19] $memory\u_th0.mem$rdmux[0][1][1]$b$13157 [19] $memory\u_th0.mem$rdmux[0][1][1]$b$13157 [3] 1'0 $memory\u_th0.mem$rdmux[0][1][1]$b$13157 [18] $memory\u_th0.mem$rdmux[0][1][1]$b$13157 [23] $memory\u_th0.mem$rdmux[0][1][1]$b$13157 [4:3] $memory\u_th0.mem$rdmux[0][1][1]$b$13157 [0] $memory\u_th0.mem$rdmux[0][1][1]$b$13157 [19:17] $memory\u_th0.mem$rdmux[0][1][1]$b$13157 [3] $memory\u_th0.mem$rdmux[0][1][1]$b$13157 [4:3] $memory\u_th0.mem$rdmux[0][1][1]$b$13157 [1] $memory\u_th0.mem$rdmux[0][1][1]$b$13157 [1:0] }, Y={ $memory\u_th0.mem$rdmux[0][0][0]$b$13151 [81:78] $memory\u_th0.mem$rdmux[0][0][0]$b$13151 [65:62] $memory\u_th0.mem$rdmux[0][0][0]$b$13151 [59:56] $memory\u_th0.mem$rdmux[0][0][0]$b$13151 [54:52] $memory\u_th0.mem$rdmux[0][0][0]$b$13151 [39:36] $memory\u_th0.mem$rdmux[0][0][0]$b$13151 [25:16] $memory\u_th0.mem$rdmux[0][0][0]$b$13151 [4:0] }
      New connections: { $memory\u_th0.mem$rdmux[0][0][0]$b$13151 [82] $memory\u_th0.mem$rdmux[0][0][0]$b$13151 [77:66] $memory\u_th0.mem$rdmux[0][0][0]$b$13151 [61:60] $memory\u_th0.mem$rdmux[0][0][0]$b$13151 [55] $memory\u_th0.mem$rdmux[0][0][0]$b$13151 [51:40] $memory\u_th0.mem$rdmux[0][0][0]$b$13151 [35:26] $memory\u_th0.mem$rdmux[0][0][0]$b$13151 [15:5] } = { $memory\u_th0.mem$rdmux[0][0][0]$b$13151 [25] 12'000000000000 $memory\u_th0.mem$rdmux[0][0][0]$b$13151 [4] $memory\u_th0.mem$rdmux[0][0][0]$b$13151 [52] $memory\u_th0.mem$rdmux[0][0][0]$b$13151 [53] 12'000000000000 $memory\u_th0.mem$rdmux[0][0][0]$b$13151 [25] $memory\u_th0.mem$rdmux[0][0][0]$b$13151 [25] $memory\u_th0.mem$rdmux[0][0][0]$b$13151 [25] $memory\u_th0.mem$rdmux[0][0][0]$b$13151 [25] $memory\u_th0.mem$rdmux[0][0][0]$b$13151 [25] $memory\u_th0.mem$rdmux[0][0][0]$b$13151 [25] $memory\u_th0.mem$rdmux[0][0][0]$b$13151 [25] $memory\u_th0.mem$rdmux[0][0][0]$b$13151 [25] $memory\u_th0.mem$rdmux[0][0][0]$b$13151 [25] $memory\u_th0.mem$rdmux[0][0][0]$b$13151 [25] 11'00000000000 }
    Consolidated identical input bits for $mux cell $procmux$7013:
      Old ports: A={ $1\nidx[7:0] [7:3] \q [0] 2'11 }, B=$3\nidx[7:0], Y=\nidx
      New ports: A=2'11, B=$3\nidx[7:0] [1:0], Y=\nidx [1:0]
      New connections: \nidx [7:2] = { $1\nidx[7:0] [7:3] \q [0] }
    Consolidated identical input bits for $mux cell $procmux$7139:
      Old ports: A=$3\sel[3:0], B=4'0100, Y=$4\sel[3:0]
      New ports: A=$3\sel[3:0] [2:0], B=3'100, Y=$4\sel[3:0] [2:0]
      New connections: $4\sel[3:0] [3] = 1'0
  Optimizing cells in module \spark_core.
    Consolidated identical input bits for $mux cell $memory\u_th1.mem$rdmux[0][0][0]$13194:
      Old ports: A=$memory\u_th1.mem$rdmux[0][0][0]$a$13195, B=$memory\u_th1.mem$rdmux[0][0][0]$b$13196, Y=$\u_th1.mem$rdreg[0]$d
      New ports: A={ $memory\u_th1.mem$rdmux[0][0][0]$a$13195 [115:112] $memory\u_th1.mem$rdmux[0][0][0]$a$13195 [98] $memory\u_th1.mem$rdmux[0][0][0]$a$13195 [98:96] $memory\u_th1.mem$rdmux[0][0][0]$a$13195 [33] $memory\u_th1.mem$rdmux[0][0][0]$a$13195 [33] $memory\u_th1.mem$rdmux[0][0][0]$a$13195 [81] $memory\u_th1.mem$rdmux[0][0][0]$a$13195 [2] $memory\u_th1.mem$rdmux[0][0][0]$a$13195 [67:66] $memory\u_th1.mem$rdmux[0][0][0]$a$13195 [34] $memory\u_th1.mem$rdmux[0][0][0]$a$13195 [64] $memory\u_th1.mem$rdmux[0][0][0]$a$13195 [51:48] $memory\u_th1.mem$rdmux[0][0][0]$a$13195 [34] $memory\u_th1.mem$rdmux[0][0][0]$a$13195 [34:32] $memory\u_th1.mem$rdmux[0][0][0]$a$13195 [19:16] $memory\u_th1.mem$rdmux[0][0][0]$a$13195 [3] $memory\u_th1.mem$rdmux[0][0][0]$a$13195 [3:0] }, B={ $memory\u_th1.mem$rdmux[0][0][0]$b$13196 [113] $memory\u_th1.mem$rdmux[0][0][0]$b$13196 [114:112] $memory\u_th1.mem$rdmux[0][0][0]$b$13196 [99:96] $memory\u_th1.mem$rdmux[0][0][0]$b$13196 [83:82] $memory\u_th1.mem$rdmux[0][0][0]$b$13196 [19] $memory\u_th1.mem$rdmux[0][0][0]$b$13196 [80] $memory\u_th1.mem$rdmux[0][0][0]$b$13196 [67] $memory\u_th1.mem$rdmux[0][0][0]$b$13196 [50] $memory\u_th1.mem$rdmux[0][0][0]$b$13196 [32] $memory\u_th1.mem$rdmux[0][0][0]$b$13196 [64] $memory\u_th1.mem$rdmux[0][0][0]$b$13196 [50] $memory\u_th1.mem$rdmux[0][0][0]$b$13196 [50:48] $memory\u_th1.mem$rdmux[0][0][0]$b$13196 [35:32] $memory\u_th1.mem$rdmux[0][0][0]$b$13196 [19:16] $memory\u_th1.mem$rdmux[0][0][0]$b$13196 [2] $memory\u_th1.mem$rdmux[0][0][0]$b$13196 [3:0] }, Y={ $\u_th1.mem$rdreg[0]$d [115:112] $\u_th1.mem$rdreg[0]$d [99:96] $\u_th1.mem$rdreg[0]$d [83:80] $\u_th1.mem$rdreg[0]$d [67:64] $\u_th1.mem$rdreg[0]$d [51:48] $\u_th1.mem$rdreg[0]$d [35:32] $\u_th1.mem$rdreg[0]$d [19:16] $\u_th1.mem$rdreg[0]$d [4:0] }
      New connections: { $\u_th1.mem$rdreg[0]$d [127:116] $\u_th1.mem$rdreg[0]$d [111:100] $\u_th1.mem$rdreg[0]$d [95:84] $\u_th1.mem$rdreg[0]$d [79:68] $\u_th1.mem$rdreg[0]$d [63:52] $\u_th1.mem$rdreg[0]$d [47:36] $\u_th1.mem$rdreg[0]$d [31:20] $\u_th1.mem$rdreg[0]$d [15:5] } = { $\u_th1.mem$rdreg[0]$d [115] $\u_th1.mem$rdreg[0]$d [115] $\u_th1.mem$rdreg[0]$d [115] $\u_th1.mem$rdreg[0]$d [115] $\u_th1.mem$rdreg[0]$d [115] $\u_th1.mem$rdreg[0]$d [115] $\u_th1.mem$rdreg[0]$d [115] $\u_th1.mem$rdreg[0]$d [115] $\u_th1.mem$rdreg[0]$d [115] $\u_th1.mem$rdreg[0]$d [115] $\u_th1.mem$rdreg[0]$d [115] $\u_th1.mem$rdreg[0]$d [115] $\u_th1.mem$rdreg[0]$d [99] $\u_th1.mem$rdreg[0]$d [99] $\u_th1.mem$rdreg[0]$d [99] $\u_th1.mem$rdreg[0]$d [99] $\u_th1.mem$rdreg[0]$d [99] $\u_th1.mem$rdreg[0]$d [99] $\u_th1.mem$rdreg[0]$d [99] $\u_th1.mem$rdreg[0]$d [99] $\u_th1.mem$rdreg[0]$d [99] $\u_th1.mem$rdreg[0]$d [99] $\u_th1.mem$rdreg[0]$d [99] $\u_th1.mem$rdreg[0]$d [99] $\u_th1.mem$rdreg[0]$d [83] $\u_th1.mem$rdreg[0]$d [83] $\u_th1.mem$rdreg[0]$d [83] $\u_th1.mem$rdreg[0]$d [83] $\u_th1.mem$rdreg[0]$d [83] $\u_th1.mem$rdreg[0]$d [83] $\u_th1.mem$rdreg[0]$d [83] $\u_th1.mem$rdreg[0]$d [83] $\u_th1.mem$rdreg[0]$d [83] $\u_th1.mem$rdreg[0]$d [83] $\u_th1.mem$rdreg[0]$d [83] $\u_th1.mem$rdreg[0]$d [83] $\u_th1.mem$rdreg[0]$d [67] $\u_th1.mem$rdreg[0]$d [67] $\u_th1.mem$rdreg[0]$d [67] $\u_th1.mem$rdreg[0]$d [67] $\u_th1.mem$rdreg[0]$d [67] $\u_th1.mem$rdreg[0]$d [67] $\u_th1.mem$rdreg[0]$d [67] $\u_th1.mem$rdreg[0]$d [67] $\u_th1.mem$rdreg[0]$d [67] $\u_th1.mem$rdreg[0]$d [67] $\u_th1.mem$rdreg[0]$d [67] $\u_th1.mem$rdreg[0]$d [67] $\u_th1.mem$rdreg[0]$d [51] $\u_th1.mem$rdreg[0]$d [51] $\u_th1.mem$rdreg[0]$d [51] $\u_th1.mem$rdreg[0]$d [51] $\u_th1.mem$rdreg[0]$d [51] $\u_th1.mem$rdreg[0]$d [51] $\u_th1.mem$rdreg[0]$d [51] $\u_th1.mem$rdreg[0]$d [51] $\u_th1.mem$rdreg[0]$d [51] $\u_th1.mem$rdreg[0]$d [51] $\u_th1.mem$rdreg[0]$d [51] $\u_th1.mem$rdreg[0]$d [51] $\u_th1.mem$rdreg[0]$d [35] $\u_th1.mem$rdreg[0]$d [35] $\u_th1.mem$rdreg[0]$d [35] $\u_th1.mem$rdreg[0]$d [35] $\u_th1.mem$rdreg[0]$d [35] $\u_th1.mem$rdreg[0]$d [35] $\u_th1.mem$rdreg[0]$d [35] $\u_th1.mem$rdreg[0]$d [35] $\u_th1.mem$rdreg[0]$d [35] $\u_th1.mem$rdreg[0]$d [35] $\u_th1.mem$rdreg[0]$d [35] $\u_th1.mem$rdreg[0]$d [35] $\u_th1.mem$rdreg[0]$d [19] $\u_th1.mem$rdreg[0]$d [19] $\u_th1.mem$rdreg[0]$d [19] $\u_th1.mem$rdreg[0]$d [19] $\u_th1.mem$rdreg[0]$d [19] $\u_th1.mem$rdreg[0]$d [19] $\u_th1.mem$rdreg[0]$d [19] $\u_th1.mem$rdreg[0]$d [19] $\u_th1.mem$rdreg[0]$d [19] $\u_th1.mem$rdreg[0]$d [19] $\u_th1.mem$rdreg[0]$d [19] $\u_th1.mem$rdreg[0]$d [19] $\u_th1.mem$rdreg[0]$d [4] $\u_th1.mem$rdreg[0]$d [4] $\u_th1.mem$rdreg[0]$d [4] $\u_th1.mem$rdreg[0]$d [4] $\u_th1.mem$rdreg[0]$d [4] $\u_th1.mem$rdreg[0]$d [4] $\u_th1.mem$rdreg[0]$d [4] $\u_th1.mem$rdreg[0]$d [4] $\u_th1.mem$rdreg[0]$d [4] $\u_th1.mem$rdreg[0]$d [4] $\u_th1.mem$rdreg[0]$d [4] }
    Consolidated identical input bits for $mux cell $memory\u_th0.mem$rdmux[0][0][0]$13149:
      Old ports: A=$memory\u_th0.mem$rdmux[0][0][0]$a$13150, B=$memory\u_th0.mem$rdmux[0][0][0]$b$13151, Y=$\u_th0.mem$rdreg[0]$d
      New ports: A={ $memory\u_th0.mem$rdmux[0][0][0]$a$13150 [81:78] $memory\u_th0.mem$rdmux[0][0][0]$a$13150 [21] $memory\u_th0.mem$rdmux[0][0][0]$a$13150 [64:57] 1'0 $memory\u_th0.mem$rdmux[0][0][0]$a$13150 [55:52] $memory\u_th0.mem$rdmux[0][0][0]$a$13150 [24] $memory\u_th0.mem$rdmux[0][0][0]$a$13150 [40:36] 1'0 $memory\u_th0.mem$rdmux[0][0][0]$a$13150 [24:16] $memory\u_th0.mem$rdmux[0][0][0]$a$13150 [6:0] }, B={ $memory\u_th0.mem$rdmux[0][0][0]$b$13151 [81:78] $memory\u_th0.mem$rdmux[0][0][0]$b$13151 [65:62] $memory\u_th0.mem$rdmux[0][0][0]$b$13151 [4] $memory\u_th0.mem$rdmux[0][0][0]$b$13151 [52] $memory\u_th0.mem$rdmux[0][0][0]$b$13151 [59:56] $memory\u_th0.mem$rdmux[0][0][0]$b$13151 [53] $memory\u_th0.mem$rdmux[0][0][0]$b$13151 [54:52] 2'00 $memory\u_th0.mem$rdmux[0][0][0]$b$13151 [39:36] $memory\u_th0.mem$rdmux[0][0][0]$b$13151 [25:16] 2'00 $memory\u_th0.mem$rdmux[0][0][0]$b$13151 [4:0] }, Y={ $\u_th0.mem$rdreg[0]$d [81:78] $\u_th0.mem$rdreg[0]$d [65:52] $\u_th0.mem$rdreg[0]$d [41:36] $\u_th0.mem$rdreg[0]$d [25:16] $\u_th0.mem$rdreg[0]$d [6:0] }
      New connections: { $\u_th0.mem$rdreg[0]$d [82] $\u_th0.mem$rdreg[0]$d [77:66] $\u_th0.mem$rdreg[0]$d [51:42] $\u_th0.mem$rdreg[0]$d [35:26] $\u_th0.mem$rdreg[0]$d [15:7] } = { $\u_th0.mem$rdreg[0]$d [25] $\u_th0.mem$rdreg[0]$d [41] $\u_th0.mem$rdreg[0]$d [41] $\u_th0.mem$rdreg[0]$d [41] $\u_th0.mem$rdreg[0]$d [41] $\u_th0.mem$rdreg[0]$d [41] $\u_th0.mem$rdreg[0]$d [41] $\u_th0.mem$rdreg[0]$d [41] $\u_th0.mem$rdreg[0]$d [41] $\u_th0.mem$rdreg[0]$d [41] $\u_th0.mem$rdreg[0]$d [41] $\u_th0.mem$rdreg[0]$d [41] $\u_th0.mem$rdreg[0]$d [41] $\u_th0.mem$rdreg[0]$d [41] $\u_th0.mem$rdreg[0]$d [41] $\u_th0.mem$rdreg[0]$d [41] $\u_th0.mem$rdreg[0]$d [41] $\u_th0.mem$rdreg[0]$d [41] $\u_th0.mem$rdreg[0]$d [41] $\u_th0.mem$rdreg[0]$d [41] $\u_th0.mem$rdreg[0]$d [41] $\u_th0.mem$rdreg[0]$d [41] $\u_th0.mem$rdreg[0]$d [41] $\u_th0.mem$rdreg[0]$d [25] $\u_th0.mem$rdreg[0]$d [25] $\u_th0.mem$rdreg[0]$d [25] $\u_th0.mem$rdreg[0]$d [25] $\u_th0.mem$rdreg[0]$d [25] $\u_th0.mem$rdreg[0]$d [25] $\u_th0.mem$rdreg[0]$d [25] $\u_th0.mem$rdreg[0]$d [25] $\u_th0.mem$rdreg[0]$d [25] $\u_th0.mem$rdreg[0]$d [25] $\u_th0.mem$rdreg[0]$d [6] $\u_th0.mem$rdreg[0]$d [6] $\u_th0.mem$rdreg[0]$d [6] $\u_th0.mem$rdreg[0]$d [6] $\u_th0.mem$rdreg[0]$d [6] $\u_th0.mem$rdreg[0]$d [6] $\u_th0.mem$rdreg[0]$d [6] $\u_th0.mem$rdreg[0]$d [6] $\u_th0.mem$rdreg[0]$d [6] }
    Consolidated identical input bits for $mux cell $procmux$7136:
      Old ports: A=$4\sel[3:0], B=4'0011, Y=$5\sel[3:0]
      New ports: A=$4\sel[3:0] [2:0], B=3'011, Y=$5\sel[3:0] [2:0]
      New connections: $5\sel[3:0] [3] = 1'0
  Optimizing cells in module \spark_core.
    Consolidated identical input bits for $mux cell $procmux$7133:
      Old ports: A=$5\sel[3:0], B=4'0010, Y=$6\sel[3:0]
      New ports: A=$5\sel[3:0] [2:0], B=3'010, Y=$6\sel[3:0] [2:0]
      New connections: $6\sel[3:0] [3] = 1'0
  Optimizing cells in module \spark_core.
    Consolidated identical input bits for $mux cell $procmux$7130:
      Old ports: A=$6\sel[3:0], B=4'0001, Y=$7\sel[3:0]
      New ports: A=$6\sel[3:0] [2:0], B=3'001, Y=$7\sel[3:0] [2:0]
      New connections: $7\sel[3:0] [3] = 1'0
  Optimizing cells in module \spark_core.
    Consolidated identical input bits for $mux cell $procmux$7127:
      Old ports: A=$7\sel[3:0], B=4'0000, Y=\sel
      New ports: A=$7\sel[3:0] [2:0], B=3'000, Y=\sel [2:0]
      New connections: \sel [3] = 1'0
  Optimizing cells in module \spark_core.
Performed a total of 65 changes.

6.20.5. Executing OPT_MERGE pass (detect identical cells).
Finding identical cells in module `\spark_core'.
<suppressed ~42 debug messages>
Removed a total of 14 cells.

6.20.6. Executing OPT_SHARE pass.
    Found cells that share an operand and can be merged by moving the $pmux $procmux$6932 in front of them:
        $procmux$5709
        $procmux$6307

    Found cells that share an operand and can be merged by moving the $pmux $procmux$6937 in front of them:
        $procmux$5715
        $procmux$6317

    Found cells that share an operand and can be merged by moving the $pmux $procmux$6942 in front of them:
        $procmux$5721
        $procmux$6327

    Found cells that share an operand and can be merged by moving the $pmux $procmux$6947 in front of them:
        $procmux$5727
        $procmux$6337

6.20.7. Executing OPT_DFF pass (perform DFF optimizations).
Adding SRST signal on $\prc$rdreg[0] ($dff) from module spark_core (D = $auto$rtlil.cc:2498:Mux$9904, Q = $\prc$rdreg[0]$q, rval = 2'00).
Adding SRST signal on $\u_th0.mem$rdreg[0] ($dff) from module spark_core (D = $memory\u_th0.mem$rdmux[0][1][0]$b$13154 [4], Q = \u_th0.rd [5], rval = 1'0).
Adding SRST signal on $\u_th0.mem$rdreg[0] ($dff) from module spark_core (D = $memory\u_th0.mem$rdmux[0][0][0]$b$13151 [56], Q = \u_th0.rd [68], rval = 1'0).
Adding SRST signal on $\u_th0.mem$rdreg[0] ($dff) from module spark_core (D = $memory\u_th0.mem$rdmux[0][0][0]$a$13150 [40], Q = \u_th0.rd [52], rval = 1'0).

6.20.8. Executing OPT_CLEAN pass (remove unused cells and wires).
Finding unused cells or wires in module \spark_core..
Removed 1 unused cells and 654 unused wires.
<suppressed ~2 debug messages>

6.20.9. Executing OPT_EXPR pass (perform const folding).
Optimizing module spark_core.
<suppressed ~19 debug messages>

6.20.10. Rerunning OPT passes. (Maybe there is more to do..)

6.20.11. Executing OPT_MUXTREE pass (detect dead branches in mux trees).
Running muxtree optimizer on module \spark_core..
  Creating internal representation of mux trees.
  Evaluating internal representation of mux trees.
  Analyzing evaluation results.
Removed 0 multiplexer ports.
<suppressed ~370 debug messages>

6.20.12. Executing OPT_REDUCE pass (consolidate $*mux and $reduce_* inputs).
  Optimizing cells in module \spark_core.
    Consolidated identical input bits for $mux cell $memory\u_th0.mem$rdmux[0][2][0]$13158:
      Old ports: A={ $memory\u_th0.mem$rdmux[0][2][0]$a$13159 [80:79] $memory\u_th0.mem$rdmux[0][2][0]$a$13159 [80:79] 1'0 $memory\u_th0.mem$rdmux[0][2][0]$a$13159 [80] 2'11 $memory\u_th0.mem$rdmux[0][2][0]$a$13159 [79] $memory\u_th0.mem$rdmux[0][2][0]$a$13159 [79] $memory\u_th0.mem$rdmux[0][2][0]$a$13159 [80] 3'010 }, B={ 2'01 $memory\u_th0.mem$rdmux[0][2][0]$a$13159 [80:79] $memory\u_th0.mem$rdmux[0][2][0]$a$13159 [79] $memory\u_th0.mem$rdmux[0][2][0]$a$13159 [79] $memory\u_th0.mem$rdmux[0][2][0]$a$13159 [79] $memory\u_th0.mem$rdmux[0][2][0]$a$13159 [80] $memory\u_th0.mem$rdmux[0][2][0]$a$13159 [80] 4'0110 $memory\u_th0.mem$rdmux[0][2][0]$a$13159 [80] }, Y={ $memory\u_th0.mem$rdmux[0][1][0]$a$13153 [61] $memory\u_th0.mem$rdmux[0][1][0]$a$13153 [64] $memory\u_th0.mem$rdmux[0][1][0]$a$13153 [57] $memory\u_th0.mem$rdmux[0][1][0]$a$13153 [53] $memory\u_th0.mem$rdmux[0][1][0]$a$13153 [78] $memory\u_th0.mem$rdmux[0][1][0]$a$13153 [23] $memory\u_th0.mem$rdmux[0][1][0]$a$13153 [55] $memory\u_th0.mem$rdmux[0][1][0]$a$13153 [17] $memory\u_th0.mem$rdmux[0][1][0]$a$13153 [79] $memory\u_th0.mem$rdmux[0][1][0]$a$13153 [58] $memory\u_th0.mem$rdmux[0][1][0]$a$13153 [80] $memory\u_th0.mem$rdmux[0][1][0]$a$13153 [63] $memory\u_th0.mem$rdmux[0][1][0]$a$13153 [81] $memory\u_th0.mem$rdmux[0][1][0]$a$13153 [54] }
      New ports: A={ $memory\u_th0.mem$rdmux[0][2][0]$a$13159 [80:79] 1'0 $memory\u_th0.mem$rdmux[0][2][0]$a$13159 [80] 2'11 $memory\u_th0.mem$rdmux[0][2][0]$a$13159 [79] $memory\u_th0.mem$rdmux[0][2][0]$a$13159 [79] $memory\u_th0.mem$rdmux[0][2][0]$a$13159 [80] 3'010 }, B={ 2'01 $memory\u_th0.mem$rdmux[0][2][0]$a$13159 [79] $memory\u_th0.mem$rdmux[0][2][0]$a$13159 [79] $memory\u_th0.mem$rdmux[0][2][0]$a$13159 [79] $memory\u_th0.mem$rdmux[0][2][0]$a$13159 [80] $memory\u_th0.mem$rdmux[0][2][0]$a$13159 [80] 4'0110 $memory\u_th0.mem$rdmux[0][2][0]$a$13159 [80] }, Y={ $memory\u_th0.mem$rdmux[0][1][0]$a$13153 [61] $memory\u_th0.mem$rdmux[0][1][0]$a$13153 [64] $memory\u_th0.mem$rdmux[0][1][0]$a$13153 [78] $memory\u_th0.mem$rdmux[0][1][0]$a$13153 [23] $memory\u_th0.mem$rdmux[0][1][0]$a$13153 [55] $memory\u_th0.mem$rdmux[0][1][0]$a$13153 [17] $memory\u_th0.mem$rdmux[0][1][0]$a$13153 [79] $memory\u_th0.mem$rdmux[0][1][0]$a$13153 [58] $memory\u_th0.mem$rdmux[0][1][0]$a$13153 [80] $memory\u_th0.mem$rdmux[0][1][0]$a$13153 [63] $memory\u_th0.mem$rdmux[0][1][0]$a$13153 [81] $memory\u_th0.mem$rdmux[0][1][0]$a$13153 [54] }
      New connections: { $memory\u_th0.mem$rdmux[0][1][0]$a$13153 [57] $memory\u_th0.mem$rdmux[0][1][0]$a$13153 [53] } = $memory\u_th0.mem$rdmux[0][2][0]$a$13159 [80:79]
    Consolidated identical input bits for $mux cell $memory\u_th0.mem$rdmux[0][2][1]$13161:
      Old ports: A={ 1'0 $memory\u_th0.mem$rdmux[0][2][0]$a$13159 [79] 1'1 $memory\u_th0.mem$rdmux[0][2][0]$a$13159 [79] $memory\u_th0.mem$rdmux[0][2][0]$a$13159 [79] 1'0 $memory\u_th0.mem$rdmux[0][2][0]$a$13159 [79] $memory\u_th0.mem$rdmux[0][2][0]$a$13159 [80] $memory\u_th0.mem$rdmux[0][2][0]$a$13159 [80] 1'0 $memory\u_th0.mem$rdmux[0][2][0]$a$13159 [80] 1'1 $memory\u_th0.mem$rdmux[0][2][0]$a$13159 [80] }, B={ 3'100 $memory\u_th0.mem$rdmux[0][2][0]$a$13159 [79] 1'1 $memory\u_th0.mem$rdmux[0][2][0]$a$13159 [79] $memory\u_th0.mem$rdmux[0][2][0]$a$13159 [80:79] $memory\u_th0.mem$rdmux[0][2][0]$a$13159 [80] $memory\u_th0.mem$rdmux[0][2][0]$a$13159 [80] 1'0 $memory\u_th0.mem$rdmux[0][2][0]$a$13159 [80] 1'1 }, Y={ $memory\u_th0.mem$rdmux[0][1][0]$b$13154 [79] $memory\u_th0.mem$rdmux[0][1][0]$b$13154 [80] $memory\u_th0.mem$rdmux[0][1][0]$b$13154 [57] $memory\u_th0.mem$rdmux[0][1][0]$b$13154 [53] $memory\u_th0.mem$rdmux[0][1][0]$b$13154 [64] $memory\u_th0.mem$rdmux[0][1][0]$b$13154 [77] $memory\u_th0.mem$rdmux[0][1][0]$b$13154 [23] $memory\u_th0.mem$rdmux[0][1][0]$b$13154 [18] $memory\u_th0.mem$rdmux[0][1][0]$b$13154 [58] $memory\u_th0.mem$rdmux[0][1][0]$b$13154 [17] $memory\u_th0.mem$rdmux[0][1][0]$b$13154 [65] $memory\u_th0.mem$rdmux[0][1][0]$b$13154 [78] $memory\u_th0.mem$rdmux[0][1][0]$b$13154 [81] }
      New ports: A={ 1'0 $memory\u_th0.mem$rdmux[0][2][0]$a$13159 [79] 1'1 $memory\u_th0.mem$rdmux[0][2][0]$a$13159 [79] 1'0 $memory\u_th0.mem$rdmux[0][2][0]$a$13159 [79] $memory\u_th0.mem$rdmux[0][2][0]$a$13159 [80] 1'0 $memory\u_th0.mem$rdmux[0][2][0]$a$13159 [80] 1'1 $memory\u_th0.mem$rdmux[0][2][0]$a$13159 [80] }, B={ 4'1001 $memory\u_th0.mem$rdmux[0][2][0]$a$13159 [79] $memory\u_th0.mem$rdmux[0][2][0]$a$13159 [80:79] $memory\u_th0.mem$rdmux[0][2][0]$a$13159 [80] 1'0 $memory\u_th0.mem$rdmux[0][2][0]$a$13159 [80] 1'1 }, Y={ $memory\u_th0.mem$rdmux[0][1][0]$b$13154 [79] $memory\u_th0.mem$rdmux[0][1][0]$b$13154 [80] $memory\u_th0.mem$rdmux[0][1][0]$b$13154 [57] $memory\u_th0.mem$rdmux[0][1][0]$b$13154 [64] $memory\u_th0.mem$rdmux[0][1][0]$b$13154 [77] $memory\u_th0.mem$rdmux[0][1][0]$b$13154 [23] $memory\u_th0.mem$rdmux[0][1][0]$b$13154 [18:17] $memory\u_th0.mem$rdmux[0][1][0]$b$13154 [65] $memory\u_th0.mem$rdmux[0][1][0]$b$13154 [78] $memory\u_th0.mem$rdmux[0][1][0]$b$13154 [81] }
      New connections: { $memory\u_th0.mem$rdmux[0][1][0]$b$13154 [53] $memory\u_th0.mem$rdmux[0][1][0]$b$13154 [58] } = { $memory\u_th0.mem$rdmux[0][2][0]$a$13159 [79] $memory\u_th0.mem$rdmux[0][2][0]$a$13159 [80] }
    Consolidated identical input bits for $mux cell $memory\u_th0.mem$rdmux[0][2][2]$13164:
      Old ports: A={ 1'1 $memory\u_th0.mem$rdmux[0][2][2]$a$13165 [79] $memory\u_th0.mem$rdmux[0][2][2]$a$13165 [80] 1'0 $memory\u_th0.mem$rdmux[0][2][2]$a$13165 [80:79] 3'100 $memory\u_th0.mem$rdmux[0][2][2]$a$13165 [80:79] $memory\u_th0.mem$rdmux[0][2][2]$a$13165 [80] 1'1 }, B={ $memory\u_th0.mem$rdmux[0][2][2]$a$13165 [79] $memory\u_th0.mem$rdmux[0][2][2]$a$13165 [80:79] $memory\u_th0.mem$rdmux[0][2][2]$a$13165 [80] $memory\u_th0.mem$rdmux[0][2][2]$a$13165 [80:79] 2'01 $memory\u_th0.mem$rdmux[0][2][2]$a$13165 [79] 3'100 $memory\u_th0.mem$rdmux[0][2][2]$a$13165 [80] }, Y={ $memory\u_th0.mem$rdmux[0][1][1]$a$13156 [65] $memory\u_th0.mem$rdmux[0][1][1]$a$13156 [79] $memory\u_th0.mem$rdmux[0][1][1]$a$13156 [62] $memory\u_th0.mem$rdmux[0][1][1]$a$13156 [64] $memory\u_th0.mem$rdmux[0][1][1]$a$13156 [80] $memory\u_th0.mem$rdmux[0][1][1]$a$13156 [38:37] $memory\u_th0.mem$rdmux[0][1][1]$a$13156 [78] $memory\u_th0.mem$rdmux[0][1][1]$a$13156 [82] $memory\u_th0.mem$rdmux[0][1][1]$a$13156 [3] $memory\u_th0.mem$rdmux[0][1][1]$a$13156 [57] $memory\u_th0.mem$rdmux[0][1][1]$a$13156 [1] $memory\u_th0.mem$rdmux[0][1][1]$a$13156 [81] }
      New ports: A={ 1'1 $memory\u_th0.mem$rdmux[0][2][2]$a$13165 [79] $memory\u_th0.mem$rdmux[0][2][2]$a$13165 [80] 4'0100 $memory\u_th0.mem$rdmux[0][2][2]$a$13165 [80:79] $memory\u_th0.mem$rdmux[0][2][2]$a$13165 [80] 1'1 }, B={ $memory\u_th0.mem$rdmux[0][2][2]$a$13165 [79] $memory\u_th0.mem$rdmux[0][2][2]$a$13165 [80:79] $memory\u_th0.mem$rdmux[0][2][2]$a$13165 [80] 2'01 $memory\u_th0.mem$rdmux[0][2][2]$a$13165 [79] 3'100 $memory\u_th0.mem$rdmux[0][2][2]$a$13165 [80] }, Y={ $memory\u_th0.mem$rdmux[0][1][1]$a$13156 [65] $memory\u_th0.mem$rdmux[0][1][1]$a$13156 [79] $memory\u_th0.mem$rdmux[0][1][1]$a$13156 [62] $memory\u_th0.mem$rdmux[0][1][1]$a$13156 [64] $memory\u_th0.mem$rdmux[0][1][1]$a$13156 [37] $memory\u_th0.mem$rdmux[0][1][1]$a$13156 [78] $memory\u_th0.mem$rdmux[0][1][1]$a$13156 [82] $memory\u_th0.mem$rdmux[0][1][1]$a$13156 [3] $memory\u_th0.mem$rdmux[0][1][1]$a$13156 [57] $memory\u_th0.mem$rdmux[0][1][1]$a$13156 [1] $memory\u_th0.mem$rdmux[0][1][1]$a$13156 [81] }
      New connections: { $memory\u_th0.mem$rdmux[0][1][1]$a$13156 [80] $memory\u_th0.mem$rdmux[0][1][1]$a$13156 [38] } = $memory\u_th0.mem$rdmux[0][2][2]$a$13165 [80:79]
    Consolidated identical input bits for $mux cell $memory\u_th1.mem$rdmux[0][2][1]$13206:
      Old ports: A={ 1'0 $memory\u_th0.mem$rdmux[0][2][0]$a$13159 [80] 2'01 $memory\u_th0.mem$rdmux[0][2][0]$a$13159 [79] 1'0 $memory\u_th0.mem$rdmux[0][2][0]$a$13159 [80] 1'1 $memory\u_th0.mem$rdmux[0][2][0]$a$13159 [79] $memory\u_th0.mem$rdmux[0][2][0]$a$13159 [80] }, B={ 2'10 $memory\u_th0.mem$rdmux[0][2][0]$a$13159 [79] $memory\u_th0.mem$rdmux[0][2][0]$a$13159 [79] $memory\u_th0.mem$rdmux[0][2][0]$a$13159 [79] $memory\u_th0.mem$rdmux[0][2][0]$a$13159 [80:79] $memory\u_th0.mem$rdmux[0][2][0]$a$13159 [80] 2'01 }, Y={ $memory\u_th1.mem$rdmux[0][1][0]$b$13199 [112:111] $memory\u_th1.mem$rdmux[0][1][0]$b$13199 [63] $memory\u_th1.mem$rdmux[0][1][0]$b$13199 [95] $memory\u_th1.mem$rdmux[0][1][0]$b$13199 [65] $memory\u_th1.mem$rdmux[0][1][0]$b$13199 [114] $memory\u_th1.mem$rdmux[0][1][0]$b$13199 [97] $memory\u_th1.mem$rdmux[0][1][0]$b$13199 [80] $memory\u_th1.mem$rdmux[0][1][0]$b$13199 [18] $memory\u_th1.mem$rdmux[0][1][0]$b$13199 [64] }
      New ports: A={ 1'0 $memory\u_th0.mem$rdmux[0][2][0]$a$13159 [80] 3'010 $memory\u_th0.mem$rdmux[0][2][0]$a$13159 [80] 1'1 $memory\u_th0.mem$rdmux[0][2][0]$a$13159 [79] $memory\u_th0.mem$rdmux[0][2][0]$a$13159 [80] }, B={ 2'10 $memory\u_th0.mem$rdmux[0][2][0]$a$13159 [79] $memory\u_th0.mem$rdmux[0][2][0]$a$13159 [79] $memory\u_th0.mem$rdmux[0][2][0]$a$13159 [80:79] $memory\u_th0.mem$rdmux[0][2][0]$a$13159 [80] 2'01 }, Y={ $memory\u_th1.mem$rdmux[0][1][0]$b$13199 [112:111] $memory\u_th1.mem$rdmux[0][1][0]$b$13199 [63] $memory\u_th1.mem$rdmux[0][1][0]$b$13199 [95] $memory\u_th1.mem$rdmux[0][1][0]$b$13199 [114] $memory\u_th1.mem$rdmux[0][1][0]$b$13199 [97] $memory\u_th1.mem$rdmux[0][1][0]$b$13199 [80] $memory\u_th1.mem$rdmux[0][1][0]$b$13199 [18] $memory\u_th1.mem$rdmux[0][1][0]$b$13199 [64] }
      New connections: $memory\u_th1.mem$rdmux[0][1][0]$b$13199 [65] = $memory\u_th0.mem$rdmux[0][2][0]$a$13159 [79]
    Consolidated identical input bits for $mux cell $memory\u_th1.mem$rdmux[0][2][2]$13209:
      Old ports: A={ $memory\u_th0.mem$rdmux[0][2][2]$a$13165 [79] $memory\u_th0.mem$rdmux[0][2][2]$a$13165 [80:79] 1'1 $memory\u_th0.mem$rdmux[0][2][2]$a$13165 [80] $memory\u_th0.mem$rdmux[0][2][2]$a$13165 [80:79] 3'001 $memory\u_th0.mem$rdmux[0][2][2]$a$13165 [79] $memory\u_th0.mem$rdmux[0][2][2]$a$13165 [80] 1'0 }, B={ $memory\u_th0.mem$rdmux[0][2][2]$a$13165 [79] $memory\u_th0.mem$rdmux[0][2][2]$a$13165 [80] $memory\u_th0.mem$rdmux[0][2][2]$a$13165 [80] 4'0011 $memory\u_th0.mem$rdmux[0][2][2]$a$13165 [79] 1'1 $memory\u_th0.mem$rdmux[0][2][2]$a$13165 [80] 1'0 $memory\u_th0.mem$rdmux[0][2][2]$a$13165 [79] $memory\u_th0.mem$rdmux[0][2][2]$a$13165 [80] }, Y={ $memory\u_th1.mem$rdmux[0][1][1]$a$13201 [111] $memory\u_th1.mem$rdmux[0][1][1]$a$13201 [96] $memory\u_th1.mem$rdmux[0][1][1]$a$13201 [80] $memory\u_th1.mem$rdmux[0][1][1]$a$13201 [64] $memory\u_th1.mem$rdmux[0][1][1]$a$13201 [66] $memory\u_th1.mem$rdmux[0][1][1]$a$13201 [79] $memory\u_th1.mem$rdmux[0][1][1]$a$13201 [48] $memory\u_th1.mem$rdmux[0][1][1]$a$13201 [95] $memory\u_th1.mem$rdmux[0][1][1]$a$13201 [17] $memory\u_th1.mem$rdmux[0][1][1]$a$13201 [112] $memory\u_th1.mem$rdmux[0][1][1]$a$13201 [114] $memory\u_th1.mem$rdmux[0][1][1]$a$13201 [97] $memory\u_th1.mem$rdmux[0][1][1]$a$13201 [0] }
      New ports: A={ $memory\u_th0.mem$rdmux[0][2][2]$a$13165 [79] 1'1 $memory\u_th0.mem$rdmux[0][2][2]$a$13165 [80] $memory\u_th0.mem$rdmux[0][2][2]$a$13165 [80:79] 3'001 $memory\u_th0.mem$rdmux[0][2][2]$a$13165 [79] $memory\u_th0.mem$rdmux[0][2][2]$a$13165 [80] 1'0 }, B={ $memory\u_th0.mem$rdmux[0][2][2]$a$13165 [80] 4'0011 $memory\u_th0.mem$rdmux[0][2][2]$a$13165 [79] 1'1 $memory\u_th0.mem$rdmux[0][2][2]$a$13165 [80] 1'0 $memory\u_th0.mem$rdmux[0][2][2]$a$13165 [79] $memory\u_th0.mem$rdmux[0][2][2]$a$13165 [80] }, Y={ $memory\u_th1.mem$rdmux[0][1][1]$a$13201 [80] $memory\u_th1.mem$rdmux[0][1][1]$a$13201 [64] $memory\u_th1.mem$rdmux[0][1][1]$a$13201 [66] $memory\u_th1.mem$rdmux[0][1][1]$a$13201 [79] $memory\u_th1.mem$rdmux[0][1][1]$a$13201 [48] $memory\u_th1.mem$rdmux[0][1][1]$a$13201 [95] $memory\u_th1.mem$rdmux[0][1][1]$a$13201 [17] $memory\u_th1.mem$rdmux[0][1][1]$a$13201 [112] $memory\u_th1.mem$rdmux[0][1][1]$a$13201 [114] $memory\u_th1.mem$rdmux[0][1][1]$a$13201 [97] $memory\u_th1.mem$rdmux[0][1][1]$a$13201 [0] }
      New connections: { $memory\u_th1.mem$rdmux[0][1][1]$a$13201 [111] $memory\u_th1.mem$rdmux[0][1][1]$a$13201 [96] } = { $memory\u_th0.mem$rdmux[0][2][2]$a$13165 [79] $memory\u_th0.mem$rdmux[0][2][2]$a$13165 [80] }
    New ctrl vector for $pmux cell $procmux$6932: { $procmux$4585_CMP $auto$opt_reduce.cc:134:opt_pmux$13263 }
    New ctrl vector for $pmux cell $procmux$6937: { $procmux$4585_CMP $auto$opt_reduce.cc:134:opt_pmux$13265 }
    New ctrl vector for $pmux cell $procmux$6942: { $procmux$4585_CMP $auto$opt_reduce.cc:134:opt_pmux$13267 }
    New ctrl vector for $pmux cell $procmux$6947: { $procmux$4585_CMP $auto$opt_reduce.cc:134:opt_pmux$13269 }
  Optimizing cells in module \spark_core.
    Consolidated identical input bits for $mux cell $memory\u_th0.mem$rdmux[0][1][0]$13152:
      Old ports: A={ $memory\u_th0.mem$rdmux[0][1][0]$a$13153 [81:78] $memory\u_th0.mem$rdmux[0][1][0]$a$13153 [64:63] $memory\u_th0.mem$rdmux[0][1][0]$a$13153 [63] $memory\u_th0.mem$rdmux[0][1][0]$a$13153 [61] $memory\u_th0.mem$rdmux[0][1][0]$a$13153 [63] $memory\u_th0.mem$rdmux[0][1][0]$a$13153 [64] $memory\u_th0.mem$rdmux[0][1][0]$a$13153 [58:57] $memory\u_th0.mem$rdmux[0][1][0]$a$13153 [55:53] $memory\u_th0.mem$rdmux[0][1][0]$a$13153 [80] $memory\u_th0.mem$rdmux[0][1][0]$a$13153 [78] $memory\u_th0.mem$rdmux[0][1][0]$a$13153 [81] $memory\u_th0.mem$rdmux[0][1][0]$a$13153 [79] $memory\u_th0.mem$rdmux[0][1][0]$a$13153 [54] $memory\u_th0.mem$rdmux[0][1][0]$a$13153 [78] 1'0 $memory\u_th0.mem$rdmux[0][1][0]$a$13153 [23] $memory\u_th0.mem$rdmux[0][1][0]$a$13153 [79] $memory\u_th0.mem$rdmux[0][1][0]$a$13153 [81] 1'1 $memory\u_th0.mem$rdmux[0][1][0]$a$13153 [63] $memory\u_th0.mem$rdmux[0][1][0]$a$13153 [55] $memory\u_th0.mem$rdmux[0][1][0]$a$13153 [17] $memory\u_th0.mem$rdmux[0][1][0]$a$13153 [79] 2'00 $memory\u_th0.mem$rdmux[0][1][0]$a$13153 [58] $memory\u_th0.mem$rdmux[0][1][0]$a$13153 [80] $memory\u_th0.mem$rdmux[0][1][0]$a$13153 [63] $memory\u_th0.mem$rdmux[0][1][0]$a$13153 [81] $memory\u_th0.mem$rdmux[0][1][0]$a$13153 [54] }, B={ $memory\u_th0.mem$rdmux[0][1][0]$b$13154 [81:78] $memory\u_th0.mem$rdmux[0][1][0]$b$13154 [64] $memory\u_th0.mem$rdmux[0][1][0]$b$13154 [80] $memory\u_th0.mem$rdmux[0][1][0]$b$13154 [77] $memory\u_th0.mem$rdmux[0][1][0]$b$13154 [65] 2'10 $memory\u_th0.mem$rdmux[0][1][0]$b$13154 [58:57] $memory\u_th0.mem$rdmux[0][1][0]$b$13154 [78:77] $memory\u_th0.mem$rdmux[0][1][0]$b$13154 [53] $memory\u_th0.mem$rdmux[0][1][0]$b$13154 [78:77] $memory\u_th0.mem$rdmux[0][1][0]$b$13154 [53] $memory\u_th0.mem$rdmux[0][1][0]$b$13154 [81] 1'1 $memory\u_th0.mem$rdmux[0][1][0]$b$13154 [64] $memory\u_th0.mem$rdmux[0][1][0]$b$13154 [77] $memory\u_th0.mem$rdmux[0][1][0]$b$13154 [23] 1'1 $memory\u_th0.mem$rdmux[0][1][0]$b$13154 [65] $memory\u_th0.mem$rdmux[0][1][0]$b$13154 [81] $memory\u_th0.mem$rdmux[0][1][0]$b$13154 [23] $memory\u_th0.mem$rdmux[0][1][0]$b$13154 [18:17] $memory\u_th0.mem$rdmux[0][1][0]$b$13154 [78] $memory\u_th0.mem$rdmux[0][1][0]$b$13154 [58] $memory\u_th0.mem$rdmux[0][1][0]$b$13154 [17] $memory\u_th0.mem$rdmux[0][1][0]$b$13154 [17] 1'1 $memory\u_th0.mem$rdmux[0][1][0]$b$13154 [65] $memory\u_th0.mem$rdmux[0][1][0]$b$13154 [78] $memory\u_th0.mem$rdmux[0][1][0]$b$13154 [81] }, Y={ $memory\u_th0.mem$rdmux[0][0][0]$a$13150 [81:78] $memory\u_th0.mem$rdmux[0][0][0]$a$13150 [64:57] $memory\u_th0.mem$rdmux[0][0][0]$a$13150 [55:52] $memory\u_th0.mem$rdmux[0][0][0]$a$13150 [40:36] $memory\u_th0.mem$rdmux[0][0][0]$a$13150 [77] $memory\u_th0.mem$rdmux[0][0][0]$a$13150 [23:22] $memory\u_th0.mem$rdmux[0][0][0]$a$13150 [65] $memory\u_th0.mem$rdmux[0][0][0]$a$13150 [20:15] $memory\u_th0.mem$rdmux[0][0][0]$a$13150 [5:0] }
      New ports: A={ $memory\u_th0.mem$rdmux[0][1][0]$a$13153 [81:78] $memory\u_th0.mem$rdmux[0][1][0]$a$13153 [64:63] $memory\u_th0.mem$rdmux[0][1][0]$a$13153 [63] $memory\u_th0.mem$rdmux[0][1][0]$a$13153 [61] $memory\u_th0.mem$rdmux[0][1][0]$a$13153 [63] $memory\u_th0.mem$rdmux[0][1][0]$a$13153 [64] $memory\u_th0.mem$rdmux[0][1][0]$a$13153 [58] $memory\u_th0.mem$rdmux[0][2][0]$a$13159 [80] $memory\u_th0.mem$rdmux[0][1][0]$a$13153 [55:54] $memory\u_th0.mem$rdmux[0][1][0]$a$13153 [80] $memory\u_th0.mem$rdmux[0][1][0]$a$13153 [78] $memory\u_th0.mem$rdmux[0][1][0]$a$13153 [81] $memory\u_th0.mem$rdmux[0][1][0]$a$13153 [79] $memory\u_th0.mem$rdmux[0][1][0]$a$13153 [54] $memory\u_th0.mem$rdmux[0][1][0]$a$13153 [78] 1'0 $memory\u_th0.mem$rdmux[0][1][0]$a$13153 [23] $memory\u_th0.mem$rdmux[0][1][0]$a$13153 [79] $memory\u_th0.mem$rdmux[0][1][0]$a$13153 [81] 1'1 $memory\u_th0.mem$rdmux[0][1][0]$a$13153 [63] $memory\u_th0.mem$rdmux[0][1][0]$a$13153 [55] $memory\u_th0.mem$rdmux[0][1][0]$a$13153 [17] $memory\u_th0.mem$rdmux[0][1][0]$a$13153 [79] 2'00 $memory\u_th0.mem$rdmux[0][1][0]$a$13153 [58] $memory\u_th0.mem$rdmux[0][1][0]$a$13153 [80] $memory\u_th0.mem$rdmux[0][1][0]$a$13153 [63] $memory\u_th0.mem$rdmux[0][1][0]$a$13153 [81] $memory\u_th0.mem$rdmux[0][1][0]$a$13153 [54] }, B={ $memory\u_th0.mem$rdmux[0][1][0]$b$13154 [81:78] $memory\u_th0.mem$rdmux[0][1][0]$b$13154 [64] $memory\u_th0.mem$rdmux[0][1][0]$b$13154 [80] $memory\u_th0.mem$rdmux[0][1][0]$b$13154 [77] $memory\u_th0.mem$rdmux[0][1][0]$b$13154 [65] 2'10 $memory\u_th0.mem$rdmux[0][2][0]$a$13159 [80] $memory\u_th0.mem$rdmux[0][1][0]$b$13154 [57] $memory\u_th0.mem$rdmux[0][1][0]$b$13154 [78:77] $memory\u_th0.mem$rdmux[0][1][0]$b$13154 [78:77] $memory\u_th0.mem$rdmux[0][2][0]$a$13159 [79] $memory\u_th0.mem$rdmux[0][1][0]$b$13154 [81] 1'1 $memory\u_th0.mem$rdmux[0][1][0]$b$13154 [64] $memory\u_th0.mem$rdmux[0][1][0]$b$13154 [77] $memory\u_th0.mem$rdmux[0][1][0]$b$13154 [23] 1'1 $memory\u_th0.mem$rdmux[0][1][0]$b$13154 [65] $memory\u_th0.mem$rdmux[0][1][0]$b$13154 [81] $memory\u_th0.mem$rdmux[0][1][0]$b$13154 [23] $memory\u_th0.mem$rdmux[0][1][0]$b$13154 [18:17] $memory\u_th0.mem$rdmux[0][1][0]$b$13154 [78] $memory\u_th0.mem$rdmux[0][2][0]$a$13159 [80] $memory\u_th0.mem$rdmux[0][1][0]$b$13154 [17] $memory\u_th0.mem$rdmux[0][1][0]$b$13154 [17] 1'1 $memory\u_th0.mem$rdmux[0][1][0]$b$13154 [65] $memory\u_th0.mem$rdmux[0][1][0]$b$13154 [78] $memory\u_th0.mem$rdmux[0][1][0]$b$13154 [81] }, Y={ $memory\u_th0.mem$rdmux[0][0][0]$a$13150 [81:78] $memory\u_th0.mem$rdmux[0][0][0]$a$13150 [64:57] $memory\u_th0.mem$rdmux[0][0][0]$a$13150 [55:54] $memory\u_th0.mem$rdmux[0][0][0]$a$13150 [52] $memory\u_th0.mem$rdmux[0][0][0]$a$13150 [40:36] $memory\u_th0.mem$rdmux[0][0][0]$a$13150 [77] $memory\u_th0.mem$rdmux[0][0][0]$a$13150 [23:22] $memory\u_th0.mem$rdmux[0][0][0]$a$13150 [65] $memory\u_th0.mem$rdmux[0][0][0]$a$13150 [20:15] $memory\u_th0.mem$rdmux[0][0][0]$a$13150 [5:0] }
      New connections: $memory\u_th0.mem$rdmux[0][0][0]$a$13150 [53] = $memory\u_th0.mem$rdmux[0][2][0]$a$13159 [79]
  Optimizing cells in module \spark_core.
Performed a total of 10 changes.

6.20.13. Executing OPT_MERGE pass (detect identical cells).
Finding identical cells in module `\spark_core'.
<suppressed ~21 debug messages>
Removed a total of 7 cells.

6.20.14. Executing OPT_SHARE pass.

6.20.15. Executing OPT_DFF pass (perform DFF optimizations).
Adding EN signal on $memory\u_sn3.mem[9]$12962 ($dff) from module spark_core (D = \sentw, Q = \u_sn3.mem[9]).
Adding EN signal on $memory\u_sn3.mem[8]$12960 ($dff) from module spark_core (D = \sentw, Q = \u_sn3.mem[8]).
Adding EN signal on $memory\u_sn3.mem[7]$12958 ($dff) from module spark_core (D = \sentw, Q = \u_sn3.mem[7]).
Adding EN signal on $memory\u_sn3.mem[6]$12956 ($dff) from module spark_core (D = \sentw, Q = \u_sn3.mem[6]).
Adding EN signal on $memory\u_sn3.mem[5]$12954 ($dff) from module spark_core (D = \sentw, Q = \u_sn3.mem[5]).
Adding EN signal on $memory\u_sn3.mem[4]$12952 ($dff) from module spark_core (D = \sentw, Q = \u_sn3.mem[4]).
Adding EN signal on $memory\u_sn3.mem[3]$12950 ($dff) from module spark_core (D = \sentw, Q = \u_sn3.mem[3]).
Adding EN signal on $memory\u_sn3.mem[2]$12948 ($dff) from module spark_core (D = \sentw, Q = \u_sn3.mem[2]).
Adding EN signal on $memory\u_sn3.mem[1]$12946 ($dff) from module spark_core (D = \sentw, Q = \u_sn3.mem[1]).
Adding EN signal on $memory\u_sn3.mem[15]$12974 ($dff) from module spark_core (D = \sentw, Q = \u_sn3.mem[15]).
Adding EN signal on $memory\u_sn3.mem[14]$12972 ($dff) from module spark_core (D = \sentw, Q = \u_sn3.mem[14]).
Adding EN signal on $memory\u_sn3.mem[13]$12970 ($dff) from module spark_core (D = \sentw, Q = \u_sn3.mem[13]).
Adding EN signal on $memory\u_sn3.mem[12]$12968 ($dff) from module spark_core (D = \sentw, Q = \u_sn3.mem[12]).
Adding EN signal on $memory\u_sn3.mem[11]$12966 ($dff) from module spark_core (D = \sentw, Q = \u_sn3.mem[11]).
Adding EN signal on $memory\u_sn3.mem[10]$12964 ($dff) from module spark_core (D = \sentw, Q = \u_sn3.mem[10]).
Adding EN signal on $memory\u_sn3.mem[0]$12944 ($dff) from module spark_core (D = \sentw, Q = \u_sn3.mem[0]).
Adding EN signal on $memory\u_sn2.mem[9]$12757 ($dff) from module spark_core (D = \sentw, Q = \u_sn2.mem[9]).
Adding EN signal on $memory\u_sn2.mem[8]$12755 ($dff) from module spark_core (D = \sentw, Q = \u_sn2.mem[8]).
Adding EN signal on $memory\u_sn2.mem[7]$12753 ($dff) from module spark_core (D = \sentw, Q = \u_sn2.mem[7]).
Adding EN signal on $memory\u_sn2.mem[6]$12751 ($dff) from module spark_core (D = \sentw, Q = \u_sn2.mem[6]).
Adding EN signal on $memory\u_sn2.mem[5]$12749 ($dff) from module spark_core (D = \sentw, Q = \u_sn2.mem[5]).
Adding EN signal on $memory\u_sn2.mem[4]$12747 ($dff) from module spark_core (D = \sentw, Q = \u_sn2.mem[4]).
Adding EN signal on $memory\u_sn2.mem[3]$12745 ($dff) from module spark_core (D = \sentw, Q = \u_sn2.mem[3]).
Adding EN signal on $memory\u_sn2.mem[2]$12743 ($dff) from module spark_core (D = \sentw, Q = \u_sn2.mem[2]).
Adding EN signal on $memory\u_sn2.mem[1]$12741 ($dff) from module spark_core (D = \sentw, Q = \u_sn2.mem[1]).
Adding EN signal on $memory\u_sn2.mem[15]$12769 ($dff) from module spark_core (D = \sentw, Q = \u_sn2.mem[15]).
Adding EN signal on $memory\u_sn2.mem[14]$12767 ($dff) from module spark_core (D = \sentw, Q = \u_sn2.mem[14]).
Adding EN signal on $memory\u_sn2.mem[13]$12765 ($dff) from module spark_core (D = \sentw, Q = \u_sn2.mem[13]).
Adding EN signal on $memory\u_sn2.mem[12]$12763 ($dff) from module spark_core (D = \sentw, Q = \u_sn2.mem[12]).
Adding EN signal on $memory\u_sn2.mem[11]$12761 ($dff) from module spark_core (D = \sentw, Q = \u_sn2.mem[11]).
Adding EN signal on $memory\u_sn2.mem[10]$12759 ($dff) from module spark_core (D = \sentw, Q = \u_sn2.mem[10]).
Adding EN signal on $memory\u_sn2.mem[0]$12739 ($dff) from module spark_core (D = \sentw, Q = \u_sn2.mem[0]).
Adding EN signal on $memory\u_sn1.mem[9]$12552 ($dff) from module spark_core (D = \sentw, Q = \u_sn1.mem[9]).
Adding EN signal on $memory\u_sn1.mem[8]$12550 ($dff) from module spark_core (D = \sentw, Q = \u_sn1.mem[8]).
Adding EN signal on $memory\u_sn1.mem[7]$12548 ($dff) from module spark_core (D = \sentw, Q = \u_sn1.mem[7]).
Adding EN signal on $memory\u_sn1.mem[6]$12546 ($dff) from module spark_core (D = \sentw, Q = \u_sn1.mem[6]).
Adding EN signal on $memory\u_sn1.mem[5]$12544 ($dff) from module spark_core (D = \sentw, Q = \u_sn1.mem[5]).
Adding EN signal on $memory\u_sn1.mem[4]$12542 ($dff) from module spark_core (D = \sentw, Q = \u_sn1.mem[4]).
Adding EN signal on $memory\u_sn1.mem[3]$12540 ($dff) from module spark_core (D = \sentw, Q = \u_sn1.mem[3]).
Adding EN signal on $memory\u_sn1.mem[2]$12538 ($dff) from module spark_core (D = \sentw, Q = \u_sn1.mem[2]).
Adding EN signal on $memory\u_sn1.mem[1]$12536 ($dff) from module spark_core (D = \sentw, Q = \u_sn1.mem[1]).
Adding EN signal on $memory\u_sn1.mem[15]$12564 ($dff) from module spark_core (D = \sentw, Q = \u_sn1.mem[15]).
Adding EN signal on $memory\u_sn1.mem[14]$12562 ($dff) from module spark_core (D = \sentw, Q = \u_sn1.mem[14]).
Adding EN signal on $memory\u_sn1.mem[13]$12560 ($dff) from module spark_core (D = \sentw, Q = \u_sn1.mem[13]).
Adding EN signal on $memory\u_sn1.mem[12]$12558 ($dff) from module spark_core (D = \sentw, Q = \u_sn1.mem[12]).
Adding EN signal on $memory\u_sn1.mem[11]$12556 ($dff) from module spark_core (D = \sentw, Q = \u_sn1.mem[11]).
Adding EN signal on $memory\u_sn1.mem[10]$12554 ($dff) from module spark_core (D = \sentw, Q = \u_sn1.mem[10]).
Adding EN signal on $memory\u_sn1.mem[0]$12534 ($dff) from module spark_core (D = \sentw, Q = \u_sn1.mem[0]).
Adding EN signal on $memory\u_sn0.mem[9]$12221 ($dff) from module spark_core (D = \sentw, Q = \u_sn0.mem[9]).
Adding EN signal on $memory\u_sn0.mem[8]$12219 ($dff) from module spark_core (D = \sentw, Q = \u_sn0.mem[8]).
Adding EN signal on $memory\u_sn0.mem[7]$12217 ($dff) from module spark_core (D = \sentw, Q = \u_sn0.mem[7]).
Adding EN signal on $memory\u_sn0.mem[6]$12215 ($dff) from module spark_core (D = \sentw, Q = \u_sn0.mem[6]).
Adding EN signal on $memory\u_sn0.mem[5]$12213 ($dff) from module spark_core (D = \sentw, Q = \u_sn0.mem[5]).
Adding EN signal on $memory\u_sn0.mem[4]$12211 ($dff) from module spark_core (D = \sentw, Q = \u_sn0.mem[4]).
Adding EN signal on $memory\u_sn0.mem[3]$12209 ($dff) from module spark_core (D = \sentw, Q = \u_sn0.mem[3]).
Adding EN signal on $memory\u_sn0.mem[2]$12207 ($dff) from module spark_core (D = \sentw, Q = \u_sn0.mem[2]).
Adding EN signal on $memory\u_sn0.mem[23]$12249 ($dff) from module spark_core (D = \sentw, Q = \u_sn0.mem[23]).
Adding EN signal on $memory\u_sn0.mem[22]$12247 ($dff) from module spark_core (D = \sentw, Q = \u_sn0.mem[22]).
Adding EN signal on $memory\u_sn0.mem[21]$12245 ($dff) from module spark_core (D = \sentw, Q = \u_sn0.mem[21]).
Adding EN signal on $memory\u_sn0.mem[20]$12243 ($dff) from module spark_core (D = \sentw, Q = \u_sn0.mem[20]).
Adding EN signal on $memory\u_sn0.mem[1]$12205 ($dff) from module spark_core (D = \sentw, Q = \u_sn0.mem[1]).
Adding EN signal on $memory\u_sn0.mem[19]$12241 ($dff) from module spark_core (D = \sentw, Q = \u_sn0.mem[19]).
Adding EN signal on $memory\u_sn0.mem[18]$12239 ($dff) from module spark_core (D = \sentw, Q = \u_sn0.mem[18]).
Adding EN signal on $memory\u_sn0.mem[17]$12237 ($dff) from module spark_core (D = \sentw, Q = \u_sn0.mem[17]).
Adding EN signal on $memory\u_sn0.mem[16]$12235 ($dff) from module spark_core (D = \sentw, Q = \u_sn0.mem[16]).
Adding EN signal on $memory\u_sn0.mem[15]$12233 ($dff) from module spark_core (D = \sentw, Q = \u_sn0.mem[15]).
Adding EN signal on $memory\u_sn0.mem[14]$12231 ($dff) from module spark_core (D = \sentw, Q = \u_sn0.mem[14]).
Adding EN signal on $memory\u_sn0.mem[13]$12229 ($dff) from module spark_core (D = \sentw, Q = \u_sn0.mem[13]).
Adding EN signal on $memory\u_sn0.mem[12]$12227 ($dff) from module spark_core (D = \sentw, Q = \u_sn0.mem[12]).
Adding EN signal on $memory\u_sn0.mem[11]$12225 ($dff) from module spark_core (D = \sentw, Q = \u_sn0.mem[11]).
Adding EN signal on $memory\u_sn0.mem[10]$12223 ($dff) from module spark_core (D = \sentw, Q = \u_sn0.mem[10]).
Adding EN signal on $memory\u_sn0.mem[0]$12203 ($dff) from module spark_core (D = \sentw, Q = \u_sn0.mem[0]).
Adding EN signal on $memory\u_s1.mem[9]$12080 ($dff) from module spark_core (D = \s_neww, Q = \u_s1.mem[9]).
Adding EN signal on $memory\u_s1.mem[8]$12078 ($dff) from module spark_core (D = \s_neww, Q = \u_s1.mem[8]).
Adding EN signal on $memory\u_s1.mem[7]$12076 ($dff) from module spark_core (D = \s_neww, Q = \u_s1.mem[7]).
Adding EN signal on $memory\u_s1.mem[6]$12074 ($dff) from module spark_core (D = \s_neww, Q = \u_s1.mem[6]).
Adding EN signal on $memory\u_s1.mem[5]$12072 ($dff) from module spark_core (D = \s_neww, Q = \u_s1.mem[5]).
Adding EN signal on $memory\u_s1.mem[4]$12070 ($dff) from module spark_core (D = \s_neww, Q = \u_s1.mem[4]).
Adding EN signal on $memory\u_s1.mem[3]$12068 ($dff) from module spark_core (D = \s_neww, Q = \u_s1.mem[3]).
Adding EN signal on $memory\u_s1.mem[2]$12066 ($dff) from module spark_core (D = \s_neww, Q = \u_s1.mem[2]).
Adding EN signal on $memory\u_s1.mem[1]$12064 ($dff) from module spark_core (D = \s_neww, Q = \u_s1.mem[1]).
Adding EN signal on $memory\u_s1.mem[15]$12092 ($dff) from module spark_core (D = \s_neww, Q = \u_s1.mem[15]).
Adding EN signal on $memory\u_s1.mem[14]$12090 ($dff) from module spark_core (D = \s_neww, Q = \u_s1.mem[14]).
Adding EN signal on $memory\u_s1.mem[13]$12088 ($dff) from module spark_core (D = \s_neww, Q = \u_s1.mem[13]).
Adding EN signal on $memory\u_s1.mem[12]$12086 ($dff) from module spark_core (D = \s_neww, Q = \u_s1.mem[12]).
Adding EN signal on $memory\u_s1.mem[11]$12084 ($dff) from module spark_core (D = \s_neww, Q = \u_s1.mem[11]).
Adding EN signal on $memory\u_s1.mem[10]$12082 ($dff) from module spark_core (D = \s_neww, Q = \u_s1.mem[10]).
Adding EN signal on $memory\u_s1.mem[0]$12062 ($dff) from module spark_core (D = \s_neww, Q = \u_s1.mem[0]).
Adding EN signal on $memory\u_s0.mem[9]$11939 ($dff) from module spark_core (D = \s_neww, Q = \u_s0.mem[9]).
Adding EN signal on $memory\u_s0.mem[8]$11937 ($dff) from module spark_core (D = \s_neww, Q = \u_s0.mem[8]).
Adding EN signal on $memory\u_s0.mem[7]$11935 ($dff) from module spark_core (D = \s_neww, Q = \u_s0.mem[7]).
Adding EN signal on $memory\u_s0.mem[6]$11933 ($dff) from module spark_core (D = \s_neww, Q = \u_s0.mem[6]).
Adding EN signal on $memory\u_s0.mem[5]$11931 ($dff) from module spark_core (D = \s_neww, Q = \u_s0.mem[5]).
Adding EN signal on $memory\u_s0.mem[4]$11929 ($dff) from module spark_core (D = \s_neww, Q = \u_s0.mem[4]).
Adding EN signal on $memory\u_s0.mem[3]$11927 ($dff) from module spark_core (D = \s_neww, Q = \u_s0.mem[3]).
Adding EN signal on $memory\u_s0.mem[2]$11925 ($dff) from module spark_core (D = \s_neww, Q = \u_s0.mem[2]).
Adding EN signal on $memory\u_s0.mem[1]$11923 ($dff) from module spark_core (D = \s_neww, Q = \u_s0.mem[1]).
Adding EN signal on $memory\u_s0.mem[15]$11951 ($dff) from module spark_core (D = \s_neww, Q = \u_s0.mem[15]).
Adding EN signal on $memory\u_s0.mem[14]$11949 ($dff) from module spark_core (D = \s_neww, Q = \u_s0.mem[14]).
Adding EN signal on $memory\u_s0.mem[13]$11947 ($dff) from module spark_core (D = \s_neww, Q = \u_s0.mem[13]).
Adding EN signal on $memory\u_s0.mem[12]$11945 ($dff) from module spark_core (D = \s_neww, Q = \u_s0.mem[12]).
Adding EN signal on $memory\u_s0.mem[11]$11943 ($dff) from module spark_core (D = \s_neww, Q = \u_s0.mem[11]).
Adding EN signal on $memory\u_s0.mem[10]$11941 ($dff) from module spark_core (D = \s_neww, Q = \u_s0.mem[10]).
Adding EN signal on $memory\u_s0.mem[0]$11921 ($dff) from module spark_core (D = \s_neww, Q = \u_s0.mem[0]).
Adding EN signal on $memory\u_h1.mem[9]$11734 ($dff) from module spark_core (D = \h_neww, Q = \u_h1.mem[9]).
Adding EN signal on $memory\u_h1.mem[8]$11732 ($dff) from module spark_core (D = \h_neww, Q = \u_h1.mem[8]).
Adding EN signal on $memory\u_h1.mem[7]$11730 ($dff) from module spark_core (D = \h_neww, Q = \u_h1.mem[7]).
Adding EN signal on $memory\u_h1.mem[6]$11728 ($dff) from module spark_core (D = \h_neww, Q = \u_h1.mem[6]).
Adding EN signal on $memory\u_h1.mem[5]$11726 ($dff) from module spark_core (D = \h_neww, Q = \u_h1.mem[5]).
Adding EN signal on $memory\u_h1.mem[4]$11724 ($dff) from module spark_core (D = \h_neww, Q = \u_h1.mem[4]).
Adding EN signal on $memory\u_h1.mem[3]$11722 ($dff) from module spark_core (D = \h_neww, Q = \u_h1.mem[3]).
Adding EN signal on $memory\u_h1.mem[2]$11720 ($dff) from module spark_core (D = \h_neww, Q = \u_h1.mem[2]).
Adding EN signal on $memory\u_h1.mem[1]$11718 ($dff) from module spark_core (D = \h_neww, Q = \u_h1.mem[1]).
Adding EN signal on $memory\u_h1.mem[15]$11746 ($dff) from module spark_core (D = \h_neww, Q = \u_h1.mem[15]).
Adding EN signal on $memory\u_h1.mem[14]$11744 ($dff) from module spark_core (D = \h_neww, Q = \u_h1.mem[14]).
Adding EN signal on $memory\u_h1.mem[13]$11742 ($dff) from module spark_core (D = \h_neww, Q = \u_h1.mem[13]).
Adding EN signal on $memory\u_h1.mem[12]$11740 ($dff) from module spark_core (D = \h_neww, Q = \u_h1.mem[12]).
Adding EN signal on $memory\u_h1.mem[11]$11738 ($dff) from module spark_core (D = \h_neww, Q = \u_h1.mem[11]).
Adding EN signal on $memory\u_h1.mem[10]$11736 ($dff) from module spark_core (D = \h_neww, Q = \u_h1.mem[10]).
Adding EN signal on $memory\u_h1.mem[0]$11716 ($dff) from module spark_core (D = \h_neww, Q = \u_h1.mem[0]).
Adding EN signal on $memory\u_h0.mem[9]$11529 ($dff) from module spark_core (D = \h_neww, Q = \u_h0.mem[9]).
Adding EN signal on $memory\u_h0.mem[8]$11527 ($dff) from module spark_core (D = \h_neww, Q = \u_h0.mem[8]).
Adding EN signal on $memory\u_h0.mem[7]$11525 ($dff) from module spark_core (D = \h_neww, Q = \u_h0.mem[7]).
Adding EN signal on $memory\u_h0.mem[6]$11523 ($dff) from module spark_core (D = \h_neww, Q = \u_h0.mem[6]).
Adding EN signal on $memory\u_h0.mem[5]$11521 ($dff) from module spark_core (D = \h_neww, Q = \u_h0.mem[5]).
Adding EN signal on $memory\u_h0.mem[4]$11519 ($dff) from module spark_core (D = \h_neww, Q = \u_h0.mem[4]).
Adding EN signal on $memory\u_h0.mem[3]$11517 ($dff) from module spark_core (D = \h_neww, Q = \u_h0.mem[3]).
Adding EN signal on $memory\u_h0.mem[2]$11515 ($dff) from module spark_core (D = \h_neww, Q = \u_h0.mem[2]).
Adding EN signal on $memory\u_h0.mem[1]$11513 ($dff) from module spark_core (D = \h_neww, Q = \u_h0.mem[1]).
Adding EN signal on $memory\u_h0.mem[15]$11541 ($dff) from module spark_core (D = \h_neww, Q = \u_h0.mem[15]).
Adding EN signal on $memory\u_h0.mem[14]$11539 ($dff) from module spark_core (D = \h_neww, Q = \u_h0.mem[14]).
Adding EN signal on $memory\u_h0.mem[13]$11537 ($dff) from module spark_core (D = \h_neww, Q = \u_h0.mem[13]).
Adding EN signal on $memory\u_h0.mem[12]$11535 ($dff) from module spark_core (D = \h_neww, Q = \u_h0.mem[12]).
Adding EN signal on $memory\u_h0.mem[11]$11533 ($dff) from module spark_core (D = \h_neww, Q = \u_h0.mem[11]).
Adding EN signal on $memory\u_h0.mem[10]$11531 ($dff) from module spark_core (D = \h_neww, Q = \u_h0.mem[10]).
Adding EN signal on $memory\u_h0.mem[0]$11511 ($dff) from module spark_core (D = \h_neww, Q = \u_h0.mem[0]).
Adding EN signal on $memory\u_acc3.mem[9]$11128 ($dff) from module spark_core (D = \u_acc3.wd, Q = \u_acc3.mem[9]).
Adding EN signal on $memory\u_acc3.mem[8]$11126 ($dff) from module spark_core (D = \u_acc3.wd, Q = \u_acc3.mem[8]).
Adding EN signal on $memory\u_acc3.mem[7]$11124 ($dff) from module spark_core (D = \u_acc3.wd, Q = \u_acc3.mem[7]).
Adding EN signal on $memory\u_acc3.mem[6]$11122 ($dff) from module spark_core (D = \u_acc3.wd, Q = \u_acc3.mem[6]).
Adding EN signal on $memory\u_acc3.mem[5]$11120 ($dff) from module spark_core (D = \u_acc3.wd, Q = \u_acc3.mem[5]).
Adding EN signal on $memory\u_acc3.mem[4]$11118 ($dff) from module spark_core (D = \u_acc3.wd, Q = \u_acc3.mem[4]).
Adding EN signal on $memory\u_acc3.mem[3]$11116 ($dff) from module spark_core (D = \u_acc3.wd, Q = \u_acc3.mem[3]).
Adding EN signal on $memory\u_acc3.mem[31]$11172 ($dff) from module spark_core (D = \u_acc3.wd, Q = \u_acc3.mem[31]).
Adding EN signal on $memory\u_acc3.mem[30]$11170 ($dff) from module spark_core (D = \u_acc3.wd, Q = \u_acc3.mem[30]).
Adding EN signal on $memory\u_acc3.mem[2]$11114 ($dff) from module spark_core (D = \u_acc3.wd, Q = \u_acc3.mem[2]).
Adding EN signal on $memory\u_acc3.mem[29]$11168 ($dff) from module spark_core (D = \u_acc3.wd, Q = \u_acc3.mem[29]).
Adding EN signal on $memory\u_acc3.mem[28]$11166 ($dff) from module spark_core (D = \u_acc3.wd, Q = \u_acc3.mem[28]).
Adding EN signal on $memory\u_acc3.mem[27]$11164 ($dff) from module spark_core (D = \u_acc3.wd, Q = \u_acc3.mem[27]).
Adding EN signal on $memory\u_acc3.mem[26]$11162 ($dff) from module spark_core (D = \u_acc3.wd, Q = \u_acc3.mem[26]).
Adding EN signal on $memory\u_acc3.mem[25]$11160 ($dff) from module spark_core (D = \u_acc3.wd, Q = \u_acc3.mem[25]).
Adding EN signal on $memory\u_acc3.mem[24]$11158 ($dff) from module spark_core (D = \u_acc3.wd, Q = \u_acc3.mem[24]).
Adding EN signal on $memory\u_acc3.mem[23]$11156 ($dff) from module spark_core (D = \u_acc3.wd, Q = \u_acc3.mem[23]).
Adding EN signal on $memory\u_acc3.mem[22]$11154 ($dff) from module spark_core (D = \u_acc3.wd, Q = \u_acc3.mem[22]).
Adding EN signal on $memory\u_acc3.mem[21]$11152 ($dff) from module spark_core (D = \u_acc3.wd, Q = \u_acc3.mem[21]).
Adding EN signal on $memory\u_acc3.mem[20]$11150 ($dff) from module spark_core (D = \u_acc3.wd, Q = \u_acc3.mem[20]).
Adding EN signal on $memory\u_acc3.mem[1]$11112 ($dff) from module spark_core (D = \u_acc3.wd, Q = \u_acc3.mem[1]).
Adding EN signal on $memory\u_acc3.mem[19]$11148 ($dff) from module spark_core (D = \u_acc3.wd, Q = \u_acc3.mem[19]).
Adding EN signal on $memory\u_acc3.mem[18]$11146 ($dff) from module spark_core (D = \u_acc3.wd, Q = \u_acc3.mem[18]).
Adding EN signal on $memory\u_acc3.mem[17]$11144 ($dff) from module spark_core (D = \u_acc3.wd, Q = \u_acc3.mem[17]).
Adding EN signal on $memory\u_acc3.mem[16]$11142 ($dff) from module spark_core (D = \u_acc3.wd, Q = \u_acc3.mem[16]).
Adding EN signal on $memory\u_acc3.mem[15]$11140 ($dff) from module spark_core (D = \u_acc3.wd, Q = \u_acc3.mem[15]).
Adding EN signal on $memory\u_acc3.mem[14]$11138 ($dff) from module spark_core (D = \u_acc3.wd, Q = \u_acc3.mem[14]).
Adding EN signal on $memory\u_acc3.mem[13]$11136 ($dff) from module spark_core (D = \u_acc3.wd, Q = \u_acc3.mem[13]).
Adding EN signal on $memory\u_acc3.mem[12]$11134 ($dff) from module spark_core (D = \u_acc3.wd, Q = \u_acc3.mem[12]).
Adding EN signal on $memory\u_acc3.mem[11]$11132 ($dff) from module spark_core (D = \u_acc3.wd, Q = \u_acc3.mem[11]).
Adding EN signal on $memory\u_acc3.mem[10]$11130 ($dff) from module spark_core (D = \u_acc3.wd, Q = \u_acc3.mem[10]).
Adding EN signal on $memory\u_acc3.mem[0]$11110 ($dff) from module spark_core (D = \u_acc3.wd, Q = \u_acc3.mem[0]).
Adding EN signal on $memory\u_acc2.mem[9]$10727 ($dff) from module spark_core (D = \u_acc2.wd, Q = \u_acc2.mem[9]).
Adding EN signal on $memory\u_acc2.mem[8]$10725 ($dff) from module spark_core (D = \u_acc2.wd, Q = \u_acc2.mem[8]).
Adding EN signal on $memory\u_acc2.mem[7]$10723 ($dff) from module spark_core (D = \u_acc2.wd, Q = \u_acc2.mem[7]).
Adding EN signal on $memory\u_acc2.mem[6]$10721 ($dff) from module spark_core (D = \u_acc2.wd, Q = \u_acc2.mem[6]).
Adding EN signal on $memory\u_acc2.mem[5]$10719 ($dff) from module spark_core (D = \u_acc2.wd, Q = \u_acc2.mem[5]).
Adding EN signal on $memory\u_acc2.mem[4]$10717 ($dff) from module spark_core (D = \u_acc2.wd, Q = \u_acc2.mem[4]).
Adding EN signal on $memory\u_acc2.mem[3]$10715 ($dff) from module spark_core (D = \u_acc2.wd, Q = \u_acc2.mem[3]).
Adding EN signal on $memory\u_acc2.mem[31]$10771 ($dff) from module spark_core (D = \u_acc2.wd, Q = \u_acc2.mem[31]).
Adding EN signal on $memory\u_acc2.mem[30]$10769 ($dff) from module spark_core (D = \u_acc2.wd, Q = \u_acc2.mem[30]).
Adding EN signal on $memory\u_acc2.mem[2]$10713 ($dff) from module spark_core (D = \u_acc2.wd, Q = \u_acc2.mem[2]).
Adding EN signal on $memory\u_acc2.mem[29]$10767 ($dff) from module spark_core (D = \u_acc2.wd, Q = \u_acc2.mem[29]).
Adding EN signal on $memory\u_acc2.mem[28]$10765 ($dff) from module spark_core (D = \u_acc2.wd, Q = \u_acc2.mem[28]).
Adding EN signal on $memory\u_acc2.mem[27]$10763 ($dff) from module spark_core (D = \u_acc2.wd, Q = \u_acc2.mem[27]).
Adding EN signal on $memory\u_acc2.mem[26]$10761 ($dff) from module spark_core (D = \u_acc2.wd, Q = \u_acc2.mem[26]).
Adding EN signal on $memory\u_acc2.mem[25]$10759 ($dff) from module spark_core (D = \u_acc2.wd, Q = \u_acc2.mem[25]).
Adding EN signal on $memory\u_acc2.mem[24]$10757 ($dff) from module spark_core (D = \u_acc2.wd, Q = \u_acc2.mem[24]).
Adding EN signal on $memory\u_acc2.mem[23]$10755 ($dff) from module spark_core (D = \u_acc2.wd, Q = \u_acc2.mem[23]).
Adding EN signal on $memory\u_acc2.mem[22]$10753 ($dff) from module spark_core (D = \u_acc2.wd, Q = \u_acc2.mem[22]).
Adding EN signal on $memory\u_acc2.mem[21]$10751 ($dff) from module spark_core (D = \u_acc2.wd, Q = \u_acc2.mem[21]).
Adding EN signal on $memory\u_acc2.mem[20]$10749 ($dff) from module spark_core (D = \u_acc2.wd, Q = \u_acc2.mem[20]).
Adding EN signal on $memory\u_acc2.mem[1]$10711 ($dff) from module spark_core (D = \u_acc2.wd, Q = \u_acc2.mem[1]).
Adding EN signal on $memory\u_acc2.mem[19]$10747 ($dff) from module spark_core (D = \u_acc2.wd, Q = \u_acc2.mem[19]).
Adding EN signal on $memory\u_acc2.mem[18]$10745 ($dff) from module spark_core (D = \u_acc2.wd, Q = \u_acc2.mem[18]).
Adding EN signal on $memory\u_acc2.mem[17]$10743 ($dff) from module spark_core (D = \u_acc2.wd, Q = \u_acc2.mem[17]).
Adding EN signal on $memory\u_acc2.mem[16]$10741 ($dff) from module spark_core (D = \u_acc2.wd, Q = \u_acc2.mem[16]).
Adding EN signal on $memory\u_acc2.mem[15]$10739 ($dff) from module spark_core (D = \u_acc2.wd, Q = \u_acc2.mem[15]).
Adding EN signal on $memory\u_acc2.mem[14]$10737 ($dff) from module spark_core (D = \u_acc2.wd, Q = \u_acc2.mem[14]).
Adding EN signal on $memory\u_acc2.mem[13]$10735 ($dff) from module spark_core (D = \u_acc2.wd, Q = \u_acc2.mem[13]).
Adding EN signal on $memory\u_acc2.mem[12]$10733 ($dff) from module spark_core (D = \u_acc2.wd, Q = \u_acc2.mem[12]).
Adding EN signal on $memory\u_acc2.mem[11]$10731 ($dff) from module spark_core (D = \u_acc2.wd, Q = \u_acc2.mem[11]).
Adding EN signal on $memory\u_acc2.mem[10]$10729 ($dff) from module spark_core (D = \u_acc2.wd, Q = \u_acc2.mem[10]).
Adding EN signal on $memory\u_acc2.mem[0]$10709 ($dff) from module spark_core (D = \u_acc2.wd, Q = \u_acc2.mem[0]).
Adding EN signal on $memory\u_acc1.mem[9]$10522 ($dff) from module spark_core (D = \u_acc1.wd, Q = \u_acc1.mem[9]).
Adding EN signal on $memory\u_acc1.mem[8]$10520 ($dff) from module spark_core (D = \u_acc1.wd, Q = \u_acc1.mem[8]).
Adding EN signal on $memory\u_acc1.mem[7]$10518 ($dff) from module spark_core (D = \u_acc1.wd, Q = \u_acc1.mem[7]).
Adding EN signal on $memory\u_acc1.mem[6]$10516 ($dff) from module spark_core (D = \u_acc1.wd, Q = \u_acc1.mem[6]).
Adding EN signal on $memory\u_acc1.mem[5]$10514 ($dff) from module spark_core (D = \u_acc1.wd, Q = \u_acc1.mem[5]).
Adding EN signal on $memory\u_acc1.mem[4]$10512 ($dff) from module spark_core (D = \u_acc1.wd, Q = \u_acc1.mem[4]).
Adding EN signal on $memory\u_acc1.mem[3]$10510 ($dff) from module spark_core (D = \u_acc1.wd, Q = \u_acc1.mem[3]).
Adding EN signal on $memory\u_acc1.mem[2]$10508 ($dff) from module spark_core (D = \u_acc1.wd, Q = \u_acc1.mem[2]).
Adding EN signal on $memory\u_acc1.mem[1]$10506 ($dff) from module spark_core (D = \u_acc1.wd, Q = \u_acc1.mem[1]).
Adding EN signal on $memory\u_acc1.mem[15]$10534 ($dff) from module spark_core (D = \u_acc1.wd, Q = \u_acc1.mem[15]).
Adding EN signal on $memory\u_acc1.mem[14]$10532 ($dff) from module spark_core (D = \u_acc1.wd, Q = \u_acc1.mem[14]).
Adding EN signal on $memory\u_acc1.mem[13]$10530 ($dff) from module spark_core (D = \u_acc1.wd, Q = \u_acc1.mem[13]).
Adding EN signal on $memory\u_acc1.mem[12]$10528 ($dff) from module spark_core (D = \u_acc1.wd, Q = \u_acc1.mem[12]).
Adding EN signal on $memory\u_acc1.mem[11]$10526 ($dff) from module spark_core (D = \u_acc1.wd, Q = \u_acc1.mem[11]).
Adding EN signal on $memory\u_acc1.mem[10]$10524 ($dff) from module spark_core (D = \u_acc1.wd, Q = \u_acc1.mem[10]).
Adding EN signal on $memory\u_acc1.mem[0]$10504 ($dff) from module spark_core (D = \u_acc1.wd, Q = \u_acc1.mem[0]).
Adding EN signal on $memory\u_acc0.mem[9]$10317 ($dff) from module spark_core (D = \u_acc0.wd, Q = \u_acc0.mem[9]).
Adding EN signal on $memory\u_acc0.mem[8]$10315 ($dff) from module spark_core (D = \u_acc0.wd, Q = \u_acc0.mem[8]).
Adding EN signal on $memory\u_acc0.mem[7]$10313 ($dff) from module spark_core (D = \u_acc0.wd, Q = \u_acc0.mem[7]).
Adding EN signal on $memory\u_acc0.mem[6]$10311 ($dff) from module spark_core (D = \u_acc0.wd, Q = \u_acc0.mem[6]).
Adding EN signal on $memory\u_acc0.mem[5]$10309 ($dff) from module spark_core (D = \u_acc0.wd, Q = \u_acc0.mem[5]).
Adding EN signal on $memory\u_acc0.mem[4]$10307 ($dff) from module spark_core (D = \u_acc0.wd, Q = \u_acc0.mem[4]).
Adding EN signal on $memory\u_acc0.mem[3]$10305 ($dff) from module spark_core (D = \u_acc0.wd, Q = \u_acc0.mem[3]).
Adding EN signal on $memory\u_acc0.mem[2]$10303 ($dff) from module spark_core (D = \u_acc0.wd, Q = \u_acc0.mem[2]).
Adding EN signal on $memory\u_acc0.mem[1]$10301 ($dff) from module spark_core (D = \u_acc0.wd, Q = \u_acc0.mem[1]).
Adding EN signal on $memory\u_acc0.mem[15]$10329 ($dff) from module spark_core (D = \u_acc0.wd, Q = \u_acc0.mem[15]).
Adding EN signal on $memory\u_acc0.mem[14]$10327 ($dff) from module spark_core (D = \u_acc0.wd, Q = \u_acc0.mem[14]).
Adding EN signal on $memory\u_acc0.mem[13]$10325 ($dff) from module spark_core (D = \u_acc0.wd, Q = \u_acc0.mem[13]).
Adding EN signal on $memory\u_acc0.mem[12]$10323 ($dff) from module spark_core (D = \u_acc0.wd, Q = \u_acc0.mem[12]).
Adding EN signal on $memory\u_acc0.mem[11]$10321 ($dff) from module spark_core (D = \u_acc0.wd, Q = \u_acc0.mem[11]).
Adding EN signal on $memory\u_acc0.mem[10]$10319 ($dff) from module spark_core (D = \u_acc0.wd, Q = \u_acc0.mem[10]).
Adding EN signal on $memory\u_acc0.mem[0]$10299 ($dff) from module spark_core (D = \u_acc0.wd, Q = \u_acc0.mem[0]).
Adding EN signal on $memory\prc[3]$10231 ($dff) from module spark_core (D = $auto$rtlil.cc:2498:Mux$9937, Q = \prc[3]).
Adding EN signal on $memory\prc[2]$10229 ($dff) from module spark_core (D = $memory\prc$wrmux[2][1][0]$y$10288, Q = \prc[2]).
Adding EN signal on $memory\prc[1]$10227 ($dff) from module spark_core (D = $memory\prc$wrmux[1][1][0]$y$10276, Q = \prc[1]).
Adding EN signal on $memory\prc[0]$10225 ($dff) from module spark_core (D = $memory\prc$wrmux[0][1][0]$y$10264, Q = \prc[0]).
Adding EN signal on $memory\nzc[3]$10155 ($dff) from module spark_core (D = $auto$rtlil.cc:2498:Mux$9929, Q = \nzc[3]).
Adding EN signal on $memory\nzc[2]$10153 ($dff) from module spark_core (D = $memory\nzc$wrmux[2][1][0]$y$10214, Q = \nzc[2]).
Adding EN signal on $memory\nzc[1]$10151 ($dff) from module spark_core (D = $memory\nzc$wrmux[1][1][0]$y$10202, Q = \nzc[1]).
Adding EN signal on $memory\nzc[0]$10149 ($dff) from module spark_core (D = $memory\nzc$wrmux[0][1][0]$y$10190, Q = \nzc[0]).
Setting constant 0-bit at position 24 on $auto$ff.cc:266:slice$7696 ($sdffe) from module spark_core.
Setting constant 0-bit at position 25 on $auto$ff.cc:266:slice$7696 ($sdffe) from module spark_core.
Setting constant 0-bit at position 26 on $auto$ff.cc:266:slice$7696 ($sdffe) from module spark_core.
Setting constant 0-bit at position 27 on $auto$ff.cc:266:slice$7696 ($sdffe) from module spark_core.
Setting constant 0-bit at position 28 on $auto$ff.cc:266:slice$7696 ($sdffe) from module spark_core.
Setting constant 0-bit at position 29 on $auto$ff.cc:266:slice$7696 ($sdffe) from module spark_core.
Setting constant 0-bit at position 30 on $auto$ff.cc:266:slice$7696 ($sdffe) from module spark_core.
Setting constant 0-bit at position 31 on $auto$ff.cc:266:slice$7696 ($sdffe) from module spark_core.

6.20.16. Executing OPT_CLEAN pass (remove unused cells and wires).
Finding unused cells or wires in module \spark_core..
Removed 234 unused cells and 254 unused wires.
<suppressed ~236 debug messages>

6.20.17. Executing OPT_EXPR pass (perform const folding).
Optimizing module spark_core.
<suppressed ~12 debug messages>

6.20.18. Rerunning OPT passes. (Maybe there is more to do..)

6.20.19. Executing OPT_MUXTREE pass (detect dead branches in mux trees).
Running muxtree optimizer on module \spark_core..
  Creating internal representation of mux trees.
  Evaluating internal representation of mux trees.
  Analyzing evaluation results.
Removed 0 multiplexer ports.
<suppressed ~133 debug messages>

6.20.20. Executing OPT_REDUCE pass (consolidate $*mux and $reduce_* inputs).
  Optimizing cells in module \spark_core.
    Consolidated identical input bits for $mux cell $procmux$6958:
      Old ports: A=43'0000000000000000000000000000000000000000000, B={ 9'100000000 \ctx_prev [23:0] \byte_r $2\t_wd[42:0] [1:0] }, Y=\t_wd
      New ports: A=35'00000000000000000000000000000000000, B={ 1'1 \ctx_prev [23:0] \byte_r $2\t_wd[42:0] [1:0] }, Y={ \t_wd [42] \t_wd [33:0] }
      New connections: \t_wd [41:34] = 8'00000000
  Optimizing cells in module \spark_core.
Performed a total of 1 changes.

6.20.21. Executing OPT_MERGE pass (detect identical cells).
Finding identical cells in module `\spark_core'.
Removed a total of 0 cells.

6.20.22. Executing OPT_SHARE pass.

6.20.23. Executing OPT_DFF pass (perform DFF optimizations).
Adding SRST signal on $auto$ff.cc:266:slice$13519 ($dffe) from module spark_core (D = $auto$rtlil.cc:2498:Mux$9929, Q = \nzc[0], rval = 16'0000000000000000).
Adding SRST signal on $auto$ff.cc:266:slice$13516 ($dffe) from module spark_core (D = $auto$rtlil.cc:2498:Mux$9929, Q = \nzc[1], rval = 16'0000000000000000).
Adding SRST signal on $auto$ff.cc:266:slice$13513 ($dffe) from module spark_core (D = $auto$rtlil.cc:2498:Mux$9929, Q = \nzc[2], rval = 16'0000000000000000).
Adding SRST signal on $auto$ff.cc:266:slice$13509 ($dffe) from module spark_core (D = $auto$rtlil.cc:2498:Mux$9937, Q = \prc[0], rval = 16'0000000000000000).
Adding SRST signal on $auto$ff.cc:266:slice$13506 ($dffe) from module spark_core (D = $auto$rtlil.cc:2498:Mux$9937, Q = \prc[1], rval = 16'0000000000000000).
Adding SRST signal on $auto$ff.cc:266:slice$13503 ($dffe) from module spark_core (D = $auto$rtlil.cc:2498:Mux$9937, Q = \prc[2], rval = 16'0000000000000000).

6.20.24. Executing OPT_CLEAN pass (remove unused cells and wires).
Finding unused cells or wires in module \spark_core..
Removed 6 unused cells and 12 unused wires.
<suppressed ~7 debug messages>

6.20.25. Executing OPT_EXPR pass (perform const folding).
Optimizing module spark_core.

6.20.26. Rerunning OPT passes. (Maybe there is more to do..)

6.20.27. Executing OPT_MUXTREE pass (detect dead branches in mux trees).
Running muxtree optimizer on module \spark_core..
  Creating internal representation of mux trees.
  Evaluating internal representation of mux trees.
  Analyzing evaluation results.
Removed 0 multiplexer ports.
<suppressed ~127 debug messages>

6.20.28. Executing OPT_REDUCE pass (consolidate $*mux and $reduce_* inputs).
  Optimizing cells in module \spark_core.
Performed a total of 0 changes.

6.20.29. Executing OPT_MERGE pass (detect identical cells).
Finding identical cells in module `\spark_core'.
Removed a total of 0 cells.

6.20.30. Executing OPT_SHARE pass.

6.20.31. Executing OPT_DFF pass (perform DFF optimizations).

6.20.32. Executing OPT_CLEAN pass (remove unused cells and wires).
Finding unused cells or wires in module \spark_core..

6.20.33. Executing OPT_EXPR pass (perform const folding).
Optimizing module spark_core.

6.20.34. Finished OPT passes. (There is nothing left to do.)

6.21. Executing TECHMAP pass (map to technology primitives).

6.21.1. Executing Verilog-2005 frontend: /usr/bin/../share/yosys/techmap.v
Parsing Verilog input from `/usr/bin/../share/yosys/techmap.v' to AST representation.
Generating RTLIL representation for module `\_90_simplemap_bool_ops'.
Generating RTLIL representation for module `\_90_simplemap_reduce_ops'.
Generating RTLIL representation for module `\_90_simplemap_logic_ops'.
Generating RTLIL representation for module `\_90_simplemap_compare_ops'.
Generating RTLIL representation for module `\_90_simplemap_various'.
Generating RTLIL representation for module `\_90_simplemap_registers'.
Generating RTLIL representation for module `\_90_shift_ops_shr_shl_sshl_sshr'.
Generating RTLIL representation for module `\_90_shift_shiftx'.
Generating RTLIL representation for module `\_90_fa'.
Generating RTLIL representation for module `\_90_lcu'.
Generating RTLIL representation for module `\_90_alu'.
Generating RTLIL representation for module `\_90_macc'.
Generating RTLIL representation for module `\_90_alumacc'.
Generating RTLIL representation for module `\$__div_mod_u'.
Generating RTLIL representation for module `\$__div_mod_trunc'.
Generating RTLIL representation for module `\_90_div'.
Generating RTLIL representation for module `\_90_mod'.
Generating RTLIL representation for module `\$__div_mod_floor'.
Generating RTLIL representation for module `\_90_divfloor'.
Generating RTLIL representation for module `\_90_modfloor'.
Generating RTLIL representation for module `\_90_pow'.
Generating RTLIL representation for module `\_90_pmux'.
Generating RTLIL representation for module `\_90_demux'.
Generating RTLIL representation for module `\_90_lut'.
Successfully finished Verilog frontend.

6.21.2. Continuing TECHMAP pass.
Using extmapper simplemap for cells of type $and.
Using extmapper simplemap for cells of type $dffe.
Using extmapper simplemap for cells of type $xor.
Using extmapper simplemap for cells of type $mux.
Using extmapper simplemap for cells of type $dff.
Using extmapper simplemap for cells of type $not.
Using extmapper simplemap for cells of type $reduce_and.
Using extmapper simplemap for cells of type $eq.
Using extmapper simplemap for cells of type $reduce_or.
Using extmapper simplemap for cells of type $or.
Using template $paramod$2653f68ddb8eab7b1907b4a20767b72a824a7a36\_90_alu for cells of type $alu.
Using template $paramod$bee2d9b174e5d569acba3e70eed4e815564102b5\_90_alu for cells of type $alu.
Using extmapper simplemap for cells of type $reduce_bool.
Using extmapper maccmap for cells of type $macc.
  add \acc_rd_s [31:16] (16 bits, signed)
  add \ev_v * \w_rd [7:4] (5x4 bits, signed)
Using extmapper simplemap for cells of type $ne.
Using extmapper simplemap for cells of type $logic_not.
Using template $paramod$ae63dc3b50d8e8327f3f28c91126b1f0b8c3a12c\_90_pmux for cells of type $pmux.
Using extmapper simplemap for cells of type $logic_and.
Using template $paramod$740b056ede97228d3eae64ea2fdc81f0a33e0fe7\_90_alu for cells of type $alu.
Using extmapper simplemap for cells of type $logic_or.
Using template $paramod$175e67c02b86e96b1288b9dc100122520d7240d8\_90_alu for cells of type $alu.
Using template $paramod$1a3a0c35c4a4896fbfd612699525c057298e72d2\_90_alu for cells of type $alu.
Using template $paramod$54d740639e1393b22262823179ff783ea9f17a35\_90_pmux for cells of type $pmux.
Using template $paramod$8fabc56b80a569262acfc42757a02ca0b8e91278\_90_pmux for cells of type $pmux.
Using template $paramod$3a2994e7fb2bb40f4f276dbd9a2c73466b1c6a8f\_90_alu for cells of type $alu.
Using template $paramod$constmap:100c7a537617e70a5ea2c19346202cad4aa0c0ce$paramod$562ec6d6a69b56f57f5064f60993430f2dca6795\_90_shift_shiftx for cells of type $shiftx.
Using template $paramod$2470b7ea32c975a55c3ab8b283381b72d09e16d3\_90_alu for cells of type $alu.
  add 32'10011110001101110111100110110001 * \ctx (32x24 bits, unsigned)
  add \acc_rd_s [15:0] (16 bits, signed)
  add \ev_v * \w_rd [3:0] (5x4 bits, signed)
Using extmapper simplemap for cells of type $sdff.
  add \acc_rd_s [47:32] (16 bits, signed)
  add \ev_v * \w_rd [11:8] (5x4 bits, signed)
  add \acc_rd_s [63:48] (16 bits, signed)
  add \ev_v * \w_rd [15:12] (5x4 bits, signed)
  add \acc_rd_s [79:64] (16 bits, signed)
  add \ev_v * \w_rd [19:16] (5x4 bits, signed)
  add \acc_rd_s [95:80] (16 bits, signed)
  add \ev_v * \w_rd [23:20] (5x4 bits, signed)
  add \acc_rd_s [111:96] (16 bits, signed)
  add \ev_v * \w_rd [27:24] (5x4 bits, signed)
Using template $paramod$constmap:491a332f3f1e0ffc589976a5f135d2ae965cbaa0$paramod$92bdcd5cc7a56d910078f9ff33586896cd725f39\_90_shift_shiftx for cells of type $shiftx.
  add $shiftx$../../rtl/spark_core.v:0$1660_Y * { 1'0 \cfg_a } (16x10 bits, signed)
Using template $paramod$constmap:6a01143d461863c6ec344c3422464774e845dd42$paramod$b8822ffc624b11f5271bedf70ccf05a8cdd71939\_90_shift_ops_shr_shl_sshl_sshr for cells of type $sshr.
Using template $paramod$constmap:c81ca6220226ba63c49fdaa5cf7e24282dc50fc1$paramod$57a5f1a272e0827b84978429ccca4556ff24617e\_90_shift_shiftx for cells of type $shiftx.
Using template $paramod$9b4e01f71573b537ca7b0d05189a56b72fdd73f0\_90_alu for cells of type $alu.
Using template $paramod$7e708ae28ab761f11d0fb59d3ffc72f6a4baf5d9\_90_alu for cells of type $alu.
Using template $paramod$a1bc51c02ce12ac21eb18988e83292af48ed7d72\_90_alu for cells of type $alu.
Using template $paramod$constmap:9b2bb9f3fd8e611fc0be4fdd30a9b22674ada952$paramod$d50b24baafc5b9e1f981e0c2062b98c049aa49eb\_90_shift_shiftx for cells of type $shiftx.
Using template $paramod$a7484d8e632daaa55385ba6c07492b56f14fc153\_90_alu for cells of type $alu.
Using template $paramod$dcb69476c4ea50ae33010ee411a8318aa586292f\_90_alu for cells of type $alu.
Using template $paramod$constmap:af01e24a4ee67fa87ae4ed198b07b68a3ff37eb9$paramod$435a18e3e8496480f4be003be1d6e23c96d80164\_90_shift_ops_shr_shl_sshl_sshr for cells of type $shr.
Using template $paramod$958ce0e0aa199c3dc84773be7e605163a9a47c02\_90_alu for cells of type $alu.
Using template $paramod$3ace65afedd5f6a6849996376b6c02262a5f23eb\_90_alu for cells of type $alu.
Using template $paramod$constmap:f3254c4a2a43d8a3097b36b6ee018a39b3199fee$paramod$85a726297021b40954e4b0052eb36954f33e6733\_90_shift_ops_shr_shl_sshl_sshr for cells of type $sshr.
Using template $paramod$f05836d85e1860e75a2ae13f8f5d94b1462396f8\_90_alu for cells of type $alu.
Using template $paramod$ca234311274098ce3690ed53881071d692cdb785\_90_alu for cells of type $alu.
Using template $paramod$constmap:1a17c0061210f734a603ebbcddf4e19d5c1235e0$paramod$26310cd2145ce8195ce119953a04d81bd5ae8bd2\_90_shift_ops_shr_shl_sshl_sshr for cells of type $sshl.
  add $shiftx$../../rtl/spark_core.v:0$1699_Y * { 1'0 \cfg_a } (16x10 bits, signed)
Using template $paramod$c7447660fa69ed31d29bfd0f7bfde4c42f66c7e6\_90_alu for cells of type $alu.
Using template $paramod$ba1bd17fab168e86fa30d7bc050fd94865a58ea9\_90_alu for cells of type $alu.
Using template $paramod$d4c0c20b0ee59f495e14575c4397dc0a6dd9e8e6\_90_alu for cells of type $alu.
  add \hl * { 1'0 \cfg_a } (16x10 bits, signed)
  add \n_nz (8 bits, unsigned)
  add bits { \srcnz_rd [1] \srcnz_rd [2] \srcnz_rd [3] \srcnz_rd [4] \srcnz_rd [5] \srcnz_rd [6] \srcnz_rd [7] \srcnz_rd [0] } (8 bits)
  packed 4 (4) bits / 4 words into adder tree
Using template $paramod$672a140277c71df8314410f22acc08d55222c3c7\_90_alu for cells of type $alu.
Using template $paramod$5fb3cea3e36078ed44b85aadf768a6588af6651e\_90_alu for cells of type $alu.
Using extmapper simplemap for cells of type $sdffe.
  add \acc_rd_s [127:112] (16 bits, signed)
  add \ev_v * \w_rd [31:28] (5x4 bits, signed)
Using template $paramod$fa8d9e4c2749d63ae521a69564d54ead1ad1232d\_90_alu for cells of type $alu.
  add $shiftx$../../rtl/spark_core.v:0$1621_Y * { 1'0 \cfg_a } (16x10 bits, signed)
Using template $paramod$e82bc780abe45b949d821aa3d0d92433ac3b9e09\_90_alu for cells of type $alu.
Using template $paramod$6a42b6fefed750f8a1c58eab59479d960557103c\_90_alu for cells of type $alu.
Using template $paramod$103b4016182df467cceab67bcf3e18e6361ec0fd\_90_alu for cells of type $alu.
Using template $paramod$adbaf76fa5a3091a329503792521395f8ff4d1a4\_90_alu for cells of type $alu.
Using template $paramod$2af30114e9bd4ccb04dad757b3f0a8f6bf0615b0\_90_alu for cells of type $alu.
Using template $paramod$f28fc3f2e267d7716249e826e8c90c34ca9542c1\_90_alu for cells of type $alu.
Using template $paramod$0a77e3c00010cb33e399decd813a7380c6e25cba\_90_alu for cells of type $alu.
  add { 8'00000000 \ctx_prev [23:0] } * 32'10011110001101110111100110110001 (32x32 bits, unsigned)
  add \n_dl (8 bits, unsigned)
  add bits { \chg_rd [1] \chg_rd [2] \chg_rd [3] \chg_rd [4] \chg_rd [5] \chg_rd [6] \chg_rd [7] \chg_rd [0] } (8 bits)
  packed 4 (4) bits / 4 words into adder tree
Using template $paramod$3ef274a4ad1e446c08416d1cf6cb5ab03146d407\_90_alu for cells of type $alu.
Using template $paramod$constmap:53f81d327ce76cbf6a8a98434119a90a4847620f$paramod$21dee603dc19e4530a14795556c80eafcc4f26b8\_90_shift_shiftx for cells of type $shift.
Analyzing pattern of constant bits for this cell:
  Constant input on bit 0 of port A: 1'0
Creating constmapped module `$paramod$constmap:fef2dea0d08d3b0491c1bdccaa8a1b8243d36a83$paramod$21dee603dc19e4530a14795556c80eafcc4f26b8\_90_shift_shiftx'.

6.21.114. Executing OPT_MUXTREE pass (detect dead branches in mux trees).
Running muxtree optimizer on module $paramod$constmap:fef2dea0d08d3b0491c1bdccaa8a1b8243d36a83$paramod$21dee603dc19e4530a14795556c80eafcc4f26b8\_90_shift_shiftx..
  Creating internal representation of mux trees.
  Evaluating internal representation of mux trees.
  Analyzing evaluation results.
    dead port 2/2 on $mux $procmux$21513.
    dead port 2/2 on $mux $procmux$21507.
    dead port 2/2 on $mux $procmux$21501.
    dead port 2/2 on $mux $procmux$21495.
Removed 4 multiplexer ports.
<suppressed ~3348 debug messages>

6.21.115. Executing OPT_EXPR pass (perform const folding).
Optimizing module $paramod$constmap:fef2dea0d08d3b0491c1bdccaa8a1b8243d36a83$paramod$21dee603dc19e4530a14795556c80eafcc4f26b8\_90_shift_shiftx.
<suppressed ~35 debug messages>
Removed 53 unused cells and 69 unused wires.
Using template $paramod$constmap:fef2dea0d08d3b0491c1bdccaa8a1b8243d36a83$paramod$21dee603dc19e4530a14795556c80eafcc4f26b8\_90_shift_shiftx for cells of type $shift.
Using template $paramod$b8a7a49af93c9972e4faced050a7ddb2a5968b70\_90_alu for cells of type $alu.
Using template $paramod$constmap:79ee240afdfd622112cdf973c4ee8d97acf4a125$paramod$d26ceb004b1c92f0df605bf9b3fc829369ac4a34\_90_shift_shiftx for cells of type $shift.
Using template $paramod$constmap:bb987bba0e22ee495db9018f481551ec8078b81a$paramod$46785a3b74fd76d6d2fa6688a2afce963ee4836c\_90_shift_shiftx for cells of type $shiftx.
Analyzing pattern of constant bits for this cell:
Creating constmapped module `$paramod$constmap:96db1c8882733f290d4b3012b59af5a420ef500e$paramod$d26ceb004b1c92f0df605bf9b3fc829369ac4a34\_90_shift_shiftx'.

6.21.128. Executing OPT_MUXTREE pass (detect dead branches in mux trees).
Running muxtree optimizer on module $paramod$constmap:96db1c8882733f290d4b3012b59af5a420ef500e$paramod$d26ceb004b1c92f0df605bf9b3fc829369ac4a34\_90_shift_shiftx..
  Creating internal representation of mux trees.
  Evaluating internal representation of mux trees.
  Analyzing evaluation results.
    dead port 2/2 on $mux $procmux$21730.
    dead port 2/2 on $mux $procmux$21724.
    dead port 2/2 on $mux $procmux$21718.
    dead port 2/2 on $mux $procmux$21712.
    dead port 2/2 on $mux $procmux$21706.
    dead port 2/2 on $mux $procmux$21700.
Removed 6 multiplexer ports.
<suppressed ~439 debug messages>

6.21.129. Executing OPT_EXPR pass (perform const folding).
Optimizing module $paramod$constmap:96db1c8882733f290d4b3012b59af5a420ef500e$paramod$d26ceb004b1c92f0df605bf9b3fc829369ac4a34\_90_shift_shiftx.
<suppressed ~28 debug messages>
Removed 0 unused cells and 11 unused wires.
Using template $paramod$constmap:96db1c8882733f290d4b3012b59af5a420ef500e$paramod$d26ceb004b1c92f0df605bf9b3fc829369ac4a34\_90_shift_shiftx for cells of type $shift.
Using template $paramod$821d2886e47353e724eaca46af4992e9c3e6ac1d\_90_alu for cells of type $alu.
Using template $paramod$constmap:cc961cae736138edb535fa40add44575f0357d44$paramod$9c26dffc1f26fbb5e41a0e9b38f441f6f7e95103\_90_shift_shiftx for cells of type $shift.
Analyzing pattern of constant bits for this cell:
Creating constmapped module `$paramod$constmap:fe85ff9f5578ad4f77221d4960347efe47d3e528$paramod$9c26dffc1f26fbb5e41a0e9b38f441f6f7e95103\_90_shift_shiftx'.

6.21.137. Executing OPT_MUXTREE pass (detect dead branches in mux trees).
Running muxtree optimizer on module $paramod$constmap:fe85ff9f5578ad4f77221d4960347efe47d3e528$paramod$9c26dffc1f26fbb5e41a0e9b38f441f6f7e95103\_90_shift_shiftx..
  Creating internal representation of mux trees.
  Evaluating internal representation of mux trees.
  Analyzing evaluation results.
    dead port 2/2 on $mux $procmux$22327.
    dead port 2/2 on $mux $procmux$22321.
    dead port 2/2 on $mux $procmux$22315.
    dead port 2/2 on $mux $procmux$22309.
    dead port 2/2 on $mux $procmux$22303.
    dead port 2/2 on $mux $procmux$22297.
    dead port 2/2 on $mux $procmux$22291.
    dead port 2/2 on $mux $procmux$22285.
Removed 8 multiplexer ports.
<suppressed ~364 debug messages>

6.21.138. Executing OPT_EXPR pass (perform const folding).
Optimizing module $paramod$constmap:fe85ff9f5578ad4f77221d4960347efe47d3e528$paramod$9c26dffc1f26fbb5e41a0e9b38f441f6f7e95103\_90_shift_shiftx.
<suppressed ~26 debug messages>
Removed 0 unused cells and 13 unused wires.
Using template $paramod$constmap:fe85ff9f5578ad4f77221d4960347efe47d3e528$paramod$9c26dffc1f26fbb5e41a0e9b38f441f6f7e95103\_90_shift_shiftx for cells of type $shift.
Using template $paramod$constmap:ed500a28162eec6329bdc0ffa60bfac8c5883157$paramod$ce55a091b10898838ad26aade7b445d84ab9783a\_90_shift_shiftx for cells of type $shift.
Analyzing pattern of constant bits for this cell:
Creating constmapped module `$paramod$constmap:a2331dc0813356c8f6f6d65ef5f409e965f54919$paramod$ce55a091b10898838ad26aade7b445d84ab9783a\_90_shift_shiftx'.

6.21.144. Executing OPT_MUXTREE pass (detect dead branches in mux trees).
Running muxtree optimizer on module $paramod$constmap:a2331dc0813356c8f6f6d65ef5f409e965f54919$paramod$ce55a091b10898838ad26aade7b445d84ab9783a\_90_shift_shiftx..
  Creating internal representation of mux trees.
  Evaluating internal representation of mux trees.
  Analyzing evaluation results.
    dead port 2/2 on $mux $procmux$22857.
    dead port 2/2 on $mux $procmux$22851.
    dead port 2/2 on $mux $procmux$22845.
    dead port 2/2 on $mux $procmux$22839.
    dead port 2/2 on $mux $procmux$22833.
    dead port 2/2 on $mux $procmux$22827.
Removed 6 multiplexer ports.
<suppressed ~270 debug messages>

6.21.145. Executing OPT_EXPR pass (perform const folding).
Optimizing module $paramod$constmap:a2331dc0813356c8f6f6d65ef5f409e965f54919$paramod$ce55a091b10898838ad26aade7b445d84ab9783a\_90_shift_shiftx.
<suppressed ~28 debug messages>
Removed 0 unused cells and 11 unused wires.
Using template $paramod$constmap:a2331dc0813356c8f6f6d65ef5f409e965f54919$paramod$ce55a091b10898838ad26aade7b445d84ab9783a\_90_shift_shiftx for cells of type $shift.
Using template $paramod$3ef7d3dd227da7627a99c5e5a6a4deb817573e39\_90_alu for cells of type $alu.
Using template $paramod$dc04b7d98e503a7bab16fce2df70e6e2c5ca34d6\_90_alu for cells of type $alu.
Using template $paramod$6df0329addda9228fcc2546de2aaf14ad26c98e1\_90_alu for cells of type $alu.
Using template $paramod$8742280fdebca84e1c87f2a86ed84f62d558f4cc\_90_alu for cells of type $alu.
Using template $paramod$c4905825bb8ecc38b98eb4167e8b007447af7884\_90_alu for cells of type $alu.
Using template $paramod$ed0bb9616228df1e6c226f91f8133e751815f1b1\_90_pmux for cells of type $pmux.
Using template $paramod$521ce43182eecb9f60c72393a788160d2c356bf5\_90_pmux for cells of type $pmux.
Using extmapper simplemap for cells of type $sdffce.
Using template $paramod$d629d85c8826a74239b9178d1930215a43b0ceb0\_90_pmux for cells of type $pmux.
Using template $paramod$ee6aae96ac61c94691bfe8c461d15653a85f16ef\_90_pmux for cells of type $pmux.
Using template $paramod$fc16b9f758000d363d24f130038bd99b46b4fa1b\_90_pmux for cells of type $pmux.
Using template $paramod$70d30c21ff772b34d0d1da2801fbd781dc3c70e4\_90_pmux for cells of type $pmux.
Using template $paramod$bf2533632d512eac76dd186c0da49367e29b8e98\_90_pmux for cells of type $pmux.
Using template $paramod$fedb90247e1daaa8b0af86a595f377181f141d27\_90_pmux for cells of type $pmux.
Using template $paramod$c2e415ef15bc3ccd2723772353a6b450d3d76206\_90_pmux for cells of type $pmux.
Using template $paramod$c5c783b17ab1d780abfad8cfe6563a0a7b47a3b0\_90_pmux for cells of type $pmux.
Using template $paramod$e95b69d3115bf069a0763f3951e78119084acbbc\_90_pmux for cells of type $pmux.
Using template $paramod$59b03ae2620a41577de8da5f5c97b2919e82362b\_90_pmux for cells of type $pmux.
Using template $paramod$49f1dc3dcd6d2c748486fe94c6744a34a19bbafe\_90_pmux for cells of type $pmux.
Using extmapper simplemap for cells of type $pos.
Using template $paramod\_90_lcu\WIDTH=32'00000000000000000000000000000010 for cells of type $lcu.
Using template $paramod\_90_fa\WIDTH=32'00000000000000000000000000010000 for cells of type $fa.
Using template $paramod\_90_fa\WIDTH=32'00000000000000000000000000100000 for cells of type $fa.
Using template $paramod\_90_fa\WIDTH=32'00000000000000000000000000011111 for cells of type $fa.
Using template $paramod$fbc7873bff55778c0b3173955b7e4bce1d9d6834\_90_alu for cells of type $alu.
Using template $paramod\_90_lcu\WIDTH=32'00000000000000000000000000000101 for cells of type $lcu.
Using template $paramod\_90_lcu\WIDTH=32'00000000000000000000000000000100 for cells of type $lcu.
Using template $paramod\_90_lcu\WIDTH=32'00000000000000000000000000100000 for cells of type $lcu.
Using template $paramod\_90_lcu\WIDTH=32'00000000000000000000000000010001 for cells of type $lcu.
Using template $paramod\_90_fa\WIDTH=32'00000000000000000000000000011001 for cells of type $fa.
Using template $paramod$4868d58a04723871777326409a611fa912defcd8\_90_alu for cells of type $alu.
Using template $paramod\_90_lcu\WIDTH=32'00000000000000000000000000011010 for cells of type $lcu.
Using template $paramod\_90_lcu\WIDTH=32'00000000000000000000000000001000 for cells of type $lcu.
Using template $paramod\_90_lcu\WIDTH=32'00000000000000000000000000001011 for cells of type $lcu.
Using template $paramod\_90_lcu\WIDTH=32'00000000000000000000000000010000 for cells of type $lcu.
Using template $paramod\_90_lcu\WIDTH=32'00000000000000000000000000001110 for cells of type $lcu.
Using template $paramod\_90_lcu\WIDTH=32'00000000000000000000000000010010 for cells of type $lcu.
Using template $paramod\_90_lcu\WIDTH=32'00000000000000000000000000001111 for cells of type $lcu.
Using template $paramod\_90_fa\WIDTH=32'00000000000000000000000000001000 for cells of type $fa.
Using template $paramod\_90_lcu\WIDTH=32'00000000000000000000000000000111 for cells of type $lcu.
Using template $paramod\_90_lcu\WIDTH=32'00000000000000000000000000000001 for cells of type $lcu.
Using template $paramod\_90_lcu\WIDTH=32'00000000000000000000000000100001 for cells of type $lcu.
Using template $paramod\_90_lcu\WIDTH=32'00000000000000000000000000000110 for cells of type $lcu.
Using template $paramod\_90_lcu\WIDTH=32'00000000000000000000000000000011 for cells of type $lcu.
Using template $paramod\_90_lcu\WIDTH=32'00000000000000000000000000011001 for cells of type $lcu.
No more expansions possible.
<suppressed ~14816 debug messages>

6.22. Executing OPT pass (performing simple optimizations).

6.22.1. Executing OPT_EXPR pass (perform const folding).
Optimizing module spark_core.
<suppressed ~34600 debug messages>

6.22.2. Executing OPT_MERGE pass (detect identical cells).
Finding identical cells in module `\spark_core'.
<suppressed ~20364 debug messages>
Removed a total of 6788 cells.

6.22.3. Executing OPT_DFF pass (perform DFF optimizations).
Adding SRST signal on $auto$ff.cc:266:slice$15802 ($_DFF_P_) from module spark_core (D = $memory\u_th0.mem$rdmux[0][1][0]$a$13153 [57], Q = \u_th0.rd [15], rval = 1'0).
Adding SRST signal on $auto$ff.cc:266:slice$15822 ($_DFF_P_) from module spark_core (D = $memory\u_th0.mem$rdmux[0][0][0]$b$13151 [82], Q = \u_th0.rd [47], rval = 1'0).
Adding SRST signal on $auto$ff.cc:266:slice$15862 ($_DFF_P_) from module spark_core (D = $memory\u_th0.mem$rdmux[0][0][0]$a$13150 [77], Q = \u_th0.rd [111], rval = 1'0).

6.22.4. Executing OPT_CLEAN pass (remove unused cells and wires).
Finding unused cells or wires in module \spark_core..
Removed 3457 unused cells and 11558 unused wires.
<suppressed ~3458 debug messages>

6.22.5. Rerunning OPT passes. (Removed registers in this run.)

6.22.6. Executing OPT_EXPR pass (perform const folding).
Optimizing module spark_core.
<suppressed ~166 debug messages>

6.22.7. Executing OPT_MERGE pass (detect identical cells).
Finding identical cells in module `\spark_core'.
<suppressed ~198 debug messages>
Removed a total of 66 cells.

6.22.8. Executing OPT_DFF pass (perform DFF optimizations).
Adding SRST signal on $auto$ff.cc:266:slice$50572 ($_DFFE_PP_) from module spark_core (D = $procmux$4678.Y_B [5], Q = \c [5], rval = 1'0).
Adding SRST signal on $auto$ff.cc:266:slice$50571 ($_DFFE_PP_) from module spark_core (D = $procmux$4678.Y_B [4], Q = \c [4], rval = 1'0).
Adding SRST signal on $auto$ff.cc:266:slice$50570 ($_DFFE_PP_) from module spark_core (D = $procmux$4678.Y_B [3], Q = \c [3], rval = 1'0).
Adding SRST signal on $auto$ff.cc:266:slice$50569 ($_DFFE_PP_) from module spark_core (D = $procmux$4678.Y_B [2], Q = \c [2], rval = 1'0).
Adding SRST signal on $auto$ff.cc:266:slice$50568 ($_DFFE_PP_) from module spark_core (D = $procmux$4678.Y_B [1], Q = \c [1], rval = 1'0).
Adding SRST signal on $auto$ff.cc:266:slice$50567 ($_DFFE_PP_) from module spark_core (D = $procmux$4678.Y_B [0], Q = \c [0], rval = 1'0).
Adding SRST signal on $auto$ff.cc:266:slice$25500 ($_SDFFCE_PP0P_) from module spark_core (D = $procmux$4860.B_AND_S [2], Q = \path [0], rval = 1'0).

6.22.9. Executing OPT_CLEAN pass (remove unused cells and wires).
Finding unused cells or wires in module \spark_core..
Removed 7 unused cells and 106 unused wires.
<suppressed ~8 debug messages>

6.22.10. Rerunning OPT passes. (Removed registers in this run.)

6.22.11. Executing OPT_EXPR pass (perform const folding).
Optimizing module spark_core.
<suppressed ~8 debug messages>

6.22.12. Executing OPT_MERGE pass (detect identical cells).
Finding identical cells in module `\spark_core'.
Removed a total of 0 cells.

6.22.13. Executing OPT_DFF pass (perform DFF optimizations).

6.22.14. Executing OPT_CLEAN pass (remove unused cells and wires).
Finding unused cells or wires in module \spark_core..
Removed 0 unused cells and 8 unused wires.
<suppressed ~1 debug messages>

6.22.15. Finished fast OPT passes.

6.23. Executing ABC pass (technology mapping using ABC).

6.23.1. Extracting gate netlist of module `\spark_core' to `<abc-temp-dir>/input.blif'..
Extracted 44754 gates and 67997 wires to a netlist network with 23240 inputs and 2881 outputs.

6.23.1.1. Executing ABC.
Running ABC command: "<yosys-exe-dir>/yosys-abc" -s -f <abc-temp-dir>/abc.script 2>&1
ABC: ABC command line: "source <abc-temp-dir>/abc.script".
ABC: 
ABC: + read_blif <abc-temp-dir>/input.blif 
ABC: + read_library <abc-temp-dir>/stdcells.genlib 
ABC: Entered genlib library with 13 gates from file "<abc-temp-dir>/stdcells.genlib".
ABC: + strash 
ABC: + dretime 
ABC: + map 
ABC: + write_blif <abc-temp-dir>/output.blif 

6.23.1.2. Re-integrating ABC results.
ABC RESULTS:              XNOR cells:     1402
ABC RESULTS:               MUX cells:    21409
ABC RESULTS:               NOT cells:     1252
ABC RESULTS:               NOR cells:     1120
ABC RESULTS:             ORNOT cells:     1269
ABC RESULTS:                OR cells:     4390
ABC RESULTS:              NAND cells:      783
ABC RESULTS:            ANDNOT cells:     8735
ABC RESULTS:               AND cells:      904
ABC RESULTS:               XOR cells:     3281
ABC RESULTS:        internal signals:    41876
ABC RESULTS:           input signals:    23240
ABC RESULTS:          output signals:     2881
Removing temp directory.

6.24. Executing OPT pass (performing simple optimizations).

6.24.1. Executing OPT_EXPR pass (perform const folding).
Optimizing module spark_core.
<suppressed ~2019 debug messages>

6.24.2. Executing OPT_MERGE pass (detect identical cells).
Finding identical cells in module `\spark_core'.
<suppressed ~363 debug messages>
Removed a total of 121 cells.

6.24.3. Executing OPT_DFF pass (perform DFF optimizations).

6.24.4. Executing OPT_CLEAN pass (remove unused cells and wires).
Finding unused cells or wires in module \spark_core..
Removed 9 unused cells and 31458 unused wires.
<suppressed ~63 debug messages>

6.24.5. Finished fast OPT passes.

6.25. Executing HIERARCHY pass (managing design hierarchy).

6.25.1. Analyzing design hierarchy..
Top module:  \spark_core

6.25.2. Analyzing design hierarchy..
Top module:  \spark_core
Removed 0 unused modules.

6.26. Printing statistics.

=== spark_core ===

   Number of wires:              42897
   Number of wire bits:          74601
   Number of public wires:         677
   Number of public wire bits:   30553
   Number of memories:               0
   Number of memory bits:            0
   Number of processes:              0
   Number of cells:              66312
     $_ANDNOT_                    8690
     $_AND_                        901
     $_DFFE_PN_                     32
     $_DFFE_PP_                  20297
     $_DFF_P_                     1041
     $_MUX_                      21409
     $_NAND_                       783
     $_NOR_                       1115
     $_NOT_                       1243
     $_ORNOT_                     1265
     $_OR_                        4372
     $_SDFFCE_PN0P_                327
     $_SDFFCE_PN1P_                  5
     $_SDFFCE_PP0P_                 40
     $_SDFFE_PP0P_                 101
     $_SDFFE_PP1P_                   1
     $_SDFF_PN0_                     2
     $_SDFF_PP0_                     7
     $_XNOR_                      1398
     $_XOR_                       3239
     sky130_sram_2kbyte_1rw1r_32x512_8     44

6.27. Executing CHECK pass (checking for obvious problems).
Checking module spark_core...
Found and reported 0 problems.

7. Executing DFFLIBMAP pass (mapping DFF cells to sequential cells from liberty file).
Warning: Found unsupported expression 'D&!SCE|SCD&SCE' in pin attribute of cell 'sky130_fd_sc_hd__sdfbbn_1' - skipping.
Warning: Found unsupported expression 'D&!SCE|SCD&SCE' in pin attribute of cell 'sky130_fd_sc_hd__sdfbbn_2' - skipping.
Warning: Found unsupported expression 'D&!SCE|SCD&SCE' in pin attribute of cell 'sky130_fd_sc_hd__sdfrtn_1' - skipping.
Warning: Found unsupported expression 'D&DE|IQ&!DE' in pin attribute of cell 'sky130_fd_sc_hd__edfxbp_1' - skipping.
Warning: Found unsupported expression 'D&DE|IQ&!DE' in pin attribute of cell 'sky130_fd_sc_hd__edfxtp_1' - skipping.
Warning: Found unsupported expression 'D&!SCE|SCD&SCE' in pin attribute of cell 'sky130_fd_sc_hd__sdfbbp_1' - skipping.
Warning: Found unsupported expression 'D&!SCE|SCD&SCE' in pin attribute of cell 'sky130_fd_sc_hd__sdfrbp_1' - skipping.
Warning: Found unsupported expression 'D&!SCE|SCD&SCE' in pin attribute of cell 'sky130_fd_sc_hd__sdfrbp_2' - skipping.
Warning: Found unsupported expression 'D&!SCE|SCD&SCE' in pin attribute of cell 'sky130_fd_sc_hd__sdfrtp_1' - skipping.
Warning: Found unsupported expression 'D&!SCE|SCD&SCE' in pin attribute of cell 'sky130_fd_sc_hd__sdfrtp_2' - skipping.
Warning: Found unsupported expression 'D&!SCE|SCD&SCE' in pin attribute of cell 'sky130_fd_sc_hd__sdfrtp_4' - skipping.
Warning: Found unsupported expression 'D&!SCE|SCD&SCE' in pin attribute of cell 'sky130_fd_sc_hd__sdfsbp_1' - skipping.
Warning: Found unsupported expression 'D&!SCE|SCD&SCE' in pin attribute of cell 'sky130_fd_sc_hd__sdfsbp_2' - skipping.
Warning: Found unsupported expression 'D&!SCE|SCD&SCE' in pin attribute of cell 'sky130_fd_sc_hd__sdfstp_1' - skipping.
Warning: Found unsupported expression 'D&!SCE|SCD&SCE' in pin attribute of cell 'sky130_fd_sc_hd__sdfstp_2' - skipping.
Warning: Found unsupported expression 'D&!SCE|SCD&SCE' in pin attribute of cell 'sky130_fd_sc_hd__sdfstp_4' - skipping.
Warning: Found unsupported expression 'D&!SCE|SCD&SCE' in pin attribute of cell 'sky130_fd_sc_hd__sdfxbp_1' - skipping.
Warning: Found unsupported expression 'D&!SCE|SCD&SCE' in pin attribute of cell 'sky130_fd_sc_hd__sdfxbp_2' - skipping.
Warning: Found unsupported expression 'D&!SCE|SCD&SCE' in pin attribute of cell 'sky130_fd_sc_hd__sdfxtp_1' - skipping.
Warning: Found unsupported expression 'D&!SCE|SCD&SCE' in pin attribute of cell 'sky130_fd_sc_hd__sdfxtp_2' - skipping.
Warning: Found unsupported expression 'D&!SCE|SCD&SCE' in pin attribute of cell 'sky130_fd_sc_hd__sdfxtp_4' - skipping.
Warning: Found unsupported expression 'D&DE&!SCE|IQ&!DE&!SCE|SCD&SCE' in pin attribute of cell 'sky130_fd_sc_hd__sedfxbp_1' - skipping.
Warning: Found unsupported expression 'D&DE&!SCE|IQ&!DE&!SCE|SCD&SCE' in pin attribute of cell 'sky130_fd_sc_hd__sedfxbp_2' - skipping.
Warning: Found unsupported expression 'D&DE&!SCE|IQ&!DE&!SCE|SCD&SCE' in pin attribute of cell 'sky130_fd_sc_hd__sedfxtp_1' - skipping.
Warning: Found unsupported expression 'D&DE&!SCE|IQ&!DE&!SCE|SCD&SCE' in pin attribute of cell 'sky130_fd_sc_hd__sedfxtp_2' - skipping.
Warning: Found unsupported expression 'D&DE&!SCE|IQ&!DE&!SCE|SCD&SCE' in pin attribute of cell 'sky130_fd_sc_hd__sedfxtp_4' - skipping.
  cell sky130_fd_sc_hd__dfxtp_1 (noninv, pins=3, area=20.02) is a direct match for cell type $_DFF_P_.
Warning: Found unsupported expression 'D&!SCE|SCD&SCE' in pin attribute of cell 'sky130_fd_sc_hd__sdfbbn_1' - skipping.
Warning: Found unsupported expression 'D&!SCE|SCD&SCE' in pin attribute of cell 'sky130_fd_sc_hd__sdfbbn_2' - skipping.
Warning: Found unsupported expression 'D&!SCE|SCD&SCE' in pin attribute of cell 'sky130_fd_sc_hd__sdfrtn_1' - skipping.
  cell sky130_fd_sc_hd__dfrtn_1 (noninv, pins=4, area=25.02) is a direct match for cell type $_DFF_NN0_.
Warning: Found unsupported expression 'D&!SCE|SCD&SCE' in pin attribute of cell 'sky130_fd_sc_hd__sdfbbn_1' - skipping.
Warning: Found unsupported expression 'D&!SCE|SCD&SCE' in pin attribute of cell 'sky130_fd_sc_hd__sdfbbn_2' - skipping.
Warning: Found unsupported expression 'D&!SCE|SCD&SCE' in pin attribute of cell 'sky130_fd_sc_hd__sdfrtn_1' - skipping.
Warning: Found unsupported expression 'D&!SCE|SCD&SCE' in pin attribute of cell 'sky130_fd_sc_hd__sdfbbn_1' - skipping.
Warning: Found unsupported expression 'D&!SCE|SCD&SCE' in pin attribute of cell 'sky130_fd_sc_hd__sdfbbn_2' - skipping.
Warning: Found unsupported expression 'D&!SCE|SCD&SCE' in pin attribute of cell 'sky130_fd_sc_hd__sdfrtn_1' - skipping.
Warning: Found unsupported expression 'D&!SCE|SCD&SCE' in pin attribute of cell 'sky130_fd_sc_hd__sdfbbn_1' - skipping.
Warning: Found unsupported expression 'D&!SCE|SCD&SCE' in pin attribute of cell 'sky130_fd_sc_hd__sdfbbn_2' - skipping.
Warning: Found unsupported expression 'D&!SCE|SCD&SCE' in pin attribute of cell 'sky130_fd_sc_hd__sdfrtn_1' - skipping.
Warning: Found unsupported expression 'D&DE|IQ&!DE' in pin attribute of cell 'sky130_fd_sc_hd__edfxbp_1' - skipping.
Warning: Found unsupported expression 'D&DE|IQ&!DE' in pin attribute of cell 'sky130_fd_sc_hd__edfxtp_1' - skipping.
Warning: Found unsupported expression 'D&!SCE|SCD&SCE' in pin attribute of cell 'sky130_fd_sc_hd__sdfbbp_1' - skipping.
Warning: Found unsupported expression 'D&!SCE|SCD&SCE' in pin attribute of cell 'sky130_fd_sc_hd__sdfrbp_1' - skipping.
Warning: Found unsupported expression 'D&!SCE|SCD&SCE' in pin attribute of cell 'sky130_fd_sc_hd__sdfrbp_2' - skipping.
Warning: Found unsupported expression 'D&!SCE|SCD&SCE' in pin attribute of cell 'sky130_fd_sc_hd__sdfrtp_1' - skipping.
Warning: Found unsupported expression 'D&!SCE|SCD&SCE' in pin attribute of cell 'sky130_fd_sc_hd__sdfrtp_2' - skipping.
Warning: Found unsupported expression 'D&!SCE|SCD&SCE' in pin attribute of cell 'sky130_fd_sc_hd__sdfrtp_4' - skipping.
Warning: Found unsupported expression 'D&!SCE|SCD&SCE' in pin attribute of cell 'sky130_fd_sc_hd__sdfsbp_1' - skipping.
Warning: Found unsupported expression 'D&!SCE|SCD&SCE' in pin attribute of cell 'sky130_fd_sc_hd__sdfsbp_2' - skipping.
Warning: Found unsupported expression 'D&!SCE|SCD&SCE' in pin attribute of cell 'sky130_fd_sc_hd__sdfstp_1' - skipping.
Warning: Found unsupported expression 'D&!SCE|SCD&SCE' in pin attribute of cell 'sky130_fd_sc_hd__sdfstp_2' - skipping.
Warning: Found unsupported expression 'D&!SCE|SCD&SCE' in pin attribute of cell 'sky130_fd_sc_hd__sdfstp_4' - skipping.
Warning: Found unsupported expression 'D&!SCE|SCD&SCE' in pin attribute of cell 'sky130_fd_sc_hd__sdfxbp_1' - skipping.
Warning: Found unsupported expression 'D&!SCE|SCD&SCE' in pin attribute of cell 'sky130_fd_sc_hd__sdfxbp_2' - skipping.
Warning: Found unsupported expression 'D&!SCE|SCD&SCE' in pin attribute of cell 'sky130_fd_sc_hd__sdfxtp_1' - skipping.
Warning: Found unsupported expression 'D&!SCE|SCD&SCE' in pin attribute of cell 'sky130_fd_sc_hd__sdfxtp_2' - skipping.
Warning: Found unsupported expression 'D&!SCE|SCD&SCE' in pin attribute of cell 'sky130_fd_sc_hd__sdfxtp_4' - skipping.
Warning: Found unsupported expression 'D&DE&!SCE|IQ&!DE&!SCE|SCD&SCE' in pin attribute of cell 'sky130_fd_sc_hd__sedfxbp_1' - skipping.
Warning: Found unsupported expression 'D&DE&!SCE|IQ&!DE&!SCE|SCD&SCE' in pin attribute of cell 'sky130_fd_sc_hd__sedfxbp_2' - skipping.
Warning: Found unsupported expression 'D&DE&!SCE|IQ&!DE&!SCE|SCD&SCE' in pin attribute of cell 'sky130_fd_sc_hd__sedfxtp_1' - skipping.
Warning: Found unsupported expression 'D&DE&!SCE|IQ&!DE&!SCE|SCD&SCE' in pin attribute of cell 'sky130_fd_sc_hd__sedfxtp_2' - skipping.
Warning: Found unsupported expression 'D&DE&!SCE|IQ&!DE&!SCE|SCD&SCE' in pin attribute of cell 'sky130_fd_sc_hd__sedfxtp_4' - skipping.
  cell sky130_fd_sc_hd__dfrtp_1 (noninv, pins=4, area=25.02) is a direct match for cell type $_DFF_PN0_.
Warning: Found unsupported expression 'D&DE|IQ&!DE' in pin attribute of cell 'sky130_fd_sc_hd__edfxbp_1' - skipping.
Warning: Found unsupported expression 'D&DE|IQ&!DE' in pin attribute of cell 'sky130_fd_sc_hd__edfxtp_1' - skipping.
Warning: Found unsupported expression 'D&!SCE|SCD&SCE' in pin attribute of cell 'sky130_fd_sc_hd__sdfbbp_1' - skipping.
Warning: Found unsupported expression 'D&!SCE|SCD&SCE' in pin attribute of cell 'sky130_fd_sc_hd__sdfrbp_1' - skipping.
Warning: Found unsupported expression 'D&!SCE|SCD&SCE' in pin attribute of cell 'sky130_fd_sc_hd__sdfrbp_2' - skipping.
Warning: Found unsupported expression 'D&!SCE|SCD&SCE' in pin attribute of cell 'sky130_fd_sc_hd__sdfrtp_1' - skipping.
Warning: Found unsupported expression 'D&!SCE|SCD&SCE' in pin attribute of cell 'sky130_fd_sc_hd__sdfrtp_2' - skipping.
Warning: Found unsupported expression 'D&!SCE|SCD&SCE' in pin attribute of cell 'sky130_fd_sc_hd__sdfrtp_4' - skipping.
Warning: Found unsupported expression 'D&!SCE|SCD&SCE' in pin attribute of cell 'sky130_fd_sc_hd__sdfsbp_1' - skipping.
Warning: Found unsupported expression 'D&!SCE|SCD&SCE' in pin attribute of cell 'sky130_fd_sc_hd__sdfsbp_2' - skipping.
Warning: Found unsupported expression 'D&!SCE|SCD&SCE' in pin attribute of cell 'sky130_fd_sc_hd__sdfstp_1' - skipping.
Warning: Found unsupported expression 'D&!SCE|SCD&SCE' in pin attribute of cell 'sky130_fd_sc_hd__sdfstp_2' - skipping.
Warning: Found unsupported expression 'D&!SCE|SCD&SCE' in pin attribute of cell 'sky130_fd_sc_hd__sdfstp_4' - skipping.
Warning: Found unsupported expression 'D&!SCE|SCD&SCE' in pin attribute of cell 'sky130_fd_sc_hd__sdfxbp_1' - skipping.
Warning: Found unsupported expression 'D&!SCE|SCD&SCE' in pin attribute of cell 'sky130_fd_sc_hd__sdfxbp_2' - skipping.
Warning: Found unsupported expression 'D&!SCE|SCD&SCE' in pin attribute of cell 'sky130_fd_sc_hd__sdfxtp_1' - skipping.
Warning: Found unsupported expression 'D&!SCE|SCD&SCE' in pin attribute of cell 'sky130_fd_sc_hd__sdfxtp_2' - skipping.
Warning: Found unsupported expression 'D&!SCE|SCD&SCE' in pin attribute of cell 'sky130_fd_sc_hd__sdfxtp_4' - skipping.
Warning: Found unsupported expression 'D&DE&!SCE|IQ&!DE&!SCE|SCD&SCE' in pin attribute of cell 'sky130_fd_sc_hd__sedfxbp_1' - skipping.
Warning: Found unsupported expression 'D&DE&!SCE|IQ&!DE&!SCE|SCD&SCE' in pin attribute of cell 'sky130_fd_sc_hd__sedfxbp_2' - skipping.
Warning: Found unsupported expression 'D&DE&!SCE|IQ&!DE&!SCE|SCD&SCE' in pin attribute of cell 'sky130_fd_sc_hd__sedfxtp_1' - skipping.
Warning: Found unsupported expression 'D&DE&!SCE|IQ&!DE&!SCE|SCD&SCE' in pin attribute of cell 'sky130_fd_sc_hd__sedfxtp_2' - skipping.
Warning: Found unsupported expression 'D&DE&!SCE|IQ&!DE&!SCE|SCD&SCE' in pin attribute of cell 'sky130_fd_sc_hd__sedfxtp_4' - skipping.
  cell sky130_fd_sc_hd__dfstp_2 (noninv, pins=4, area=26.28) is a direct match for cell type $_DFF_PN1_.
Warning: Found unsupported expression 'D&DE|IQ&!DE' in pin attribute of cell 'sky130_fd_sc_hd__edfxbp_1' - skipping.
Warning: Found unsupported expression 'D&DE|IQ&!DE' in pin attribute of cell 'sky130_fd_sc_hd__edfxtp_1' - skipping.
Warning: Found unsupported expression 'D&!SCE|SCD&SCE' in pin attribute of cell 'sky130_fd_sc_hd__sdfbbp_1' - skipping.
Warning: Found unsupported expression 'D&!SCE|SCD&SCE' in pin attribute of cell 'sky130_fd_sc_hd__sdfrbp_1' - skipping.
Warning: Found unsupported expression 'D&!SCE|SCD&SCE' in pin attribute of cell 'sky130_fd_sc_hd__sdfrbp_2' - skipping.
Warning: Found unsupported expression 'D&!SCE|SCD&SCE' in pin attribute of cell 'sky130_fd_sc_hd__sdfrtp_1' - skipping.
Warning: Found unsupported expression 'D&!SCE|SCD&SCE' in pin attribute of cell 'sky130_fd_sc_hd__sdfrtp_2' - skipping.
Warning: Found unsupported expression 'D&!SCE|SCD&SCE' in pin attribute of cell 'sky130_fd_sc_hd__sdfrtp_4' - skipping.
Warning: Found unsupported expression 'D&!SCE|SCD&SCE' in pin attribute of cell 'sky130_fd_sc_hd__sdfsbp_1' - skipping.
Warning: Found unsupported expression 'D&!SCE|SCD&SCE' in pin attribute of cell 'sky130_fd_sc_hd__sdfsbp_2' - skipping.
Warning: Found unsupported expression 'D&!SCE|SCD&SCE' in pin attribute of cell 'sky130_fd_sc_hd__sdfstp_1' - skipping.
Warning: Found unsupported expression 'D&!SCE|SCD&SCE' in pin attribute of cell 'sky130_fd_sc_hd__sdfstp_2' - skipping.
Warning: Found unsupported expression 'D&!SCE|SCD&SCE' in pin attribute of cell 'sky130_fd_sc_hd__sdfstp_4' - skipping.
Warning: Found unsupported expression 'D&!SCE|SCD&SCE' in pin attribute of cell 'sky130_fd_sc_hd__sdfxbp_1' - skipping.
Warning: Found unsupported expression 'D&!SCE|SCD&SCE' in pin attribute of cell 'sky130_fd_sc_hd__sdfxbp_2' - skipping.
Warning: Found unsupported expression 'D&!SCE|SCD&SCE' in pin attribute of cell 'sky130_fd_sc_hd__sdfxtp_1' - skipping.
Warning: Found unsupported expression 'D&!SCE|SCD&SCE' in pin attribute of cell 'sky130_fd_sc_hd__sdfxtp_2' - skipping.
Warning: Found unsupported expression 'D&!SCE|SCD&SCE' in pin attribute of cell 'sky130_fd_sc_hd__sdfxtp_4' - skipping.
Warning: Found unsupported expression 'D&DE&!SCE|IQ&!DE&!SCE|SCD&SCE' in pin attribute of cell 'sky130_fd_sc_hd__sedfxbp_1' - skipping.
Warning: Found unsupported expression 'D&DE&!SCE|IQ&!DE&!SCE|SCD&SCE' in pin attribute of cell 'sky130_fd_sc_hd__sedfxbp_2' - skipping.
Warning: Found unsupported expression 'D&DE&!SCE|IQ&!DE&!SCE|SCD&SCE' in pin attribute of cell 'sky130_fd_sc_hd__sedfxtp_1' - skipping.
Warning: Found unsupported expression 'D&DE&!SCE|IQ&!DE&!SCE|SCD&SCE' in pin attribute of cell 'sky130_fd_sc_hd__sedfxtp_2' - skipping.
Warning: Found unsupported expression 'D&DE&!SCE|IQ&!DE&!SCE|SCD&SCE' in pin attribute of cell 'sky130_fd_sc_hd__sedfxtp_4' - skipping.
Warning: Found unsupported expression 'D&DE|IQ&!DE' in pin attribute of cell 'sky130_fd_sc_hd__edfxbp_1' - skipping.
Warning: Found unsupported expression 'D&DE|IQ&!DE' in pin attribute of cell 'sky130_fd_sc_hd__edfxtp_1' - skipping.
Warning: Found unsupported expression 'D&!SCE|SCD&SCE' in pin attribute of cell 'sky130_fd_sc_hd__sdfbbp_1' - skipping.
Warning: Found unsupported expression 'D&!SCE|SCD&SCE' in pin attribute of cell 'sky130_fd_sc_hd__sdfrbp_1' - skipping.
Warning: Found unsupported expression 'D&!SCE|SCD&SCE' in pin attribute of cell 'sky130_fd_sc_hd__sdfrbp_2' - skipping.
Warning: Found unsupported expression 'D&!SCE|SCD&SCE' in pin attribute of cell 'sky130_fd_sc_hd__sdfrtp_1' - skipping.
Warning: Found unsupported expression 'D&!SCE|SCD&SCE' in pin attribute of cell 'sky130_fd_sc_hd__sdfrtp_2' - skipping.
Warning: Found unsupported expression 'D&!SCE|SCD&SCE' in pin attribute of cell 'sky130_fd_sc_hd__sdfrtp_4' - skipping.
Warning: Found unsupported expression 'D&!SCE|SCD&SCE' in pin attribute of cell 'sky130_fd_sc_hd__sdfsbp_1' - skipping.
Warning: Found unsupported expression 'D&!SCE|SCD&SCE' in pin attribute of cell 'sky130_fd_sc_hd__sdfsbp_2' - skipping.
Warning: Found unsupported expression 'D&!SCE|SCD&SCE' in pin attribute of cell 'sky130_fd_sc_hd__sdfstp_1' - skipping.
Warning: Found unsupported expression 'D&!SCE|SCD&SCE' in pin attribute of cell 'sky130_fd_sc_hd__sdfstp_2' - skipping.
Warning: Found unsupported expression 'D&!SCE|SCD&SCE' in pin attribute of cell 'sky130_fd_sc_hd__sdfstp_4' - skipping.
Warning: Found unsupported expression 'D&!SCE|SCD&SCE' in pin attribute of cell 'sky130_fd_sc_hd__sdfxbp_1' - skipping.
Warning: Found unsupported expression 'D&!SCE|SCD&SCE' in pin attribute of cell 'sky130_fd_sc_hd__sdfxbp_2' - skipping.
Warning: Found unsupported expression 'D&!SCE|SCD&SCE' in pin attribute of cell 'sky130_fd_sc_hd__sdfxtp_1' - skipping.
Warning: Found unsupported expression 'D&!SCE|SCD&SCE' in pin attribute of cell 'sky130_fd_sc_hd__sdfxtp_2' - skipping.
Warning: Found unsupported expression 'D&!SCE|SCD&SCE' in pin attribute of cell 'sky130_fd_sc_hd__sdfxtp_4' - skipping.
Warning: Found unsupported expression 'D&DE&!SCE|IQ&!DE&!SCE|SCD&SCE' in pin attribute of cell 'sky130_fd_sc_hd__sedfxbp_1' - skipping.
Warning: Found unsupported expression 'D&DE&!SCE|IQ&!DE&!SCE|SCD&SCE' in pin attribute of cell 'sky130_fd_sc_hd__sedfxbp_2' - skipping.
Warning: Found unsupported expression 'D&DE&!SCE|IQ&!DE&!SCE|SCD&SCE' in pin attribute of cell 'sky130_fd_sc_hd__sedfxtp_1' - skipping.
Warning: Found unsupported expression 'D&DE&!SCE|IQ&!DE&!SCE|SCD&SCE' in pin attribute of cell 'sky130_fd_sc_hd__sedfxtp_2' - skipping.
Warning: Found unsupported expression 'D&DE&!SCE|IQ&!DE&!SCE|SCD&SCE' in pin attribute of cell 'sky130_fd_sc_hd__sedfxtp_4' - skipping.
Warning: Found unsupported expression 'D&!SCE|SCD&SCE' in pin attribute of cell 'sky130_fd_sc_hd__sdfbbn_1' - skipping.
Warning: Found unsupported expression 'D&!SCE|SCD&SCE' in pin attribute of cell 'sky130_fd_sc_hd__sdfbbn_2' - skipping.
Warning: Found unsupported expression 'D&!SCE|SCD&SCE' in pin attribute of cell 'sky130_fd_sc_hd__sdfrtn_1' - skipping.
  cell sky130_fd_sc_hd__dfbbn_1 (noninv, pins=6, area=32.53) is a direct match for cell type $_DFFSR_NNN_.
Warning: Found unsupported expression 'D&!SCE|SCD&SCE' in pin attribute of cell 'sky130_fd_sc_hd__sdfbbn_1' - skipping.
Warning: Found unsupported expression 'D&!SCE|SCD&SCE' in pin attribute of cell 'sky130_fd_sc_hd__sdfbbn_2' - skipping.
Warning: Found unsupported expression 'D&!SCE|SCD&SCE' in pin attribute of cell 'sky130_fd_sc_hd__sdfrtn_1' - skipping.
Warning: Found unsupported expression 'D&!SCE|SCD&SCE' in pin attribute of cell 'sky130_fd_sc_hd__sdfbbn_1' - skipping.
Warning: Found unsupported expression 'D&!SCE|SCD&SCE' in pin attribute of cell 'sky130_fd_sc_hd__sdfbbn_2' - skipping.
Warning: Found unsupported expression 'D&!SCE|SCD&SCE' in pin attribute of cell 'sky130_fd_sc_hd__sdfrtn_1' - skipping.
Warning: Found unsupported expression 'D&!SCE|SCD&SCE' in pin attribute of cell 'sky130_fd_sc_hd__sdfbbn_1' - skipping.
Warning: Found unsupported expression 'D&!SCE|SCD&SCE' in pin attribute of cell 'sky130_fd_sc_hd__sdfbbn_2' - skipping.
Warning: Found unsupported expression 'D&!SCE|SCD&SCE' in pin attribute of cell 'sky130_fd_sc_hd__sdfrtn_1' - skipping.
Warning: Found unsupported expression 'D&DE|IQ&!DE' in pin attribute of cell 'sky130_fd_sc_hd__edfxbp_1' - skipping.
Warning: Found unsupported expression 'D&DE|IQ&!DE' in pin attribute of cell 'sky130_fd_sc_hd__edfxtp_1' - skipping.
Warning: Found unsupported expression 'D&!SCE|SCD&SCE' in pin attribute of cell 'sky130_fd_sc_hd__sdfbbp_1' - skipping.
Warning: Found unsupported expression 'D&!SCE|SCD&SCE' in pin attribute of cell 'sky130_fd_sc_hd__sdfrbp_1' - skipping.
Warning: Found unsupported expression 'D&!SCE|SCD&SCE' in pin attribute of cell 'sky130_fd_sc_hd__sdfrbp_2' - skipping.
Warning: Found unsupported expression 'D&!SCE|SCD&SCE' in pin attribute of cell 'sky130_fd_sc_hd__sdfrtp_1' - skipping.
Warning: Found unsupported expression 'D&!SCE|SCD&SCE' in pin attribute of cell 'sky130_fd_sc_hd__sdfrtp_2' - skipping.
Warning: Found unsupported expression 'D&!SCE|SCD&SCE' in pin attribute of cell 'sky130_fd_sc_hd__sdfrtp_4' - skipping.
Warning: Found unsupported expression 'D&!SCE|SCD&SCE' in pin attribute of cell 'sky130_fd_sc_hd__sdfsbp_1' - skipping.
Warning: Found unsupported expression 'D&!SCE|SCD&SCE' in pin attribute of cell 'sky130_fd_sc_hd__sdfsbp_2' - skipping.
Warning: Found unsupported expression 'D&!SCE|SCD&SCE' in pin attribute of cell 'sky130_fd_sc_hd__sdfstp_1' - skipping.
Warning: Found unsupported expression 'D&!SCE|SCD&SCE' in pin attribute of cell 'sky130_fd_sc_hd__sdfstp_2' - skipping.
Warning: Found unsupported expression 'D&!SCE|SCD&SCE' in pin attribute of cell 'sky130_fd_sc_hd__sdfstp_4' - skipping.
Warning: Found unsupported expression 'D&!SCE|SCD&SCE' in pin attribute of cell 'sky130_fd_sc_hd__sdfxbp_1' - skipping.
Warning: Found unsupported expression 'D&!SCE|SCD&SCE' in pin attribute of cell 'sky130_fd_sc_hd__sdfxbp_2' - skipping.
Warning: Found unsupported expression 'D&!SCE|SCD&SCE' in pin attribute of cell 'sky130_fd_sc_hd__sdfxtp_1' - skipping.
Warning: Found unsupported expression 'D&!SCE|SCD&SCE' in pin attribute of cell 'sky130_fd_sc_hd__sdfxtp_2' - skipping.
Warning: Found unsupported expression 'D&!SCE|SCD&SCE' in pin attribute of cell 'sky130_fd_sc_hd__sdfxtp_4' - skipping.
Warning: Found unsupported expression 'D&DE&!SCE|IQ&!DE&!SCE|SCD&SCE' in pin attribute of cell 'sky130_fd_sc_hd__sedfxbp_1' - skipping.
Warning: Found unsupported expression 'D&DE&!SCE|IQ&!DE&!SCE|SCD&SCE' in pin attribute of cell 'sky130_fd_sc_hd__sedfxbp_2' - skipping.
Warning: Found unsupported expression 'D&DE&!SCE|IQ&!DE&!SCE|SCD&SCE' in pin attribute of cell 'sky130_fd_sc_hd__sedfxtp_1' - skipping.
Warning: Found unsupported expression 'D&DE&!SCE|IQ&!DE&!SCE|SCD&SCE' in pin attribute of cell 'sky130_fd_sc_hd__sedfxtp_2' - skipping.
Warning: Found unsupported expression 'D&DE&!SCE|IQ&!DE&!SCE|SCD&SCE' in pin attribute of cell 'sky130_fd_sc_hd__sedfxtp_4' - skipping.
  cell sky130_fd_sc_hd__dfbbp_1 (noninv, pins=6, area=32.53) is a direct match for cell type $_DFFSR_PNN_.
Warning: Found unsupported expression 'D&DE|IQ&!DE' in pin attribute of cell 'sky130_fd_sc_hd__edfxbp_1' - skipping.
Warning: Found unsupported expression 'D&DE|IQ&!DE' in pin attribute of cell 'sky130_fd_sc_hd__edfxtp_1' - skipping.
Warning: Found unsupported expression 'D&!SCE|SCD&SCE' in pin attribute of cell 'sky130_fd_sc_hd__sdfbbp_1' - skipping.
Warning: Found unsupported expression 'D&!SCE|SCD&SCE' in pin attribute of cell 'sky130_fd_sc_hd__sdfrbp_1' - skipping.
Warning: Found unsupported expression 'D&!SCE|SCD&SCE' in pin attribute of cell 'sky130_fd_sc_hd__sdfrbp_2' - skipping.
Warning: Found unsupported expression 'D&!SCE|SCD&SCE' in pin attribute of cell 'sky130_fd_sc_hd__sdfrtp_1' - skipping.
Warning: Found unsupported expression 'D&!SCE|SCD&SCE' in pin attribute of cell 'sky130_fd_sc_hd__sdfrtp_2' - skipping.
Warning: Found unsupported expression 'D&!SCE|SCD&SCE' in pin attribute of cell 'sky130_fd_sc_hd__sdfrtp_4' - skipping.
Warning: Found unsupported expression 'D&!SCE|SCD&SCE' in pin attribute of cell 'sky130_fd_sc_hd__sdfsbp_1' - skipping.
Warning: Found unsupported expression 'D&!SCE|SCD&SCE' in pin attribute of cell 'sky130_fd_sc_hd__sdfsbp_2' - skipping.
Warning: Found unsupported expression 'D&!SCE|SCD&SCE' in pin attribute of cell 'sky130_fd_sc_hd__sdfstp_1' - skipping.
Warning: Found unsupported expression 'D&!SCE|SCD&SCE' in pin attribute of cell 'sky130_fd_sc_hd__sdfstp_2' - skipping.
Warning: Found unsupported expression 'D&!SCE|SCD&SCE' in pin attribute of cell 'sky130_fd_sc_hd__sdfstp_4' - skipping.
Warning: Found unsupported expression 'D&!SCE|SCD&SCE' in pin attribute of cell 'sky130_fd_sc_hd__sdfxbp_1' - skipping.
Warning: Found unsupported expression 'D&!SCE|SCD&SCE' in pin attribute of cell 'sky130_fd_sc_hd__sdfxbp_2' - skipping.
Warning: Found unsupported expression 'D&!SCE|SCD&SCE' in pin attribute of cell 'sky130_fd_sc_hd__sdfxtp_1' - skipping.
Warning: Found unsupported expression 'D&!SCE|SCD&SCE' in pin attribute of cell 'sky130_fd_sc_hd__sdfxtp_2' - skipping.
Warning: Found unsupported expression 'D&!SCE|SCD&SCE' in pin attribute of cell 'sky130_fd_sc_hd__sdfxtp_4' - skipping.
Warning: Found unsupported expression 'D&DE&!SCE|IQ&!DE&!SCE|SCD&SCE' in pin attribute of cell 'sky130_fd_sc_hd__sedfxbp_1' - skipping.
Warning: Found unsupported expression 'D&DE&!SCE|IQ&!DE&!SCE|SCD&SCE' in pin attribute of cell 'sky130_fd_sc_hd__sedfxbp_2' - skipping.
Warning: Found unsupported expression 'D&DE&!SCE|IQ&!DE&!SCE|SCD&SCE' in pin attribute of cell 'sky130_fd_sc_hd__sedfxtp_1' - skipping.
Warning: Found unsupported expression 'D&DE&!SCE|IQ&!DE&!SCE|SCD&SCE' in pin attribute of cell 'sky130_fd_sc_hd__sedfxtp_2' - skipping.
Warning: Found unsupported expression 'D&DE&!SCE|IQ&!DE&!SCE|SCD&SCE' in pin attribute of cell 'sky130_fd_sc_hd__sedfxtp_4' - skipping.
Warning: Found unsupported expression 'D&DE|IQ&!DE' in pin attribute of cell 'sky130_fd_sc_hd__edfxbp_1' - skipping.
Warning: Found unsupported expression 'D&DE|IQ&!DE' in pin attribute of cell 'sky130_fd_sc_hd__edfxtp_1' - skipping.
Warning: Found unsupported expression 'D&!SCE|SCD&SCE' in pin attribute of cell 'sky130_fd_sc_hd__sdfbbp_1' - skipping.
Warning: Found unsupported expression 'D&!SCE|SCD&SCE' in pin attribute of cell 'sky130_fd_sc_hd__sdfrbp_1' - skipping.
Warning: Found unsupported expression 'D&!SCE|SCD&SCE' in pin attribute of cell 'sky130_fd_sc_hd__sdfrbp_2' - skipping.
Warning: Found unsupported expression 'D&!SCE|SCD&SCE' in pin attribute of cell 'sky130_fd_sc_hd__sdfrtp_1' - skipping.
Warning: Found unsupported expression 'D&!SCE|SCD&SCE' in pin attribute of cell 'sky130_fd_sc_hd__sdfrtp_2' - skipping.
Warning: Found unsupported expression 'D&!SCE|SCD&SCE' in pin attribute of cell 'sky130_fd_sc_hd__sdfrtp_4' - skipping.
Warning: Found unsupported expression 'D&!SCE|SCD&SCE' in pin attribute of cell 'sky130_fd_sc_hd__sdfsbp_1' - skipping.
Warning: Found unsupported expression 'D&!SCE|SCD&SCE' in pin attribute of cell 'sky130_fd_sc_hd__sdfsbp_2' - skipping.
Warning: Found unsupported expression 'D&!SCE|SCD&SCE' in pin attribute of cell 'sky130_fd_sc_hd__sdfstp_1' - skipping.
Warning: Found unsupported expression 'D&!SCE|SCD&SCE' in pin attribute of cell 'sky130_fd_sc_hd__sdfstp_2' - skipping.
Warning: Found unsupported expression 'D&!SCE|SCD&SCE' in pin attribute of cell 'sky130_fd_sc_hd__sdfstp_4' - skipping.
Warning: Found unsupported expression 'D&!SCE|SCD&SCE' in pin attribute of cell 'sky130_fd_sc_hd__sdfxbp_1' - skipping.
Warning: Found unsupported expression 'D&!SCE|SCD&SCE' in pin attribute of cell 'sky130_fd_sc_hd__sdfxbp_2' - skipping.
Warning: Found unsupported expression 'D&!SCE|SCD&SCE' in pin attribute of cell 'sky130_fd_sc_hd__sdfxtp_1' - skipping.
Warning: Found unsupported expression 'D&!SCE|SCD&SCE' in pin attribute of cell 'sky130_fd_sc_hd__sdfxtp_2' - skipping.
Warning: Found unsupported expression 'D&!SCE|SCD&SCE' in pin attribute of cell 'sky130_fd_sc_hd__sdfxtp_4' - skipping.
Warning: Found unsupported expression 'D&DE&!SCE|IQ&!DE&!SCE|SCD&SCE' in pin attribute of cell 'sky130_fd_sc_hd__sedfxbp_1' - skipping.
Warning: Found unsupported expression 'D&DE&!SCE|IQ&!DE&!SCE|SCD&SCE' in pin attribute of cell 'sky130_fd_sc_hd__sedfxbp_2' - skipping.
Warning: Found unsupported expression 'D&DE&!SCE|IQ&!DE&!SCE|SCD&SCE' in pin attribute of cell 'sky130_fd_sc_hd__sedfxtp_1' - skipping.
Warning: Found unsupported expression 'D&DE&!SCE|IQ&!DE&!SCE|SCD&SCE' in pin attribute of cell 'sky130_fd_sc_hd__sedfxtp_2' - skipping.
Warning: Found unsupported expression 'D&DE&!SCE|IQ&!DE&!SCE|SCD&SCE' in pin attribute of cell 'sky130_fd_sc_hd__sedfxtp_4' - skipping.
Warning: Found unsupported expression 'D&DE|IQ&!DE' in pin attribute of cell 'sky130_fd_sc_hd__edfxbp_1' - skipping.
Warning: Found unsupported expression 'D&DE|IQ&!DE' in pin attribute of cell 'sky130_fd_sc_hd__edfxtp_1' - skipping.
Warning: Found unsupported expression 'D&!SCE|SCD&SCE' in pin attribute of cell 'sky130_fd_sc_hd__sdfbbp_1' - skipping.
Warning: Found unsupported expression 'D&!SCE|SCD&SCE' in pin attribute of cell 'sky130_fd_sc_hd__sdfrbp_1' - skipping.
Warning: Found unsupported expression 'D&!SCE|SCD&SCE' in pin attribute of cell 'sky130_fd_sc_hd__sdfrbp_2' - skipping.
Warning: Found unsupported expression 'D&!SCE|SCD&SCE' in pin attribute of cell 'sky130_fd_sc_hd__sdfrtp_1' - skipping.
Warning: Found unsupported expression 'D&!SCE|SCD&SCE' in pin attribute of cell 'sky130_fd_sc_hd__sdfrtp_2' - skipping.
Warning: Found unsupported expression 'D&!SCE|SCD&SCE' in pin attribute of cell 'sky130_fd_sc_hd__sdfrtp_4' - skipping.
Warning: Found unsupported expression 'D&!SCE|SCD&SCE' in pin attribute of cell 'sky130_fd_sc_hd__sdfsbp_1' - skipping.
Warning: Found unsupported expression 'D&!SCE|SCD&SCE' in pin attribute of cell 'sky130_fd_sc_hd__sdfsbp_2' - skipping.
Warning: Found unsupported expression 'D&!SCE|SCD&SCE' in pin attribute of cell 'sky130_fd_sc_hd__sdfstp_1' - skipping.
Warning: Found unsupported expression 'D&!SCE|SCD&SCE' in pin attribute of cell 'sky130_fd_sc_hd__sdfstp_2' - skipping.
Warning: Found unsupported expression 'D&!SCE|SCD&SCE' in pin attribute of cell 'sky130_fd_sc_hd__sdfstp_4' - skipping.
Warning: Found unsupported expression 'D&!SCE|SCD&SCE' in pin attribute of cell 'sky130_fd_sc_hd__sdfxbp_1' - skipping.
Warning: Found unsupported expression 'D&!SCE|SCD&SCE' in pin attribute of cell 'sky130_fd_sc_hd__sdfxbp_2' - skipping.
Warning: Found unsupported expression 'D&!SCE|SCD&SCE' in pin attribute of cell 'sky130_fd_sc_hd__sdfxtp_1' - skipping.
Warning: Found unsupported expression 'D&!SCE|SCD&SCE' in pin attribute of cell 'sky130_fd_sc_hd__sdfxtp_2' - skipping.
Warning: Found unsupported expression 'D&!SCE|SCD&SCE' in pin attribute of cell 'sky130_fd_sc_hd__sdfxtp_4' - skipping.
Warning: Found unsupported expression 'D&DE&!SCE|IQ&!DE&!SCE|SCD&SCE' in pin attribute of cell 'sky130_fd_sc_hd__sedfxbp_1' - skipping.
Warning: Found unsupported expression 'D&DE&!SCE|IQ&!DE&!SCE|SCD&SCE' in pin attribute of cell 'sky130_fd_sc_hd__sedfxbp_2' - skipping.
Warning: Found unsupported expression 'D&DE&!SCE|IQ&!DE&!SCE|SCD&SCE' in pin attribute of cell 'sky130_fd_sc_hd__sedfxtp_1' - skipping.
Warning: Found unsupported expression 'D&DE&!SCE|IQ&!DE&!SCE|SCD&SCE' in pin attribute of cell 'sky130_fd_sc_hd__sedfxtp_2' - skipping.
Warning: Found unsupported expression 'D&DE&!SCE|IQ&!DE&!SCE|SCD&SCE' in pin attribute of cell 'sky130_fd_sc_hd__sedfxtp_4' - skipping.
  final dff cell mappings:
    unmapped dff cell: $_DFF_N_
    \sky130_fd_sc_hd__dfxtp_1 _DFF_P_ (.CLK( C), .D( D), .Q( Q));
    \sky130_fd_sc_hd__dfrtn_1 _DFF_NN0_ (.CLK_N( C), .D( D), .Q( Q), .RESET_B( R));
    unmapped dff cell: $_DFF_NN1_
    unmapped dff cell: $_DFF_NP0_
    unmapped dff cell: $_DFF_NP1_
    \sky130_fd_sc_hd__dfrtp_1 _DFF_PN0_ (.CLK( C), .D( D), .Q( Q), .RESET_B( R));
    \sky130_fd_sc_hd__dfstp_2 _DFF_PN1_ (.CLK( C), .D( D), .Q( Q), .SET_B( R));
    unmapped dff cell: $_DFF_PP0_
    unmapped dff cell: $_DFF_PP1_
    \sky130_fd_sc_hd__dfbbn_1 _DFFSR_NNN_ (.CLK_N( C), .D( D), .Q( Q), .Q_N(~Q), .RESET_B( R), .SET_B( S));
    unmapped dff cell: $_DFFSR_NNP_
    unmapped dff cell: $_DFFSR_NPN_
    unmapped dff cell: $_DFFSR_NPP_
    \sky130_fd_sc_hd__dfbbp_1 _DFFSR_PNN_ (.CLK( C), .D( D), .Q( Q), .Q_N(~Q), .RESET_B( R), .SET_B( S));
    unmapped dff cell: $_DFFSR_PNP_
    unmapped dff cell: $_DFFSR_PPN_
    unmapped dff cell: $_DFFSR_PPP_

7.1. Executing DFFLEGALIZE pass (convert FFs to types supported by the target).
Mapping DFF cells in module `\spark_core':
  mapped 21853 $_DFF_P_ cells to \sky130_fd_sc_hd__dfxtp_1 cells.

8. Executing ABC pass (technology mapping using ABC).

8.1. Extracting gate netlist of module `\spark_core' to `<abc-temp-dir>/input.blif'..
Extracted 65701 gates and 88965 wires to a netlist network with 23262 inputs and 21985 outputs.

8.1.1. Executing ABC.
Running ABC command: "<yosys-exe-dir>/yosys-abc" -s -f <abc-temp-dir>/abc.script 2>&1
ABC: ABC command line: "source <abc-temp-dir>/abc.script".
ABC: 
ABC: + read_blif <abc-temp-dir>/input.blif 
ABC: + read_lib -w /home/user/gpu2.0/hw/asic/syn/hd_tt_dontuse.lib 
ABC: Parsing finished successfully.  Parsing time =     0.07 sec
ABC: Scl_LibertyReadGenlib() skipped cell "sky130_fd_sc_hd__decap_12" without logic function.
ABC: Scl_LibertyReadGenlib() skipped cell "sky130_fd_sc_hd__decap_3" without logic function.
ABC: Scl_LibertyReadGenlib() skipped cell "sky130_fd_sc_hd__decap_4" without logic function.
ABC: Scl_LibertyReadGenlib() skipped cell "sky130_fd_sc_hd__decap_6" without logic function.
ABC: Scl_LibertyReadGenlib() skipped cell "sky130_fd_sc_hd__decap_8" without logic function.
ABC: Scl_LibertyReadGenlib() skipped sequential cell "sky130_fd_sc_hd__dfbbn_1".
ABC: Scl_LibertyReadGenlib() skipped sequential cell "sky130_fd_sc_hd__dfbbn_2".
ABC: Scl_LibertyReadGenlib() skipped sequential cell "sky130_fd_sc_hd__dfbbp_1".
ABC: Scl_LibertyReadGenlib() skipped sequential cell "sky130_fd_sc_hd__dfrbp_1".
ABC: Scl_LibertyReadGenlib() skipped sequential cell "sky130_fd_sc_hd__dfrbp_2".
ABC: Scl_LibertyReadGenlib() skipped sequential cell "sky130_fd_sc_hd__dfrtn_1".
ABC: Scl_LibertyReadGenlib() skipped sequential cell "sky130_fd_sc_hd__dfrtp_1".
ABC: Scl_LibertyReadGenlib() skipped sequential cell "sky130_fd_sc_hd__dfrtp_2".
ABC: Scl_LibertyReadGenlib() skipped sequential cell "sky130_fd_sc_hd__dfrtp_4".
ABC: Scl_LibertyReadGenlib() skipped sequential cell "sky130_fd_sc_hd__dfsbp_1".
ABC: Scl_LibertyReadGenlib() skipped sequential cell "sky130_fd_sc_hd__dfsbp_2".
ABC: Scl_LibertyReadGenlib() skipped sequential cell "sky130_fd_sc_hd__dfstp_1".
ABC: Scl_LibertyReadGenlib() skipped sequential cell "sky130_fd_sc_hd__dfstp_2".
ABC: Scl_LibertyReadGenlib() skipped sequential cell "sky130_fd_sc_hd__dfstp_4".
ABC: Scl_LibertyReadGenlib() skipped sequential cell "sky130_fd_sc_hd__dfxbp_1".
ABC: Scl_LibertyReadGenlib() skipped sequential cell "sky130_fd_sc_hd__dfxbp_2".
ABC: Scl_LibertyReadGenlib() skipped sequential cell "sky130_fd_sc_hd__dfxtp_1".
ABC: Scl_LibertyReadGenlib() skipped sequential cell "sky130_fd_sc_hd__dfxtp_2".
ABC: Scl_LibertyReadGenlib() skipped sequential cell "sky130_fd_sc_hd__dfxtp_4".
ABC: Scl_LibertyReadGenlib() skipped cell "sky130_fd_sc_hd__diode_2" without logic function.
ABC: Scl_LibertyReadGenlib() skipped cell "sky130_fd_sc_hd__dlclkp_1" without logic function.
ABC: Scl_LibertyReadGenlib() skipped cell "sky130_fd_sc_hd__dlclkp_2" without logic function.
ABC: Scl_LibertyReadGenlib() skipped cell "sky130_fd_sc_hd__dlclkp_4" without logic function.
ABC: Scl_LibertyReadGenlib() skipped sequential cell "sky130_fd_sc_hd__dlrbn_1".
ABC: Scl_LibertyReadGenlib() skipped sequential cell "sky130_fd_sc_hd__dlrbn_2".
ABC: Scl_LibertyReadGenlib() skipped sequential cell "sky130_fd_sc_hd__dlrbp_1".
ABC: Scl_LibertyReadGenlib() skipped sequential cell "sky130_fd_sc_hd__dlrbp_2".
ABC: Scl_LibertyReadGenlib() skipped sequential cell "sky130_fd_sc_hd__dlrtn_1".
ABC: Scl_LibertyReadGenlib() skipped sequential cell "sky130_fd_sc_hd__dlrtn_2".
ABC: Scl_LibertyReadGenlib() skipped sequential cell "sky130_fd_sc_hd__dlrtn_4".
ABC: Scl_LibertyReadGenlib() skipped sequential cell "sky130_fd_sc_hd__dlrtp_1".
ABC: Scl_LibertyReadGenlib() skipped sequential cell "sky130_fd_sc_hd__dlrtp_2".
ABC: Scl_LibertyReadGenlib() skipped sequential cell "sky130_fd_sc_hd__dlrtp_4".
ABC: Scl_LibertyReadGenlib() skipped sequential cell "sky130_fd_sc_hd__dlxbn_1".
ABC: Scl_LibertyReadGenlib() skipped sequential cell "sky130_fd_sc_hd__dlxbn_2".
ABC: Scl_LibertyReadGenlib() skipped sequential cell "sky130_fd_sc_hd__dlxbp_1".
ABC: Scl_LibertyReadGenlib() skipped sequential cell "sky130_fd_sc_hd__dlxtn_1".
ABC: Scl_LibertyReadGenlib() skipped sequential cell "sky130_fd_sc_hd__dlxtn_2".
ABC: Scl_LibertyReadGenlib() skipped sequential cell "sky130_fd_sc_hd__dlxtn_4".
ABC: Scl_LibertyReadGenlib() skipped sequential cell "sky130_fd_sc_hd__dlxtp_1".
ABC: Scl_LibertyReadGenlib() skipped three-state cell "sky130_fd_sc_hd__ebufn_1".
ABC: Scl_LibertyReadGenlib() skipped three-state cell "sky130_fd_sc_hd__ebufn_2".
ABC: Scl_LibertyReadGenlib() skipped three-state cell "sky130_fd_sc_hd__ebufn_4".
ABC: Scl_LibertyReadGenlib() skipped three-state cell "sky130_fd_sc_hd__ebufn_8".
ABC: Scl_LibertyReadGenlib() skipped sequential cell "sky130_fd_sc_hd__edfxbp_1".
ABC: Scl_LibertyReadGenlib() skipped sequential cell "sky130_fd_sc_hd__edfxtp_1".
ABC: Scl_LibertyReadGenlib() skipped three-state cell "sky130_fd_sc_hd__einvn_0".
ABC: Scl_LibertyReadGenlib() skipped three-state cell "sky130_fd_sc_hd__einvn_1".
ABC: Scl_LibertyReadGenlib() skipped three-state cell "sky130_fd_sc_hd__einvn_2".
ABC: Scl_LibertyReadGenlib() skipped three-state cell "sky130_fd_sc_hd__einvn_4".
ABC: Scl_LibertyReadGenlib() skipped three-state cell "sky130_fd_sc_hd__einvn_8".
ABC: Scl_LibertyReadGenlib() skipped three-state cell "sky130_fd_sc_hd__einvp_1".
ABC: Scl_LibertyReadGenlib() skipped three-state cell "sky130_fd_sc_hd__einvp_2".
ABC: Scl_LibertyReadGenlib() skipped three-state cell "sky130_fd_sc_hd__einvp_4".
ABC: Scl_LibertyReadGenlib() skipped three-state cell "sky130_fd_sc_hd__einvp_8".
ABC: Scl_LibertyReadGenlib() skipped cell "sky130_fd_sc_hd__lpflow_bleeder_1" due to dont_use attribute.
ABC: Scl_LibertyReadGenlib() skipped cell "sky130_fd_sc_hd__lpflow_clkbufkapwr_1" due to dont_use attribute.
ABC: Scl_LibertyReadGenlib() skipped cell "sky130_fd_sc_hd__lpflow_clkbufkapwr_16" due to dont_use attribute.
ABC: Scl_LibertyReadGenlib() skipped cell "sky130_fd_sc_hd__lpflow_clkbufkapwr_2" due to dont_use attribute.
ABC: Scl_LibertyReadGenlib() skipped cell "sky130_fd_sc_hd__lpflow_clkbufkapwr_4" due to dont_use attribute.
ABC: Scl_LibertyReadGenlib() skipped cell "sky130_fd_sc_hd__lpflow_clkbufkapwr_8" due to dont_use attribute.
ABC: Scl_LibertyReadGenlib() skipped cell "sky130_fd_sc_hd__lpflow_clkinvkapwr_1" due to dont_use attribute.
ABC: Scl_LibertyReadGenlib() skipped cell "sky130_fd_sc_hd__lpflow_clkinvkapwr_16" due to dont_use attribute.
ABC: Scl_LibertyReadGenlib() skipped cell "sky130_fd_sc_hd__lpflow_clkinvkapwr_2" due to dont_use attribute.
ABC: Scl_LibertyReadGenlib() skipped cell "sky130_fd_sc_hd__lpflow_clkinvkapwr_4" due to dont_use attribute.
ABC: Scl_LibertyReadGenlib() skipped cell "sky130_fd_sc_hd__lpflow_clkinvkapwr_8" due to dont_use attribute.
ABC: Scl_LibertyReadGenlib() skipped cell "sky130_fd_sc_hd__lpflow_decapkapwr_12" due to dont_use attribute.
ABC: Scl_LibertyReadGenlib() skipped cell "sky130_fd_sc_hd__lpflow_decapkapwr_3" due to dont_use attribute.
ABC: Scl_LibertyReadGenlib() skipped cell "sky130_fd_sc_hd__lpflow_decapkapwr_4" due to dont_use attribute.
ABC: Scl_LibertyReadGenlib() skipped cell "sky130_fd_sc_hd__lpflow_decapkapwr_6" due to dont_use attribute.
ABC: Scl_LibertyReadGenlib() skipped cell "sky130_fd_sc_hd__lpflow_decapkapwr_8" due to dont_use attribute.
ABC: Scl_LibertyReadGenlib() skipped cell "sky130_fd_sc_hd__lpflow_inputiso0n_1" due to dont_use attribute.
ABC: Scl_LibertyReadGenlib() skipped cell "sky130_fd_sc_hd__lpflow_inputiso0p_1" due to dont_use attribute.
ABC: Scl_LibertyReadGenlib() skipped cell "sky130_fd_sc_hd__lpflow_inputiso1n_1" due to dont_use attribute.
ABC: Scl_LibertyReadGenlib() skipped cell "sky130_fd_sc_hd__lpflow_inputiso1p_1" due to dont_use attribute.
ABC: Scl_LibertyReadGenlib() skipped sequential cell "sky130_fd_sc_hd__lpflow_inputisolatch_1".
ABC: Scl_LibertyReadGenlib() skipped cell "sky130_fd_sc_hd__lpflow_isobufsrc_1" due to dont_use attribute.
ABC: Scl_LibertyReadGenlib() skipped cell "sky130_fd_sc_hd__lpflow_isobufsrc_16" due to dont_use attribute.
ABC: Scl_LibertyReadGenlib() skipped cell "sky130_fd_sc_hd__lpflow_isobufsrc_2" due to dont_use attribute.
ABC: Scl_LibertyReadGenlib() skipped cell "sky130_fd_sc_hd__lpflow_isobufsrc_4" due to dont_use attribute.
ABC: Scl_LibertyReadGenlib() skipped cell "sky130_fd_sc_hd__lpflow_isobufsrc_8" due to dont_use attribute.
ABC: Scl_LibertyReadGenlib() skipped cell "sky130_fd_sc_hd__lpflow_isobufsrckapwr_16" due to dont_use attribute.
ABC: Scl_LibertyReadGenlib() skipped cell "sky130_fd_sc_hd__lpflow_lsbuf_lh_hl_isowell_tap_1" due to dont_use attribute.
ABC: Scl_LibertyReadGenlib() skipped cell "sky130_fd_sc_hd__lpflow_lsbuf_lh_hl_isowell_tap_2" due to dont_use attribute.
ABC: Scl_LibertyReadGenlib() skipped cell "sky130_fd_sc_hd__lpflow_lsbuf_lh_hl_isowell_tap_4" due to dont_use attribute.
ABC: Scl_LibertyReadGenlib() skipped cell "sky130_fd_sc_hd__lpflow_lsbuf_lh_isowell_4" due to dont_use attribute.
ABC: Scl_LibertyReadGenlib() skipped cell "sky130_fd_sc_hd__lpflow_lsbuf_lh_isowell_tap_1" due to dont_use attribute.
ABC: Scl_LibertyReadGenlib() skipped cell "sky130_fd_sc_hd__lpflow_lsbuf_lh_isowell_tap_2" due to dont_use attribute.
ABC: Scl_LibertyReadGenlib() skipped cell "sky130_fd_sc_hd__lpflow_lsbuf_lh_isowell_tap_4" due to dont_use attribute.
ABC: Scl_LibertyReadGenlib() skipped cell "sky130_fd_sc_hd__probe_p_8" due to dont_use attribute.
ABC: Scl_LibertyReadGenlib() skipped cell "sky130_fd_sc_hd__probec_p_8" due to dont_use attribute.
ABC: Scl_LibertyReadGenlib() skipped sequential cell "sky130_fd_sc_hd__sdfbbn_1".
ABC: Scl_LibertyReadGenlib() skipped sequential cell "sky130_fd_sc_hd__sdfbbn_2".
ABC: Scl_LibertyReadGenlib() skipped sequential cell "sky130_fd_sc_hd__sdfbbp_1".
ABC: Scl_LibertyReadGenlib() skipped sequential cell "sky130_fd_sc_hd__sdfrbp_1".
ABC: Scl_LibertyReadGenlib() skipped sequential cell "sky130_fd_sc_hd__sdfrbp_2".
ABC: Scl_LibertyReadGenlib() skipped sequential cell "sky130_fd_sc_hd__sdfrtn_1".
ABC: Scl_LibertyReadGenlib() skipped sequential cell "sky130_fd_sc_hd__sdfrtp_1".
ABC: Scl_LibertyReadGenlib() skipped sequential cell "sky130_fd_sc_hd__sdfrtp_2".
ABC: Scl_LibertyReadGenlib() skipped sequential cell "sky130_fd_sc_hd__sdfrtp_4".
ABC: Scl_LibertyReadGenlib() skipped sequential cell "sky130_fd_sc_hd__sdfsbp_1".
ABC: Scl_LibertyReadGenlib() skipped sequential cell "sky130_fd_sc_hd__sdfsbp_2".
ABC: Scl_LibertyReadGenlib() skipped sequential cell "sky130_fd_sc_hd__sdfstp_1".
ABC: Scl_LibertyReadGenlib() skipped sequential cell "sky130_fd_sc_hd__sdfstp_2".
ABC: Scl_LibertyReadGenlib() skipped sequential cell "sky130_fd_sc_hd__sdfstp_4".
ABC: Scl_LibertyReadGenlib() skipped sequential cell "sky130_fd_sc_hd__sdfxbp_1".
ABC: Scl_LibertyReadGenlib() skipped sequential cell "sky130_fd_sc_hd__sdfxbp_2".
ABC: Scl_LibertyReadGenlib() skipped sequential cell "sky130_fd_sc_hd__sdfxtp_1".
ABC: Scl_LibertyReadGenlib() skipped sequential cell "sky130_fd_sc_hd__sdfxtp_2".
ABC: Scl_LibertyReadGenlib() skipped sequential cell "sky130_fd_sc_hd__sdfxtp_4".
ABC: Scl_LibertyReadGenlib() skipped cell "sky130_fd_sc_hd__sdlclkp_1" without logic function.
ABC: Scl_LibertyReadGenlib() skipped cell "sky130_fd_sc_hd__sdlclkp_2" without logic function.
ABC: Scl_LibertyReadGenlib() skipped cell "sky130_fd_sc_hd__sdlclkp_4" without logic function.
ABC: Scl_LibertyReadGenlib() skipped sequential cell "sky130_fd_sc_hd__sedfxbp_1".
ABC: Scl_LibertyReadGenlib() skipped sequential cell "sky130_fd_sc_hd__sedfxbp_2".
ABC: Scl_LibertyReadGenlib() skipped sequential cell "sky130_fd_sc_hd__sedfxtp_1".
ABC: Scl_LibertyReadGenlib() skipped sequential cell "sky130_fd_sc_hd__sedfxtp_2".
ABC: Scl_LibertyReadGenlib() skipped sequential cell "sky130_fd_sc_hd__sedfxtp_4".
ABC: Library "sky130_fd_sc_hd__tt_025C_1v80" from "/home/user/gpu2.0/hw/asic/syn/hd_tt_dontuse.lib" has 305 cells (88 skipped: 63 seq; 13 tri-state; 12 no func; 35 dont_use).  Time =     0.10 sec
ABC: Memory =   19.85 MB. Time =     0.10 sec
ABC: Warning: Detected 9 multi-output gates (for example, "sky130_fd_sc_hd__fa_1").
ABC: + strash 
ABC: + &get -n 
ABC: + &fraig -x 
ABC: + &put 
ABC: + scorr 
ABC: Warning: The network is combinational (run "fraig" or "fraig_sweep").
ABC: + dc2 
ABC: + dretime 
ABC: + retime -o -D 20000 
ABC: + strash 
ABC: + &get -n 
ABC: + &dch -f 
ABC: + &nf -D 20000 
ABC: + &put 
ABC: + write_blif <abc-temp-dir>/output.blif 

8.1.2. Re-integrating ABC results.
ABC RESULTS:   sky130_fd_sc_hd__a21bo_1 cells:        7
ABC RESULTS:   sky130_fd_sc_hd__a222oi_1 cells:      145
ABC RESULTS:   sky130_fd_sc_hd__a311o_1 cells:        1
ABC RESULTS:   sky130_fd_sc_hd__o32a_1 cells:        4
ABC RESULTS:   sky130_fd_sc_hd__a32oi_1 cells:       14
ABC RESULTS:   sky130_fd_sc_hd__a2111o_1 cells:        1
ABC RESULTS:   sky130_fd_sc_hd__nor4bb_1 cells:        2
ABC RESULTS:   sky130_fd_sc_hd__or4b_1 cells:        1
ABC RESULTS:   sky130_fd_sc_hd__o311ai_0 cells:      970
ABC RESULTS:   sky130_fd_sc_hd__a221o_1 cells:       47
ABC RESULTS:   sky130_fd_sc_hd__o22a_1 cells:        8
ABC RESULTS:   sky130_fd_sc_hd__o2bb2ai_1 cells:        4
ABC RESULTS:   sky130_fd_sc_hd__a32o_1 cells:        4
ABC RESULTS:   sky130_fd_sc_hd__and4b_1 cells:        1
ABC RESULTS:   sky130_fd_sc_hd__a31o_1 cells:       11
ABC RESULTS:   sky130_fd_sc_hd__o221ai_1 cells:       33
ABC RESULTS:   sky130_fd_sc_hd__o32ai_1 cells:      263
ABC RESULTS:   sky130_fd_sc_hd__a41o_1 cells:        2
ABC RESULTS:   sky130_fd_sc_hd__o221a_1 cells:        1
ABC RESULTS:   sky130_fd_sc_hd__o2111a_1 cells:        1
ABC RESULTS:   sky130_fd_sc_hd__o311a_1 cells:        3
ABC RESULTS:   sky130_fd_sc_hd__a311oi_1 cells:       42
ABC RESULTS:   sky130_fd_sc_hd__or3b_1 cells:        4
ABC RESULTS:   sky130_fd_sc_hd__and3b_1 cells:       45
ABC RESULTS:   sky130_fd_sc_hd__o31a_1 cells:       12
ABC RESULTS:   sky130_fd_sc_hd__xnor3_1 cells:       71
ABC RESULTS:   sky130_fd_sc_hd__xor3_1 cells:      117
ABC RESULTS:   sky130_fd_sc_hd__nor4b_1 cells:        4
ABC RESULTS:   sky130_fd_sc_hd__nand4b_1 cells:        5
ABC RESULTS:   sky130_fd_sc_hd__o41ai_1 cells:        5
ABC RESULTS:   sky130_fd_sc_hd__a41oi_1 cells:       17
ABC RESULTS:   sky130_fd_sc_hd__o211a_1 cells:        6
ABC RESULTS:   sky130_fd_sc_hd__o41a_1 cells:        2
ABC RESULTS:   sky130_fd_sc_hd__o2111ai_1 cells:       23
ABC RESULTS:   sky130_fd_sc_hd__o21ba_1 cells:        2
ABC RESULTS:   sky130_fd_sc_hd__a221oi_1 cells:     1084
ABC RESULTS:   sky130_fd_sc_hd__a211o_1 cells:        9
ABC RESULTS:   sky130_fd_sc_hd__a21boi_0 cells:       62
ABC RESULTS:   sky130_fd_sc_hd__a22oi_1 cells:      479
ABC RESULTS:   sky130_fd_sc_hd__a2111oi_0 cells:       20
ABC RESULTS:   sky130_fd_sc_hd__mux4_2 cells:     2149
ABC RESULTS:   sky130_fd_sc_hd__a21o_1 cells:      120
ABC RESULTS:   sky130_fd_sc_hd__o21a_1 cells:      235
ABC RESULTS:   sky130_fd_sc_hd__o22ai_1 cells:       97
ABC RESULTS:   sky130_fd_sc_hd__or4_1 cells:       24
ABC RESULTS:   sky130_fd_sc_hd__o21bai_1 cells:       38
ABC RESULTS:   sky130_fd_sc_hd__nor2b_1 cells:      365
ABC RESULTS:   sky130_fd_sc_hd__maj3_1 cells:      839
ABC RESULTS:   sky130_fd_sc_hd__or2_0 cells:      222
ABC RESULTS:   sky130_fd_sc_hd__or3_1 cells:      733
ABC RESULTS:   sky130_fd_sc_hd__and4_1 cells:       30
ABC RESULTS:   sky130_fd_sc_hd__clkinv_1 cells:      401
ABC RESULTS:   sky130_fd_sc_hd__nand3b_1 cells:       16
ABC RESULTS:   sky130_fd_sc_hd__xor2_1 cells:      925
ABC RESULTS:   sky130_fd_sc_hd__xnor2_1 cells:     2078
ABC RESULTS:   sky130_fd_sc_hd__and3_1 cells:      189
ABC RESULTS:   sky130_fd_sc_hd__o31ai_1 cells:     1647
ABC RESULTS:   sky130_fd_sc_hd__nor4_1 cells:      102
ABC RESULTS:   sky130_fd_sc_hd__nand4_1 cells:       75
ABC RESULTS:   sky130_fd_sc_hd__o211ai_1 cells:       82
ABC RESULTS:   sky130_fd_sc_hd__and2_0 cells:      143
ABC RESULTS:   sky130_fd_sc_hd__a31oi_1 cells:      443
ABC RESULTS:   sky130_fd_sc_hd__mux2i_1 cells:      799
ABC RESULTS:   sky130_fd_sc_hd__nand2b_1 cells:      479
ABC RESULTS:   sky130_fd_sc_hd__nand3_1 cells:      551
ABC RESULTS:   sky130_fd_sc_hd__nor3_1 cells:     1022
ABC RESULTS:   sky130_fd_sc_hd__nand2_1 cells:    22053
ABC RESULTS:   sky130_fd_sc_hd__o21ai_0 cells:    12871
ABC RESULTS:   sky130_fd_sc_hd__a211oi_1 cells:      663
ABC RESULTS:   sky130_fd_sc_hd__nor3b_1 cells:       82
ABC RESULTS:   sky130_fd_sc_hd__a22o_1 cells:      385
ABC RESULTS:   sky130_fd_sc_hd__mux2_1 cells:     7397
ABC RESULTS:   sky130_fd_sc_hd__nor2_1 cells:     4736
ABC RESULTS:   sky130_fd_sc_hd__a21oi_1 cells:     6385
ABC RESULTS:        internal signals:    43718
ABC RESULTS:           input signals:    23262
ABC RESULTS:          output signals:    21985
Removing temp directory.

9. Executing SETUNDEF pass (replace undef values with defined constants).

10. Executing SPLITNETS pass (splitting up multi-bit signals).

11. Executing OPT_CLEAN pass (remove unused cells and wires).
Finding unused cells or wires in module \spark_core..
Removed 0 unused cells and 95706 unused wires.
<suppressed ~7039 debug messages>

12. Executing HILOMAP pass (mapping to constant drivers).

13. Executing INSBUF pass (insert buffer cells for connected wires).

14. Executing OPT_CLEAN pass (remove unused cells and wires).
Finding unused cells or wires in module \spark_core..

15. Printing statistics.

=== spark_core ===

   Number of wires:              95693
   Number of wire bits:          95693
   Number of public wires:       23515
   Number of public wire bits:   23515
   Number of memories:               0
   Number of memory bits:            0
   Number of processes:              0
   Number of cells:              94147
     sky130_fd_sc_hd__a2111o_1       1
     sky130_fd_sc_hd__a2111oi_0     20
     sky130_fd_sc_hd__a211o_1        9
     sky130_fd_sc_hd__a211oi_1     663
     sky130_fd_sc_hd__a21bo_1        7
     sky130_fd_sc_hd__a21boi_0      62
     sky130_fd_sc_hd__a21o_1       120
     sky130_fd_sc_hd__a21oi_1     6385
     sky130_fd_sc_hd__a221o_1       47
     sky130_fd_sc_hd__a221oi_1    1084
     sky130_fd_sc_hd__a222oi_1     145
     sky130_fd_sc_hd__a22o_1       385
     sky130_fd_sc_hd__a22oi_1      479
     sky130_fd_sc_hd__a311o_1        1
     sky130_fd_sc_hd__a311oi_1      42
     sky130_fd_sc_hd__a31o_1        11
     sky130_fd_sc_hd__a31oi_1      443
     sky130_fd_sc_hd__a32o_1         4
     sky130_fd_sc_hd__a32oi_1       14
     sky130_fd_sc_hd__a41o_1         2
     sky130_fd_sc_hd__a41oi_1       17
     sky130_fd_sc_hd__and2_0       143
     sky130_fd_sc_hd__and3_1       189
     sky130_fd_sc_hd__and3b_1       45
     sky130_fd_sc_hd__and4_1        30
     sky130_fd_sc_hd__and4b_1        1
     sky130_fd_sc_hd__clkinv_1     401
     sky130_fd_sc_hd__conb_1       342
     sky130_fd_sc_hd__dfxtp_1    21853
     sky130_fd_sc_hd__maj3_1       839
     sky130_fd_sc_hd__mux2_1      7397
     sky130_fd_sc_hd__mux2i_1      799
     sky130_fd_sc_hd__mux4_2      2149
     sky130_fd_sc_hd__nand2_1    22053
     sky130_fd_sc_hd__nand2b_1     479
     sky130_fd_sc_hd__nand3_1      551
     sky130_fd_sc_hd__nand3b_1      16
     sky130_fd_sc_hd__nand4_1       75
     sky130_fd_sc_hd__nand4b_1       5
     sky130_fd_sc_hd__nor2_1      4736
     sky130_fd_sc_hd__nor2b_1      365
     sky130_fd_sc_hd__nor3_1      1022
     sky130_fd_sc_hd__nor3b_1       82
     sky130_fd_sc_hd__nor4_1       102
     sky130_fd_sc_hd__nor4b_1        4
     sky130_fd_sc_hd__nor4bb_1       2
     sky130_fd_sc_hd__o2111a_1       1
     sky130_fd_sc_hd__o2111ai_1     23
     sky130_fd_sc_hd__o211a_1        6
     sky130_fd_sc_hd__o211ai_1      82
     sky130_fd_sc_hd__o21a_1       235
     sky130_fd_sc_hd__o21ai_0    12871
     sky130_fd_sc_hd__o21ba_1        2
     sky130_fd_sc_hd__o21bai_1      38
     sky130_fd_sc_hd__o221a_1        1
     sky130_fd_sc_hd__o221ai_1      33
     sky130_fd_sc_hd__o22a_1         8
     sky130_fd_sc_hd__o22ai_1       97
     sky130_fd_sc_hd__o2bb2ai_1      4
     sky130_fd_sc_hd__o311a_1        3
     sky130_fd_sc_hd__o311ai_0     970
     sky130_fd_sc_hd__o31a_1        12
     sky130_fd_sc_hd__o31ai_1     1647
     sky130_fd_sc_hd__o32a_1         4
     sky130_fd_sc_hd__o32ai_1      263
     sky130_fd_sc_hd__o41a_1         2
     sky130_fd_sc_hd__o41ai_1        5
     sky130_fd_sc_hd__or2_0        222
     sky130_fd_sc_hd__or3_1        733
     sky130_fd_sc_hd__or3b_1         4
     sky130_fd_sc_hd__or4_1         24
     sky130_fd_sc_hd__or4b_1         1
     sky130_fd_sc_hd__xnor2_1     2078
     sky130_fd_sc_hd__xnor3_1       71
     sky130_fd_sc_hd__xor2_1       925
     sky130_fd_sc_hd__xor3_1       117
     sky130_sram_2kbyte_1rw1r_32x512_8     44

   Chip area for module '\spark_core': 13415714.711999

16. Executing Verilog backend.
Dumping module `\spark_core'.

Warnings: 45 unique messages, 272 total
End of script. Logfile hash: 4c4e9838fd, CPU: user 43.06s system 1.35s, MEM: 336.39 MB peak
Yosys 0.33 (git sha1 2584903a060)
Time spent: 43% 2x abc (32 sec), 15% 91x opt_expr (11 sec), ...
