
 /----------------------------------------------------------------------------\
 |                                                                            |
 |  yosys -- Yosys Open SYnthesis Suite                                       |
 |                                                                            |
 |  Copyright (C) 2012 - 2020  Claire Xenia Wolf <claire@yosyshq.com>         |
 |                                                                            |
 |  Permission to use, copy, modify, and/or distribute this software for any  |
 |  purpose with or without fee is hereby granted, provided that the above    |
 |  copyright notice and this permission notice appear in all copies.         |
 |                                                                            |
 |  THE SOFTWARE IS PROVIDED "AS IS" AND THE AUTHOR DISCLAIMS ALL WARRANTIES  |
 |  WITH REGARD TO THIS SOFTWARE INCLUDING ALL IMPLIED WARRANTIES OF          |
 |  MERCHANTABILITY AND FITNESS. IN NO EVENT SHALL THE AUTHOR BE LIABLE FOR   |
 |  ANY SPECIAL, DIRECT, INDIRECT, OR CONSEQUENTIAL DAMAGES OR ANY DAMAGES    |
 |  WHATSOEVER RESULTING FROM LOSS OF USE, DATA OR PROFITS, WHETHER IN AN     |
 |  ACTION OF CONTRACT, NEGLIGENCE OR OTHER TORTIOUS ACTION, ARISING OUT OF   |
 |  OR IN CONNECTION WITH THE USE OR PERFORMANCE OF THIS SOFTWARE.            |
 |                                                                            |
 \----------------------------------------------------------------------------/

 Yosys 0.33 (git sha1 2584903a060)


-- Executing script file `synth_sim.ys' --

1. Executing Liberty frontend: /opt/sky130_sram_macros/sky130_sram_2kbyte_1rw1r_32x512_8/sky130_sram_2kbyte_1rw1r_32x512_8_TT_1p8V_25C.lib
Imported 1 cell types from liberty file.

2. Executing Verilog-2005 frontend: ../../rtl/spark_core.v
Parsing SystemVerilog input from `../../rtl/spark_core.v' to AST representation.
Generating RTLIL representation for module `\spark_core'.
Warning: Replacing memory \s_ra with list of registers. See ../../rtl/spark_core.v:291
Warning: Replacing memory \s_wd with list of registers. See ../../rtl/spark_core.v:291
Warning: Replacing memory \s_wa with list of registers. See ../../rtl/spark_core.v:291
Warning: Replacing memory \s_we with list of registers. See ../../rtl/spark_core.v:291
Warning: Replacing memory \h_ra with list of registers. See ../../rtl/spark_core.v:290
Warning: Replacing memory \h_wd with list of registers. See ../../rtl/spark_core.v:290
Warning: Replacing memory \h_wa with list of registers. See ../../rtl/spark_core.v:290
Warning: Replacing memory \h_we with list of registers. See ../../rtl/spark_core.v:290
Warning: Replacing memory \sn_ra with list of registers. See ../../rtl/spark_core.v:287
Warning: Replacing memory \sn_wd with list of registers. See ../../rtl/spark_core.v:287
Warning: Replacing memory \sn_wa with list of registers. See ../../rtl/spark_core.v:287
Warning: Replacing memory \sn_we with list of registers. See ../../rtl/spark_core.v:287
Warning: Replacing memory \acc_ra with list of registers. See ../../rtl/spark_core.v:286
Warning: Replacing memory \acc_wd with list of registers. See ../../rtl/spark_core.v:286
Warning: Replacing memory \acc_wa with list of registers. See ../../rtl/spark_core.v:286
Warning: Replacing memory \acc_we with list of registers. See ../../rtl/spark_core.v:286
Warning: Replacing memory \vlat with list of registers. See ../../rtl/spark_core.v:209
Successfully finished Verilog frontend.

3. Executing Verilog-2005 frontend: ../../rtl/spark_chip.v
Parsing SystemVerilog input from `../../rtl/spark_chip.v' to AST representation.
Generating RTLIL representation for module `\spark_chip'.
Warning: Replacing memory \rbuf with list of registers. See ../../rtl/spark_chip.v:81
Successfully finished Verilog frontend.

4. Executing Verilog-2005 frontend: ../../board/uart_rx.v
Parsing SystemVerilog input from `../../board/uart_rx.v' to AST representation.
Generating RTLIL representation for module `\uart_rx'.
Successfully finished Verilog frontend.

5. Executing Verilog-2005 frontend: ../../board/uart_tx.v
Parsing SystemVerilog input from `../../board/uart_tx.v' to AST representation.
Generating RTLIL representation for module `\uart_tx'.
Successfully finished Verilog frontend.

6. Executing Verilog-2005 frontend: ../spark_mem_sky130.v
Parsing SystemVerilog input from `../spark_mem_sky130.v' to AST representation.
Generating RTLIL representation for module `\sram_array'.
Generating RTLIL representation for module `\spark_bram'.
Generating RTLIL representation for module `\spark_spram'.
Successfully finished Verilog frontend.

7. Executing Verilog-2005 frontend: ../spark_ram_asic.v
Parsing SystemVerilog input from `../spark_ram_asic.v' to AST representation.
Generating RTLIL representation for module `\spark_ram'.
Successfully finished Verilog frontend.
Parameter \CLK_HZ = 1000000
Parameter \BAUD = 250000

8. Executing AST frontend in derive mode using pre-parsed AST for module `\spark_chip'.
Parameter \CLK_HZ = 1000000
Parameter \BAUD = 250000
Generating RTLIL representation for module `$paramod$bce34a75bc86f69491b5eebcbcc3f4d06a100da3\spark_chip'.
Warning: Replacing memory \rbuf with list of registers. See ../../rtl/spark_chip.v:81

9. Executing HIERARCHY pass (managing design hierarchy).

9.1. Analyzing design hierarchy..
Top module:  \spark_chip
Used module:     \uart_rx
Used module:     \uart_tx
Used module:     \spark_core
Used module:         \spark_spram
Used module:             \sram_array
Used module:         \spark_ram
Used module:         \spark_bram
Parameter 1 (\W) = 10
Parameter 2 (\DEPTH) = 1024
Parameter 3 (\AW) = 10

9.2. Executing AST frontend in derive mode using pre-parsed AST for module `\spark_spram'.
Parameter 1 (\W) = 10
Parameter 2 (\DEPTH) = 1024
Parameter 3 (\AW) = 10
Generating RTLIL representation for module `$paramod$4d3c4ff6ab1be9973e955659d38e203320f28619\spark_spram'.
Parameter 1 (\W) = 33
Parameter 2 (\DEPTH) = 1024
Parameter 3 (\AW) = 10

9.3. Executing AST frontend in derive mode using pre-parsed AST for module `\spark_spram'.
Parameter 1 (\W) = 33
Parameter 2 (\DEPTH) = 1024
Parameter 3 (\AW) = 10
Generating RTLIL representation for module `$paramod$8f93e5a50923ff060caee78116dfcb18e6d470aa\spark_spram'.
Parameter 1 (\W) = 32
Parameter 2 (\DEPTH) = 16
Parameter 3 (\AW) = 6

9.4. Executing AST frontend in derive mode using pre-parsed AST for module `\spark_ram'.
Parameter 1 (\W) = 32
Parameter 2 (\DEPTH) = 16
Parameter 3 (\AW) = 6
Generating RTLIL representation for module `$paramod$bcf365f4146dd7b8dd7973b9792131c6e19538bf\spark_ram'.
Parameter 1 (\W) = 32
Parameter 2 (\DEPTH) = 16
Parameter 3 (\AW) = 6
Found cached RTLIL representation for module `$paramod$bcf365f4146dd7b8dd7973b9792131c6e19538bf\spark_ram'.
Parameter 1 (\W) = 32
Parameter 2 (\DEPTH) = 16
Parameter 3 (\AW) = 6
Found cached RTLIL representation for module `$paramod$bcf365f4146dd7b8dd7973b9792131c6e19538bf\spark_ram'.
Parameter 1 (\W) = 32
Parameter 2 (\DEPTH) = 24
Parameter 3 (\AW) = 6

9.5. Executing AST frontend in derive mode using pre-parsed AST for module `\spark_ram'.
Parameter 1 (\W) = 32
Parameter 2 (\DEPTH) = 24
Parameter 3 (\AW) = 6
Generating RTLIL representation for module `$paramod$5ef048927887dab421ae4d77be9d31047db88ca2\spark_ram'.
Parameter 1 (\W) = 32
Parameter 2 (\DEPTH) = 16
Parameter 3 (\AW) = 6
Found cached RTLIL representation for module `$paramod$bcf365f4146dd7b8dd7973b9792131c6e19538bf\spark_ram'.
Parameter 1 (\W) = 32
Parameter 2 (\DEPTH) = 16
Parameter 3 (\AW) = 6
Found cached RTLIL representation for module `$paramod$bcf365f4146dd7b8dd7973b9792131c6e19538bf\spark_ram'.
Parameter 1 (\W) = 128
Parameter 2 (\DEPTH) = 16
Parameter 3 (\AW) = 6

9.6. Executing AST frontend in derive mode using pre-parsed AST for module `\spark_ram'.
Parameter 1 (\W) = 128
Parameter 2 (\DEPTH) = 16
Parameter 3 (\AW) = 6
Generating RTLIL representation for module `$paramod$b60b308f1fe104c2737e410a4ba6465ac6270627\spark_ram'.
Parameter 1 (\W) = 128
Parameter 2 (\DEPTH) = 16
Parameter 3 (\AW) = 6
Found cached RTLIL representation for module `$paramod$b60b308f1fe104c2737e410a4ba6465ac6270627\spark_ram'.
Parameter 1 (\W) = 128
Parameter 2 (\DEPTH) = 32
Parameter 3 (\AW) = 6

9.7. Executing AST frontend in derive mode using pre-parsed AST for module `\spark_ram'.
Parameter 1 (\W) = 128
Parameter 2 (\DEPTH) = 32
Parameter 3 (\AW) = 6
Generating RTLIL representation for module `$paramod$3cd4f12c67766e10179630e6778f5a719138134d\spark_ram'.
Parameter 1 (\W) = 128
Parameter 2 (\DEPTH) = 32
Parameter 3 (\AW) = 6
Found cached RTLIL representation for module `$paramod$3cd4f12c67766e10179630e6778f5a719138134d\spark_ram'.
Parameter 1 (\W) = 128
Parameter 2 (\DEPTH) = 16
Parameter 3 (\AW) = 6
Found cached RTLIL representation for module `$paramod$b60b308f1fe104c2737e410a4ba6465ac6270627\spark_ram'.
Parameter 1 (\W) = 128
Parameter 2 (\DEPTH) = 16
Parameter 3 (\AW) = 6
Found cached RTLIL representation for module `$paramod$b60b308f1fe104c2737e410a4ba6465ac6270627\spark_ram'.
Parameter 1 (\W) = 32
Parameter 2 (\DEPTH) = 4096
Parameter 3 (\AW) = 12
Parameter 4 (\INIT) = 48'011101110011001100101110011010000110010101111000

9.8. Executing AST frontend in derive mode using pre-parsed AST for module `\spark_bram'.
Parameter 1 (\W) = 32
Parameter 2 (\DEPTH) = 4096
Parameter 3 (\AW) = 12
Parameter 4 (\INIT) = 48'011101110011001100101110011010000110010101111000
Generating RTLIL representation for module `$paramod$65bb511039255751eac159e7db0d031ba93508a5\spark_bram'.
Parameter 1 (\W) = 32
Parameter 2 (\DEPTH) = 4096
Parameter 3 (\AW) = 12
Parameter 4 (\INIT) = 48'011101110011001000101110011010000110010101111000

9.9. Executing AST frontend in derive mode using pre-parsed AST for module `\spark_bram'.
Parameter 1 (\W) = 32
Parameter 2 (\DEPTH) = 4096
Parameter 3 (\AW) = 12
Parameter 4 (\INIT) = 48'011101110011001000101110011010000110010101111000
Generating RTLIL representation for module `$paramod$dbbf05626a65085e653cdb145c977d1230a96f2f\spark_bram'.
Parameter 1 (\W) = 32
Parameter 2 (\DEPTH) = 2048
Parameter 3 (\AW) = 12
Parameter 4 (\INIT) = 48'011101110011000100101110011010000110010101111000

9.10. Executing AST frontend in derive mode using pre-parsed AST for module `\spark_bram'.
Parameter 1 (\W) = 32
Parameter 2 (\DEPTH) = 2048
Parameter 3 (\AW) = 12
Parameter 4 (\INIT) = 48'011101110011000100101110011010000110010101111000
Generating RTLIL representation for module `$paramod$d9ab2efa7eea0d192502537985c8f7561002c9b0\spark_bram'.
Parameter 1 (\W) = 128
Parameter 2 (\DEPTH) = 16
Parameter 3 (\AW) = 6
Parameter 4 (\INIT) = 56'01110100011010000011000100101110011010000110010101111000

9.11. Executing AST frontend in derive mode using pre-parsed AST for module `\spark_ram'.
Parameter 1 (\W) = 128
Parameter 2 (\DEPTH) = 16
Parameter 3 (\AW) = 6
Parameter 4 (\INIT) = 56'01110100011010000011000100101110011010000110010101111000
Generating RTLIL representation for module `$paramod$429c1f82066657abfcb96a496d5ead908f1f3b7c\spark_ram'.
Parameter 1 (\W) = 128
Parameter 2 (\DEPTH) = 16
Parameter 3 (\AW) = 6
Parameter 4 (\INIT) = 56'01110100011010000011000000101110011010000110010101111000

9.12. Executing AST frontend in derive mode using pre-parsed AST for module `\spark_ram'.
Parameter 1 (\W) = 128
Parameter 2 (\DEPTH) = 16
Parameter 3 (\AW) = 6
Parameter 4 (\INIT) = 56'01110100011010000011000000101110011010000110010101111000
Generating RTLIL representation for module `$paramod$a80fd39dadfcac33f5f91ba005c92717acda455a\spark_ram'.
Parameter 1 (\W) = 32
Parameter 2 (\DEPTH) = 3072
Parameter 3 (\AW) = 12
Parameter 4 (\INIT) = 48'011101110011000000101110011010000110010101111000

9.13. Executing AST frontend in derive mode using pre-parsed AST for module `\spark_bram'.
Parameter 1 (\W) = 32
Parameter 2 (\DEPTH) = 3072
Parameter 3 (\AW) = 12
Parameter 4 (\INIT) = 48'011101110011000000101110011010000110010101111000
Generating RTLIL representation for module `$paramod$6af0f02836453051d3d8ffed61fa77235a0a147a\spark_bram'.
Parameter 1 (\W) = 32
Parameter 2 (\DEPTH) = 2048
Parameter 3 (\AW) = 12
Parameter 4 (\INIT) = 64'0110010101101101011000100011001000101110011010000110010101111000

9.14. Executing AST frontend in derive mode using pre-parsed AST for module `\spark_bram'.
Parameter 1 (\W) = 32
Parameter 2 (\DEPTH) = 2048
Parameter 3 (\AW) = 12
Parameter 4 (\INIT) = 64'0110010101101101011000100011001000101110011010000110010101111000
Generating RTLIL representation for module `$paramod$c400bcddbad704c723253f185e204a10552e06d7\spark_bram'.
Parameter 1 (\W) = 32
Parameter 2 (\DEPTH) = 2048
Parameter 3 (\AW) = 12
Parameter 4 (\INIT) = 64'0110010101101101011000100011000100101110011010000110010101111000

9.15. Executing AST frontend in derive mode using pre-parsed AST for module `\spark_bram'.
Parameter 1 (\W) = 32
Parameter 2 (\DEPTH) = 2048
Parameter 3 (\AW) = 12
Parameter 4 (\INIT) = 64'0110010101101101011000100011000100101110011010000110010101111000
Generating RTLIL representation for module `$paramod$5ee7912e9d6f13c8ac6d054bdcd9f41199fbdf36\spark_bram'.
Parameter 1 (\W) = 32
Parameter 2 (\DEPTH) = 2048
Parameter 3 (\AW) = 12
Parameter 4 (\INIT) = 56'01100101011011010110001000101110011010000110010101111000

9.16. Executing AST frontend in derive mode using pre-parsed AST for module `\spark_bram'.
Parameter 1 (\W) = 32
Parameter 2 (\DEPTH) = 2048
Parameter 3 (\AW) = 12
Parameter 4 (\INIT) = 56'01100101011011010110001000101110011010000110010101111000
Generating RTLIL representation for module `$paramod$993060fb790aecc93c4c127468665a67bf1ba400\spark_bram'.
Reprocessing module spark_core because instantiated module spark_ram has become available.
Generating RTLIL representation for module `\spark_core'.
Warning: Replacing memory \s_ra with list of registers. See ../../rtl/spark_core.v:291
Warning: Replacing memory \s_wd with list of registers. See ../../rtl/spark_core.v:291
Warning: Replacing memory \s_wa with list of registers. See ../../rtl/spark_core.v:291
Warning: Replacing memory \s_we with list of registers. See ../../rtl/spark_core.v:291
Warning: Replacing memory \h_ra with list of registers. See ../../rtl/spark_core.v:290
Warning: Replacing memory \h_wd with list of registers. See ../../rtl/spark_core.v:290
Warning: Replacing memory \h_wa with list of registers. See ../../rtl/spark_core.v:290
Warning: Replacing memory \h_we with list of registers. See ../../rtl/spark_core.v:290
Warning: Replacing memory \sn_ra with list of registers. See ../../rtl/spark_core.v:287
Warning: Replacing memory \sn_wd with list of registers. See ../../rtl/spark_core.v:287
Warning: Replacing memory \sn_wa with list of registers. See ../../rtl/spark_core.v:287
Warning: Replacing memory \sn_we with list of registers. See ../../rtl/spark_core.v:287
Warning: Replacing memory \acc_ra with list of registers. See ../../rtl/spark_core.v:286
Warning: Replacing memory \acc_wd with list of registers. See ../../rtl/spark_core.v:286
Warning: Replacing memory \acc_wa with list of registers. See ../../rtl/spark_core.v:286
Warning: Replacing memory \acc_we with list of registers. See ../../rtl/spark_core.v:286
Warning: Replacing memory \vlat with list of registers. See ../../rtl/spark_core.v:209
Parameter \W = 64
Parameter \DEPTH = 16
Parameter \AW = 4

9.17. Executing AST frontend in derive mode using pre-parsed AST for module `\sram_array'.
Parameter \W = 64
Parameter \DEPTH = 16
Parameter \AW = 4
Generating RTLIL representation for module `$paramod$2ca8776e02014a553182cc1bde0189fec6e4293e\sram_array'.
../spark_mem_sky130.v:29: Warning: Range [8:0] select out of bounds on signal `\wa': Setting 5 MSB bits to undef.
../spark_mem_sky130.v:30: Warning: Range [8:0] select out of bounds on signal `\ra': Setting 5 MSB bits to undef.
../spark_mem_sky130.v:29: Warning: Range [8:0] select out of bounds on signal `\wa': Setting 5 MSB bits to undef.
../spark_mem_sky130.v:30: Warning: Range [8:0] select out of bounds on signal `\ra': Setting 5 MSB bits to undef.
Parameter \W = 64
Parameter \DEPTH = 16
Parameter \AW = 4
Found cached RTLIL representation for module `$paramod$2ca8776e02014a553182cc1bde0189fec6e4293e\sram_array'.
Parameter \CLK_HZ = 1000000
Parameter \BAUD = 250000

9.18. Executing AST frontend in derive mode using pre-parsed AST for module `\uart_rx'.
Parameter \CLK_HZ = 1000000
Parameter \BAUD = 250000
Generating RTLIL representation for module `$paramod$bce34a75bc86f69491b5eebcbcc3f4d06a100da3\uart_rx'.
Parameter \CLK_HZ = 1000000
Parameter \BAUD = 250000

9.19. Executing AST frontend in derive mode using pre-parsed AST for module `\uart_tx'.
Parameter \CLK_HZ = 1000000
Parameter \BAUD = 250000
Generating RTLIL representation for module `$paramod$bce34a75bc86f69491b5eebcbcc3f4d06a100da3\uart_tx'.

9.20. Analyzing design hierarchy..
Top module:  \spark_chip
Used module:     $paramod$bce34a75bc86f69491b5eebcbcc3f4d06a100da3\uart_rx
Used module:     $paramod$bce34a75bc86f69491b5eebcbcc3f4d06a100da3\uart_tx
Used module:     \spark_core
Used module:         \spark_spram
Used module:             $paramod$2ca8776e02014a553182cc1bde0189fec6e4293e\sram_array
Used module:         \spark_ram
Used module:         \spark_bram
Parameter 1 (\W) = 10
Parameter 2 (\DEPTH) = 1024
Parameter 3 (\AW) = 10
Found cached RTLIL representation for module `$paramod$4d3c4ff6ab1be9973e955659d38e203320f28619\spark_spram'.
Parameter 1 (\W) = 33
Parameter 2 (\DEPTH) = 1024
Parameter 3 (\AW) = 10
Found cached RTLIL representation for module `$paramod$8f93e5a50923ff060caee78116dfcb18e6d470aa\spark_spram'.
Parameter 1 (\W) = 32
Parameter 2 (\DEPTH) = 16
Parameter 3 (\AW) = 6
Found cached RTLIL representation for module `$paramod$bcf365f4146dd7b8dd7973b9792131c6e19538bf\spark_ram'.
Parameter 1 (\W) = 32
Parameter 2 (\DEPTH) = 16
Parameter 3 (\AW) = 6
Found cached RTLIL representation for module `$paramod$bcf365f4146dd7b8dd7973b9792131c6e19538bf\spark_ram'.
Parameter 1 (\W) = 32
Parameter 2 (\DEPTH) = 16
Parameter 3 (\AW) = 6
Found cached RTLIL representation for module `$paramod$bcf365f4146dd7b8dd7973b9792131c6e19538bf\spark_ram'.
Parameter 1 (\W) = 32
Parameter 2 (\DEPTH) = 24
Parameter 3 (\AW) = 6
Found cached RTLIL representation for module `$paramod$5ef048927887dab421ae4d77be9d31047db88ca2\spark_ram'.
Parameter 1 (\W) = 32
Parameter 2 (\DEPTH) = 16
Parameter 3 (\AW) = 6
Found cached RTLIL representation for module `$paramod$bcf365f4146dd7b8dd7973b9792131c6e19538bf\spark_ram'.
Parameter 1 (\W) = 32
Parameter 2 (\DEPTH) = 16
Parameter 3 (\AW) = 6
Found cached RTLIL representation for module `$paramod$bcf365f4146dd7b8dd7973b9792131c6e19538bf\spark_ram'.
Parameter 1 (\W) = 128
Parameter 2 (\DEPTH) = 16
Parameter 3 (\AW) = 6
Found cached RTLIL representation for module `$paramod$b60b308f1fe104c2737e410a4ba6465ac6270627\spark_ram'.
Parameter 1 (\W) = 128
Parameter 2 (\DEPTH) = 16
Parameter 3 (\AW) = 6
Found cached RTLIL representation for module `$paramod$b60b308f1fe104c2737e410a4ba6465ac6270627\spark_ram'.
Parameter 1 (\W) = 128
Parameter 2 (\DEPTH) = 32
Parameter 3 (\AW) = 6
Found cached RTLIL representation for module `$paramod$3cd4f12c67766e10179630e6778f5a719138134d\spark_ram'.
Parameter 1 (\W) = 128
Parameter 2 (\DEPTH) = 32
Parameter 3 (\AW) = 6
Found cached RTLIL representation for module `$paramod$3cd4f12c67766e10179630e6778f5a719138134d\spark_ram'.
Parameter 1 (\W) = 128
Parameter 2 (\DEPTH) = 16
Parameter 3 (\AW) = 6
Found cached RTLIL representation for module `$paramod$b60b308f1fe104c2737e410a4ba6465ac6270627\spark_ram'.
Parameter 1 (\W) = 128
Parameter 2 (\DEPTH) = 16
Parameter 3 (\AW) = 6
Found cached RTLIL representation for module `$paramod$b60b308f1fe104c2737e410a4ba6465ac6270627\spark_ram'.
Parameter 1 (\W) = 32
Parameter 2 (\DEPTH) = 4096
Parameter 3 (\AW) = 12
Parameter 4 (\INIT) = 48'011101110011001100101110011010000110010101111000
Found cached RTLIL representation for module `$paramod$65bb511039255751eac159e7db0d031ba93508a5\spark_bram'.
Parameter 1 (\W) = 32
Parameter 2 (\DEPTH) = 4096
Parameter 3 (\AW) = 12
Parameter 4 (\INIT) = 48'011101110011001000101110011010000110010101111000
Found cached RTLIL representation for module `$paramod$dbbf05626a65085e653cdb145c977d1230a96f2f\spark_bram'.
Parameter 1 (\W) = 32
Parameter 2 (\DEPTH) = 2048
Parameter 3 (\AW) = 12
Parameter 4 (\INIT) = 48'011101110011000100101110011010000110010101111000
Found cached RTLIL representation for module `$paramod$d9ab2efa7eea0d192502537985c8f7561002c9b0\spark_bram'.
Parameter 1 (\W) = 128
Parameter 2 (\DEPTH) = 16
Parameter 3 (\AW) = 6
Parameter 4 (\INIT) = 56'01110100011010000011000100101110011010000110010101111000
Found cached RTLIL representation for module `$paramod$429c1f82066657abfcb96a496d5ead908f1f3b7c\spark_ram'.
Parameter 1 (\W) = 128
Parameter 2 (\DEPTH) = 16
Parameter 3 (\AW) = 6
Parameter 4 (\INIT) = 56'01110100011010000011000000101110011010000110010101111000
Found cached RTLIL representation for module `$paramod$a80fd39dadfcac33f5f91ba005c92717acda455a\spark_ram'.
Parameter 1 (\W) = 32
Parameter 2 (\DEPTH) = 3072
Parameter 3 (\AW) = 12
Parameter 4 (\INIT) = 48'011101110011000000101110011010000110010101111000
Found cached RTLIL representation for module `$paramod$6af0f02836453051d3d8ffed61fa77235a0a147a\spark_bram'.
Parameter 1 (\W) = 32
Parameter 2 (\DEPTH) = 2048
Parameter 3 (\AW) = 12
Parameter 4 (\INIT) = 64'0110010101101101011000100011001000101110011010000110010101111000
Found cached RTLIL representation for module `$paramod$c400bcddbad704c723253f185e204a10552e06d7\spark_bram'.
Parameter 1 (\W) = 32
Parameter 2 (\DEPTH) = 2048
Parameter 3 (\AW) = 12
Parameter 4 (\INIT) = 64'0110010101101101011000100011000100101110011010000110010101111000
Found cached RTLIL representation for module `$paramod$5ee7912e9d6f13c8ac6d054bdcd9f41199fbdf36\spark_bram'.
Parameter 1 (\W) = 32
Parameter 2 (\DEPTH) = 2048
Parameter 3 (\AW) = 12
Parameter 4 (\INIT) = 56'01100101011011010110001000101110011010000110010101111000
Found cached RTLIL representation for module `$paramod$993060fb790aecc93c4c127468665a67bf1ba400\spark_bram'.

9.21. Analyzing design hierarchy..
Top module:  \spark_chip
Used module:     $paramod$bce34a75bc86f69491b5eebcbcc3f4d06a100da3\uart_rx
Used module:     $paramod$bce34a75bc86f69491b5eebcbcc3f4d06a100da3\uart_tx
Used module:     \spark_core
Used module:         $paramod$4d3c4ff6ab1be9973e955659d38e203320f28619\spark_spram
Used module:             \sram_array
Used module:         $paramod$8f93e5a50923ff060caee78116dfcb18e6d470aa\spark_spram
Used module:         $paramod$bcf365f4146dd7b8dd7973b9792131c6e19538bf\spark_ram
Used module:         $paramod$5ef048927887dab421ae4d77be9d31047db88ca2\spark_ram
Used module:         $paramod$b60b308f1fe104c2737e410a4ba6465ac6270627\spark_ram
Used module:         $paramod$3cd4f12c67766e10179630e6778f5a719138134d\spark_ram
Used module:         $paramod$65bb511039255751eac159e7db0d031ba93508a5\spark_bram
Used module:         $paramod$dbbf05626a65085e653cdb145c977d1230a96f2f\spark_bram
Used module:         $paramod$d9ab2efa7eea0d192502537985c8f7561002c9b0\spark_bram
Used module:         $paramod$429c1f82066657abfcb96a496d5ead908f1f3b7c\spark_ram
Used module:         $paramod$a80fd39dadfcac33f5f91ba005c92717acda455a\spark_ram
Used module:         $paramod$6af0f02836453051d3d8ffed61fa77235a0a147a\spark_bram
Used module:         $paramod$c400bcddbad704c723253f185e204a10552e06d7\spark_bram
Used module:         $paramod$5ee7912e9d6f13c8ac6d054bdcd9f41199fbdf36\spark_bram
Used module:         $paramod$993060fb790aecc93c4c127468665a67bf1ba400\spark_bram
Parameter \W = 32
Parameter \DEPTH = 2048
Parameter \AW = 12

9.22. Executing AST frontend in derive mode using pre-parsed AST for module `\sram_array'.
Parameter \W = 32
Parameter \DEPTH = 2048
Parameter \AW = 12
Generating RTLIL representation for module `$paramod$a28ce1f40a247108f5837ac3d099bee74b2b0a07\sram_array'.
Parameter \W = 32
Parameter \DEPTH = 2048
Parameter \AW = 12
Found cached RTLIL representation for module `$paramod$a28ce1f40a247108f5837ac3d099bee74b2b0a07\sram_array'.
Parameter \W = 32
Parameter \DEPTH = 2048
Parameter \AW = 12
Found cached RTLIL representation for module `$paramod$a28ce1f40a247108f5837ac3d099bee74b2b0a07\sram_array'.
Parameter \W = 32
Parameter \DEPTH = 3072
Parameter \AW = 12

9.23. Executing AST frontend in derive mode using pre-parsed AST for module `\sram_array'.
Parameter \W = 32
Parameter \DEPTH = 3072
Parameter \AW = 12
Generating RTLIL representation for module `$paramod$5991bf1e7dfda537268c11f0f2f1f92d0f7b6ab2\sram_array'.
Parameter \W = 32
Parameter \DEPTH = 2048
Parameter \AW = 12
Found cached RTLIL representation for module `$paramod$a28ce1f40a247108f5837ac3d099bee74b2b0a07\sram_array'.
Parameter \W = 32
Parameter \DEPTH = 4096
Parameter \AW = 12

9.24. Executing AST frontend in derive mode using pre-parsed AST for module `\sram_array'.
Parameter \W = 32
Parameter \DEPTH = 4096
Parameter \AW = 12
Generating RTLIL representation for module `$paramod$0d0377702b2925ff4e344b2b32674ab0e09676c9\sram_array'.
Parameter \W = 32
Parameter \DEPTH = 4096
Parameter \AW = 12
Found cached RTLIL representation for module `$paramod$0d0377702b2925ff4e344b2b32674ab0e09676c9\sram_array'.
Parameter \W = 33
Parameter \DEPTH = 1024
Parameter \AW = 10

9.25. Executing AST frontend in derive mode using pre-parsed AST for module `\sram_array'.
Parameter \W = 33
Parameter \DEPTH = 1024
Parameter \AW = 10
Generating RTLIL representation for module `$paramod$8f93e5a50923ff060caee78116dfcb18e6d470aa\sram_array'.
Parameter \W = 10
Parameter \DEPTH = 1024
Parameter \AW = 10

9.26. Executing AST frontend in derive mode using pre-parsed AST for module `\sram_array'.
Parameter \W = 10
Parameter \DEPTH = 1024
Parameter \AW = 10
Generating RTLIL representation for module `$paramod$4d3c4ff6ab1be9973e955659d38e203320f28619\sram_array'.

9.27. Analyzing design hierarchy..
Top module:  \spark_chip
Used module:     $paramod$bce34a75bc86f69491b5eebcbcc3f4d06a100da3\uart_rx
Used module:     $paramod$bce34a75bc86f69491b5eebcbcc3f4d06a100da3\uart_tx
Used module:     \spark_core
Used module:         $paramod$4d3c4ff6ab1be9973e955659d38e203320f28619\spark_spram
Used module:             $paramod$4d3c4ff6ab1be9973e955659d38e203320f28619\sram_array
Used module:         $paramod$8f93e5a50923ff060caee78116dfcb18e6d470aa\spark_spram
Used module:             $paramod$8f93e5a50923ff060caee78116dfcb18e6d470aa\sram_array
Used module:         $paramod$bcf365f4146dd7b8dd7973b9792131c6e19538bf\spark_ram
Used module:         $paramod$5ef048927887dab421ae4d77be9d31047db88ca2\spark_ram
Used module:         $paramod$b60b308f1fe104c2737e410a4ba6465ac6270627\spark_ram
Used module:         $paramod$3cd4f12c67766e10179630e6778f5a719138134d\spark_ram
Used module:         $paramod$65bb511039255751eac159e7db0d031ba93508a5\spark_bram
Used module:             $paramod$0d0377702b2925ff4e344b2b32674ab0e09676c9\sram_array
Used module:         $paramod$dbbf05626a65085e653cdb145c977d1230a96f2f\spark_bram
Used module:         $paramod$d9ab2efa7eea0d192502537985c8f7561002c9b0\spark_bram
Used module:             $paramod$a28ce1f40a247108f5837ac3d099bee74b2b0a07\sram_array
Used module:         $paramod$429c1f82066657abfcb96a496d5ead908f1f3b7c\spark_ram
Used module:         $paramod$a80fd39dadfcac33f5f91ba005c92717acda455a\spark_ram
Used module:         $paramod$6af0f02836453051d3d8ffed61fa77235a0a147a\spark_bram
Used module:             $paramod$5991bf1e7dfda537268c11f0f2f1f92d0f7b6ab2\sram_array
Used module:         $paramod$c400bcddbad704c723253f185e204a10552e06d7\spark_bram
Used module:         $paramod$5ee7912e9d6f13c8ac6d054bdcd9f41199fbdf36\spark_bram
Used module:         $paramod$993060fb790aecc93c4c127468665a67bf1ba400\spark_bram

9.28. Analyzing design hierarchy..
Top module:  \spark_chip
Used module:     $paramod$bce34a75bc86f69491b5eebcbcc3f4d06a100da3\uart_rx
Used module:     $paramod$bce34a75bc86f69491b5eebcbcc3f4d06a100da3\uart_tx
Used module:     \spark_core
Used module:         $paramod$4d3c4ff6ab1be9973e955659d38e203320f28619\spark_spram
Used module:             $paramod$4d3c4ff6ab1be9973e955659d38e203320f28619\sram_array
Used module:         $paramod$8f93e5a50923ff060caee78116dfcb18e6d470aa\spark_spram
Used module:             $paramod$8f93e5a50923ff060caee78116dfcb18e6d470aa\sram_array
Used module:         $paramod$bcf365f4146dd7b8dd7973b9792131c6e19538bf\spark_ram
Used module:         $paramod$5ef048927887dab421ae4d77be9d31047db88ca2\spark_ram
Used module:         $paramod$b60b308f1fe104c2737e410a4ba6465ac6270627\spark_ram
Used module:         $paramod$3cd4f12c67766e10179630e6778f5a719138134d\spark_ram
Used module:         $paramod$65bb511039255751eac159e7db0d031ba93508a5\spark_bram
Used module:             $paramod$0d0377702b2925ff4e344b2b32674ab0e09676c9\sram_array
Used module:         $paramod$dbbf05626a65085e653cdb145c977d1230a96f2f\spark_bram
Used module:         $paramod$d9ab2efa7eea0d192502537985c8f7561002c9b0\spark_bram
Used module:             $paramod$a28ce1f40a247108f5837ac3d099bee74b2b0a07\sram_array
Used module:         $paramod$429c1f82066657abfcb96a496d5ead908f1f3b7c\spark_ram
Used module:         $paramod$a80fd39dadfcac33f5f91ba005c92717acda455a\spark_ram
Used module:         $paramod$6af0f02836453051d3d8ffed61fa77235a0a147a\spark_bram
Used module:             $paramod$5991bf1e7dfda537268c11f0f2f1f92d0f7b6ab2\sram_array
Used module:         $paramod$c400bcddbad704c723253f185e204a10552e06d7\spark_bram
Used module:         $paramod$5ee7912e9d6f13c8ac6d054bdcd9f41199fbdf36\spark_bram
Used module:         $paramod$993060fb790aecc93c4c127468665a67bf1ba400\spark_bram
Removing unused module `$paramod$2ca8776e02014a553182cc1bde0189fec6e4293e\sram_array'.
Removing unused module `\spark_ram'.
Removing unused module `\spark_spram'.
Removing unused module `\spark_bram'.
Removing unused module `\sram_array'.
Removing unused module `\uart_tx'.
Removing unused module `\uart_rx'.
Removed 7 unused modules.
Mapping positional arguments of cell spark_core.u_tab_dat ($paramod$4d3c4ff6ab1be9973e955659d38e203320f28619\spark_spram).
Mapping positional arguments of cell spark_core.u_tab_tag ($paramod$8f93e5a50923ff060caee78116dfcb18e6d470aa\spark_spram).
Mapping positional arguments of cell spark_core.u_sn3 ($paramod$bcf365f4146dd7b8dd7973b9792131c6e19538bf\spark_ram).
Mapping positional arguments of cell spark_core.u_sn2 ($paramod$bcf365f4146dd7b8dd7973b9792131c6e19538bf\spark_ram).
Mapping positional arguments of cell spark_core.u_sn1 ($paramod$bcf365f4146dd7b8dd7973b9792131c6e19538bf\spark_ram).
Mapping positional arguments of cell spark_core.u_sn0 ($paramod$5ef048927887dab421ae4d77be9d31047db88ca2\spark_ram).
Mapping positional arguments of cell spark_core.u_s1 ($paramod$bcf365f4146dd7b8dd7973b9792131c6e19538bf\spark_ram).
Mapping positional arguments of cell spark_core.u_s0 ($paramod$bcf365f4146dd7b8dd7973b9792131c6e19538bf\spark_ram).
Mapping positional arguments of cell spark_core.u_h1 ($paramod$b60b308f1fe104c2737e410a4ba6465ac6270627\spark_ram).
Mapping positional arguments of cell spark_core.u_h0 ($paramod$b60b308f1fe104c2737e410a4ba6465ac6270627\spark_ram).
Mapping positional arguments of cell spark_core.u_acc3 ($paramod$3cd4f12c67766e10179630e6778f5a719138134d\spark_ram).
Mapping positional arguments of cell spark_core.u_acc2 ($paramod$3cd4f12c67766e10179630e6778f5a719138134d\spark_ram).
Mapping positional arguments of cell spark_core.u_acc1 ($paramod$b60b308f1fe104c2737e410a4ba6465ac6270627\spark_ram).
Mapping positional arguments of cell spark_core.u_acc0 ($paramod$b60b308f1fe104c2737e410a4ba6465ac6270627\spark_ram).
Mapping positional arguments of cell spark_core.u_w3 ($paramod$65bb511039255751eac159e7db0d031ba93508a5\spark_bram).
Mapping positional arguments of cell spark_core.u_w2 ($paramod$dbbf05626a65085e653cdb145c977d1230a96f2f\spark_bram).
Mapping positional arguments of cell spark_core.u_w1 ($paramod$d9ab2efa7eea0d192502537985c8f7561002c9b0\spark_bram).
Mapping positional arguments of cell spark_core.u_th1 ($paramod$429c1f82066657abfcb96a496d5ead908f1f3b7c\spark_ram).
Mapping positional arguments of cell spark_core.u_th0 ($paramod$a80fd39dadfcac33f5f91ba005c92717acda455a\spark_ram).
Mapping positional arguments of cell spark_core.u_w0 ($paramod$6af0f02836453051d3d8ffed61fa77235a0a147a\spark_bram).
Mapping positional arguments of cell spark_core.u_emb2 ($paramod$c400bcddbad704c723253f185e204a10552e06d7\spark_bram).
Mapping positional arguments of cell spark_core.u_emb1 ($paramod$5ee7912e9d6f13c8ac6d054bdcd9f41199fbdf36\spark_bram).
Mapping positional arguments of cell spark_core.u_emb ($paramod$993060fb790aecc93c4c127468665a67bf1ba400\spark_bram).

10. Executing SYNTH pass.

10.1. Executing HIERARCHY pass (managing design hierarchy).

10.1.1. Analyzing design hierarchy..
Top module:  \spark_chip
Used module:     $paramod$bce34a75bc86f69491b5eebcbcc3f4d06a100da3\uart_rx
Used module:     $paramod$bce34a75bc86f69491b5eebcbcc3f4d06a100da3\uart_tx
Used module:     \spark_core
Used module:         $paramod$4d3c4ff6ab1be9973e955659d38e203320f28619\spark_spram
Used module:             $paramod$4d3c4ff6ab1be9973e955659d38e203320f28619\sram_array
Used module:         $paramod$8f93e5a50923ff060caee78116dfcb18e6d470aa\spark_spram
Used module:             $paramod$8f93e5a50923ff060caee78116dfcb18e6d470aa\sram_array
Used module:         $paramod$bcf365f4146dd7b8dd7973b9792131c6e19538bf\spark_ram
Used module:         $paramod$5ef048927887dab421ae4d77be9d31047db88ca2\spark_ram
Used module:         $paramod$b60b308f1fe104c2737e410a4ba6465ac6270627\spark_ram
Used module:         $paramod$3cd4f12c67766e10179630e6778f5a719138134d\spark_ram
Used module:         $paramod$65bb511039255751eac159e7db0d031ba93508a5\spark_bram
Used module:             $paramod$0d0377702b2925ff4e344b2b32674ab0e09676c9\sram_array
Used module:         $paramod$dbbf05626a65085e653cdb145c977d1230a96f2f\spark_bram
Used module:         $paramod$d9ab2efa7eea0d192502537985c8f7561002c9b0\spark_bram
Used module:             $paramod$a28ce1f40a247108f5837ac3d099bee74b2b0a07\sram_array
Used module:         $paramod$429c1f82066657abfcb96a496d5ead908f1f3b7c\spark_ram
Used module:         $paramod$a80fd39dadfcac33f5f91ba005c92717acda455a\spark_ram
Used module:         $paramod$6af0f02836453051d3d8ffed61fa77235a0a147a\spark_bram
Used module:             $paramod$5991bf1e7dfda537268c11f0f2f1f92d0f7b6ab2\sram_array
Used module:         $paramod$c400bcddbad704c723253f185e204a10552e06d7\spark_bram
Used module:         $paramod$5ee7912e9d6f13c8ac6d054bdcd9f41199fbdf36\spark_bram
Used module:         $paramod$993060fb790aecc93c4c127468665a67bf1ba400\spark_bram

10.1.2. Analyzing design hierarchy..
Top module:  \spark_chip
Used module:     $paramod$bce34a75bc86f69491b5eebcbcc3f4d06a100da3\uart_rx
Used module:     $paramod$bce34a75bc86f69491b5eebcbcc3f4d06a100da3\uart_tx
Used module:     \spark_core
Used module:         $paramod$4d3c4ff6ab1be9973e955659d38e203320f28619\spark_spram
Used module:             $paramod$4d3c4ff6ab1be9973e955659d38e203320f28619\sram_array
Used module:         $paramod$8f93e5a50923ff060caee78116dfcb18e6d470aa\spark_spram
Used module:             $paramod$8f93e5a50923ff060caee78116dfcb18e6d470aa\sram_array
Used module:         $paramod$bcf365f4146dd7b8dd7973b9792131c6e19538bf\spark_ram
Used module:         $paramod$5ef048927887dab421ae4d77be9d31047db88ca2\spark_ram
Used module:         $paramod$b60b308f1fe104c2737e410a4ba6465ac6270627\spark_ram
Used module:         $paramod$3cd4f12c67766e10179630e6778f5a719138134d\spark_ram
Used module:         $paramod$65bb511039255751eac159e7db0d031ba93508a5\spark_bram
Used module:             $paramod$0d0377702b2925ff4e344b2b32674ab0e09676c9\sram_array
Used module:         $paramod$dbbf05626a65085e653cdb145c977d1230a96f2f\spark_bram
Used module:         $paramod$d9ab2efa7eea0d192502537985c8f7561002c9b0\spark_bram
Used module:             $paramod$a28ce1f40a247108f5837ac3d099bee74b2b0a07\sram_array
Used module:         $paramod$429c1f82066657abfcb96a496d5ead908f1f3b7c\spark_ram
Used module:         $paramod$a80fd39dadfcac33f5f91ba005c92717acda455a\spark_ram
Used module:         $paramod$6af0f02836453051d3d8ffed61fa77235a0a147a\spark_bram
Used module:             $paramod$5991bf1e7dfda537268c11f0f2f1f92d0f7b6ab2\sram_array
Used module:         $paramod$c400bcddbad704c723253f185e204a10552e06d7\spark_bram
Used module:         $paramod$5ee7912e9d6f13c8ac6d054bdcd9f41199fbdf36\spark_bram
Used module:         $paramod$993060fb790aecc93c4c127468665a67bf1ba400\spark_bram
Removed 0 unused modules.

10.2. Executing PROC pass (convert processes to netlists).

10.2.1. Executing PROC_CLEAN pass (remove empty switches from decision trees).
Found and cleaned up 1 empty switch in `$paramod$a80fd39dadfcac33f5f91ba005c92717acda455a\spark_ram.$proc$../spark_ram_asic.v:0$1241'.
Removing empty process `$paramod$a80fd39dadfcac33f5f91ba005c92717acda455a\spark_ram.$proc$../spark_ram_asic.v:0$1241'.
Found and cleaned up 1 empty switch in `$paramod$429c1f82066657abfcb96a496d5ead908f1f3b7c\spark_ram.$proc$../spark_ram_asic.v:0$1230'.
Removing empty process `$paramod$429c1f82066657abfcb96a496d5ead908f1f3b7c\spark_ram.$proc$../spark_ram_asic.v:0$1230'.
Found and cleaned up 1 empty switch in `$paramod$3cd4f12c67766e10179630e6778f5a719138134d\spark_ram.$proc$../spark_ram_asic.v:0$1219'.
Removing empty process `$paramod$3cd4f12c67766e10179630e6778f5a719138134d\spark_ram.$proc$../spark_ram_asic.v:0$1219'.
Found and cleaned up 1 empty switch in `$paramod$b60b308f1fe104c2737e410a4ba6465ac6270627\spark_ram.$proc$../spark_ram_asic.v:0$1209'.
Removing empty process `$paramod$b60b308f1fe104c2737e410a4ba6465ac6270627\spark_ram.$proc$../spark_ram_asic.v:0$1209'.
Found and cleaned up 1 empty switch in `$paramod$5ef048927887dab421ae4d77be9d31047db88ca2\spark_ram.$proc$../spark_ram_asic.v:0$1199'.
Removing empty process `$paramod$5ef048927887dab421ae4d77be9d31047db88ca2\spark_ram.$proc$../spark_ram_asic.v:0$1199'.
Found and cleaned up 1 empty switch in `$paramod$bcf365f4146dd7b8dd7973b9792131c6e19538bf\spark_ram.$proc$../spark_ram_asic.v:0$1189'.
Removing empty process `$paramod$bcf365f4146dd7b8dd7973b9792131c6e19538bf\spark_ram.$proc$../spark_ram_asic.v:0$1189'.
Cleaned up 6 empty switches.

10.2.2. Executing PROC_RMDEAD pass (remove dead branches from decision trees).
Removed 3 dead cases from process $proc$../../rtl/spark_core.v:366$1858 in module spark_core.
Marked 20 switch rules as full_case in process $proc$../../rtl/spark_core.v:366$1858 in module spark_core.
Marked 2 switch rules as full_case in process $proc$../../rtl/spark_core.v:355$1848 in module spark_core.
Removed 18 dead cases from process $proc$../../rtl/spark_core.v:279$1692 in module spark_core.
Marked 25 switch rules as full_case in process $proc$../../rtl/spark_core.v:279$1692 in module spark_core.
Marked 8 switch rules as full_case in process $proc$../../rtl/spark_core.v:267$1647 in module spark_core.
Marked 8 switch rules as full_case in process $proc$../../rtl/spark_core.v:241$1490 in module spark_core.
Marked 8 switch rules as full_case in process $proc$../../rtl/spark_core.v:214$1472 in module spark_core.
Removed 2 dead cases from process $proc$../../rtl/spark_core.v:170$1386 in module spark_core.
Marked 4 switch rules as full_case in process $proc$../../rtl/spark_core.v:170$1386 in module spark_core.
Marked 4 switch rules as full_case in process $proc$../../board/uart_tx.v:23$2195 in module $paramod$bce34a75bc86f69491b5eebcbcc3f4d06a100da3\uart_tx.
Marked 1 switch rules as full_case in process $proc$../spark_ram_asic.v:22$1232 in module $paramod$a80fd39dadfcac33f5f91ba005c92717acda455a\spark_ram.
Marked 1 switch rules as full_case in process $proc$../spark_ram_asic.v:22$1221 in module $paramod$429c1f82066657abfcb96a496d5ead908f1f3b7c\spark_ram.
Marked 1 switch rules as full_case in process $proc$../spark_ram_asic.v:22$1211 in module $paramod$3cd4f12c67766e10179630e6778f5a719138134d\spark_ram.
Marked 1 switch rules as full_case in process $proc$../spark_ram_asic.v:22$1201 in module $paramod$b60b308f1fe104c2737e410a4ba6465ac6270627\spark_ram.
Marked 1 switch rules as full_case in process $proc$../spark_ram_asic.v:22$1191 in module $paramod$5ef048927887dab421ae4d77be9d31047db88ca2\spark_ram.
Marked 1 switch rules as full_case in process $proc$../spark_ram_asic.v:22$1181 in module $paramod$bcf365f4146dd7b8dd7973b9792131c6e19538bf\spark_ram.
Marked 6 switch rules as full_case in process $proc$../../board/uart_rx.v:31$2178 in module $paramod$bce34a75bc86f69491b5eebcbcc3f4d06a100da3\uart_rx.
Marked 1 switch rules as full_case in process $proc$../../rtl/spark_chip.v:30$1061 in module spark_chip.
Marked 9 switch rules as full_case in process $proc$../../rtl/spark_chip.v:68$1069 in module spark_chip.
Removed a total of 23 dead cases.

10.2.3. Executing PROC_PRUNE pass (remove redundant assignments in processes).
Removed 2 redundant assignments.
Promoted 304 assignments to connections.

10.2.4. Executing PROC_INIT pass (extract init attributes).
Found init rule in `$paramod$bce34a75bc86f69491b5eebcbcc3f4d06a100da3\uart_tx.$proc$../../board/uart_tx.v:20$2205'.
  Set init value: \act = 1'0
Found init rule in `$paramod$bce34a75bc86f69491b5eebcbcc3f4d06a100da3\uart_tx.$proc$../../board/uart_tx.v:19$2204'.
  Set init value: \sh = 9'111111111
Found init rule in `$paramod$bce34a75bc86f69491b5eebcbcc3f4d06a100da3\uart_tx.$proc$../../board/uart_tx.v:18$2203'.
  Set init value: \bitn = 4'0000
Found init rule in `$paramod$bce34a75bc86f69491b5eebcbcc3f4d06a100da3\uart_tx.$proc$../../board/uart_tx.v:17$2202'.
  Set init value: \cnt = 16'0000000000000000
Found init rule in `$paramod$bce34a75bc86f69491b5eebcbcc3f4d06a100da3\uart_tx.$proc$../../board/uart_tx.v:0$2201'.
  Set init value: \tx = 1'1
Found init rule in `$paramod$bce34a75bc86f69491b5eebcbcc3f4d06a100da3\uart_rx.$proc$../../board/uart_rx.v:29$2194'.
  Set init value: \sh = 8'00000000
Found init rule in `$paramod$bce34a75bc86f69491b5eebcbcc3f4d06a100da3\uart_rx.$proc$../../board/uart_rx.v:28$2193'.
  Set init value: \bitn = 3'000
Found init rule in `$paramod$bce34a75bc86f69491b5eebcbcc3f4d06a100da3\uart_rx.$proc$../../board/uart_rx.v:27$2192'.
  Set init value: \cnt = 16'0000000000000000
Found init rule in `$paramod$bce34a75bc86f69491b5eebcbcc3f4d06a100da3\uart_rx.$proc$../../board/uart_rx.v:26$2191'.
  Set init value: \state = 2'00
Found init rule in `$paramod$bce34a75bc86f69491b5eebcbcc3f4d06a100da3\uart_rx.$proc$../../board/uart_rx.v:19$2190'.
  Set init value: \rx_s = 1'1
Found init rule in `$paramod$bce34a75bc86f69491b5eebcbcc3f4d06a100da3\uart_rx.$proc$../../board/uart_rx.v:19$2189'.
  Set init value: \rx_m = 1'1

10.2.5. Executing PROC_ARST pass (detect async resets in processes).
Found async reset \rst_n in `\spark_chip.$proc$../../rtl/spark_chip.v:30$1061'.

10.2.6. Executing PROC_ROM pass (convert switches to ROMs).
Converted 0 switches.
<suppressed ~118 debug messages>

10.2.7. Executing PROC_MUX pass (convert decision trees to multiplexers).
Creating decoders for process `\spark_core.$proc$../../rtl/spark_core.v:0$2161'.
Creating decoders for process `\spark_core.$proc$../../rtl/spark_core.v:366$1858'.
     1/167: $3$mem2reg_rd$\h_rd$../../rtl/spark_core.v:474$1341_DATA[127:0]$2114
     2/167: $5$memwr$\nzc$../../rtl/spark_core.v:451$1351_EN[15:0]$2100
     3/167: $5$memwr$\nzc$../../rtl/spark_core.v:451$1351_DATA[15:0]$2099
     4/167: $5$memwr$\nzc$../../rtl/spark_core.v:451$1351_ADDR[1:0]$2098
     5/167: $5$mem2reg_rd$\vlat$../../rtl/spark_core.v:451$1340_DATA[4:0]$2096
     6/167: $5$lookahead\sentw$1855[31:0]$2078
     7/167: $5$bitselwrite$data$../../rtl/spark_core.v:449$1311[31:0]$2075
     8/167: $5$bitselwrite$mask$../../rtl/spark_core.v:449$1310[31:0]$2076
     9/167: $5$bitselwrite$sel$../../rtl/spark_core.v:449$1312[31:0]$2077
    10/167: $5$mem2reg_rd$\vlat$../../rtl/spark_core.v:447$1339_DATA[4:0]$2064
    11/167: $4$lookahead\mask$1854[7:0]$2060
    12/167: $4$lookahead\sentw$1855[31:0]$2061
    13/167: $4$memwr$\nzc$../../rtl/spark_core.v:451$1351_EN[15:0]$2059
    14/167: $4$memwr$\nzc$../../rtl/spark_core.v:451$1351_DATA[15:0]$2058
    15/167: $4$memwr$\nzc$../../rtl/spark_core.v:451$1351_ADDR[1:0]$2057
    16/167: $4$memwr$\prc$../../rtl/spark_core.v:450$1350_EN[15:0]$2056
    17/167: $4$memwr$\prc$../../rtl/spark_core.v:450$1350_DATA[15:0]$2055
    18/167: $4$memwr$\prc$../../rtl/spark_core.v:450$1350_ADDR[1:0]$2054
    19/167: $4$mem2reg_rd$\vlat$../../rtl/spark_core.v:451$1340_DATA[4:0]$2053
    20/167: $4$mem2reg_rd$\vlat$../../rtl/spark_core.v:451$1340_ADDR[2:0]$2052
    21/167: $4$mem2reg_rd$\vlat$../../rtl/spark_core.v:447$1339_DATA[4:0]$2051
    22/167: $4$mem2reg_rd$\vlat$../../rtl/spark_core.v:447$1339_ADDR[2:0]$2050
    23/167: $4$bitselwrite$sel$../../rtl/spark_core.v:449$1312[31:0]$2049
    24/167: $4$bitselwrite$mask$../../rtl/spark_core.v:449$1310[31:0]$2048
    25/167: $4$bitselwrite$mask$../../rtl/spark_core.v:448$1307[7:0]$2047
    26/167: $4$bitselwrite$data$../../rtl/spark_core.v:448$1308[7:0]$2046
    27/167: $4$bitselwrite$sel$../../rtl/spark_core.v:448$1309[3:0]$2045
    28/167: $4$bitselwrite$data$../../rtl/spark_core.v:449$1311[31:0]$2044
    29/167: $3$lookahead\sentw$1855[31:0]$2038
    30/167: $3$lookahead\mask$1854[7:0]$2037
    31/167: $3$memwr$\nzc$../../rtl/spark_core.v:451$1351_EN[15:0]$2036
    32/167: $3$memwr$\nzc$../../rtl/spark_core.v:451$1351_DATA[15:0]$2035
    33/167: $3$memwr$\nzc$../../rtl/spark_core.v:451$1351_ADDR[1:0]$2034
    34/167: $3$memwr$\prc$../../rtl/spark_core.v:450$1350_EN[15:0]$2033
    35/167: $3$memwr$\prc$../../rtl/spark_core.v:450$1350_DATA[15:0]$2032
    36/167: $3$memwr$\prc$../../rtl/spark_core.v:450$1350_ADDR[1:0]$2031
    37/167: $3$mem2reg_rd$\vlat$../../rtl/spark_core.v:451$1340_DATA[4:0]$2030
    38/167: $3$mem2reg_rd$\vlat$../../rtl/spark_core.v:451$1340_ADDR[2:0]$2029
    39/167: $3$mem2reg_rd$\vlat$../../rtl/spark_core.v:447$1339_DATA[4:0]$2028
    40/167: $3$mem2reg_rd$\vlat$../../rtl/spark_core.v:447$1339_ADDR[2:0]$2027
    41/167: $3$bitselwrite$sel$../../rtl/spark_core.v:449$1312[31:0]$2026
    42/167: $3$bitselwrite$mask$../../rtl/spark_core.v:449$1310[31:0]$2025
    43/167: $3$bitselwrite$mask$../../rtl/spark_core.v:448$1307[7:0]$2024
    44/167: $3$bitselwrite$data$../../rtl/spark_core.v:448$1308[7:0]$2023
    45/167: $3$bitselwrite$sel$../../rtl/spark_core.v:448$1309[3:0]$2022
    46/167: $3$bitselwrite$data$../../rtl/spark_core.v:449$1311[31:0]$2021
    47/167: $3\kf[31:0]
    48/167: $3$memwr$\prc$../../rtl/spark_core.v:382$1349_EN[15:0]$1979
    49/167: $3$memwr$\nzc$../../rtl/spark_core.v:382$1348_EN[15:0]$1978
    50/167: $3$memwr$\prc$../../rtl/spark_core.v:382$1347_EN[15:0]$1977
    51/167: $3$memwr$\nzc$../../rtl/spark_core.v:382$1346_EN[15:0]$1976
    52/167: $3$memwr$\prc$../../rtl/spark_core.v:382$1345_EN[15:0]$1975
    53/167: $3$memwr$\nzc$../../rtl/spark_core.v:382$1344_EN[15:0]$1974
    54/167: $3$memwr$\prc$../../rtl/spark_core.v:382$1343_EN[15:0]$1973
    55/167: $3$memwr$\nzc$../../rtl/spark_core.v:382$1342_EN[15:0]$1972
    56/167: $2$memwr$\prc$../../rtl/spark_core.v:382$1349_EN[15:0]$1958
    57/167: $2$memwr$\nzc$../../rtl/spark_core.v:382$1348_EN[15:0]$1957
    58/167: $2$memwr$\prc$../../rtl/spark_core.v:382$1347_EN[15:0]$1956
    59/167: $2$memwr$\nzc$../../rtl/spark_core.v:382$1346_EN[15:0]$1955
    60/167: $2$memwr$\prc$../../rtl/spark_core.v:382$1345_EN[15:0]$1954
    61/167: $2$memwr$\nzc$../../rtl/spark_core.v:382$1344_EN[15:0]$1953
    62/167: $2$memwr$\prc$../../rtl/spark_core.v:382$1343_EN[15:0]$1952
    63/167: $2$memwr$\nzc$../../rtl/spark_core.v:382$1342_EN[15:0]$1951
    64/167: $2\kf[31:0]
    65/167: $2$lookahead\s_neww$1857[31:0]$1968
    66/167: $2$lookahead\h_neww$1856[127:0]$1967
    67/167: $2$lookahead\sentw$1855[31:0]$1966
    68/167: $2$lookahead\mask$1854[7:0]$1965
    69/167: $2$memwr$\nzc$../../rtl/spark_core.v:451$1351_EN[15:0]$1964
    70/167: $2$memwr$\nzc$../../rtl/spark_core.v:451$1351_DATA[15:0]$1963
    71/167: $2$memwr$\nzc$../../rtl/spark_core.v:451$1351_ADDR[1:0]$1962
    72/167: $2$memwr$\prc$../../rtl/spark_core.v:450$1350_EN[15:0]$1961
    73/167: $2$memwr$\prc$../../rtl/spark_core.v:450$1350_DATA[15:0]$1960
    74/167: $2$memwr$\prc$../../rtl/spark_core.v:450$1350_ADDR[1:0]$1959
    75/167: $2$mem2reg_rd$\h_rd$../../rtl/spark_core.v:474$1341_DATA[127:0]$1950
    76/167: $2$mem2reg_rd$\h_rd$../../rtl/spark_core.v:474$1341_ADDR[0:0]$1949
    77/167: $2$mem2reg_rd$\vlat$../../rtl/spark_core.v:451$1340_DATA[4:0]$1948
    78/167: $2$mem2reg_rd$\vlat$../../rtl/spark_core.v:451$1340_ADDR[2:0]$1947
    79/167: $2$mem2reg_rd$\vlat$../../rtl/spark_core.v:447$1339_DATA[4:0]$1946
    80/167: $2$mem2reg_rd$\vlat$../../rtl/spark_core.v:447$1339_ADDR[2:0]$1945
    81/167: $2$bitselwrite$sel$../../rtl/spark_core.v:481$1318[31:0]$1944
    82/167: $2$bitselwrite$data$../../rtl/spark_core.v:481$1317[31:0]$1943
    83/167: $2$bitselwrite$mask$../../rtl/spark_core.v:481$1316[31:0]$1942
    84/167: $2$bitselwrite$sel$../../rtl/spark_core.v:480$1315[31:0]$1941
    85/167: $2$bitselwrite$data$../../rtl/spark_core.v:480$1314[127:0]$1940
    86/167: $2$bitselwrite$mask$../../rtl/spark_core.v:480$1313[127:0]$1939
    87/167: $2$bitselwrite$sel$../../rtl/spark_core.v:449$1312[31:0]$1938
    88/167: $2$bitselwrite$mask$../../rtl/spark_core.v:449$1310[31:0]$1937
    89/167: $2$bitselwrite$mask$../../rtl/spark_core.v:448$1307[7:0]$1936
    90/167: $2$bitselwrite$data$../../rtl/spark_core.v:448$1308[7:0]$1935
    91/167: $2$bitselwrite$sel$../../rtl/spark_core.v:448$1309[3:0]$1934
    92/167: $2$bitselwrite$data$../../rtl/spark_core.v:449$1311[31:0]$1933
    93/167: $0\done[0:0]
    94/167: $1$lookahead\s_neww$1857[31:0]$1930
    95/167: $1$lookahead\h_neww$1856[127:0]$1929
    96/167: $1$lookahead\sentw$1855[31:0]$1928
    97/167: $1$lookahead\mask$1854[7:0]$1927
    98/167: $1$memwr$\nzc$../../rtl/spark_core.v:451$1351_EN[15:0]$1926
    99/167: $1$memwr$\nzc$../../rtl/spark_core.v:451$1351_DATA[15:0]$1925
   100/167: $1$memwr$\nzc$../../rtl/spark_core.v:451$1351_ADDR[1:0]$1924
   101/167: $1$memwr$\prc$../../rtl/spark_core.v:450$1350_EN[15:0]$1923
   102/167: $1$memwr$\prc$../../rtl/spark_core.v:450$1350_DATA[15:0]$1922
   103/167: $1$memwr$\prc$../../rtl/spark_core.v:450$1350_ADDR[1:0]$1921
   104/167: $1$memwr$\prc$../../rtl/spark_core.v:382$1349_EN[15:0]$1920
   105/167: $1$memwr$\nzc$../../rtl/spark_core.v:382$1348_EN[15:0]$1919
   106/167: $1$memwr$\prc$../../rtl/spark_core.v:382$1347_EN[15:0]$1918
   107/167: $1$memwr$\nzc$../../rtl/spark_core.v:382$1346_EN[15:0]$1917
   108/167: $1$memwr$\prc$../../rtl/spark_core.v:382$1345_EN[15:0]$1916
   109/167: $1$memwr$\nzc$../../rtl/spark_core.v:382$1344_EN[15:0]$1915
   110/167: $1$memwr$\prc$../../rtl/spark_core.v:382$1343_EN[15:0]$1914
   111/167: $1$memwr$\nzc$../../rtl/spark_core.v:382$1342_EN[15:0]$1913
   112/167: $1$mem2reg_rd$\h_rd$../../rtl/spark_core.v:474$1341_DATA[127:0]$1912
   113/167: $1$mem2reg_rd$\h_rd$../../rtl/spark_core.v:474$1341_ADDR[0:0]$1911
   114/167: $1$mem2reg_rd$\vlat$../../rtl/spark_core.v:451$1340_DATA[4:0]$1910
   115/167: $1$mem2reg_rd$\vlat$../../rtl/spark_core.v:451$1340_ADDR[2:0]$1909
   116/167: $1$mem2reg_rd$\vlat$../../rtl/spark_core.v:447$1339_DATA[4:0]$1908
   117/167: $1$mem2reg_rd$\vlat$../../rtl/spark_core.v:447$1339_ADDR[2:0]$1907
   118/167: $1$bitselwrite$sel$../../rtl/spark_core.v:481$1318[31:0]$1906
   119/167: $1$bitselwrite$data$../../rtl/spark_core.v:481$1317[31:0]$1905
   120/167: $1$bitselwrite$mask$../../rtl/spark_core.v:481$1316[31:0]$1904
   121/167: $1$bitselwrite$sel$../../rtl/spark_core.v:480$1315[31:0]$1903
   122/167: $1$bitselwrite$data$../../rtl/spark_core.v:480$1314[127:0]$1902
   123/167: $1$bitselwrite$mask$../../rtl/spark_core.v:480$1313[127:0]$1901
   124/167: $1$bitselwrite$sel$../../rtl/spark_core.v:449$1312[31:0]$1900
   125/167: $1$bitselwrite$mask$../../rtl/spark_core.v:449$1310[31:0]$1899
   126/167: $1$bitselwrite$mask$../../rtl/spark_core.v:448$1307[7:0]$1898
   127/167: $1$bitselwrite$data$../../rtl/spark_core.v:448$1308[7:0]$1897
   128/167: $1$bitselwrite$sel$../../rtl/spark_core.v:448$1309[3:0]$1896
   129/167: $1$bitselwrite$data$../../rtl/spark_core.v:449$1311[31:0]$1895
   130/167: $1\kf[31:0]
   131/167: $0\q[1:0]
   132/167: $0\po_th[127:0]
   133/167: $0\po_h[127:0]
   134/167: $0\po_acc[127:0]
   135/167: $0\idx[7:0]
   136/167: $0\t2[31:0]
   137/167: $0\t1[31:0]
   138/167: $0\m[6:0]
   139/167: $0\e[6:0]
   140/167: $0\ev_v[4:0]
   141/167: $0\ev_j[7:0]
   142/167: $0\srcw[31:0]
   143/167: $0\c[5:0]
   144/167: $0\started[1:0]
   145/167: $0\hist2[7:0]
   146/167: $0\hist1[7:0]
   147/167: $0\ctx_prev[31:0]
   148/167: $0\ctx[31:0]
   149/167: $0\byte_r[7:0]
   150/167: $0\stg[1:0]
   151/167: $0\rec_val[7:0]
   152/167: $0\rec_hit[0:0]
   153/167: $0\tokq[15:0]
   154/167: $0\tokcnt[15:0]
   155/167: $0\score[3:0]
   156/167: $0\n_dl[7:0]
   157/167: $0\n_nz[7:0]
   158/167: $0\use_delta[0:0]
   159/167: $0\state[4:0]
   160/167: $0\cyc_recall[31:0]
   161/167: $0\cyc_post[31:0]
   162/167: $0\cyc_scan[31:0]
   163/167: $0\cyc_engine[31:0]
   164/167: $0\wreads[31:0]
   165/167: $0\tok_cycles[31:0]
   166/167: $0\path[1:0]
   167/167: $0\pred[7:0]
Creating decoders for process `\spark_core.$proc$../../rtl/spark_core.v:355$1848'.
     1/3: $0\start_q[0:0]
     2/3: $0\zbusy[0:0]
     3/3: $0\zc[9:0]
Creating decoders for process `\spark_core.$proc$../../rtl/spark_core.v:279$1692'.
     1/252: $3\t_wd[42:0]
     2/252: $2\t_wa[9:0]
     3/252: $2\t_we[0:0]
     4/252: $1\k[31:0]
     5/252: $1\s_wd[1][31:0]
     6/252: $4\s_wa[1][5:0]
     7/252: $4\s_we[1][0:0]
     8/252: $1\h_wd[1][127:0]
     9/252: $4\h_wa[1][5:0]
    10/252: $4\h_we[1][0:0]
    11/252: $1\s_wd[0][31:0]
    12/252: $4\s_wa[0][5:0]
    13/252: $4\s_we[0][0:0]
    14/252: $1\h_wd[0][127:0]
    15/252: $4\h_wa[0][5:0]
    16/252: $4\h_we[0][0:0]
    17/252: $1\sn_wd[3][31:0]
    18/252: $3\sn_wa[3][5:0]
    19/252: $3\sn_we[3][0:0]
    20/252: $7\acc_wd[3][127:0]
    21/252: $7\acc_wa[3][5:0]
    22/252: $7\acc_we[3][0:0]
    23/252: $1\sn_wd[2][31:0]
    24/252: $3\sn_wa[2][5:0]
    25/252: $3\sn_we[2][0:0]
    26/252: $7\acc_wd[2][127:0]
    27/252: $7\acc_wa[2][5:0]
    28/252: $7\acc_we[2][0:0]
    29/252: $1\sn_wd[1][31:0]
    30/252: $3\sn_wa[1][5:0]
    31/252: $3\sn_we[1][0:0]
    32/252: $7\acc_wd[1][127:0]
    33/252: $7\acc_wa[1][5:0]
    34/252: $7\acc_we[1][0:0]
    35/252: $1\sn_wd[0][31:0]
    36/252: $3\sn_wa[0][5:0]
    37/252: $3\sn_we[0][0:0]
    38/252: $7\acc_wd[0][127:0]
    39/252: $7\acc_wa[0][5:0]
    40/252: $7\acc_we[0][0:0]
    41/252: $3\s_wa[0][5:0]
    42/252: $3\s_wa[1][5:0]
    43/252: $3\s_we[0][0:0]
    44/252: $3\s_we[1][0:0]
    45/252: $3\h_wa[0][5:0]
    46/252: $3\h_wa[1][5:0]
    47/252: $3\h_we[0][0:0]
    48/252: $3\h_we[1][0:0]
    49/252: $2\s_wa[1][5:0]
    50/252: $2\s_wa[0][5:0]
    51/252: $2$mem2reg_wr$\s_wa$../../rtl/spark_core.v:335$1338_ADDR[0:0]$1846
    52/252: $2$mem2reg_wr$\s_wa$../../rtl/spark_core.v:335$1338_DATA[5:0]$1847
    53/252: $2\s_we[1][0:0]
    54/252: $2\s_we[0][0:0]
    55/252: $2$mem2reg_wr$\s_we$../../rtl/spark_core.v:335$1337_ADDR[0:0]$1844
    56/252: $2$mem2reg_wr$\s_we$../../rtl/spark_core.v:335$1337_DATA[0:0]$1845
    57/252: $2\h_wa[1][5:0]
    58/252: $2\h_wa[0][5:0]
    59/252: $2$mem2reg_wr$\h_wa$../../rtl/spark_core.v:334$1336_ADDR[0:0]$1842
    60/252: $2$mem2reg_wr$\h_wa$../../rtl/spark_core.v:334$1336_DATA[5:0]$1843
    61/252: $2\h_we[1][0:0]
    62/252: $2\h_we[0][0:0]
    63/252: $2$mem2reg_wr$\h_we$../../rtl/spark_core.v:334$1335_ADDR[0:0]$1840
    64/252: $2$mem2reg_wr$\h_we$../../rtl/spark_core.v:334$1335_DATA[0:0]$1841
    65/252: $6\acc_wd[0][127:0]
    66/252: $6\acc_wd[3][127:0]
    67/252: $6\acc_wd[2][127:0]
    68/252: $6\acc_wd[1][127:0]
    69/252: $6\acc_wa[0][5:0]
    70/252: $6\acc_wa[3][5:0]
    71/252: $6\acc_wa[2][5:0]
    72/252: $6\acc_wa[1][5:0]
    73/252: $6\acc_we[0][0:0]
    74/252: $6\acc_we[3][0:0]
    75/252: $6\acc_we[2][0:0]
    76/252: $6\acc_we[1][0:0]
    77/252: $5\acc_wd[3][127:0]
    78/252: $5\acc_wd[2][127:0]
    79/252: $5\acc_wd[1][127:0]
    80/252: $5\acc_wd[0][127:0]
    81/252: $2$mem2reg_wr$\acc_wd$../../rtl/spark_core.v:331$1334_ADDR[1:0]$1837
    82/252: $2$mem2reg_wr$\acc_wd$../../rtl/spark_core.v:331$1334_DATA[127:0]$1838
    83/252: $5\acc_wa[3][5:0]
    84/252: $5\acc_wa[2][5:0]
    85/252: $5\acc_wa[1][5:0]
    86/252: $5\acc_wa[0][5:0]
    87/252: $2$mem2reg_wr$\acc_wa$../../rtl/spark_core.v:331$1333_ADDR[1:0]$1835
    88/252: $2$mem2reg_wr$\acc_wa$../../rtl/spark_core.v:331$1333_DATA[5:0]$1836
    89/252: $5\acc_we[3][0:0]
    90/252: $5\acc_we[2][0:0]
    91/252: $5\acc_we[1][0:0]
    92/252: $5\acc_we[0][0:0]
    93/252: $2$mem2reg_wr$\acc_we$../../rtl/spark_core.v:331$1332_ADDR[1:0]$1833
    94/252: $2$mem2reg_wr$\acc_we$../../rtl/spark_core.v:331$1332_DATA[0:0]$1834
    95/252: $2\h_ra[0][5:0]
    96/252: $2\h_ra[1][5:0]
    97/252: $4\acc_ra[0][5:0]
    98/252: $4\acc_ra[3][5:0]
    99/252: $4\acc_ra[2][5:0]
   100/252: $4\acc_ra[1][5:0]
   101/252: $4\acc_wd[0][127:0]
   102/252: $4\acc_wd[3][127:0]
   103/252: $4\acc_wd[2][127:0]
   104/252: $4\acc_wd[1][127:0]
   105/252: $4\acc_wa[0][5:0]
   106/252: $4\acc_wa[3][5:0]
   107/252: $4\acc_wa[2][5:0]
   108/252: $4\acc_wa[1][5:0]
   109/252: $4\acc_we[0][0:0]
   110/252: $4\acc_we[3][0:0]
   111/252: $4\acc_we[2][0:0]
   112/252: $4\acc_we[1][0:0]
   113/252: $2\sn_wa[0][5:0]
   114/252: $2\sn_wa[3][5:0]
   115/252: $2\sn_wa[2][5:0]
   116/252: $2\sn_wa[1][5:0]
   117/252: $2\sn_we[0][0:0]
   118/252: $2\sn_we[3][0:0]
   119/252: $2\sn_we[2][0:0]
   120/252: $2\sn_we[1][0:0]
   121/252: $3\acc_wd[0][127:0]
   122/252: $3\acc_wd[3][127:0]
   123/252: $3\acc_wd[2][127:0]
   124/252: $3\acc_wd[1][127:0]
   125/252: $3\acc_wa[0][5:0]
   126/252: $3\acc_wa[3][5:0]
   127/252: $3\acc_wa[2][5:0]
   128/252: $3\acc_wa[1][5:0]
   129/252: $3\acc_we[0][0:0]
   130/252: $3\acc_we[3][0:0]
   131/252: $3\acc_we[2][0:0]
   132/252: $3\acc_we[1][0:0]
   133/252: $2\acc_wd[3][127:0]
   134/252: $2\acc_wd[2][127:0]
   135/252: $2\acc_wd[1][127:0]
   136/252: $2\acc_wd[0][127:0]
   137/252: $2$mem2reg_wr$\acc_wd$../../rtl/spark_core.v:316$1324_ADDR[1:0]$1826
   138/252: $2$mem2reg_wr$\acc_wd$../../rtl/spark_core.v:316$1324_DATA[127:0]$1827
   139/252: $2\acc_wa[3][5:0]
   140/252: $2\acc_wa[2][5:0]
   141/252: $2\acc_wa[1][5:0]
   142/252: $2\acc_wa[0][5:0]
   143/252: $2$mem2reg_wr$\acc_wa$../../rtl/spark_core.v:316$1323_ADDR[1:0]$1824
   144/252: $2$mem2reg_wr$\acc_wa$../../rtl/spark_core.v:316$1323_DATA[5:0]$1825
   145/252: $2\acc_we[3][0:0]
   146/252: $2\acc_we[2][0:0]
   147/252: $2\acc_we[1][0:0]
   148/252: $2\acc_we[0][0:0]
   149/252: $2$mem2reg_wr$\acc_we$../../rtl/spark_core.v:316$1322_ADDR[1:0]$1822
   150/252: $2$mem2reg_wr$\acc_we$../../rtl/spark_core.v:316$1322_DATA[0:0]$1823
   151/252: $3\acc_ra[0][5:0]
   152/252: $3\acc_ra[3][5:0]
   153/252: $3\acc_ra[2][5:0]
   154/252: $3\acc_ra[1][5:0]
   155/252: $2\acc_ra[3][5:0]
   156/252: $2\acc_ra[2][5:0]
   157/252: $2\acc_ra[1][5:0]
   158/252: $2\acc_ra[0][5:0]
   159/252: $2$mem2reg_wr$\acc_ra$../../rtl/spark_core.v:313$1321_ADDR[1:0]$1811
   160/252: $2$mem2reg_wr$\acc_ra$../../rtl/spark_core.v:313$1321_DATA[5:0]$1812
   161/252: $2\w3_ra[11:0]
   162/252: $2\w2_ra[11:0]
   163/252: $2\w1_ra[11:0]
   164/252: $2\w0_ra[11:0]
   165/252: $2\t_wd[42:0]
   166/252: $1\t_ra[9:0]
   167/252: $1\rhash$func$../../rtl/spark_core.v:296$1304.$result[9:0]$1763
   168/252: $1\rhash$func$../../rtl/spark_core.v:296$1304.y[31:0]$1761
   169/252: $1\rhash$func$../../rtl/spark_core.v:296$1304.x[31:0]$1762
   170/252: $1$mem2reg_wr$\s_wa$../../rtl/spark_core.v:335$1338_DATA[5:0]$1799
   171/252: $1$mem2reg_wr$\s_wa$../../rtl/spark_core.v:335$1338_ADDR[0:0]$1798
   172/252: $1$mem2reg_wr$\s_we$../../rtl/spark_core.v:335$1337_DATA[0:0]$1797
   173/252: $1$mem2reg_wr$\s_we$../../rtl/spark_core.v:335$1337_ADDR[0:0]$1796
   174/252: $1$mem2reg_wr$\h_wa$../../rtl/spark_core.v:334$1336_DATA[5:0]$1795
   175/252: $1$mem2reg_wr$\h_wa$../../rtl/spark_core.v:334$1336_ADDR[0:0]$1794
   176/252: $1$mem2reg_wr$\h_we$../../rtl/spark_core.v:334$1335_DATA[0:0]$1793
   177/252: $1$mem2reg_wr$\h_we$../../rtl/spark_core.v:334$1335_ADDR[0:0]$1792
   178/252: $1$mem2reg_wr$\acc_wd$../../rtl/spark_core.v:331$1334_DATA[127:0]$1791
   179/252: $1$mem2reg_wr$\acc_wd$../../rtl/spark_core.v:331$1334_ADDR[1:0]$1790
   180/252: $1$mem2reg_wr$\acc_wa$../../rtl/spark_core.v:331$1333_DATA[5:0]$1789
   181/252: $1$mem2reg_wr$\acc_wa$../../rtl/spark_core.v:331$1333_ADDR[1:0]$1788
   182/252: $1$mem2reg_wr$\acc_we$../../rtl/spark_core.v:331$1332_DATA[0:0]$1787
   183/252: $1$mem2reg_wr$\acc_we$../../rtl/spark_core.v:331$1332_ADDR[1:0]$1786
   184/252: $1$mem2reg_wr$\h_ra$../../rtl/spark_core.v:327$1331_DATA[5:0]$1785
   185/252: $1$mem2reg_wr$\h_ra$../../rtl/spark_core.v:327$1331_ADDR[0:0]$1784
   186/252: $1$mem2reg_wr$\acc_ra$../../rtl/spark_core.v:326$1330_DATA[5:0]$1783
   187/252: $1$mem2reg_wr$\acc_ra$../../rtl/spark_core.v:326$1330_ADDR[1:0]$1782
   188/252: $1$mem2reg_wr$\acc_wd$../../rtl/spark_core.v:323$1329_DATA[127:0]$1781
   189/252: $1$mem2reg_wr$\acc_wd$../../rtl/spark_core.v:323$1329_ADDR[1:0]$1780
   190/252: $1$mem2reg_wr$\acc_wa$../../rtl/spark_core.v:323$1328_DATA[5:0]$1779
   191/252: $1$mem2reg_wr$\acc_wa$../../rtl/spark_core.v:323$1328_ADDR[1:0]$1778
   192/252: $1$mem2reg_wr$\acc_we$../../rtl/spark_core.v:323$1327_DATA[0:0]$1777
   193/252: $1$mem2reg_wr$\acc_we$../../rtl/spark_core.v:323$1327_ADDR[1:0]$1776
   194/252: $1$mem2reg_wr$\sn_wa$../../rtl/spark_core.v:320$1326_DATA[5:0]$1775
   195/252: $1$mem2reg_wr$\sn_wa$../../rtl/spark_core.v:320$1326_ADDR[1:0]$1774
   196/252: $1$mem2reg_wr$\sn_we$../../rtl/spark_core.v:320$1325_DATA[0:0]$1773
   197/252: $1$mem2reg_wr$\sn_we$../../rtl/spark_core.v:320$1325_ADDR[1:0]$1772
   198/252: $1$mem2reg_wr$\acc_wd$../../rtl/spark_core.v:316$1324_DATA[127:0]$1771
   199/252: $1$mem2reg_wr$\acc_wd$../../rtl/spark_core.v:316$1324_ADDR[1:0]$1770
   200/252: $1$mem2reg_wr$\acc_wa$../../rtl/spark_core.v:316$1323_DATA[5:0]$1769
   201/252: $1$mem2reg_wr$\acc_wa$../../rtl/spark_core.v:316$1323_ADDR[1:0]$1768
   202/252: $1$mem2reg_wr$\acc_we$../../rtl/spark_core.v:316$1322_DATA[0:0]$1767
   203/252: $1$mem2reg_wr$\acc_we$../../rtl/spark_core.v:316$1322_ADDR[1:0]$1766
   204/252: $1$mem2reg_wr$\acc_ra$../../rtl/spark_core.v:313$1321_DATA[5:0]$1765
   205/252: $1$mem2reg_wr$\acc_ra$../../rtl/spark_core.v:313$1321_ADDR[1:0]$1764
   206/252: $1\rhash$func$../../rtl/spark_core.v:298$1305.$result[9:0]$1760
   207/252: $1\rhash$func$../../rtl/spark_core.v:298$1305.x[31:0]$1759
   208/252: $1\rhash$func$../../rtl/spark_core.v:298$1305.y[31:0]$1758
   209/252: $1\rhash$func$../../rtl/spark_core.v:306$1306.$result[9:0]$1757
   210/252: $1\rhash$func$../../rtl/spark_core.v:306$1306.x[31:0]$1756
   211/252: $1\rhash$func$../../rtl/spark_core.v:306$1306.y[31:0]$1755
   212/252: $1\s_wa[1][5:0]
   213/252: $1\s_wa[0][5:0]
   214/252: $1\s_we[1][0:0]
   215/252: $1\s_we[0][0:0]
   216/252: $1\h_ra[1][5:0]
   217/252: $1\h_ra[0][5:0]
   218/252: $1\h_wa[1][5:0]
   219/252: $1\h_wa[0][5:0]
   220/252: $1\h_we[1][0:0]
   221/252: $1\h_we[0][0:0]
   222/252: $1\sn_wa[3][5:0]
   223/252: $1\sn_wa[2][5:0]
   224/252: $1\sn_wa[1][5:0]
   225/252: $1\sn_wa[0][5:0]
   226/252: $1\sn_we[3][0:0]
   227/252: $1\sn_we[2][0:0]
   228/252: $1\sn_we[1][0:0]
   229/252: $1\sn_we[0][0:0]
   230/252: $1\acc_ra[3][5:0]
   231/252: $1\acc_ra[2][5:0]
   232/252: $1\acc_ra[1][5:0]
   233/252: $1\acc_ra[0][5:0]
   234/252: $1\acc_wd[3][127:0]
   235/252: $1\acc_wd[2][127:0]
   236/252: $1\acc_wd[1][127:0]
   237/252: $1\acc_wd[0][127:0]
   238/252: $1\acc_wa[3][5:0]
   239/252: $1\acc_wa[2][5:0]
   240/252: $1\acc_wa[1][5:0]
   241/252: $1\acc_wa[0][5:0]
   242/252: $1\acc_we[3][0:0]
   243/252: $1\acc_we[2][0:0]
   244/252: $1\acc_we[1][0:0]
   245/252: $1\acc_we[0][0:0]
   246/252: $1\t_wd[42:0]
   247/252: $1\t_wa[9:0]
   248/252: $1\t_we[0:0]
   249/252: $1\w3_ra[11:0]
   250/252: $1\w2_ra[11:0]
   251/252: $1\w1_ra[11:0]
   252/252: $1\w0_ra[11:0]
Creating decoders for process `\spark_core.$proc$../../rtl/spark_core.v:267$1647'.
     1/16: $8\n2[31:0]
     2/16: $4\nidx[7:0]
     3/16: $4\n1[31:0]
     4/16: $7\n2[31:0]
     5/16: $6\n2[31:0]
     6/16: $3\nidx[7:0]
     7/16: $3\n1[31:0]
     8/16: $5\n2[31:0]
     9/16: $4\n2[31:0]
    10/16: $2\nidx[7:0]
    11/16: $2\n1[31:0]
    12/16: $3\n2[31:0]
    13/16: $2\n2[31:0]
    14/16: $1\nidx[7:0]
    15/16: $1\n1[31:0]
    16/16: $1\n2[31:0]
Creating decoders for process `\spark_core.$proc$../../rtl/spark_core.v:241$1490'.
     1/20: $4\sp[4:0]
     2/20: $4\us[17:0]
     3/20: $4\u[17:0]
     4/20: $4\tl[15:0]
     5/20: $4\mag[16:0]
     6/20: $3\sp[4:0]
     7/20: $3\us[17:0]
     8/20: $3\u[17:0]
     9/20: $3\tl[15:0]
    10/20: $3\mag[16:0]
    11/20: $2\sp[4:0]
    12/20: $2\us[17:0]
    13/20: $2\u[17:0]
    14/20: $2\tl[15:0]
    15/20: $2\mag[16:0]
    16/20: $1\sp[4:0]
    17/20: $1\us[17:0]
    18/20: $1\u[17:0]
    19/20: $1\tl[15:0]
    20/20: $1\mag[16:0]
Creating decoders for process `\spark_core.$proc$../../rtl/spark_core.v:221$1473'.
Creating decoders for process `\spark_core.$proc$../../rtl/spark_core.v:214$1472'.
     1/8: $8\sel[3:0]
     2/8: $7\sel[3:0]
     3/8: $6\sel[3:0]
     4/8: $5\sel[3:0]
     5/8: $4\sel[3:0]
     6/8: $3\sel[3:0]
     7/8: $2\sel[3:0]
     8/8: $1\sel[3:0]
Creating decoders for process `\spark_core.$proc$../../rtl/spark_core.v:202$1415'.
Creating decoders for process `\spark_core.$proc$../../rtl/spark_core.v:193$1398'.
Creating decoders for process `\spark_core.$proc$../../rtl/spark_core.v:170$1386'.
     1/5: $1$mem2reg_rd$\acc_rd$../../rtl/spark_core.v:185$1320_DATA[127:0]$1397
     2/5: $1$mem2reg_rd$\sn_rd$../../rtl/spark_core.v:184$1319_DATA[31:0]$1396
     3/5: $2\src_rd[31:0]
     4/5: $1\src_rd[31:0]
     5/5: $1\w_rd[31:0]
Creating decoders for process `$paramod$bce34a75bc86f69491b5eebcbcc3f4d06a100da3\uart_tx.$proc$../../board/uart_tx.v:20$2205'.
Creating decoders for process `$paramod$bce34a75bc86f69491b5eebcbcc3f4d06a100da3\uart_tx.$proc$../../board/uart_tx.v:19$2204'.
Creating decoders for process `$paramod$bce34a75bc86f69491b5eebcbcc3f4d06a100da3\uart_tx.$proc$../../board/uart_tx.v:18$2203'.
Creating decoders for process `$paramod$bce34a75bc86f69491b5eebcbcc3f4d06a100da3\uart_tx.$proc$../../board/uart_tx.v:17$2202'.
Creating decoders for process `$paramod$bce34a75bc86f69491b5eebcbcc3f4d06a100da3\uart_tx.$proc$../../board/uart_tx.v:0$2201'.
Creating decoders for process `$paramod$bce34a75bc86f69491b5eebcbcc3f4d06a100da3\uart_tx.$proc$../../board/uart_tx.v:23$2195'.
     1/5: $0\act[0:0]
     2/5: $0\sh[8:0]
     3/5: $0\bitn[3:0]
     4/5: $0\tx[0:0]
     5/5: $0\cnt[15:0]
Creating decoders for process `$paramod$a80fd39dadfcac33f5f91ba005c92717acda455a\spark_ram.$proc$../spark_ram_asic.v:22$1232'.
     1/3: $1$memwr$\mem$../spark_ram_asic.v:23$1231_EN[127:0]$1236
     2/3: $1$memwr$\mem$../spark_ram_asic.v:23$1231_DATA[127:0]$1237
     3/3: $1$memwr$\mem$../spark_ram_asic.v:23$1231_ADDR[5:0]$1238
Creating decoders for process `$paramod$429c1f82066657abfcb96a496d5ead908f1f3b7c\spark_ram.$proc$../spark_ram_asic.v:22$1221'.
     1/3: $1$memwr$\mem$../spark_ram_asic.v:23$1220_EN[127:0]$1225
     2/3: $1$memwr$\mem$../spark_ram_asic.v:23$1220_DATA[127:0]$1226
     3/3: $1$memwr$\mem$../spark_ram_asic.v:23$1220_ADDR[5:0]$1227
Creating decoders for process `$paramod$3cd4f12c67766e10179630e6778f5a719138134d\spark_ram.$proc$../spark_ram_asic.v:22$1211'.
     1/3: $1$memwr$\mem$../spark_ram_asic.v:23$1210_EN[127:0]$1215
     2/3: $1$memwr$\mem$../spark_ram_asic.v:23$1210_DATA[127:0]$1216
     3/3: $1$memwr$\mem$../spark_ram_asic.v:23$1210_ADDR[5:0]$1217
Creating decoders for process `$paramod$b60b308f1fe104c2737e410a4ba6465ac6270627\spark_ram.$proc$../spark_ram_asic.v:22$1201'.
     1/3: $1$memwr$\mem$../spark_ram_asic.v:23$1200_EN[127:0]$1205
     2/3: $1$memwr$\mem$../spark_ram_asic.v:23$1200_DATA[127:0]$1206
     3/3: $1$memwr$\mem$../spark_ram_asic.v:23$1200_ADDR[5:0]$1207
Creating decoders for process `$paramod$5ef048927887dab421ae4d77be9d31047db88ca2\spark_ram.$proc$../spark_ram_asic.v:22$1191'.
     1/3: $1$memwr$\mem$../spark_ram_asic.v:23$1190_EN[31:0]$1195
     2/3: $1$memwr$\mem$../spark_ram_asic.v:23$1190_DATA[31:0]$1196
     3/3: $1$memwr$\mem$../spark_ram_asic.v:23$1190_ADDR[5:0]$1197
Creating decoders for process `$paramod$bcf365f4146dd7b8dd7973b9792131c6e19538bf\spark_ram.$proc$../spark_ram_asic.v:22$1181'.
     1/3: $1$memwr$\mem$../spark_ram_asic.v:23$1180_EN[31:0]$1185
     2/3: $1$memwr$\mem$../spark_ram_asic.v:23$1180_DATA[31:0]$1186
     3/3: $1$memwr$\mem$../spark_ram_asic.v:23$1180_ADDR[5:0]$1187
Creating decoders for process `$paramod$8f93e5a50923ff060caee78116dfcb18e6d470aa\sram_array.$proc$../spark_mem_sky130.v:20$2311'.
Creating decoders for process `$paramod$0d0377702b2925ff4e344b2b32674ab0e09676c9\sram_array.$proc$../spark_mem_sky130.v:20$2266'.
Creating decoders for process `$paramod$5991bf1e7dfda537268c11f0f2f1f92d0f7b6ab2\sram_array.$proc$../spark_mem_sky130.v:20$2231'.
Creating decoders for process `$paramod$a28ce1f40a247108f5837ac3d099bee74b2b0a07\sram_array.$proc$../spark_mem_sky130.v:20$2206'.
Creating decoders for process `$paramod$bce34a75bc86f69491b5eebcbcc3f4d06a100da3\uart_rx.$proc$../../board/uart_rx.v:29$2194'.
Creating decoders for process `$paramod$bce34a75bc86f69491b5eebcbcc3f4d06a100da3\uart_rx.$proc$../../board/uart_rx.v:28$2193'.
Creating decoders for process `$paramod$bce34a75bc86f69491b5eebcbcc3f4d06a100da3\uart_rx.$proc$../../board/uart_rx.v:27$2192'.
Creating decoders for process `$paramod$bce34a75bc86f69491b5eebcbcc3f4d06a100da3\uart_rx.$proc$../../board/uart_rx.v:26$2191'.
Creating decoders for process `$paramod$bce34a75bc86f69491b5eebcbcc3f4d06a100da3\uart_rx.$proc$../../board/uart_rx.v:19$2190'.
Creating decoders for process `$paramod$bce34a75bc86f69491b5eebcbcc3f4d06a100da3\uart_rx.$proc$../../board/uart_rx.v:19$2189'.
Creating decoders for process `$paramod$bce34a75bc86f69491b5eebcbcc3f4d06a100da3\uart_rx.$proc$../../board/uart_rx.v:31$2178'.
     1/6: $0\valid[0:0]
     2/6: $0\sh[7:0]
     3/6: $0\bitn[2:0]
     4/6: $0\data[7:0]
     5/6: $0\cnt[15:0]
     6/6: $0\state[1:0]
Creating decoders for process `$paramod$bce34a75bc86f69491b5eebcbcc3f4d06a100da3\uart_rx.$proc$../../board/uart_rx.v:20$2177'.
Creating decoders for process `$paramod$4d3c4ff6ab1be9973e955659d38e203320f28619\sram_array.$proc$../spark_mem_sky130.v:20$2336'.
Creating decoders for process `\spark_chip.$proc$../../rtl/spark_chip.v:30$1061'.
     1/1: $0\rs[1:0]
Creating decoders for process `\spark_chip.$proc$../../rtl/spark_chip.v:68$1069'.
     1/91: $5$mem2reg_rd$\rbuf$../../rtl/spark_chip.v:114$1050_DATA[7:0]$1175
     2/91: $4$mem2reg_rd$\rbuf$../../rtl/spark_chip.v:114$1050_DATA[7:0]$1174
     3/91: $4$mem2reg_rd$\rbuf$../../rtl/spark_chip.v:114$1050_ADDR[2:0]$1173
     4/91: $3$mem2reg_rd$\rbuf$../../rtl/spark_chip.v:114$1050_DATA[7:0]$1171
     5/91: $3$mem2reg_rd$\rbuf$../../rtl/spark_chip.v:114$1050_ADDR[2:0]$1170
     6/91: $4$mem2bits$\cfgb$../../rtl/spark_chip.v:99$1060[7:0]$1157
     7/91: $4$mem2bits$\cfgb$../../rtl/spark_chip.v:99$1059[7:0]$1156
     8/91: $3$mem2bits$\cfgb$../../rtl/spark_chip.v:99$1060[7:0]$1153
     9/91: $3$mem2bits$\cfgb$../../rtl/spark_chip.v:99$1059[7:0]$1152
    10/91: $3$memwr$\cfgb$../../rtl/spark_chip.v:97$1058_EN[7:0]$1151
    11/91: $3$memwr$\cfgb$../../rtl/spark_chip.v:97$1058_DATA[7:0]$1150
    12/91: $3$memwr$\cfgb$../../rtl/spark_chip.v:97$1058_ADDR[2:0]$1149
    13/91: $4$mem2bits$\cfgb$../../rtl/spark_chip.v:90$1057[7:0]$1136
    14/91: $4$mem2bits$\cfgb$../../rtl/spark_chip.v:90$1056[7:0]$1135
    15/91: $4$mem2bits$\cfgb$../../rtl/spark_chip.v:90$1055[7:0]$1134
    16/91: $4$mem2bits$\cfgb$../../rtl/spark_chip.v:89$1054[7:0]$1133
    17/91: $4$mem2bits$\cfgb$../../rtl/spark_chip.v:89$1053[7:0]$1132
    18/91: $4$mem2bits$\cfgb$../../rtl/spark_chip.v:89$1052[7:0]$1131
    19/91: $3$mem2bits$\cfgb$../../rtl/spark_chip.v:90$1057[7:0]$1128
    20/91: $3$mem2bits$\cfgb$../../rtl/spark_chip.v:90$1056[7:0]$1127
    21/91: $3$mem2bits$\cfgb$../../rtl/spark_chip.v:90$1055[7:0]$1126
    22/91: $3$mem2bits$\cfgb$../../rtl/spark_chip.v:89$1054[7:0]$1125
    23/91: $3$mem2bits$\cfgb$../../rtl/spark_chip.v:89$1053[7:0]$1124
    24/91: $3$mem2bits$\cfgb$../../rtl/spark_chip.v:89$1052[7:0]$1123
    25/91: $3$memwr$\cfgb$../../rtl/spark_chip.v:87$1051_EN[7:0]$1122
    26/91: $3$memwr$\cfgb$../../rtl/spark_chip.v:87$1051_DATA[7:0]$1121
    27/91: $3$memwr$\cfgb$../../rtl/spark_chip.v:87$1051_ADDR[2:0]$1120
    28/91: $2$mem2bits$\cfgb$../../rtl/spark_chip.v:99$1060[7:0]$1117
    29/91: $2$mem2bits$\cfgb$../../rtl/spark_chip.v:99$1059[7:0]$1116
    30/91: $2$memwr$\cfgb$../../rtl/spark_chip.v:97$1058_EN[7:0]$1115
    31/91: $2$memwr$\cfgb$../../rtl/spark_chip.v:97$1058_DATA[7:0]$1114
    32/91: $2$memwr$\cfgb$../../rtl/spark_chip.v:97$1058_ADDR[2:0]$1113
    33/91: $2$mem2bits$\cfgb$../../rtl/spark_chip.v:90$1057[7:0]$1112
    34/91: $2$mem2bits$\cfgb$../../rtl/spark_chip.v:90$1056[7:0]$1111
    35/91: $2$mem2bits$\cfgb$../../rtl/spark_chip.v:90$1055[7:0]$1110
    36/91: $2$mem2bits$\cfgb$../../rtl/spark_chip.v:89$1054[7:0]$1109
    37/91: $2$mem2bits$\cfgb$../../rtl/spark_chip.v:89$1053[7:0]$1108
    38/91: $2$mem2bits$\cfgb$../../rtl/spark_chip.v:89$1052[7:0]$1107
    39/91: $2$memwr$\cfgb$../../rtl/spark_chip.v:87$1051_EN[7:0]$1106
    40/91: $2$memwr$\cfgb$../../rtl/spark_chip.v:87$1051_DATA[7:0]$1105
    41/91: $2$memwr$\cfgb$../../rtl/spark_chip.v:87$1051_ADDR[2:0]$1104
    42/91: $2$mem2reg_rd$\rbuf$../../rtl/spark_chip.v:114$1050_DATA[7:0]$1103
    43/91: $2$mem2reg_rd$\rbuf$../../rtl/spark_chip.v:114$1050_ADDR[2:0]$1102
    44/91: $1$mem2bits$\cfgb$../../rtl/spark_chip.v:99$1060[7:0]$1101
    45/91: $1$mem2bits$\cfgb$../../rtl/spark_chip.v:99$1059[7:0]$1100
    46/91: $1$memwr$\cfgb$../../rtl/spark_chip.v:97$1058_EN[7:0]$1099
    47/91: $1$memwr$\cfgb$../../rtl/spark_chip.v:97$1058_DATA[7:0]$1098
    48/91: $1$memwr$\cfgb$../../rtl/spark_chip.v:97$1058_ADDR[2:0]$1097
    49/91: $1$mem2bits$\cfgb$../../rtl/spark_chip.v:90$1057[7:0]$1096
    50/91: $1$mem2bits$\cfgb$../../rtl/spark_chip.v:90$1056[7:0]$1095
    51/91: $1$mem2bits$\cfgb$../../rtl/spark_chip.v:90$1055[7:0]$1094
    52/91: $1$mem2bits$\cfgb$../../rtl/spark_chip.v:89$1054[7:0]$1093
    53/91: $1$mem2bits$\cfgb$../../rtl/spark_chip.v:89$1053[7:0]$1092
    54/91: $1$mem2bits$\cfgb$../../rtl/spark_chip.v:89$1052[7:0]$1091
    55/91: $1$memwr$\cfgb$../../rtl/spark_chip.v:87$1051_EN[7:0]$1090
    56/91: $1$memwr$\cfgb$../../rtl/spark_chip.v:87$1051_DATA[7:0]$1089
    57/91: $1$memwr$\cfgb$../../rtl/spark_chip.v:87$1051_ADDR[2:0]$1088
    58/91: $1$mem2reg_rd$\rbuf$../../rtl/spark_chip.v:114$1050_DATA[7:0]$1087
    59/91: $1$mem2reg_rd$\rbuf$../../rtl/spark_chip.v:114$1050_ADDR[2:0]$1086
    60/91: $0\ld_we[0:0]
    61/91: $0\tx_wait[0:0]
    62/91: $0\tx_send[0:0]
    63/91: $0\start[0:0]
    64/91: $0\rbuf[6][7:0]
    65/91: $0\rbuf[5][7:0]
    66/91: $0\rbuf[4][7:0]
    67/91: $0\rbuf[3][7:0]
    68/91: $0\rbuf[2][7:0]
    69/91: $0\rbuf[1][7:0]
    70/91: $0\rbuf[0][7:0]
    71/91: $0\tok_t[0:0]
    72/91: $0\marker[0:0]
    73/91: $0\rlen[3:0]
    74/91: $0\cnt[3:0]
    75/91: $0\tx_data[7:0]
    76/91: $0\state[2:0]
    77/91: $0\ld_data[31:0]
    78/91: $0\ld_addr[11:0]
    79/91: $0\ld_sel[2:0]
    80/91: $0\thr_en[0:0]
    81/91: $0\adapt_en[0:0]
    82/91: $0\arb_th[15:0]
    83/91: $0\recall_mode[1:0]
    84/91: $0\conf_th[1:0]
    85/91: $0\exit_th[31:0]
    86/91: $0\cap[15:0]
    87/91: $0\recall_en[0:0]
    88/91: $0\exit_en[0:0]
    89/91: $0\delta_en[0:0]
    90/91: $0\sparse_en[0:0]
    91/91: $0\in_byte[7:0]

10.2.8. Executing PROC_DLATCH pass (convert process syncs to latches).
No latch inferred for signal `\spark_core.\acc_rd[0]' from process `\spark_core.$proc$../../rtl/spark_core.v:0$2161'.
No latch inferred for signal `\spark_core.\acc_rd[1]' from process `\spark_core.$proc$../../rtl/spark_core.v:0$2161'.
No latch inferred for signal `\spark_core.\acc_rd[2]' from process `\spark_core.$proc$../../rtl/spark_core.v:0$2161'.
No latch inferred for signal `\spark_core.\acc_rd[3]' from process `\spark_core.$proc$../../rtl/spark_core.v:0$2161'.
No latch inferred for signal `\spark_core.\h_rd[0]' from process `\spark_core.$proc$../../rtl/spark_core.v:0$2161'.
No latch inferred for signal `\spark_core.\h_rd[1]' from process `\spark_core.$proc$../../rtl/spark_core.v:0$2161'.
No latch inferred for signal `\spark_core.\s_rd[0]' from process `\spark_core.$proc$../../rtl/spark_core.v:0$2161'.
No latch inferred for signal `\spark_core.\s_rd[1]' from process `\spark_core.$proc$../../rtl/spark_core.v:0$2161'.
No latch inferred for signal `\spark_core.\sn_rd[0]' from process `\spark_core.$proc$../../rtl/spark_core.v:0$2161'.
No latch inferred for signal `\spark_core.\sn_rd[1]' from process `\spark_core.$proc$../../rtl/spark_core.v:0$2161'.
No latch inferred for signal `\spark_core.\sn_rd[2]' from process `\spark_core.$proc$../../rtl/spark_core.v:0$2161'.
No latch inferred for signal `\spark_core.\sn_rd[3]' from process `\spark_core.$proc$../../rtl/spark_core.v:0$2161'.
No latch inferred for signal `\spark_core.\emb_ra' from process `\spark_core.$proc$../../rtl/spark_core.v:279$1692'.
No latch inferred for signal `\spark_core.\emb1_ra' from process `\spark_core.$proc$../../rtl/spark_core.v:279$1692'.
No latch inferred for signal `\spark_core.\emb2_ra' from process `\spark_core.$proc$../../rtl/spark_core.v:279$1692'.
No latch inferred for signal `\spark_core.\w0_ra' from process `\spark_core.$proc$../../rtl/spark_core.v:279$1692'.
No latch inferred for signal `\spark_core.\w1_ra' from process `\spark_core.$proc$../../rtl/spark_core.v:279$1692'.
No latch inferred for signal `\spark_core.\w2_ra' from process `\spark_core.$proc$../../rtl/spark_core.v:279$1692'.
No latch inferred for signal `\spark_core.\w3_ra' from process `\spark_core.$proc$../../rtl/spark_core.v:279$1692'.
No latch inferred for signal `\spark_core.\th_ra' from process `\spark_core.$proc$../../rtl/spark_core.v:279$1692'.
No latch inferred for signal `\spark_core.\t_we' from process `\spark_core.$proc$../../rtl/spark_core.v:279$1692'.
No latch inferred for signal `\spark_core.\t_wa' from process `\spark_core.$proc$../../rtl/spark_core.v:279$1692'.
No latch inferred for signal `\spark_core.\t_ra' from process `\spark_core.$proc$../../rtl/spark_core.v:279$1692'.
No latch inferred for signal `\spark_core.\t_wd' from process `\spark_core.$proc$../../rtl/spark_core.v:279$1692'.
No latch inferred for signal `\spark_core.\k' from process `\spark_core.$proc$../../rtl/spark_core.v:279$1692'.
No latch inferred for signal `\spark_core.\acc_we[0]' from process `\spark_core.$proc$../../rtl/spark_core.v:279$1692'.
No latch inferred for signal `\spark_core.\acc_we[1]' from process `\spark_core.$proc$../../rtl/spark_core.v:279$1692'.
No latch inferred for signal `\spark_core.\acc_we[2]' from process `\spark_core.$proc$../../rtl/spark_core.v:279$1692'.
No latch inferred for signal `\spark_core.\acc_we[3]' from process `\spark_core.$proc$../../rtl/spark_core.v:279$1692'.
No latch inferred for signal `\spark_core.\acc_wa[0]' from process `\spark_core.$proc$../../rtl/spark_core.v:279$1692'.
No latch inferred for signal `\spark_core.\acc_wa[1]' from process `\spark_core.$proc$../../rtl/spark_core.v:279$1692'.
No latch inferred for signal `\spark_core.\acc_wa[2]' from process `\spark_core.$proc$../../rtl/spark_core.v:279$1692'.
No latch inferred for signal `\spark_core.\acc_wa[3]' from process `\spark_core.$proc$../../rtl/spark_core.v:279$1692'.
No latch inferred for signal `\spark_core.\acc_wd[0]' from process `\spark_core.$proc$../../rtl/spark_core.v:279$1692'.
No latch inferred for signal `\spark_core.\acc_wd[1]' from process `\spark_core.$proc$../../rtl/spark_core.v:279$1692'.
No latch inferred for signal `\spark_core.\acc_wd[2]' from process `\spark_core.$proc$../../rtl/spark_core.v:279$1692'.
No latch inferred for signal `\spark_core.\acc_wd[3]' from process `\spark_core.$proc$../../rtl/spark_core.v:279$1692'.
No latch inferred for signal `\spark_core.\acc_ra[0]' from process `\spark_core.$proc$../../rtl/spark_core.v:279$1692'.
No latch inferred for signal `\spark_core.\acc_ra[1]' from process `\spark_core.$proc$../../rtl/spark_core.v:279$1692'.
No latch inferred for signal `\spark_core.\acc_ra[2]' from process `\spark_core.$proc$../../rtl/spark_core.v:279$1692'.
No latch inferred for signal `\spark_core.\acc_ra[3]' from process `\spark_core.$proc$../../rtl/spark_core.v:279$1692'.
No latch inferred for signal `\spark_core.\sn_we[0]' from process `\spark_core.$proc$../../rtl/spark_core.v:279$1692'.
No latch inferred for signal `\spark_core.\sn_we[1]' from process `\spark_core.$proc$../../rtl/spark_core.v:279$1692'.
No latch inferred for signal `\spark_core.\sn_we[2]' from process `\spark_core.$proc$../../rtl/spark_core.v:279$1692'.
No latch inferred for signal `\spark_core.\sn_we[3]' from process `\spark_core.$proc$../../rtl/spark_core.v:279$1692'.
No latch inferred for signal `\spark_core.\sn_wa[0]' from process `\spark_core.$proc$../../rtl/spark_core.v:279$1692'.
No latch inferred for signal `\spark_core.\sn_wa[1]' from process `\spark_core.$proc$../../rtl/spark_core.v:279$1692'.
No latch inferred for signal `\spark_core.\sn_wa[2]' from process `\spark_core.$proc$../../rtl/spark_core.v:279$1692'.
No latch inferred for signal `\spark_core.\sn_wa[3]' from process `\spark_core.$proc$../../rtl/spark_core.v:279$1692'.
No latch inferred for signal `\spark_core.\sn_wd[0]' from process `\spark_core.$proc$../../rtl/spark_core.v:279$1692'.
No latch inferred for signal `\spark_core.\sn_wd[1]' from process `\spark_core.$proc$../../rtl/spark_core.v:279$1692'.
No latch inferred for signal `\spark_core.\sn_wd[2]' from process `\spark_core.$proc$../../rtl/spark_core.v:279$1692'.
No latch inferred for signal `\spark_core.\sn_wd[3]' from process `\spark_core.$proc$../../rtl/spark_core.v:279$1692'.
No latch inferred for signal `\spark_core.\sn_ra[0]' from process `\spark_core.$proc$../../rtl/spark_core.v:279$1692'.
No latch inferred for signal `\spark_core.\sn_ra[1]' from process `\spark_core.$proc$../../rtl/spark_core.v:279$1692'.
No latch inferred for signal `\spark_core.\sn_ra[2]' from process `\spark_core.$proc$../../rtl/spark_core.v:279$1692'.
No latch inferred for signal `\spark_core.\sn_ra[3]' from process `\spark_core.$proc$../../rtl/spark_core.v:279$1692'.
No latch inferred for signal `\spark_core.\h_we[0]' from process `\spark_core.$proc$../../rtl/spark_core.v:279$1692'.
No latch inferred for signal `\spark_core.\h_we[1]' from process `\spark_core.$proc$../../rtl/spark_core.v:279$1692'.
No latch inferred for signal `\spark_core.\h_wa[0]' from process `\spark_core.$proc$../../rtl/spark_core.v:279$1692'.
No latch inferred for signal `\spark_core.\h_wa[1]' from process `\spark_core.$proc$../../rtl/spark_core.v:279$1692'.
No latch inferred for signal `\spark_core.\h_wd[0]' from process `\spark_core.$proc$../../rtl/spark_core.v:279$1692'.
No latch inferred for signal `\spark_core.\h_wd[1]' from process `\spark_core.$proc$../../rtl/spark_core.v:279$1692'.
No latch inferred for signal `\spark_core.\h_ra[0]' from process `\spark_core.$proc$../../rtl/spark_core.v:279$1692'.
No latch inferred for signal `\spark_core.\h_ra[1]' from process `\spark_core.$proc$../../rtl/spark_core.v:279$1692'.
No latch inferred for signal `\spark_core.\s_we[0]' from process `\spark_core.$proc$../../rtl/spark_core.v:279$1692'.
No latch inferred for signal `\spark_core.\s_we[1]' from process `\spark_core.$proc$../../rtl/spark_core.v:279$1692'.
No latch inferred for signal `\spark_core.\s_wa[0]' from process `\spark_core.$proc$../../rtl/spark_core.v:279$1692'.
No latch inferred for signal `\spark_core.\s_wa[1]' from process `\spark_core.$proc$../../rtl/spark_core.v:279$1692'.
No latch inferred for signal `\spark_core.\s_wd[0]' from process `\spark_core.$proc$../../rtl/spark_core.v:279$1692'.
No latch inferred for signal `\spark_core.\s_wd[1]' from process `\spark_core.$proc$../../rtl/spark_core.v:279$1692'.
No latch inferred for signal `\spark_core.\s_ra[0]' from process `\spark_core.$proc$../../rtl/spark_core.v:279$1692'.
No latch inferred for signal `\spark_core.\s_ra[1]' from process `\spark_core.$proc$../../rtl/spark_core.v:279$1692'.
No latch inferred for signal `\spark_core.\rhash$func$../../rtl/spark_core.v:306$1306.y' from process `\spark_core.$proc$../../rtl/spark_core.v:279$1692'.
No latch inferred for signal `\spark_core.\rhash$func$../../rtl/spark_core.v:306$1306.x' from process `\spark_core.$proc$../../rtl/spark_core.v:279$1692'.
No latch inferred for signal `\spark_core.\rhash$func$../../rtl/spark_core.v:306$1306.$result' from process `\spark_core.$proc$../../rtl/spark_core.v:279$1692'.
No latch inferred for signal `\spark_core.\rhash$func$../../rtl/spark_core.v:298$1305.y' from process `\spark_core.$proc$../../rtl/spark_core.v:279$1692'.
No latch inferred for signal `\spark_core.\rhash$func$../../rtl/spark_core.v:298$1305.x' from process `\spark_core.$proc$../../rtl/spark_core.v:279$1692'.
No latch inferred for signal `\spark_core.\rhash$func$../../rtl/spark_core.v:298$1305.$result' from process `\spark_core.$proc$../../rtl/spark_core.v:279$1692'.
No latch inferred for signal `\spark_core.\rhash$func$../../rtl/spark_core.v:296$1304.y' from process `\spark_core.$proc$../../rtl/spark_core.v:279$1692'.
No latch inferred for signal `\spark_core.\rhash$func$../../rtl/spark_core.v:296$1304.x' from process `\spark_core.$proc$../../rtl/spark_core.v:279$1692'.
No latch inferred for signal `\spark_core.\rhash$func$../../rtl/spark_core.v:296$1304.$result' from process `\spark_core.$proc$../../rtl/spark_core.v:279$1692'.
No latch inferred for signal `\spark_core.\rhash$func$../../rtl/spark_core.v:293$1303.y' from process `\spark_core.$proc$../../rtl/spark_core.v:279$1692'.
No latch inferred for signal `\spark_core.\rhash$func$../../rtl/spark_core.v:293$1303.x' from process `\spark_core.$proc$../../rtl/spark_core.v:279$1692'.
No latch inferred for signal `\spark_core.\rhash$func$../../rtl/spark_core.v:293$1303.$result' from process `\spark_core.$proc$../../rtl/spark_core.v:279$1692'.
No latch inferred for signal `\spark_core.\rhash$func$../../rtl/spark_core.v:293$1302.y' from process `\spark_core.$proc$../../rtl/spark_core.v:279$1692'.
No latch inferred for signal `\spark_core.\rhash$func$../../rtl/spark_core.v:293$1302.x' from process `\spark_core.$proc$../../rtl/spark_core.v:279$1692'.
No latch inferred for signal `\spark_core.\rhash$func$../../rtl/spark_core.v:293$1302.$result' from process `\spark_core.$proc$../../rtl/spark_core.v:279$1692'.
No latch inferred for signal `\spark_core.$mem2reg_wr$\acc_ra$../../rtl/spark_core.v:313$1321_ADDR' from process `\spark_core.$proc$../../rtl/spark_core.v:279$1692'.
No latch inferred for signal `\spark_core.$mem2reg_wr$\acc_ra$../../rtl/spark_core.v:313$1321_DATA' from process `\spark_core.$proc$../../rtl/spark_core.v:279$1692'.
No latch inferred for signal `\spark_core.$mem2reg_wr$\acc_we$../../rtl/spark_core.v:316$1322_ADDR' from process `\spark_core.$proc$../../rtl/spark_core.v:279$1692'.
No latch inferred for signal `\spark_core.$mem2reg_wr$\acc_we$../../rtl/spark_core.v:316$1322_DATA' from process `\spark_core.$proc$../../rtl/spark_core.v:279$1692'.
No latch inferred for signal `\spark_core.$mem2reg_wr$\acc_wa$../../rtl/spark_core.v:316$1323_ADDR' from process `\spark_core.$proc$../../rtl/spark_core.v:279$1692'.
No latch inferred for signal `\spark_core.$mem2reg_wr$\acc_wa$../../rtl/spark_core.v:316$1323_DATA' from process `\spark_core.$proc$../../rtl/spark_core.v:279$1692'.
No latch inferred for signal `\spark_core.$mem2reg_wr$\acc_wd$../../rtl/spark_core.v:316$1324_ADDR' from process `\spark_core.$proc$../../rtl/spark_core.v:279$1692'.
No latch inferred for signal `\spark_core.$mem2reg_wr$\acc_wd$../../rtl/spark_core.v:316$1324_DATA' from process `\spark_core.$proc$../../rtl/spark_core.v:279$1692'.
No latch inferred for signal `\spark_core.$mem2reg_wr$\sn_we$../../rtl/spark_core.v:320$1325_ADDR' from process `\spark_core.$proc$../../rtl/spark_core.v:279$1692'.
No latch inferred for signal `\spark_core.$mem2reg_wr$\sn_we$../../rtl/spark_core.v:320$1325_DATA' from process `\spark_core.$proc$../../rtl/spark_core.v:279$1692'.
No latch inferred for signal `\spark_core.$mem2reg_wr$\sn_wa$../../rtl/spark_core.v:320$1326_ADDR' from process `\spark_core.$proc$../../rtl/spark_core.v:279$1692'.
No latch inferred for signal `\spark_core.$mem2reg_wr$\sn_wa$../../rtl/spark_core.v:320$1326_DATA' from process `\spark_core.$proc$../../rtl/spark_core.v:279$1692'.
No latch inferred for signal `\spark_core.$mem2reg_wr$\acc_we$../../rtl/spark_core.v:323$1327_ADDR' from process `\spark_core.$proc$../../rtl/spark_core.v:279$1692'.
No latch inferred for signal `\spark_core.$mem2reg_wr$\acc_we$../../rtl/spark_core.v:323$1327_DATA' from process `\spark_core.$proc$../../rtl/spark_core.v:279$1692'.
No latch inferred for signal `\spark_core.$mem2reg_wr$\acc_wa$../../rtl/spark_core.v:323$1328_ADDR' from process `\spark_core.$proc$../../rtl/spark_core.v:279$1692'.
No latch inferred for signal `\spark_core.$mem2reg_wr$\acc_wa$../../rtl/spark_core.v:323$1328_DATA' from process `\spark_core.$proc$../../rtl/spark_core.v:279$1692'.
No latch inferred for signal `\spark_core.$mem2reg_wr$\acc_wd$../../rtl/spark_core.v:323$1329_ADDR' from process `\spark_core.$proc$../../rtl/spark_core.v:279$1692'.
No latch inferred for signal `\spark_core.$mem2reg_wr$\acc_wd$../../rtl/spark_core.v:323$1329_DATA' from process `\spark_core.$proc$../../rtl/spark_core.v:279$1692'.
No latch inferred for signal `\spark_core.$mem2reg_wr$\acc_ra$../../rtl/spark_core.v:326$1330_ADDR' from process `\spark_core.$proc$../../rtl/spark_core.v:279$1692'.
No latch inferred for signal `\spark_core.$mem2reg_wr$\acc_ra$../../rtl/spark_core.v:326$1330_DATA' from process `\spark_core.$proc$../../rtl/spark_core.v:279$1692'.
No latch inferred for signal `\spark_core.$mem2reg_wr$\h_ra$../../rtl/spark_core.v:327$1331_ADDR' from process `\spark_core.$proc$../../rtl/spark_core.v:279$1692'.
No latch inferred for signal `\spark_core.$mem2reg_wr$\h_ra$../../rtl/spark_core.v:327$1331_DATA' from process `\spark_core.$proc$../../rtl/spark_core.v:279$1692'.
No latch inferred for signal `\spark_core.$mem2reg_wr$\acc_we$../../rtl/spark_core.v:331$1332_ADDR' from process `\spark_core.$proc$../../rtl/spark_core.v:279$1692'.
No latch inferred for signal `\spark_core.$mem2reg_wr$\acc_we$../../rtl/spark_core.v:331$1332_DATA' from process `\spark_core.$proc$../../rtl/spark_core.v:279$1692'.
No latch inferred for signal `\spark_core.$mem2reg_wr$\acc_wa$../../rtl/spark_core.v:331$1333_ADDR' from process `\spark_core.$proc$../../rtl/spark_core.v:279$1692'.
No latch inferred for signal `\spark_core.$mem2reg_wr$\acc_wa$../../rtl/spark_core.v:331$1333_DATA' from process `\spark_core.$proc$../../rtl/spark_core.v:279$1692'.
No latch inferred for signal `\spark_core.$mem2reg_wr$\acc_wd$../../rtl/spark_core.v:331$1334_ADDR' from process `\spark_core.$proc$../../rtl/spark_core.v:279$1692'.
No latch inferred for signal `\spark_core.$mem2reg_wr$\acc_wd$../../rtl/spark_core.v:331$1334_DATA' from process `\spark_core.$proc$../../rtl/spark_core.v:279$1692'.
No latch inferred for signal `\spark_core.$mem2reg_wr$\h_we$../../rtl/spark_core.v:334$1335_ADDR' from process `\spark_core.$proc$../../rtl/spark_core.v:279$1692'.
No latch inferred for signal `\spark_core.$mem2reg_wr$\h_we$../../rtl/spark_core.v:334$1335_DATA' from process `\spark_core.$proc$../../rtl/spark_core.v:279$1692'.
No latch inferred for signal `\spark_core.$mem2reg_wr$\h_wa$../../rtl/spark_core.v:334$1336_ADDR' from process `\spark_core.$proc$../../rtl/spark_core.v:279$1692'.
No latch inferred for signal `\spark_core.$mem2reg_wr$\h_wa$../../rtl/spark_core.v:334$1336_DATA' from process `\spark_core.$proc$../../rtl/spark_core.v:279$1692'.
No latch inferred for signal `\spark_core.$mem2reg_wr$\s_we$../../rtl/spark_core.v:335$1337_ADDR' from process `\spark_core.$proc$../../rtl/spark_core.v:279$1692'.
No latch inferred for signal `\spark_core.$mem2reg_wr$\s_we$../../rtl/spark_core.v:335$1337_DATA' from process `\spark_core.$proc$../../rtl/spark_core.v:279$1692'.
No latch inferred for signal `\spark_core.$mem2reg_wr$\s_wa$../../rtl/spark_core.v:335$1338_ADDR' from process `\spark_core.$proc$../../rtl/spark_core.v:279$1692'.
No latch inferred for signal `\spark_core.$mem2reg_wr$\s_wa$../../rtl/spark_core.v:335$1338_DATA' from process `\spark_core.$proc$../../rtl/spark_core.v:279$1692'.
No latch inferred for signal `\spark_core.\l5' from process `\spark_core.$proc$../../rtl/spark_core.v:267$1647'.
No latch inferred for signal `\spark_core.\n1' from process `\spark_core.$proc$../../rtl/spark_core.v:267$1647'.
No latch inferred for signal `\spark_core.\n2' from process `\spark_core.$proc$../../rtl/spark_core.v:267$1647'.
No latch inferred for signal `\spark_core.\xv' from process `\spark_core.$proc$../../rtl/spark_core.v:267$1647'.
No latch inferred for signal `\spark_core.\nidx' from process `\spark_core.$proc$../../rtl/spark_core.v:267$1647'.
No latch inferred for signal `\spark_core.\l4' from process `\spark_core.$proc$../../rtl/spark_core.v:241$1490'.
No latch inferred for signal `\spark_core.\h_grp' from process `\spark_core.$proc$../../rtl/spark_core.v:241$1490'.
No latch inferred for signal `\spark_core.\s_grp' from process `\spark_core.$proc$../../rtl/spark_core.v:241$1490'.
No latch inferred for signal `\spark_core.\dec' from process `\spark_core.$proc$../../rtl/spark_core.v:241$1490'.
No latch inferred for signal `\spark_core.\sum' from process `\spark_core.$proc$../../rtl/spark_core.v:241$1490'.
No latch inferred for signal `\spark_core.\hs' from process `\spark_core.$proc$../../rtl/spark_core.v:241$1490'.
No latch inferred for signal `\spark_core.\hl' from process `\spark_core.$proc$../../rtl/spark_core.v:241$1490'.
No latch inferred for signal `\spark_core.\al' from process `\spark_core.$proc$../../rtl/spark_core.v:241$1490'.
No latch inferred for signal `\spark_core.\mag' from process `\spark_core.$proc$../../rtl/spark_core.v:241$1490'.
No latch inferred for signal `\spark_core.\sp' from process `\spark_core.$proc$../../rtl/spark_core.v:241$1490'.
No latch inferred for signal `\spark_core.\hr' from process `\spark_core.$proc$../../rtl/spark_core.v:241$1490'.
Latch inferred for signal `\spark_core.\tl' from process `\spark_core.$proc$../../rtl/spark_core.v:241$1490': $auto$proc_dlatch.cc:427:proc_dlatch$8372
Latch inferred for signal `\spark_core.\u' from process `\spark_core.$proc$../../rtl/spark_core.v:241$1490': $auto$proc_dlatch.cc:427:proc_dlatch$8375
Latch inferred for signal `\spark_core.\us' from process `\spark_core.$proc$../../rtl/spark_core.v:241$1490': $auto$proc_dlatch.cc:427:proc_dlatch$8378
No latch inferred for signal `\spark_core.\l3' from process `\spark_core.$proc$../../rtl/spark_core.v:221$1473'.
No latch inferred for signal `\spark_core.\acc_new' from process `\spark_core.$proc$../../rtl/spark_core.v:221$1473'.
No latch inferred for signal `\spark_core.\l2' from process `\spark_core.$proc$../../rtl/spark_core.v:214$1472'.
No latch inferred for signal `\spark_core.\sel' from process `\spark_core.$proc$../../rtl/spark_core.v:214$1472'.
No latch inferred for signal `\spark_core.\l1' from process `\spark_core.$proc$../../rtl/spark_core.v:202$1415'.
No latch inferred for signal `\spark_core.\nzmask_rd' from process `\spark_core.$proc$../../rtl/spark_core.v:202$1415'.
No latch inferred for signal `\spark_core.\srcnz_rd' from process `\spark_core.$proc$../../rtl/spark_core.v:202$1415'.
No latch inferred for signal `\spark_core.\chg_rd' from process `\spark_core.$proc$../../rtl/spark_core.v:202$1415'.
No latch inferred for signal `\spark_core.\vtmp' from process `\spark_core.$proc$../../rtl/spark_core.v:202$1415'.
No latch inferred for signal `\spark_core.\vlat[0]' from process `\spark_core.$proc$../../rtl/spark_core.v:202$1415'.
No latch inferred for signal `\spark_core.\vlat[1]' from process `\spark_core.$proc$../../rtl/spark_core.v:202$1415'.
No latch inferred for signal `\spark_core.\vlat[2]' from process `\spark_core.$proc$../../rtl/spark_core.v:202$1415'.
No latch inferred for signal `\spark_core.\vlat[3]' from process `\spark_core.$proc$../../rtl/spark_core.v:202$1415'.
No latch inferred for signal `\spark_core.\vlat[4]' from process `\spark_core.$proc$../../rtl/spark_core.v:202$1415'.
No latch inferred for signal `\spark_core.\vlat[5]' from process `\spark_core.$proc$../../rtl/spark_core.v:202$1415'.
No latch inferred for signal `\spark_core.\vlat[6]' from process `\spark_core.$proc$../../rtl/spark_core.v:202$1415'.
No latch inferred for signal `\spark_core.\vlat[7]' from process `\spark_core.$proc$../../rtl/spark_core.v:202$1415'.
No latch inferred for signal `\spark_core.\l0' from process `\spark_core.$proc$../../rtl/spark_core.v:193$1398'.
No latch inferred for signal `\spark_core.\pc_nz' from process `\spark_core.$proc$../../rtl/spark_core.v:193$1398'.
No latch inferred for signal `\spark_core.\pc_dl' from process `\spark_core.$proc$../../rtl/spark_core.v:193$1398'.
No latch inferred for signal `\spark_core.\src_rd' from process `\spark_core.$proc$../../rtl/spark_core.v:170$1386'.
No latch inferred for signal `\spark_core.\sent_rd' from process `\spark_core.$proc$../../rtl/spark_core.v:170$1386'.
No latch inferred for signal `\spark_core.\w_rd' from process `\spark_core.$proc$../../rtl/spark_core.v:170$1386'.
No latch inferred for signal `\spark_core.\acc_rd_s' from process `\spark_core.$proc$../../rtl/spark_core.v:170$1386'.
No latch inferred for signal `\spark_core.$mem2reg_rd$\sn_rd$../../rtl/spark_core.v:184$1319_ADDR' from process `\spark_core.$proc$../../rtl/spark_core.v:170$1386'.
No latch inferred for signal `\spark_core.$mem2reg_rd$\sn_rd$../../rtl/spark_core.v:184$1319_DATA' from process `\spark_core.$proc$../../rtl/spark_core.v:170$1386'.
No latch inferred for signal `\spark_core.$mem2reg_rd$\acc_rd$../../rtl/spark_core.v:185$1320_ADDR' from process `\spark_core.$proc$../../rtl/spark_core.v:170$1386'.
No latch inferred for signal `\spark_core.$mem2reg_rd$\acc_rd$../../rtl/spark_core.v:185$1320_DATA' from process `\spark_core.$proc$../../rtl/spark_core.v:170$1386'.

10.2.9. Executing PROC_DFF pass (convert process syncs to FFs).
Creating register for signal `\spark_core.\done' using process `\spark_core.$proc$../../rtl/spark_core.v:366$1858'.
  created $dff cell `$procdff$8379' with positive edge clock.
Creating register for signal `\spark_core.\pred' using process `\spark_core.$proc$../../rtl/spark_core.v:366$1858'.
  created $dff cell `$procdff$8380' with positive edge clock.
Creating register for signal `\spark_core.\path' using process `\spark_core.$proc$../../rtl/spark_core.v:366$1858'.
  created $dff cell `$procdff$8381' with positive edge clock.
Creating register for signal `\spark_core.\tok_cycles' using process `\spark_core.$proc$../../rtl/spark_core.v:366$1858'.
  created $dff cell `$procdff$8382' with positive edge clock.
Creating register for signal `\spark_core.\wreads' using process `\spark_core.$proc$../../rtl/spark_core.v:366$1858'.
  created $dff cell `$procdff$8383' with positive edge clock.
Creating register for signal `\spark_core.\cyc_engine' using process `\spark_core.$proc$../../rtl/spark_core.v:366$1858'.
  created $dff cell `$procdff$8384' with positive edge clock.
Creating register for signal `\spark_core.\cyc_scan' using process `\spark_core.$proc$../../rtl/spark_core.v:366$1858'.
  created $dff cell `$procdff$8385' with positive edge clock.
Creating register for signal `\spark_core.\cyc_post' using process `\spark_core.$proc$../../rtl/spark_core.v:366$1858'.
  created $dff cell `$procdff$8386' with positive edge clock.
Creating register for signal `\spark_core.\cyc_recall' using process `\spark_core.$proc$../../rtl/spark_core.v:366$1858'.
  created $dff cell `$procdff$8387' with positive edge clock.
Creating register for signal `\spark_core.\state' using process `\spark_core.$proc$../../rtl/spark_core.v:366$1858'.
  created $dff cell `$procdff$8388' with positive edge clock.
Creating register for signal `\spark_core.\use_delta' using process `\spark_core.$proc$../../rtl/spark_core.v:366$1858'.
  created $dff cell `$procdff$8389' with positive edge clock.
Creating register for signal `\spark_core.\n_nz' using process `\spark_core.$proc$../../rtl/spark_core.v:366$1858'.
  created $dff cell `$procdff$8390' with positive edge clock.
Creating register for signal `\spark_core.\n_dl' using process `\spark_core.$proc$../../rtl/spark_core.v:366$1858'.
  created $dff cell `$procdff$8391' with positive edge clock.
Creating register for signal `\spark_core.\score' using process `\spark_core.$proc$../../rtl/spark_core.v:366$1858'.
  created $dff cell `$procdff$8392' with positive edge clock.
Creating register for signal `\spark_core.\tokcnt' using process `\spark_core.$proc$../../rtl/spark_core.v:366$1858'.
  created $dff cell `$procdff$8393' with positive edge clock.
Creating register for signal `\spark_core.\tokq' using process `\spark_core.$proc$../../rtl/spark_core.v:366$1858'.
  created $dff cell `$procdff$8394' with positive edge clock.
Creating register for signal `\spark_core.\rec_hit' using process `\spark_core.$proc$../../rtl/spark_core.v:366$1858'.
  created $dff cell `$procdff$8395' with positive edge clock.
Creating register for signal `\spark_core.\rec_val' using process `\spark_core.$proc$../../rtl/spark_core.v:366$1858'.
  created $dff cell `$procdff$8396' with positive edge clock.
Creating register for signal `\spark_core.\stg' using process `\spark_core.$proc$../../rtl/spark_core.v:366$1858'.
  created $dff cell `$procdff$8397' with positive edge clock.
Creating register for signal `\spark_core.\byte_r' using process `\spark_core.$proc$../../rtl/spark_core.v:366$1858'.
  created $dff cell `$procdff$8398' with positive edge clock.
Creating register for signal `\spark_core.\ctx' using process `\spark_core.$proc$../../rtl/spark_core.v:366$1858'.
  created $dff cell `$procdff$8399' with positive edge clock.
Creating register for signal `\spark_core.\ctx_prev' using process `\spark_core.$proc$../../rtl/spark_core.v:366$1858'.
  created $dff cell `$procdff$8400' with positive edge clock.
Creating register for signal `\spark_core.\hist1' using process `\spark_core.$proc$../../rtl/spark_core.v:366$1858'.
  created $dff cell `$procdff$8401' with positive edge clock.
Creating register for signal `\spark_core.\hist2' using process `\spark_core.$proc$../../rtl/spark_core.v:366$1858'.
  created $dff cell `$procdff$8402' with positive edge clock.
Creating register for signal `\spark_core.\started' using process `\spark_core.$proc$../../rtl/spark_core.v:366$1858'.
  created $dff cell `$procdff$8403' with positive edge clock.
Creating register for signal `\spark_core.\c' using process `\spark_core.$proc$../../rtl/spark_core.v:366$1858'.
  created $dff cell `$procdff$8404' with positive edge clock.
Creating register for signal `\spark_core.\mask' using process `\spark_core.$proc$../../rtl/spark_core.v:366$1858'.
  created $dff cell `$procdff$8405' with positive edge clock.
Creating register for signal `\spark_core.\srcw' using process `\spark_core.$proc$../../rtl/spark_core.v:366$1858'.
  created $dff cell `$procdff$8406' with positive edge clock.
Creating register for signal `\spark_core.\sentw' using process `\spark_core.$proc$../../rtl/spark_core.v:366$1858'.
  created $dff cell `$procdff$8407' with positive edge clock.
Creating register for signal `\spark_core.\ev_j' using process `\spark_core.$proc$../../rtl/spark_core.v:366$1858'.
  created $dff cell `$procdff$8408' with positive edge clock.
Creating register for signal `\spark_core.\ev_v' using process `\spark_core.$proc$../../rtl/spark_core.v:366$1858'.
  created $dff cell `$procdff$8409' with positive edge clock.
Creating register for signal `\spark_core.\e' using process `\spark_core.$proc$../../rtl/spark_core.v:366$1858'.
  created $dff cell `$procdff$8410' with positive edge clock.
Creating register for signal `\spark_core.\m' using process `\spark_core.$proc$../../rtl/spark_core.v:366$1858'.
  created $dff cell `$procdff$8411' with positive edge clock.
Creating register for signal `\spark_core.\t1' using process `\spark_core.$proc$../../rtl/spark_core.v:366$1858'.
  created $dff cell `$procdff$8412' with positive edge clock.
Creating register for signal `\spark_core.\t2' using process `\spark_core.$proc$../../rtl/spark_core.v:366$1858'.
  created $dff cell `$procdff$8413' with positive edge clock.
Creating register for signal `\spark_core.\idx' using process `\spark_core.$proc$../../rtl/spark_core.v:366$1858'.
  created $dff cell `$procdff$8414' with positive edge clock.
Creating register for signal `\spark_core.\po_acc' using process `\spark_core.$proc$../../rtl/spark_core.v:366$1858'.
  created $dff cell `$procdff$8415' with positive edge clock.
Creating register for signal `\spark_core.\po_h' using process `\spark_core.$proc$../../rtl/spark_core.v:366$1858'.
  created $dff cell `$procdff$8416' with positive edge clock.
Creating register for signal `\spark_core.\po_th' using process `\spark_core.$proc$../../rtl/spark_core.v:366$1858'.
  created $dff cell `$procdff$8417' with positive edge clock.
Creating register for signal `\spark_core.\h_neww' using process `\spark_core.$proc$../../rtl/spark_core.v:366$1858'.
  created $dff cell `$procdff$8418' with positive edge clock.
Creating register for signal `\spark_core.\s_neww' using process `\spark_core.$proc$../../rtl/spark_core.v:366$1858'.
  created $dff cell `$procdff$8419' with positive edge clock.
Creating register for signal `\spark_core.\q' using process `\spark_core.$proc$../../rtl/spark_core.v:366$1858'.
  created $dff cell `$procdff$8420' with positive edge clock.
Creating register for signal `\spark_core.\kf' using process `\spark_core.$proc$../../rtl/spark_core.v:366$1858'.
  created $dff cell `$procdff$8421' with positive edge clock.
Creating register for signal `\spark_core.$bitselwrite$data$../../rtl/spark_core.v:449$1311' using process `\spark_core.$proc$../../rtl/spark_core.v:366$1858'.
  created $dff cell `$procdff$8422' with positive edge clock.
Creating register for signal `\spark_core.$bitselwrite$sel$../../rtl/spark_core.v:448$1309' using process `\spark_core.$proc$../../rtl/spark_core.v:366$1858'.
  created $dff cell `$procdff$8423' with positive edge clock.
Creating register for signal `\spark_core.$bitselwrite$data$../../rtl/spark_core.v:448$1308' using process `\spark_core.$proc$../../rtl/spark_core.v:366$1858'.
  created $dff cell `$procdff$8424' with positive edge clock.
Creating register for signal `\spark_core.$bitselwrite$mask$../../rtl/spark_core.v:448$1307' using process `\spark_core.$proc$../../rtl/spark_core.v:366$1858'.
  created $dff cell `$procdff$8425' with positive edge clock.
Creating register for signal `\spark_core.$bitselwrite$mask$../../rtl/spark_core.v:449$1310' using process `\spark_core.$proc$../../rtl/spark_core.v:366$1858'.
  created $dff cell `$procdff$8426' with positive edge clock.
Creating register for signal `\spark_core.$bitselwrite$sel$../../rtl/spark_core.v:449$1312' using process `\spark_core.$proc$../../rtl/spark_core.v:366$1858'.
  created $dff cell `$procdff$8427' with positive edge clock.
Creating register for signal `\spark_core.$bitselwrite$mask$../../rtl/spark_core.v:480$1313' using process `\spark_core.$proc$../../rtl/spark_core.v:366$1858'.
  created $dff cell `$procdff$8428' with positive edge clock.
Creating register for signal `\spark_core.$bitselwrite$data$../../rtl/spark_core.v:480$1314' using process `\spark_core.$proc$../../rtl/spark_core.v:366$1858'.
  created $dff cell `$procdff$8429' with positive edge clock.
Creating register for signal `\spark_core.$bitselwrite$sel$../../rtl/spark_core.v:480$1315' using process `\spark_core.$proc$../../rtl/spark_core.v:366$1858'.
  created $dff cell `$procdff$8430' with positive edge clock.
Creating register for signal `\spark_core.$bitselwrite$mask$../../rtl/spark_core.v:481$1316' using process `\spark_core.$proc$../../rtl/spark_core.v:366$1858'.
  created $dff cell `$procdff$8431' with positive edge clock.
Creating register for signal `\spark_core.$bitselwrite$data$../../rtl/spark_core.v:481$1317' using process `\spark_core.$proc$../../rtl/spark_core.v:366$1858'.
  created $dff cell `$procdff$8432' with positive edge clock.
Creating register for signal `\spark_core.$bitselwrite$sel$../../rtl/spark_core.v:481$1318' using process `\spark_core.$proc$../../rtl/spark_core.v:366$1858'.
  created $dff cell `$procdff$8433' with positive edge clock.
Creating register for signal `\spark_core.$mem2reg_rd$\vlat$../../rtl/spark_core.v:447$1339_ADDR' using process `\spark_core.$proc$../../rtl/spark_core.v:366$1858'.
  created $dff cell `$procdff$8434' with positive edge clock.
Creating register for signal `\spark_core.$mem2reg_rd$\vlat$../../rtl/spark_core.v:447$1339_DATA' using process `\spark_core.$proc$../../rtl/spark_core.v:366$1858'.
  created $dff cell `$procdff$8435' with positive edge clock.
Creating register for signal `\spark_core.$mem2reg_rd$\vlat$../../rtl/spark_core.v:451$1340_ADDR' using process `\spark_core.$proc$../../rtl/spark_core.v:366$1858'.
  created $dff cell `$procdff$8436' with positive edge clock.
Creating register for signal `\spark_core.$mem2reg_rd$\vlat$../../rtl/spark_core.v:451$1340_DATA' using process `\spark_core.$proc$../../rtl/spark_core.v:366$1858'.
  created $dff cell `$procdff$8437' with positive edge clock.
Creating register for signal `\spark_core.$mem2reg_rd$\h_rd$../../rtl/spark_core.v:474$1341_ADDR' using process `\spark_core.$proc$../../rtl/spark_core.v:366$1858'.
  created $dff cell `$procdff$8438' with positive edge clock.
Creating register for signal `\spark_core.$mem2reg_rd$\h_rd$../../rtl/spark_core.v:474$1341_DATA' using process `\spark_core.$proc$../../rtl/spark_core.v:366$1858'.
  created $dff cell `$procdff$8439' with positive edge clock.
Creating register for signal `\spark_core.$memwr$\nzc$../../rtl/spark_core.v:382$1342_EN' using process `\spark_core.$proc$../../rtl/spark_core.v:366$1858'.
  created $dff cell `$procdff$8440' with positive edge clock.
Creating register for signal `\spark_core.$memwr$\prc$../../rtl/spark_core.v:382$1343_EN' using process `\spark_core.$proc$../../rtl/spark_core.v:366$1858'.
  created $dff cell `$procdff$8441' with positive edge clock.
Creating register for signal `\spark_core.$memwr$\nzc$../../rtl/spark_core.v:382$1344_EN' using process `\spark_core.$proc$../../rtl/spark_core.v:366$1858'.
  created $dff cell `$procdff$8442' with positive edge clock.
Creating register for signal `\spark_core.$memwr$\prc$../../rtl/spark_core.v:382$1345_EN' using process `\spark_core.$proc$../../rtl/spark_core.v:366$1858'.
  created $dff cell `$procdff$8443' with positive edge clock.
Creating register for signal `\spark_core.$memwr$\nzc$../../rtl/spark_core.v:382$1346_EN' using process `\spark_core.$proc$../../rtl/spark_core.v:366$1858'.
  created $dff cell `$procdff$8444' with positive edge clock.
Creating register for signal `\spark_core.$memwr$\prc$../../rtl/spark_core.v:382$1347_EN' using process `\spark_core.$proc$../../rtl/spark_core.v:366$1858'.
  created $dff cell `$procdff$8445' with positive edge clock.
Creating register for signal `\spark_core.$memwr$\nzc$../../rtl/spark_core.v:382$1348_EN' using process `\spark_core.$proc$../../rtl/spark_core.v:366$1858'.
  created $dff cell `$procdff$8446' with positive edge clock.
Creating register for signal `\spark_core.$memwr$\prc$../../rtl/spark_core.v:382$1349_EN' using process `\spark_core.$proc$../../rtl/spark_core.v:366$1858'.
  created $dff cell `$procdff$8447' with positive edge clock.
Creating register for signal `\spark_core.$memwr$\prc$../../rtl/spark_core.v:450$1350_ADDR' using process `\spark_core.$proc$../../rtl/spark_core.v:366$1858'.
  created $dff cell `$procdff$8448' with positive edge clock.
Creating register for signal `\spark_core.$memwr$\prc$../../rtl/spark_core.v:450$1350_DATA' using process `\spark_core.$proc$../../rtl/spark_core.v:366$1858'.
  created $dff cell `$procdff$8449' with positive edge clock.
Creating register for signal `\spark_core.$memwr$\prc$../../rtl/spark_core.v:450$1350_EN' using process `\spark_core.$proc$../../rtl/spark_core.v:366$1858'.
  created $dff cell `$procdff$8450' with positive edge clock.
Creating register for signal `\spark_core.$memwr$\nzc$../../rtl/spark_core.v:451$1351_ADDR' using process `\spark_core.$proc$../../rtl/spark_core.v:366$1858'.
  created $dff cell `$procdff$8451' with positive edge clock.
Creating register for signal `\spark_core.$memwr$\nzc$../../rtl/spark_core.v:451$1351_DATA' using process `\spark_core.$proc$../../rtl/spark_core.v:366$1858'.
  created $dff cell `$procdff$8452' with positive edge clock.
Creating register for signal `\spark_core.$memwr$\nzc$../../rtl/spark_core.v:451$1351_EN' using process `\spark_core.$proc$../../rtl/spark_core.v:366$1858'.
  created $dff cell `$procdff$8453' with positive edge clock.
Creating register for signal `\spark_core.$lookahead\mask$1854' using process `\spark_core.$proc$../../rtl/spark_core.v:366$1858'.
  created $dff cell `$procdff$8454' with positive edge clock.
Creating register for signal `\spark_core.$lookahead\sentw$1855' using process `\spark_core.$proc$../../rtl/spark_core.v:366$1858'.
  created $dff cell `$procdff$8455' with positive edge clock.
Creating register for signal `\spark_core.$lookahead\h_neww$1856' using process `\spark_core.$proc$../../rtl/spark_core.v:366$1858'.
  created $dff cell `$procdff$8456' with positive edge clock.
Creating register for signal `\spark_core.$lookahead\s_neww$1857' using process `\spark_core.$proc$../../rtl/spark_core.v:366$1858'.
  created $dff cell `$procdff$8457' with positive edge clock.
Creating register for signal `\spark_core.\zc' using process `\spark_core.$proc$../../rtl/spark_core.v:355$1848'.
  created $dff cell `$procdff$8458' with positive edge clock.
Creating register for signal `\spark_core.\zbusy' using process `\spark_core.$proc$../../rtl/spark_core.v:355$1848'.
  created $dff cell `$procdff$8459' with positive edge clock.
Creating register for signal `\spark_core.\start_q' using process `\spark_core.$proc$../../rtl/spark_core.v:355$1848'.
  created $dff cell `$procdff$8460' with positive edge clock.
Creating register for signal `$paramod$bce34a75bc86f69491b5eebcbcc3f4d06a100da3\uart_tx.\cnt' using process `$paramod$bce34a75bc86f69491b5eebcbcc3f4d06a100da3\uart_tx.$proc$../../board/uart_tx.v:23$2195'.
  created $dff cell `$procdff$8461' with positive edge clock.
Creating register for signal `$paramod$bce34a75bc86f69491b5eebcbcc3f4d06a100da3\uart_tx.\tx' using process `$paramod$bce34a75bc86f69491b5eebcbcc3f4d06a100da3\uart_tx.$proc$../../board/uart_tx.v:23$2195'.
  created $dff cell `$procdff$8462' with positive edge clock.
Creating register for signal `$paramod$bce34a75bc86f69491b5eebcbcc3f4d06a100da3\uart_tx.\bitn' using process `$paramod$bce34a75bc86f69491b5eebcbcc3f4d06a100da3\uart_tx.$proc$../../board/uart_tx.v:23$2195'.
  created $dff cell `$procdff$8463' with positive edge clock.
Creating register for signal `$paramod$bce34a75bc86f69491b5eebcbcc3f4d06a100da3\uart_tx.\sh' using process `$paramod$bce34a75bc86f69491b5eebcbcc3f4d06a100da3\uart_tx.$proc$../../board/uart_tx.v:23$2195'.
  created $dff cell `$procdff$8464' with positive edge clock.
Creating register for signal `$paramod$bce34a75bc86f69491b5eebcbcc3f4d06a100da3\uart_tx.\act' using process `$paramod$bce34a75bc86f69491b5eebcbcc3f4d06a100da3\uart_tx.$proc$../../board/uart_tx.v:23$2195'.
  created $dff cell `$procdff$8465' with positive edge clock.
Creating register for signal `$paramod$a80fd39dadfcac33f5f91ba005c92717acda455a\spark_ram.$memwr$\mem$../spark_ram_asic.v:23$1231_EN' using process `$paramod$a80fd39dadfcac33f5f91ba005c92717acda455a\spark_ram.$proc$../spark_ram_asic.v:22$1232'.
  created $dff cell `$procdff$8466' with positive edge clock.
Creating register for signal `$paramod$a80fd39dadfcac33f5f91ba005c92717acda455a\spark_ram.$memwr$\mem$../spark_ram_asic.v:23$1231_DATA' using process `$paramod$a80fd39dadfcac33f5f91ba005c92717acda455a\spark_ram.$proc$../spark_ram_asic.v:22$1232'.
  created $dff cell `$procdff$8467' with positive edge clock.
Creating register for signal `$paramod$a80fd39dadfcac33f5f91ba005c92717acda455a\spark_ram.$memwr$\mem$../spark_ram_asic.v:23$1231_ADDR' using process `$paramod$a80fd39dadfcac33f5f91ba005c92717acda455a\spark_ram.$proc$../spark_ram_asic.v:22$1232'.
  created $dff cell `$procdff$8468' with positive edge clock.
Creating register for signal `$paramod$a80fd39dadfcac33f5f91ba005c92717acda455a\spark_ram.\rd' using process `$paramod$a80fd39dadfcac33f5f91ba005c92717acda455a\spark_ram.$proc$../spark_ram_asic.v:22$1232'.
  created $dff cell `$procdff$8469' with positive edge clock.
Creating register for signal `$paramod$429c1f82066657abfcb96a496d5ead908f1f3b7c\spark_ram.$memwr$\mem$../spark_ram_asic.v:23$1220_EN' using process `$paramod$429c1f82066657abfcb96a496d5ead908f1f3b7c\spark_ram.$proc$../spark_ram_asic.v:22$1221'.
  created $dff cell `$procdff$8470' with positive edge clock.
Creating register for signal `$paramod$429c1f82066657abfcb96a496d5ead908f1f3b7c\spark_ram.$memwr$\mem$../spark_ram_asic.v:23$1220_DATA' using process `$paramod$429c1f82066657abfcb96a496d5ead908f1f3b7c\spark_ram.$proc$../spark_ram_asic.v:22$1221'.
  created $dff cell `$procdff$8471' with positive edge clock.
Creating register for signal `$paramod$429c1f82066657abfcb96a496d5ead908f1f3b7c\spark_ram.$memwr$\mem$../spark_ram_asic.v:23$1220_ADDR' using process `$paramod$429c1f82066657abfcb96a496d5ead908f1f3b7c\spark_ram.$proc$../spark_ram_asic.v:22$1221'.
  created $dff cell `$procdff$8472' with positive edge clock.
Creating register for signal `$paramod$429c1f82066657abfcb96a496d5ead908f1f3b7c\spark_ram.\rd' using process `$paramod$429c1f82066657abfcb96a496d5ead908f1f3b7c\spark_ram.$proc$../spark_ram_asic.v:22$1221'.
  created $dff cell `$procdff$8473' with positive edge clock.
Creating register for signal `$paramod$3cd4f12c67766e10179630e6778f5a719138134d\spark_ram.$memwr$\mem$../spark_ram_asic.v:23$1210_EN' using process `$paramod$3cd4f12c67766e10179630e6778f5a719138134d\spark_ram.$proc$../spark_ram_asic.v:22$1211'.
  created $dff cell `$procdff$8474' with positive edge clock.
Creating register for signal `$paramod$3cd4f12c67766e10179630e6778f5a719138134d\spark_ram.$memwr$\mem$../spark_ram_asic.v:23$1210_DATA' using process `$paramod$3cd4f12c67766e10179630e6778f5a719138134d\spark_ram.$proc$../spark_ram_asic.v:22$1211'.
  created $dff cell `$procdff$8475' with positive edge clock.
Creating register for signal `$paramod$3cd4f12c67766e10179630e6778f5a719138134d\spark_ram.$memwr$\mem$../spark_ram_asic.v:23$1210_ADDR' using process `$paramod$3cd4f12c67766e10179630e6778f5a719138134d\spark_ram.$proc$../spark_ram_asic.v:22$1211'.
  created $dff cell `$procdff$8476' with positive edge clock.
Creating register for signal `$paramod$3cd4f12c67766e10179630e6778f5a719138134d\spark_ram.\rd' using process `$paramod$3cd4f12c67766e10179630e6778f5a719138134d\spark_ram.$proc$../spark_ram_asic.v:22$1211'.
  created $dff cell `$procdff$8477' with positive edge clock.
Creating register for signal `$paramod$b60b308f1fe104c2737e410a4ba6465ac6270627\spark_ram.$memwr$\mem$../spark_ram_asic.v:23$1200_EN' using process `$paramod$b60b308f1fe104c2737e410a4ba6465ac6270627\spark_ram.$proc$../spark_ram_asic.v:22$1201'.
  created $dff cell `$procdff$8478' with positive edge clock.
Creating register for signal `$paramod$b60b308f1fe104c2737e410a4ba6465ac6270627\spark_ram.$memwr$\mem$../spark_ram_asic.v:23$1200_DATA' using process `$paramod$b60b308f1fe104c2737e410a4ba6465ac6270627\spark_ram.$proc$../spark_ram_asic.v:22$1201'.
  created $dff cell `$procdff$8479' with positive edge clock.
Creating register for signal `$paramod$b60b308f1fe104c2737e410a4ba6465ac6270627\spark_ram.$memwr$\mem$../spark_ram_asic.v:23$1200_ADDR' using process `$paramod$b60b308f1fe104c2737e410a4ba6465ac6270627\spark_ram.$proc$../spark_ram_asic.v:22$1201'.
  created $dff cell `$procdff$8480' with positive edge clock.
Creating register for signal `$paramod$b60b308f1fe104c2737e410a4ba6465ac6270627\spark_ram.\rd' using process `$paramod$b60b308f1fe104c2737e410a4ba6465ac6270627\spark_ram.$proc$../spark_ram_asic.v:22$1201'.
  created $dff cell `$procdff$8481' with positive edge clock.
Creating register for signal `$paramod$5ef048927887dab421ae4d77be9d31047db88ca2\spark_ram.$memwr$\mem$../spark_ram_asic.v:23$1190_EN' using process `$paramod$5ef048927887dab421ae4d77be9d31047db88ca2\spark_ram.$proc$../spark_ram_asic.v:22$1191'.
  created $dff cell `$procdff$8482' with positive edge clock.
Creating register for signal `$paramod$5ef048927887dab421ae4d77be9d31047db88ca2\spark_ram.$memwr$\mem$../spark_ram_asic.v:23$1190_DATA' using process `$paramod$5ef048927887dab421ae4d77be9d31047db88ca2\spark_ram.$proc$../spark_ram_asic.v:22$1191'.
  created $dff cell `$procdff$8483' with positive edge clock.
Creating register for signal `$paramod$5ef048927887dab421ae4d77be9d31047db88ca2\spark_ram.$memwr$\mem$../spark_ram_asic.v:23$1190_ADDR' using process `$paramod$5ef048927887dab421ae4d77be9d31047db88ca2\spark_ram.$proc$../spark_ram_asic.v:22$1191'.
  created $dff cell `$procdff$8484' with positive edge clock.
Creating register for signal `$paramod$5ef048927887dab421ae4d77be9d31047db88ca2\spark_ram.\rd' using process `$paramod$5ef048927887dab421ae4d77be9d31047db88ca2\spark_ram.$proc$../spark_ram_asic.v:22$1191'.
  created $dff cell `$procdff$8485' with positive edge clock.
Creating register for signal `$paramod$bcf365f4146dd7b8dd7973b9792131c6e19538bf\spark_ram.$memwr$\mem$../spark_ram_asic.v:23$1180_EN' using process `$paramod$bcf365f4146dd7b8dd7973b9792131c6e19538bf\spark_ram.$proc$../spark_ram_asic.v:22$1181'.
  created $dff cell `$procdff$8486' with positive edge clock.
Creating register for signal `$paramod$bcf365f4146dd7b8dd7973b9792131c6e19538bf\spark_ram.$memwr$\mem$../spark_ram_asic.v:23$1180_DATA' using process `$paramod$bcf365f4146dd7b8dd7973b9792131c6e19538bf\spark_ram.$proc$../spark_ram_asic.v:22$1181'.
  created $dff cell `$procdff$8487' with positive edge clock.
Creating register for signal `$paramod$bcf365f4146dd7b8dd7973b9792131c6e19538bf\spark_ram.$memwr$\mem$../spark_ram_asic.v:23$1180_ADDR' using process `$paramod$bcf365f4146dd7b8dd7973b9792131c6e19538bf\spark_ram.$proc$../spark_ram_asic.v:22$1181'.
  created $dff cell `$procdff$8488' with positive edge clock.
Creating register for signal `$paramod$bcf365f4146dd7b8dd7973b9792131c6e19538bf\spark_ram.\rd' using process `$paramod$bcf365f4146dd7b8dd7973b9792131c6e19538bf\spark_ram.$proc$../spark_ram_asic.v:22$1181'.
  created $dff cell `$procdff$8489' with positive edge clock.
Creating register for signal `$paramod$8f93e5a50923ff060caee78116dfcb18e6d470aa\sram_array.\rbank_q' using process `$paramod$8f93e5a50923ff060caee78116dfcb18e6d470aa\sram_array.$proc$../spark_mem_sky130.v:20$2311'.
  created $dff cell `$procdff$8490' with positive edge clock.
Creating register for signal `$paramod$0d0377702b2925ff4e344b2b32674ab0e09676c9\sram_array.\rbank_q' using process `$paramod$0d0377702b2925ff4e344b2b32674ab0e09676c9\sram_array.$proc$../spark_mem_sky130.v:20$2266'.
  created $dff cell `$procdff$8491' with positive edge clock.
Creating register for signal `$paramod$5991bf1e7dfda537268c11f0f2f1f92d0f7b6ab2\sram_array.\rbank_q' using process `$paramod$5991bf1e7dfda537268c11f0f2f1f92d0f7b6ab2\sram_array.$proc$../spark_mem_sky130.v:20$2231'.
  created $dff cell `$procdff$8492' with positive edge clock.
Creating register for signal `$paramod$a28ce1f40a247108f5837ac3d099bee74b2b0a07\sram_array.\rbank_q' using process `$paramod$a28ce1f40a247108f5837ac3d099bee74b2b0a07\sram_array.$proc$../spark_mem_sky130.v:20$2206'.
  created $dff cell `$procdff$8493' with positive edge clock.
Creating register for signal `$paramod$bce34a75bc86f69491b5eebcbcc3f4d06a100da3\uart_rx.\state' using process `$paramod$bce34a75bc86f69491b5eebcbcc3f4d06a100da3\uart_rx.$proc$../../board/uart_rx.v:31$2178'.
  created $dff cell `$procdff$8494' with positive edge clock.
Creating register for signal `$paramod$bce34a75bc86f69491b5eebcbcc3f4d06a100da3\uart_rx.\cnt' using process `$paramod$bce34a75bc86f69491b5eebcbcc3f4d06a100da3\uart_rx.$proc$../../board/uart_rx.v:31$2178'.
  created $dff cell `$procdff$8495' with positive edge clock.
Creating register for signal `$paramod$bce34a75bc86f69491b5eebcbcc3f4d06a100da3\uart_rx.\data' using process `$paramod$bce34a75bc86f69491b5eebcbcc3f4d06a100da3\uart_rx.$proc$../../board/uart_rx.v:31$2178'.
  created $dff cell `$procdff$8496' with positive edge clock.
Creating register for signal `$paramod$bce34a75bc86f69491b5eebcbcc3f4d06a100da3\uart_rx.\valid' using process `$paramod$bce34a75bc86f69491b5eebcbcc3f4d06a100da3\uart_rx.$proc$../../board/uart_rx.v:31$2178'.
  created $dff cell `$procdff$8497' with positive edge clock.
Creating register for signal `$paramod$bce34a75bc86f69491b5eebcbcc3f4d06a100da3\uart_rx.\bitn' using process `$paramod$bce34a75bc86f69491b5eebcbcc3f4d06a100da3\uart_rx.$proc$../../board/uart_rx.v:31$2178'.
  created $dff cell `$procdff$8498' with positive edge clock.
Creating register for signal `$paramod$bce34a75bc86f69491b5eebcbcc3f4d06a100da3\uart_rx.\sh' using process `$paramod$bce34a75bc86f69491b5eebcbcc3f4d06a100da3\uart_rx.$proc$../../board/uart_rx.v:31$2178'.
  created $dff cell `$procdff$8499' with positive edge clock.
Creating register for signal `$paramod$bce34a75bc86f69491b5eebcbcc3f4d06a100da3\uart_rx.\rx_m' using process `$paramod$bce34a75bc86f69491b5eebcbcc3f4d06a100da3\uart_rx.$proc$../../board/uart_rx.v:20$2177'.
  created $dff cell `$procdff$8500' with positive edge clock.
Creating register for signal `$paramod$bce34a75bc86f69491b5eebcbcc3f4d06a100da3\uart_rx.\rx_s' using process `$paramod$bce34a75bc86f69491b5eebcbcc3f4d06a100da3\uart_rx.$proc$../../board/uart_rx.v:20$2177'.
  created $dff cell `$procdff$8501' with positive edge clock.
Creating register for signal `$paramod$4d3c4ff6ab1be9973e955659d38e203320f28619\sram_array.\rbank_q' using process `$paramod$4d3c4ff6ab1be9973e955659d38e203320f28619\sram_array.$proc$../spark_mem_sky130.v:20$2336'.
  created $dff cell `$procdff$8502' with positive edge clock.
Creating register for signal `\spark_chip.\rs' using process `\spark_chip.$proc$../../rtl/spark_chip.v:30$1061'.
  created $adff cell `$procdff$8503' with positive edge clock and negative level reset.
Creating register for signal `\spark_chip.\start' using process `\spark_chip.$proc$../../rtl/spark_chip.v:68$1069'.
  created $dff cell `$procdff$8504' with positive edge clock.
Creating register for signal `\spark_chip.\in_byte' using process `\spark_chip.$proc$../../rtl/spark_chip.v:68$1069'.
  created $dff cell `$procdff$8505' with positive edge clock.
Creating register for signal `\spark_chip.\sparse_en' using process `\spark_chip.$proc$../../rtl/spark_chip.v:68$1069'.
  created $dff cell `$procdff$8506' with positive edge clock.
Creating register for signal `\spark_chip.\delta_en' using process `\spark_chip.$proc$../../rtl/spark_chip.v:68$1069'.
  created $dff cell `$procdff$8507' with positive edge clock.
Creating register for signal `\spark_chip.\exit_en' using process `\spark_chip.$proc$../../rtl/spark_chip.v:68$1069'.
  created $dff cell `$procdff$8508' with positive edge clock.
Creating register for signal `\spark_chip.\recall_en' using process `\spark_chip.$proc$../../rtl/spark_chip.v:68$1069'.
  created $dff cell `$procdff$8509' with positive edge clock.
Creating register for signal `\spark_chip.\cap' using process `\spark_chip.$proc$../../rtl/spark_chip.v:68$1069'.
  created $dff cell `$procdff$8510' with positive edge clock.
Creating register for signal `\spark_chip.\exit_th' using process `\spark_chip.$proc$../../rtl/spark_chip.v:68$1069'.
  created $dff cell `$procdff$8511' with positive edge clock.
Creating register for signal `\spark_chip.\conf_th' using process `\spark_chip.$proc$../../rtl/spark_chip.v:68$1069'.
  created $dff cell `$procdff$8512' with positive edge clock.
Creating register for signal `\spark_chip.\recall_mode' using process `\spark_chip.$proc$../../rtl/spark_chip.v:68$1069'.
  created $dff cell `$procdff$8513' with positive edge clock.
Creating register for signal `\spark_chip.\arb_th' using process `\spark_chip.$proc$../../rtl/spark_chip.v:68$1069'.
  created $dff cell `$procdff$8514' with positive edge clock.
Creating register for signal `\spark_chip.\adapt_en' using process `\spark_chip.$proc$../../rtl/spark_chip.v:68$1069'.
  created $dff cell `$procdff$8515' with positive edge clock.
Creating register for signal `\spark_chip.\thr_en' using process `\spark_chip.$proc$../../rtl/spark_chip.v:68$1069'.
  created $dff cell `$procdff$8516' with positive edge clock.
Creating register for signal `\spark_chip.\ld_we' using process `\spark_chip.$proc$../../rtl/spark_chip.v:68$1069'.
  created $dff cell `$procdff$8517' with positive edge clock.
Creating register for signal `\spark_chip.\ld_sel' using process `\spark_chip.$proc$../../rtl/spark_chip.v:68$1069'.
  created $dff cell `$procdff$8518' with positive edge clock.
Creating register for signal `\spark_chip.\ld_addr' using process `\spark_chip.$proc$../../rtl/spark_chip.v:68$1069'.
  created $dff cell `$procdff$8519' with positive edge clock.
Creating register for signal `\spark_chip.\ld_data' using process `\spark_chip.$proc$../../rtl/spark_chip.v:68$1069'.
  created $dff cell `$procdff$8520' with positive edge clock.
Creating register for signal `\spark_chip.\state' using process `\spark_chip.$proc$../../rtl/spark_chip.v:68$1069'.
  created $dff cell `$procdff$8521' with positive edge clock.
Creating register for signal `\spark_chip.\tx_data' using process `\spark_chip.$proc$../../rtl/spark_chip.v:68$1069'.
  created $dff cell `$procdff$8522' with positive edge clock.
Creating register for signal `\spark_chip.\tx_send' using process `\spark_chip.$proc$../../rtl/spark_chip.v:68$1069'.
  created $dff cell `$procdff$8523' with positive edge clock.
Creating register for signal `\spark_chip.\cnt' using process `\spark_chip.$proc$../../rtl/spark_chip.v:68$1069'.
  created $dff cell `$procdff$8524' with positive edge clock.
Creating register for signal `\spark_chip.\rlen' using process `\spark_chip.$proc$../../rtl/spark_chip.v:68$1069'.
  created $dff cell `$procdff$8525' with positive edge clock.
Creating register for signal `\spark_chip.\marker' using process `\spark_chip.$proc$../../rtl/spark_chip.v:68$1069'.
  created $dff cell `$procdff$8526' with positive edge clock.
Creating register for signal `\spark_chip.\tok_t' using process `\spark_chip.$proc$../../rtl/spark_chip.v:68$1069'.
  created $dff cell `$procdff$8527' with positive edge clock.
Creating register for signal `\spark_chip.\tx_wait' using process `\spark_chip.$proc$../../rtl/spark_chip.v:68$1069'.
  created $dff cell `$procdff$8528' with positive edge clock.
Creating register for signal `\spark_chip.\rbuf[0]' using process `\spark_chip.$proc$../../rtl/spark_chip.v:68$1069'.
  created $dff cell `$procdff$8529' with positive edge clock.
Creating register for signal `\spark_chip.\rbuf[1]' using process `\spark_chip.$proc$../../rtl/spark_chip.v:68$1069'.
  created $dff cell `$procdff$8530' with positive edge clock.
Creating register for signal `\spark_chip.\rbuf[2]' using process `\spark_chip.$proc$../../rtl/spark_chip.v:68$1069'.
  created $dff cell `$procdff$8531' with positive edge clock.
Creating register for signal `\spark_chip.\rbuf[3]' using process `\spark_chip.$proc$../../rtl/spark_chip.v:68$1069'.
  created $dff cell `$procdff$8532' with positive edge clock.
Creating register for signal `\spark_chip.\rbuf[4]' using process `\spark_chip.$proc$../../rtl/spark_chip.v:68$1069'.
  created $dff cell `$procdff$8533' with positive edge clock.
Creating register for signal `\spark_chip.\rbuf[5]' using process `\spark_chip.$proc$../../rtl/spark_chip.v:68$1069'.
  created $dff cell `$procdff$8534' with positive edge clock.
Creating register for signal `\spark_chip.\rbuf[6]' using process `\spark_chip.$proc$../../rtl/spark_chip.v:68$1069'.
  created $dff cell `$procdff$8535' with positive edge clock.
Creating register for signal `\spark_chip.$mem2reg_rd$\rbuf$../../rtl/spark_chip.v:114$1050_ADDR' using process `\spark_chip.$proc$../../rtl/spark_chip.v:68$1069'.
  created $dff cell `$procdff$8536' with positive edge clock.
Creating register for signal `\spark_chip.$mem2reg_rd$\rbuf$../../rtl/spark_chip.v:114$1050_DATA' using process `\spark_chip.$proc$../../rtl/spark_chip.v:68$1069'.
  created $dff cell `$procdff$8537' with positive edge clock.
Creating register for signal `\spark_chip.$memwr$\cfgb$../../rtl/spark_chip.v:87$1051_ADDR' using process `\spark_chip.$proc$../../rtl/spark_chip.v:68$1069'.
  created $dff cell `$procdff$8538' with positive edge clock.
Creating register for signal `\spark_chip.$memwr$\cfgb$../../rtl/spark_chip.v:87$1051_DATA' using process `\spark_chip.$proc$../../rtl/spark_chip.v:68$1069'.
  created $dff cell `$procdff$8539' with positive edge clock.
Creating register for signal `\spark_chip.$memwr$\cfgb$../../rtl/spark_chip.v:87$1051_EN' using process `\spark_chip.$proc$../../rtl/spark_chip.v:68$1069'.
  created $dff cell `$procdff$8540' with positive edge clock.
Creating register for signal `\spark_chip.$mem2bits$\cfgb$../../rtl/spark_chip.v:89$1052' using process `\spark_chip.$proc$../../rtl/spark_chip.v:68$1069'.
  created $dff cell `$procdff$8541' with positive edge clock.
Creating register for signal `\spark_chip.$mem2bits$\cfgb$../../rtl/spark_chip.v:89$1053' using process `\spark_chip.$proc$../../rtl/spark_chip.v:68$1069'.
  created $dff cell `$procdff$8542' with positive edge clock.
Creating register for signal `\spark_chip.$mem2bits$\cfgb$../../rtl/spark_chip.v:89$1054' using process `\spark_chip.$proc$../../rtl/spark_chip.v:68$1069'.
  created $dff cell `$procdff$8543' with positive edge clock.
Creating register for signal `\spark_chip.$mem2bits$\cfgb$../../rtl/spark_chip.v:90$1055' using process `\spark_chip.$proc$../../rtl/spark_chip.v:68$1069'.
  created $dff cell `$procdff$8544' with positive edge clock.
Creating register for signal `\spark_chip.$mem2bits$\cfgb$../../rtl/spark_chip.v:90$1056' using process `\spark_chip.$proc$../../rtl/spark_chip.v:68$1069'.
  created $dff cell `$procdff$8545' with positive edge clock.
Creating register for signal `\spark_chip.$mem2bits$\cfgb$../../rtl/spark_chip.v:90$1057' using process `\spark_chip.$proc$../../rtl/spark_chip.v:68$1069'.
  created $dff cell `$procdff$8546' with positive edge clock.
Creating register for signal `\spark_chip.$memwr$\cfgb$../../rtl/spark_chip.v:97$1058_ADDR' using process `\spark_chip.$proc$../../rtl/spark_chip.v:68$1069'.
  created $dff cell `$procdff$8547' with positive edge clock.
Creating register for signal `\spark_chip.$memwr$\cfgb$../../rtl/spark_chip.v:97$1058_DATA' using process `\spark_chip.$proc$../../rtl/spark_chip.v:68$1069'.
  created $dff cell `$procdff$8548' with positive edge clock.
Creating register for signal `\spark_chip.$memwr$\cfgb$../../rtl/spark_chip.v:97$1058_EN' using process `\spark_chip.$proc$../../rtl/spark_chip.v:68$1069'.
  created $dff cell `$procdff$8549' with positive edge clock.
Creating register for signal `\spark_chip.$mem2bits$\cfgb$../../rtl/spark_chip.v:99$1059' using process `\spark_chip.$proc$../../rtl/spark_chip.v:68$1069'.
  created $dff cell `$procdff$8550' with positive edge clock.
Creating register for signal `\spark_chip.$mem2bits$\cfgb$../../rtl/spark_chip.v:99$1060' using process `\spark_chip.$proc$../../rtl/spark_chip.v:68$1069'.
  created $dff cell `$procdff$8551' with positive edge clock.

10.2.10. Executing PROC_MEMWR pass (convert process memory writes to cells).

10.2.11. Executing PROC_CLEAN pass (remove empty switches from decision trees).
Removing empty process `spark_core.$proc$../../rtl/spark_core.v:0$2161'.
Found and cleaned up 27 empty switches in `\spark_core.$proc$../../rtl/spark_core.v:366$1858'.
Removing empty process `spark_core.$proc$../../rtl/spark_core.v:366$1858'.
Found and cleaned up 5 empty switches in `\spark_core.$proc$../../rtl/spark_core.v:355$1848'.
Removing empty process `spark_core.$proc$../../rtl/spark_core.v:355$1848'.
Found and cleaned up 25 empty switches in `\spark_core.$proc$../../rtl/spark_core.v:279$1692'.
Removing empty process `spark_core.$proc$../../rtl/spark_core.v:279$1692'.
Found and cleaned up 8 empty switches in `\spark_core.$proc$../../rtl/spark_core.v:267$1647'.
Removing empty process `spark_core.$proc$../../rtl/spark_core.v:267$1647'.
Found and cleaned up 8 empty switches in `\spark_core.$proc$../../rtl/spark_core.v:241$1490'.
Removing empty process `spark_core.$proc$../../rtl/spark_core.v:241$1490'.
Removing empty process `spark_core.$proc$../../rtl/spark_core.v:221$1473'.
Found and cleaned up 8 empty switches in `\spark_core.$proc$../../rtl/spark_core.v:214$1472'.
Removing empty process `spark_core.$proc$../../rtl/spark_core.v:214$1472'.
Removing empty process `spark_core.$proc$../../rtl/spark_core.v:202$1415'.
Removing empty process `spark_core.$proc$../../rtl/spark_core.v:193$1398'.
Found and cleaned up 4 empty switches in `\spark_core.$proc$../../rtl/spark_core.v:170$1386'.
Removing empty process `spark_core.$proc$../../rtl/spark_core.v:170$1386'.
Removing empty process `$paramod$bce34a75bc86f69491b5eebcbcc3f4d06a100da3\uart_tx.$proc$../../board/uart_tx.v:20$2205'.
Removing empty process `$paramod$bce34a75bc86f69491b5eebcbcc3f4d06a100da3\uart_tx.$proc$../../board/uart_tx.v:19$2204'.
Removing empty process `$paramod$bce34a75bc86f69491b5eebcbcc3f4d06a100da3\uart_tx.$proc$../../board/uart_tx.v:18$2203'.
Removing empty process `$paramod$bce34a75bc86f69491b5eebcbcc3f4d06a100da3\uart_tx.$proc$../../board/uart_tx.v:17$2202'.
Removing empty process `$paramod$bce34a75bc86f69491b5eebcbcc3f4d06a100da3\uart_tx.$proc$../../board/uart_tx.v:0$2201'.
Found and cleaned up 5 empty switches in `$paramod$bce34a75bc86f69491b5eebcbcc3f4d06a100da3\uart_tx.$proc$../../board/uart_tx.v:23$2195'.
Removing empty process `$paramod$bce34a75bc86f69491b5eebcbcc3f4d06a100da3\uart_tx.$proc$../../board/uart_tx.v:23$2195'.
Found and cleaned up 1 empty switch in `$paramod$a80fd39dadfcac33f5f91ba005c92717acda455a\spark_ram.$proc$../spark_ram_asic.v:22$1232'.
Removing empty process `$paramod$a80fd39dadfcac33f5f91ba005c92717acda455a\spark_ram.$proc$../spark_ram_asic.v:22$1232'.
Found and cleaned up 1 empty switch in `$paramod$429c1f82066657abfcb96a496d5ead908f1f3b7c\spark_ram.$proc$../spark_ram_asic.v:22$1221'.
Removing empty process `$paramod$429c1f82066657abfcb96a496d5ead908f1f3b7c\spark_ram.$proc$../spark_ram_asic.v:22$1221'.
Found and cleaned up 1 empty switch in `$paramod$3cd4f12c67766e10179630e6778f5a719138134d\spark_ram.$proc$../spark_ram_asic.v:22$1211'.
Removing empty process `$paramod$3cd4f12c67766e10179630e6778f5a719138134d\spark_ram.$proc$../spark_ram_asic.v:22$1211'.
Found and cleaned up 1 empty switch in `$paramod$b60b308f1fe104c2737e410a4ba6465ac6270627\spark_ram.$proc$../spark_ram_asic.v:22$1201'.
Removing empty process `$paramod$b60b308f1fe104c2737e410a4ba6465ac6270627\spark_ram.$proc$../spark_ram_asic.v:22$1201'.
Found and cleaned up 1 empty switch in `$paramod$5ef048927887dab421ae4d77be9d31047db88ca2\spark_ram.$proc$../spark_ram_asic.v:22$1191'.
Removing empty process `$paramod$5ef048927887dab421ae4d77be9d31047db88ca2\spark_ram.$proc$../spark_ram_asic.v:22$1191'.
Found and cleaned up 1 empty switch in `$paramod$bcf365f4146dd7b8dd7973b9792131c6e19538bf\spark_ram.$proc$../spark_ram_asic.v:22$1181'.
Removing empty process `$paramod$bcf365f4146dd7b8dd7973b9792131c6e19538bf\spark_ram.$proc$../spark_ram_asic.v:22$1181'.
Removing empty process `$paramod$8f93e5a50923ff060caee78116dfcb18e6d470aa\sram_array.$proc$../spark_mem_sky130.v:20$2311'.
Removing empty process `$paramod$0d0377702b2925ff4e344b2b32674ab0e09676c9\sram_array.$proc$../spark_mem_sky130.v:20$2266'.
Removing empty process `$paramod$5991bf1e7dfda537268c11f0f2f1f92d0f7b6ab2\sram_array.$proc$../spark_mem_sky130.v:20$2231'.
Removing empty process `$paramod$a28ce1f40a247108f5837ac3d099bee74b2b0a07\sram_array.$proc$../spark_mem_sky130.v:20$2206'.
Removing empty process `$paramod$bce34a75bc86f69491b5eebcbcc3f4d06a100da3\uart_rx.$proc$../../board/uart_rx.v:29$2194'.
Removing empty process `$paramod$bce34a75bc86f69491b5eebcbcc3f4d06a100da3\uart_rx.$proc$../../board/uart_rx.v:28$2193'.
Removing empty process `$paramod$bce34a75bc86f69491b5eebcbcc3f4d06a100da3\uart_rx.$proc$../../board/uart_rx.v:27$2192'.
Removing empty process `$paramod$bce34a75bc86f69491b5eebcbcc3f4d06a100da3\uart_rx.$proc$../../board/uart_rx.v:26$2191'.
Removing empty process `$paramod$bce34a75bc86f69491b5eebcbcc3f4d06a100da3\uart_rx.$proc$../../board/uart_rx.v:19$2190'.
Removing empty process `$paramod$bce34a75bc86f69491b5eebcbcc3f4d06a100da3\uart_rx.$proc$../../board/uart_rx.v:19$2189'.
Found and cleaned up 9 empty switches in `$paramod$bce34a75bc86f69491b5eebcbcc3f4d06a100da3\uart_rx.$proc$../../board/uart_rx.v:31$2178'.
Removing empty process `$paramod$bce34a75bc86f69491b5eebcbcc3f4d06a100da3\uart_rx.$proc$../../board/uart_rx.v:31$2178'.
Removing empty process `$paramod$bce34a75bc86f69491b5eebcbcc3f4d06a100da3\uart_rx.$proc$../../board/uart_rx.v:20$2177'.
Removing empty process `$paramod$4d3c4ff6ab1be9973e955659d38e203320f28619\sram_array.$proc$../spark_mem_sky130.v:20$2336'.
Removing empty process `spark_chip.$proc$../../rtl/spark_chip.v:30$1061'.
Found and cleaned up 13 empty switches in `\spark_chip.$proc$../../rtl/spark_chip.v:68$1069'.
Removing empty process `spark_chip.$proc$../../rtl/spark_chip.v:68$1069'.
Cleaned up 118 empty switches.

10.2.12. Executing OPT_EXPR pass (perform const folding).
Optimizing module spark_core.
<suppressed ~183 debug messages>
Optimizing module $paramod$bce34a75bc86f69491b5eebcbcc3f4d06a100da3\uart_tx.
<suppressed ~5 debug messages>
Optimizing module $paramod$5ee7912e9d6f13c8ac6d054bdcd9f41199fbdf36\spark_bram.
Optimizing module $paramod$c400bcddbad704c723253f185e204a10552e06d7\spark_bram.
Optimizing module $paramod$6af0f02836453051d3d8ffed61fa77235a0a147a\spark_bram.
Optimizing module $paramod$a80fd39dadfcac33f5f91ba005c92717acda455a\spark_ram.
Optimizing module $paramod$429c1f82066657abfcb96a496d5ead908f1f3b7c\spark_ram.
Optimizing module $paramod$d9ab2efa7eea0d192502537985c8f7561002c9b0\spark_bram.
Optimizing module $paramod$dbbf05626a65085e653cdb145c977d1230a96f2f\spark_bram.
Optimizing module $paramod$65bb511039255751eac159e7db0d031ba93508a5\spark_bram.
Optimizing module $paramod$3cd4f12c67766e10179630e6778f5a719138134d\spark_ram.
Optimizing module $paramod$b60b308f1fe104c2737e410a4ba6465ac6270627\spark_ram.
Optimizing module $paramod$5ef048927887dab421ae4d77be9d31047db88ca2\spark_ram.
Optimizing module $paramod$bcf365f4146dd7b8dd7973b9792131c6e19538bf\spark_ram.
Optimizing module $paramod$8f93e5a50923ff060caee78116dfcb18e6d470aa\spark_spram.
Optimizing module $paramod$4d3c4ff6ab1be9973e955659d38e203320f28619\spark_spram.
Optimizing module $paramod$8f93e5a50923ff060caee78116dfcb18e6d470aa\sram_array.
<suppressed ~10 debug messages>
Optimizing module $paramod$0d0377702b2925ff4e344b2b32674ab0e09676c9\sram_array.
<suppressed ~2 debug messages>
Optimizing module $paramod$5991bf1e7dfda537268c11f0f2f1f92d0f7b6ab2\sram_array.
<suppressed ~2 debug messages>
Optimizing module $paramod$a28ce1f40a247108f5837ac3d099bee74b2b0a07\sram_array.
<suppressed ~2 debug messages>
Optimizing module $paramod$bce34a75bc86f69491b5eebcbcc3f4d06a100da3\uart_rx.
<suppressed ~6 debug messages>
Optimizing module $paramod$4d3c4ff6ab1be9973e955659d38e203320f28619\sram_array.
<suppressed ~5 debug messages>
Optimizing module spark_chip.
<suppressed ~6 debug messages>
Optimizing module $paramod$993060fb790aecc93c4c127468665a67bf1ba400\spark_bram.

10.3. Executing FLATTEN pass (flatten design).
Deleting now unused module spark_core.
Deleting now unused module $paramod$bce34a75bc86f69491b5eebcbcc3f4d06a100da3\uart_tx.
Deleting now unused module $paramod$5ee7912e9d6f13c8ac6d054bdcd9f41199fbdf36\spark_bram.
Deleting now unused module $paramod$c400bcddbad704c723253f185e204a10552e06d7\spark_bram.
Deleting now unused module $paramod$6af0f02836453051d3d8ffed61fa77235a0a147a\spark_bram.
Deleting now unused module $paramod$a80fd39dadfcac33f5f91ba005c92717acda455a\spark_ram.
Deleting now unused module $paramod$429c1f82066657abfcb96a496d5ead908f1f3b7c\spark_ram.
Deleting now unused module $paramod$d9ab2efa7eea0d192502537985c8f7561002c9b0\spark_bram.
Deleting now unused module $paramod$dbbf05626a65085e653cdb145c977d1230a96f2f\spark_bram.
Deleting now unused module $paramod$65bb511039255751eac159e7db0d031ba93508a5\spark_bram.
Deleting now unused module $paramod$3cd4f12c67766e10179630e6778f5a719138134d\spark_ram.
Deleting now unused module $paramod$b60b308f1fe104c2737e410a4ba6465ac6270627\spark_ram.
Deleting now unused module $paramod$5ef048927887dab421ae4d77be9d31047db88ca2\spark_ram.
Deleting now unused module $paramod$bcf365f4146dd7b8dd7973b9792131c6e19538bf\spark_ram.
Deleting now unused module $paramod$8f93e5a50923ff060caee78116dfcb18e6d470aa\spark_spram.
Deleting now unused module $paramod$4d3c4ff6ab1be9973e955659d38e203320f28619\spark_spram.
Deleting now unused module $paramod$8f93e5a50923ff060caee78116dfcb18e6d470aa\sram_array.
Deleting now unused module $paramod$0d0377702b2925ff4e344b2b32674ab0e09676c9\sram_array.
Deleting now unused module $paramod$5991bf1e7dfda537268c11f0f2f1f92d0f7b6ab2\sram_array.
Deleting now unused module $paramod$a28ce1f40a247108f5837ac3d099bee74b2b0a07\sram_array.
Deleting now unused module $paramod$bce34a75bc86f69491b5eebcbcc3f4d06a100da3\uart_rx.
Deleting now unused module $paramod$4d3c4ff6ab1be9973e955659d38e203320f28619\sram_array.
Deleting now unused module $paramod$993060fb790aecc93c4c127468665a67bf1ba400\spark_bram.
<suppressed ~35 debug messages>

10.4. Executing OPT_EXPR pass (perform const folding).
Optimizing module spark_chip.
<suppressed ~218 debug messages>

10.5. Executing OPT_CLEAN pass (remove unused cells and wires).
Finding unused cells or wires in module \spark_chip..
Removed 747 unused cells and 2909 unused wires.
<suppressed ~837 debug messages>

10.6. Executing CHECK pass (checking for obvious problems).
Checking module spark_chip...
Found and reported 0 problems.

10.7. Executing OPT pass (performing simple optimizations).

10.7.1. Executing OPT_EXPR pass (perform const folding).
Optimizing module spark_chip.

10.7.2. Executing OPT_MERGE pass (detect identical cells).
Finding identical cells in module `\spark_chip'.
<suppressed ~2058 debug messages>
Removed a total of 686 cells.

10.7.3. Executing OPT_MUXTREE pass (detect dead branches in mux trees).
Running muxtree optimizer on module \spark_chip..
  Creating internal representation of mux trees.
  Evaluating internal representation of mux trees.
      Replacing known input bits on port A of cell $flatten\u_core.$procmux$5043: \u_core.zbusy -> 1'0
      Replacing known input bits on port A of cell $flatten\u_core.$procmux$5041: \u_core.zbusy -> 1'1
      Replacing known input bits on port A of cell $flatten\u_tx.$procmux$7020: \u_tx.act -> 1'1
      Replacing known input bits on port A of cell $flatten\u_tx.$procmux$7018: \u_tx.act -> 1'1
      Replacing known input bits on port A of cell $flatten\u_tx.$procmux$7023: \u_tx.act -> 1'0
  Analyzing evaluation results.
    dead port 1/2 on $mux $flatten\u_core.$procmux$5177.
    dead port 2/2 on $mux $flatten\u_core.$procmux$5179.
    dead port 1/2 on $mux $flatten\u_core.$procmux$5186.
    dead port 2/2 on $mux $flatten\u_core.$procmux$5188.
    dead port 1/2 on $mux $flatten\u_core.$procmux$5195.
    dead port 2/2 on $mux $flatten\u_core.$procmux$5197.
    dead port 1/2 on $mux $flatten\u_core.$procmux$5204.
    dead port 2/2 on $mux $flatten\u_core.$procmux$5206.
    dead port 1/2 on $mux $flatten\u_core.$procmux$5213.
    dead port 2/2 on $mux $flatten\u_core.$procmux$5215.
    dead port 1/2 on $mux $flatten\u_core.$procmux$5222.
    dead port 2/2 on $mux $flatten\u_core.$procmux$5224.
    dead port 1/2 on $mux $flatten\u_core.$procmux$5231.
    dead port 2/2 on $mux $flatten\u_core.$procmux$5233.
    dead port 1/2 on $mux $flatten\u_core.$procmux$5240.
    dead port 2/2 on $mux $flatten\u_core.$procmux$5242.
    dead port 2/2 on $mux $flatten\u_core.$procmux$5248.
    dead port 2/2 on $mux $flatten\u_core.$procmux$5254.
    dead port 2/2 on $mux $flatten\u_core.$procmux$5272.
    dead port 2/2 on $mux $flatten\u_core.$procmux$5278.
    dead port 2/2 on $mux $flatten\u_core.$procmux$5296.
    dead port 2/2 on $mux $flatten\u_core.$procmux$5302.
    dead port 2/2 on $mux $flatten\u_core.$procmux$5320.
    dead port 2/2 on $mux $flatten\u_core.$procmux$5326.
    dead port 2/2 on $mux $flatten\u_core.$procmux$5347.
    dead port 2/2 on $mux $flatten\u_core.$procmux$5349.
    dead port 2/2 on $mux $flatten\u_core.$procmux$5358.
    dead port 2/2 on $mux $flatten\u_core.$procmux$5360.
    dead port 2/2 on $mux $flatten\u_core.$procmux$5369.
    dead port 2/2 on $mux $flatten\u_core.$procmux$5371.
    dead port 2/2 on $mux $flatten\u_core.$procmux$5380.
    dead port 2/2 on $mux $flatten\u_core.$procmux$5382.
    dead port 2/2 on $mux $flatten\u_core.$procmux$5391.
    dead port 2/2 on $mux $flatten\u_core.$procmux$5393.
    dead port 2/2 on $mux $flatten\u_core.$procmux$5402.
    dead port 2/2 on $mux $flatten\u_core.$procmux$5404.
    dead port 2/2 on $mux $flatten\u_core.$procmux$5413.
    dead port 2/2 on $mux $flatten\u_core.$procmux$5415.
    dead port 2/2 on $mux $flatten\u_core.$procmux$5424.
    dead port 2/2 on $mux $flatten\u_core.$procmux$5426.
    dead port 2/2 on $mux $flatten\u_core.$procmux$5435.
    dead port 2/2 on $mux $flatten\u_core.$procmux$5437.
    dead port 2/2 on $mux $flatten\u_core.$procmux$5446.
    dead port 2/2 on $mux $flatten\u_core.$procmux$5448.
    dead port 2/2 on $mux $flatten\u_core.$procmux$5457.
    dead port 2/2 on $mux $flatten\u_core.$procmux$5459.
    dead port 2/2 on $mux $flatten\u_core.$procmux$5468.
    dead port 2/2 on $mux $flatten\u_core.$procmux$5470.
    dead port 2/2 on $mux $flatten\u_core.$procmux$5476.
    dead port 2/2 on $mux $flatten\u_core.$procmux$5482.
    dead port 2/2 on $mux $flatten\u_core.$procmux$5488.
    dead port 2/2 on $mux $flatten\u_core.$procmux$5494.
    dead port 2/2 on $mux $flatten\u_core.$procmux$5512.
    dead port 2/2 on $mux $flatten\u_core.$procmux$5518.
    dead port 2/2 on $mux $flatten\u_core.$procmux$5524.
    dead port 2/2 on $mux $flatten\u_core.$procmux$5530.
    dead port 2/2 on $mux $flatten\u_core.$procmux$5548.
    dead port 2/2 on $mux $flatten\u_core.$procmux$5554.
    dead port 2/2 on $mux $flatten\u_core.$procmux$5560.
    dead port 2/2 on $mux $flatten\u_core.$procmux$5566.
    dead port 2/2 on $mux $flatten\u_core.$procmux$5585.
    dead port 2/2 on $mux $flatten\u_core.$procmux$5592.
    dead port 2/2 on $mux $flatten\u_core.$procmux$5601.
    dead port 2/2 on $mux $flatten\u_core.$procmux$5610.
    dead port 2/2 on $mux $flatten\u_core.$procmux$5619.
    dead port 2/2 on $mux $flatten\u_core.$procmux$5628.
    dead port 2/2 on $mux $flatten\u_core.$procmux$5638.
    dead port 2/2 on $mux $flatten\u_core.$procmux$5648.
    dead port 2/2 on $mux $flatten\u_core.$procmux$5658.
    dead port 2/2 on $mux $flatten\u_core.$procmux$5668.
    dead port 2/2 on $mux $flatten\u_core.$procmux$5678.
    dead port 2/2 on $mux $flatten\u_core.$procmux$5688.
    dead port 2/2 on $mux $flatten\u_core.$procmux$5698.
    dead port 2/2 on $mux $flatten\u_core.$procmux$5708.
    dead port 2/2 on $mux $flatten\u_core.$procmux$5718.
    dead port 2/2 on $mux $flatten\u_core.$procmux$5728.
    dead port 2/2 on $mux $flatten\u_core.$procmux$2359.
    dead port 1/2 on $mux $flatten\u_core.$procmux$2362.
    dead port 1/2 on $mux $flatten\u_core.$procmux$2377.
    dead port 2/2 on $mux $flatten\u_core.$procmux$5738.
    dead port 1/2 on $mux $flatten\u_core.$procmux$2380.
    dead port 2/2 on $mux $flatten\u_core.$procmux$2382.
    dead port 1/2 on $mux $flatten\u_core.$procmux$2385.
    dead port 2/2 on $mux $flatten\u_core.$procmux$5748.
    dead port 1/2 on $mux $flatten\u_core.$procmux$2400.
    dead port 1/2 on $mux $flatten\u_core.$procmux$2403.
    dead port 2/2 on $mux $flatten\u_core.$procmux$2405.
    dead port 1/2 on $mux $flatten\u_core.$procmux$2408.
    dead port 2/2 on $mux $flatten\u_core.$procmux$5759.
    dead port 1/2 on $mux $flatten\u_core.$procmux$2423.
    dead port 1/2 on $mux $flatten\u_core.$procmux$2426.
    dead port 2/2 on $mux $flatten\u_core.$procmux$2428.
    dead port 2/2 on $mux $flatten\u_core.$procmux$5770.
    dead port 1/2 on $mux $flatten\u_core.$procmux$2431.
    dead port 2/2 on $mux $flatten\u_core.$procmux$5781.
    dead port 2/2 on $mux $flatten\u_core.$procmux$5792.
    dead port 2/2 on $mux $flatten\u_core.$procmux$5803.
    dead port 1/2 on $mux $flatten\u_core.$procmux$2475.
    dead port 1/2 on $mux $flatten\u_core.$procmux$2478.
    dead port 2/2 on $mux $flatten\u_core.$procmux$2480.
    dead port 2/2 on $mux $flatten\u_core.$procmux$5814.
    dead port 1/2 on $mux $flatten\u_core.$procmux$2483.
    dead port 2/2 on $mux $flatten\u_core.$procmux$5825.
    dead port 2/2 on $mux $flatten\u_core.$procmux$5836.
    dead port 1/2 on $mux $flatten\u_core.$procmux$2573.
    dead port 1/2 on $mux $flatten\u_core.$procmux$2576.
    dead port 2/2 on $mux $flatten\u_core.$procmux$2578.
    dead port 1/2 on $mux $flatten\u_core.$procmux$2581.
    dead port 2/2 on $mux $flatten\u_core.$procmux$5849.
    dead port 2/2 on $mux $flatten\u_core.$procmux$5851.
    dead port 1/2 on $mux $flatten\u_core.$procmux$2596.
    dead port 2/2 on $mux $flatten\u_core.$procmux$2598.
    dead port 1/2 on $mux $flatten\u_core.$procmux$2601.
    dead port 2/2 on $mux $flatten\u_core.$procmux$5864.
    dead port 2/2 on $mux $flatten\u_core.$procmux$5866.
    dead port 1/2 on $mux $flatten\u_core.$procmux$2616.
    dead port 2/2 on $mux $flatten\u_core.$procmux$2618.
    dead port 1/2 on $mux $flatten\u_core.$procmux$2621.
    dead port 2/2 on $mux $flatten\u_core.$procmux$5879.
    dead port 2/2 on $mux $flatten\u_core.$procmux$5881.
    dead port 1/2 on $mux $flatten\u_core.$procmux$2636.
    dead port 2/2 on $mux $flatten\u_core.$procmux$2638.
    dead port 1/2 on $mux $flatten\u_core.$procmux$2641.
    dead port 2/2 on $mux $flatten\u_core.$procmux$5894.
    dead port 2/2 on $mux $flatten\u_core.$procmux$5896.
    dead port 1/2 on $mux $flatten\u_core.$procmux$2656.
    dead port 2/2 on $mux $flatten\u_core.$procmux$2658.
    dead port 1/2 on $mux $flatten\u_core.$procmux$2661.
    dead port 2/2 on $mux $flatten\u_core.$procmux$5909.
    dead port 2/2 on $mux $flatten\u_core.$procmux$5911.
    dead port 1/2 on $mux $flatten\u_core.$procmux$2676.
    dead port 2/2 on $mux $flatten\u_core.$procmux$2678.
    dead port 1/2 on $mux $flatten\u_core.$procmux$2681.
    dead port 2/2 on $mux $flatten\u_core.$procmux$5924.
    dead port 2/2 on $mux $flatten\u_core.$procmux$5926.
    dead port 2/2 on $mux $flatten\u_core.$procmux$2955.
    dead port 1/2 on $mux $flatten\u_core.$procmux$2958.
    dead port 2/2 on $mux $flatten\u_core.$procmux$5939.
    dead port 2/2 on $mux $flatten\u_core.$procmux$5941.
    dead port 2/2 on $mux $flatten\u_core.$procmux$2972.
    dead port 1/2 on $mux $flatten\u_core.$procmux$2975.
    dead port 2/2 on $mux $flatten\u_core.$procmux$2989.
    dead port 2/2 on $mux $flatten\u_core.$procmux$5954.
    dead port 2/2 on $mux $flatten\u_core.$procmux$5956.
    dead port 1/2 on $mux $flatten\u_core.$procmux$2992.
    dead port 2/2 on $mux $flatten\u_core.$procmux$3006.
    dead port 2/2 on $mux $flatten\u_core.$procmux$5969.
    dead port 2/2 on $mux $flatten\u_core.$procmux$5971.
    dead port 1/2 on $mux $flatten\u_core.$procmux$3009.
    dead port 2/2 on $mux $flatten\u_core.$procmux$3023.
    dead port 1/2 on $mux $flatten\u_core.$procmux$3026.
    dead port 2/2 on $mux $flatten\u_core.$procmux$5984.
    dead port 2/2 on $mux $flatten\u_core.$procmux$5986.
    dead port 2/2 on $mux $flatten\u_core.$procmux$3328.
    dead port 1/2 on $mux $flatten\u_core.$procmux$3331.
    dead port 2/2 on $mux $flatten\u_core.$procmux$5999.
    dead port 2/2 on $mux $flatten\u_core.$procmux$6001.
    dead port 2/2 on $mux $flatten\u_core.$procmux$3384.
    dead port 1/2 on $mux $flatten\u_core.$procmux$3387.
    dead port 2/2 on $mux $flatten\u_core.$procmux$3440.
    dead port 2/2 on $mux $flatten\u_core.$procmux$6014.
    dead port 2/2 on $mux $flatten\u_core.$procmux$6016.
    dead port 2/2 on $mux $flatten\u_core.$procmux$6026.
    dead port 1/2 on $mux $flatten\u_core.$procmux$3443.
    dead port 2/2 on $mux $flatten\u_core.$procmux$6036.
    dead port 2/2 on $mux $flatten\u_core.$procmux$6046.
    dead port 2/2 on $mux $flatten\u_core.$procmux$3496.
    dead port 2/2 on $mux $flatten\u_core.$procmux$6056.
    dead port 2/2 on $mux $flatten\u_core.$procmux$6086.
    dead port 1/2 on $mux $flatten\u_core.$procmux$3499.
    dead port 2/2 on $mux $flatten\u_core.$procmux$6096.
    dead port 2/2 on $mux $flatten\u_core.$procmux$6106.
    dead port 2/2 on $mux $flatten\u_core.$procmux$6116.
    dead port 1/2 on $mux $flatten\u_core.$procmux$3549.
    dead port 2/2 on $mux $flatten\u_core.$procmux$6146.
    dead port 2/2 on $mux $flatten\u_core.$procmux$6156.
    dead port 2/2 on $mux $flatten\u_core.$procmux$6166.
    dead port 1/2 on $mux $flatten\u_core.$procmux$3599.
    dead port 2/2 on $mux $flatten\u_core.$procmux$6176.
    dead port 1/2 on $mux $flatten\u_core.$procmux$3649.
    dead port 2/2 on $mux $flatten\u_core.$procmux$6209.
    dead port 2/2 on $mux $flatten\u_core.$procmux$6211.
    dead port 1/2 on $mux $flatten\u_core.$procmux$3699.
    dead port 1/2 on $mux $flatten\u_core.$procmux$3733.
    dead port 2/2 on $mux $flatten\u_core.$procmux$6224.
    dead port 2/2 on $mux $flatten\u_core.$procmux$6226.
    dead port 1/2 on $mux $flatten\u_core.$procmux$3742.
    dead port 2/2 on $mux $flatten\u_core.$procmux$6239.
    dead port 2/2 on $mux $flatten\u_core.$procmux$6241.
    dead port 1/2 on $mux $flatten\u_core.$procmux$3757.
    dead port 1/2 on $mux $flatten\u_core.$procmux$3772.
    dead port 2/2 on $mux $flatten\u_core.$procmux$6254.
    dead port 2/2 on $mux $flatten\u_core.$procmux$6256.
    dead port 2/2 on $mux $flatten\u_core.$procmux$6266.
    dead port 2/2 on $mux $flatten\u_core.$procmux$6276.
    dead port 1/2 on $mux $flatten\u_core.$procmux$3786.
    dead port 2/2 on $mux $flatten\u_core.$procmux$6286.
    dead port 2/2 on $mux $flatten\u_core.$procmux$6296.
    dead port 2/2 on $mux $flatten\u_core.$procmux$6326.
    dead port 1/2 on $mux $flatten\u_core.$procmux$3800.
    dead port 2/2 on $mux $flatten\u_core.$procmux$6336.
    dead port 2/2 on $mux $flatten\u_core.$procmux$6346.
    dead port 2/2 on $mux $flatten\u_core.$procmux$6356.
    dead port 1/2 on $mux $flatten\u_core.$procmux$3814.
    dead port 2/2 on $mux $flatten\u_core.$procmux$6368.
    dead port 1/2 on $mux $flatten\u_core.$procmux$6847.
    dead port 1/2 on $mux $flatten\u_core.$procmux$6862.
    dead port 1/2 on $mux $flatten\u_core.$procmux$6877.
    dead port 1/2 on $mux $flatten\u_core.$procmux$6892.
    dead port 2/2 on $mux $flatten\u_core.$procmux$7004.
    dead port 1/2 on $mux $procmux$7237.
    dead port 2/2 on $mux $procmux$7239.
    dead port 2/2 on $mux $procmux$7241.
    dead port 1/2 on $mux $procmux$7244.
    dead port 2/2 on $mux $procmux$7354.
    dead port 1/2 on $mux $procmux$7357.
    dead port 2/2 on $mux $procmux$7367.
    dead port 1/2 on $mux $procmux$7370.
    dead port 2/2 on $mux $procmux$7380.
    dead port 1/2 on $mux $procmux$7383.
    dead port 2/2 on $mux $procmux$7580.
    dead port 1/2 on $mux $procmux$7583.
    dead port 2/2 on $mux $procmux$7594.
    dead port 1/2 on $mux $procmux$7597.
    dead port 2/2 on $mux $procmux$7608.
    dead port 1/2 on $mux $procmux$7611.
    dead port 1/2 on $mux $procmux$7641.
    dead port 1/2 on $mux $procmux$7651.
    dead port 1/2 on $mux $procmux$7661.
    dead port 1/2 on $mux $procmux$7738.
    dead port 1/2 on $mux $procmux$7749.
    dead port 1/2 on $mux $procmux$7760.
Removed 232 multiplexer ports.
<suppressed ~206 debug messages>

10.7.4. Executing OPT_REDUCE pass (consolidate $*mux and $reduce_* inputs).
  Optimizing cells in module \spark_chip.
    New ctrl vector for $pmux cell $flatten\u_core.$procmux$5596: { $flatten\u_core.$eq$../../rtl/spark_core.v:109$1369_Y $auto$opt_reduce.cc:134:opt_pmux$8571 }
    New ctrl vector for $pmux cell $flatten\u_core.$procmux$5605: { $auto$opt_reduce.cc:134:opt_pmux$8573 $flatten\u_core.$procmux$5343_CMP }
    New ctrl vector for $pmux cell $flatten\u_core.$procmux$5614: { $flatten\u_core.$procmux$4563_CMP $auto$opt_reduce.cc:134:opt_pmux$8575 }
    New ctrl vector for $pmux cell $flatten\u_core.$procmux$5623: { $flatten\u_core.$procmux$4559_CMP $auto$opt_reduce.cc:134:opt_pmux$8577 }
    New ctrl vector for $pmux cell $flatten\u_core.$procmux$5633: $auto$opt_reduce.cc:134:opt_pmux$8579
    New ctrl vector for $pmux cell $flatten\u_core.$procmux$5643: $auto$opt_reduce.cc:134:opt_pmux$8581
    New ctrl vector for $pmux cell $flatten\u_core.$procmux$5653: $auto$opt_reduce.cc:134:opt_pmux$8583
    New ctrl vector for $pmux cell $flatten\u_core.$procmux$5663: $auto$opt_reduce.cc:134:opt_pmux$8585
    New ctrl vector for $pmux cell $flatten\u_core.$procmux$5673: { $flatten\u_core.$eq$../../rtl/spark_core.v:109$1369_Y $auto$opt_reduce.cc:134:opt_pmux$8587 }
    New ctrl vector for $pmux cell $flatten\u_core.$procmux$5683: { $auto$opt_reduce.cc:134:opt_pmux$8589 $flatten\u_core.$procmux$5343_CMP }
    New ctrl vector for $pmux cell $flatten\u_core.$procmux$5693: { $flatten\u_core.$procmux$4563_CMP $auto$opt_reduce.cc:134:opt_pmux$8591 }
    New ctrl vector for $pmux cell $flatten\u_core.$procmux$5703: { $flatten\u_core.$procmux$4559_CMP $auto$opt_reduce.cc:134:opt_pmux$8593 }
    New ctrl vector for $pmux cell $flatten\u_core.$procmux$5713: { $flatten\u_core.$eq$../../rtl/spark_core.v:109$1369_Y $auto$opt_reduce.cc:134:opt_pmux$8595 }
    New ctrl vector for $pmux cell $flatten\u_core.$procmux$5723: { $auto$opt_reduce.cc:134:opt_pmux$8597 $flatten\u_core.$procmux$5343_CMP }
    New ctrl vector for $pmux cell $flatten\u_core.$procmux$5733: { $flatten\u_core.$procmux$4563_CMP $auto$opt_reduce.cc:134:opt_pmux$8599 }
    Consolidated identical input bits for $mux cell $flatten\u_core.$procmux$2374:
      Old ports: A=16'0000000000000000, B=16'1111111111111111, Y=$flatten\u_core.$procmux$2374_Y
      New ports: A=1'0, B=1'1, Y=$flatten\u_core.$procmux$2374_Y [0]
      New connections: $flatten\u_core.$procmux$2374_Y [15:1] = { $flatten\u_core.$procmux$2374_Y [0] $flatten\u_core.$procmux$2374_Y [0] $flatten\u_core.$procmux$2374_Y [0] $flatten\u_core.$procmux$2374_Y [0] $flatten\u_core.$procmux$2374_Y [0] $flatten\u_core.$procmux$2374_Y [0] $flatten\u_core.$procmux$2374_Y [0] $flatten\u_core.$procmux$2374_Y [0] $flatten\u_core.$procmux$2374_Y [0] $flatten\u_core.$procmux$2374_Y [0] $flatten\u_core.$procmux$2374_Y [0] $flatten\u_core.$procmux$2374_Y [0] $flatten\u_core.$procmux$2374_Y [0] $flatten\u_core.$procmux$2374_Y [0] $flatten\u_core.$procmux$2374_Y [0] }
    New ctrl vector for $pmux cell $flatten\u_core.$procmux$5743: { $flatten\u_core.$procmux$4559_CMP $auto$opt_reduce.cc:134:opt_pmux$8601 }
    New ctrl vector for $pmux cell $flatten\u_core.$procmux$5754: { $flatten\u_core.$eq$../../rtl/spark_core.v:109$1369_Y $auto$opt_reduce.cc:134:opt_pmux$8603 }
    New ctrl vector for $pmux cell $flatten\u_core.$procmux$5765: { $auto$opt_reduce.cc:134:opt_pmux$8605 $flatten\u_core.$procmux$5343_CMP }
    New ctrl vector for $pmux cell $flatten\u_core.$procmux$5776: { $flatten\u_core.$procmux$4563_CMP $auto$opt_reduce.cc:134:opt_pmux$8607 }
    New ctrl vector for $pmux cell $flatten\u_core.$procmux$5787: { $flatten\u_core.$procmux$4559_CMP $auto$opt_reduce.cc:134:opt_pmux$8609 }
    New ctrl vector for $pmux cell $flatten\u_core.$procmux$5798: { $flatten\u_core.$eq$../../rtl/spark_core.v:109$1369_Y $auto$opt_reduce.cc:134:opt_pmux$8611 }
    New ctrl vector for $pmux cell $flatten\u_core.$procmux$5809: { $auto$opt_reduce.cc:134:opt_pmux$8613 $flatten\u_core.$procmux$5343_CMP }
    New ctrl vector for $pmux cell $flatten\u_core.$procmux$5820: { $flatten\u_core.$procmux$4563_CMP $auto$opt_reduce.cc:134:opt_pmux$8615 }
    New ctrl vector for $pmux cell $flatten\u_core.$procmux$5831: { $flatten\u_core.$procmux$4559_CMP $auto$opt_reduce.cc:134:opt_pmux$8617 }
    New ctrl vector for $pmux cell $flatten\u_core.$procmux$5844: { $flatten\u_core.$eq$../../rtl/spark_core.v:109$1369_Y $auto$opt_reduce.cc:134:opt_pmux$8619 }
    New ctrl vector for $pmux cell $flatten\u_core.$procmux$5859: { $auto$opt_reduce.cc:134:opt_pmux$8621 $flatten\u_core.$procmux$5343_CMP }
    New ctrl vector for $pmux cell $flatten\u_core.$procmux$5874: { $flatten\u_core.$procmux$4563_CMP $auto$opt_reduce.cc:134:opt_pmux$8623 }
    New ctrl vector for $pmux cell $flatten\u_core.$procmux$5342: $auto$opt_reduce.cc:134:opt_pmux$8625
    New ctrl vector for $pmux cell $flatten\u_core.$procmux$5889: { $flatten\u_core.$procmux$4559_CMP $auto$opt_reduce.cc:134:opt_pmux$8627 }
    New ctrl vector for $pmux cell $flatten\u_core.$procmux$5904: { $flatten\u_core.$eq$../../rtl/spark_core.v:109$1369_Y $auto$opt_reduce.cc:134:opt_pmux$8629 }
    New ctrl vector for $pmux cell $flatten\u_core.$procmux$5353: $auto$opt_reduce.cc:134:opt_pmux$8631
    New ctrl vector for $pmux cell $flatten\u_core.$procmux$5919: { $auto$opt_reduce.cc:134:opt_pmux$8633 $flatten\u_core.$procmux$5343_CMP }
    New ctrl vector for $pmux cell $flatten\u_core.$procmux$5934: { $flatten\u_core.$procmux$4563_CMP $auto$opt_reduce.cc:134:opt_pmux$8635 }
    New ctrl vector for $pmux cell $flatten\u_core.$procmux$5364: $auto$opt_reduce.cc:134:opt_pmux$8637
    New ctrl vector for $pmux cell $flatten\u_core.$procmux$5949: { $flatten\u_core.$procmux$4559_CMP $auto$opt_reduce.cc:134:opt_pmux$8639 }
    New ctrl vector for $pmux cell $flatten\u_core.$procmux$5375: $auto$opt_reduce.cc:134:opt_pmux$8641
    New ctrl vector for $pmux cell $flatten\u_core.$procmux$5964: { $flatten\u_core.$eq$../../rtl/spark_core.v:109$1369_Y $auto$opt_reduce.cc:134:opt_pmux$8643 }
    New ctrl vector for $pmux cell $flatten\u_core.$procmux$5979: { $auto$opt_reduce.cc:134:opt_pmux$8645 $flatten\u_core.$procmux$5343_CMP }
    New ctrl vector for $pmux cell $flatten\u_core.$procmux$5386: { $flatten\u_core.$eq$../../rtl/spark_core.v:109$1369_Y $auto$opt_reduce.cc:134:opt_pmux$8647 }
    Consolidated identical input bits for $mux cell $flatten\u_core.$procmux$3326:
      Old ports: A=16'0000000000000000, B=16'1111111111111111, Y=$flatten\u_core.$procmux$3326_Y
      New ports: A=1'0, B=1'1, Y=$flatten\u_core.$procmux$3326_Y [0]
      New connections: $flatten\u_core.$procmux$3326_Y [15:1] = { $flatten\u_core.$procmux$3326_Y [0] $flatten\u_core.$procmux$3326_Y [0] $flatten\u_core.$procmux$3326_Y [0] $flatten\u_core.$procmux$3326_Y [0] $flatten\u_core.$procmux$3326_Y [0] $flatten\u_core.$procmux$3326_Y [0] $flatten\u_core.$procmux$3326_Y [0] $flatten\u_core.$procmux$3326_Y [0] $flatten\u_core.$procmux$3326_Y [0] $flatten\u_core.$procmux$3326_Y [0] $flatten\u_core.$procmux$3326_Y [0] $flatten\u_core.$procmux$3326_Y [0] $flatten\u_core.$procmux$3326_Y [0] $flatten\u_core.$procmux$3326_Y [0] $flatten\u_core.$procmux$3326_Y [0] }
    New ctrl vector for $pmux cell $flatten\u_core.$procmux$5994: { $flatten\u_core.$procmux$4563_CMP $auto$opt_reduce.cc:134:opt_pmux$8649 }
    Consolidated identical input bits for $mux cell $flatten\u_core.$procmux$3382:
      Old ports: A=16'0000000000000000, B=16'1111111111111111, Y=$flatten\u_core.$procmux$3382_Y
      New ports: A=1'0, B=1'1, Y=$flatten\u_core.$procmux$3382_Y [0]
      New connections: $flatten\u_core.$procmux$3382_Y [15:1] = { $flatten\u_core.$procmux$3382_Y [0] $flatten\u_core.$procmux$3382_Y [0] $flatten\u_core.$procmux$3382_Y [0] $flatten\u_core.$procmux$3382_Y [0] $flatten\u_core.$procmux$3382_Y [0] $flatten\u_core.$procmux$3382_Y [0] $flatten\u_core.$procmux$3382_Y [0] $flatten\u_core.$procmux$3382_Y [0] $flatten\u_core.$procmux$3382_Y [0] $flatten\u_core.$procmux$3382_Y [0] $flatten\u_core.$procmux$3382_Y [0] $flatten\u_core.$procmux$3382_Y [0] $flatten\u_core.$procmux$3382_Y [0] $flatten\u_core.$procmux$3382_Y [0] $flatten\u_core.$procmux$3382_Y [0] }
    New ctrl vector for $pmux cell $flatten\u_core.$procmux$6009: { $flatten\u_core.$procmux$4559_CMP $auto$opt_reduce.cc:134:opt_pmux$8651 }
    Consolidated identical input bits for $mux cell $flatten\u_core.$procmux$3438:
      Old ports: A=16'0000000000000000, B=16'1111111111111111, Y=$flatten\u_core.$procmux$3438_Y
      New ports: A=1'0, B=1'1, Y=$flatten\u_core.$procmux$3438_Y [0]
      New connections: $flatten\u_core.$procmux$3438_Y [15:1] = { $flatten\u_core.$procmux$3438_Y [0] $flatten\u_core.$procmux$3438_Y [0] $flatten\u_core.$procmux$3438_Y [0] $flatten\u_core.$procmux$3438_Y [0] $flatten\u_core.$procmux$3438_Y [0] $flatten\u_core.$procmux$3438_Y [0] $flatten\u_core.$procmux$3438_Y [0] $flatten\u_core.$procmux$3438_Y [0] $flatten\u_core.$procmux$3438_Y [0] $flatten\u_core.$procmux$3438_Y [0] $flatten\u_core.$procmux$3438_Y [0] $flatten\u_core.$procmux$3438_Y [0] $flatten\u_core.$procmux$3438_Y [0] $flatten\u_core.$procmux$3438_Y [0] $flatten\u_core.$procmux$3438_Y [0] }
    New ctrl vector for $pmux cell $flatten\u_core.$procmux$5397: { $auto$opt_reduce.cc:134:opt_pmux$8653 $flatten\u_core.$procmux$5343_CMP }
    Consolidated identical input bits for $mux cell $flatten\u_core.$procmux$3494:
      Old ports: A=16'0000000000000000, B=16'1111111111111111, Y=$flatten\u_core.$procmux$3494_Y
      New ports: A=1'0, B=1'1, Y=$flatten\u_core.$procmux$3494_Y [0]
      New connections: $flatten\u_core.$procmux$3494_Y [15:1] = { $flatten\u_core.$procmux$3494_Y [0] $flatten\u_core.$procmux$3494_Y [0] $flatten\u_core.$procmux$3494_Y [0] $flatten\u_core.$procmux$3494_Y [0] $flatten\u_core.$procmux$3494_Y [0] $flatten\u_core.$procmux$3494_Y [0] $flatten\u_core.$procmux$3494_Y [0] $flatten\u_core.$procmux$3494_Y [0] $flatten\u_core.$procmux$3494_Y [0] $flatten\u_core.$procmux$3494_Y [0] $flatten\u_core.$procmux$3494_Y [0] $flatten\u_core.$procmux$3494_Y [0] $flatten\u_core.$procmux$3494_Y [0] $flatten\u_core.$procmux$3494_Y [0] $flatten\u_core.$procmux$3494_Y [0] }
    New ctrl vector for $pmux cell $flatten\u_core.$procmux$5408: { $flatten\u_core.$procmux$4563_CMP $auto$opt_reduce.cc:134:opt_pmux$8655 }
    New ctrl vector for $pmux cell $flatten\u_core.$procmux$5419: { $flatten\u_core.$procmux$4559_CMP $auto$opt_reduce.cc:134:opt_pmux$8657 }
    New ctrl vector for $pmux cell $flatten\u_core.$procmux$6204: { $flatten\u_core.$eq$../../rtl/spark_core.v:109$1369_Y $auto$opt_reduce.cc:134:opt_pmux$8659 }
    New ctrl vector for $pmux cell $flatten\u_core.$procmux$6219: { $auto$opt_reduce.cc:134:opt_pmux$8661 $flatten\u_core.$procmux$5343_CMP }
    New ctrl vector for $pmux cell $flatten\u_core.$procmux$5430: { $flatten\u_core.$eq$../../rtl/spark_core.v:109$1369_Y $auto$opt_reduce.cc:134:opt_pmux$8663 }
    New ctrl vector for $pmux cell $flatten\u_core.$procmux$6234: { $flatten\u_core.$procmux$4563_CMP $auto$opt_reduce.cc:134:opt_pmux$8665 }
    New ctrl vector for $pmux cell $flatten\u_core.$procmux$6249: { $flatten\u_core.$procmux$4559_CMP $auto$opt_reduce.cc:134:opt_pmux$8667 }
    New ctrl vector for $pmux cell $flatten\u_core.$procmux$5441: { $auto$opt_reduce.cc:134:opt_pmux$8669 $flatten\u_core.$procmux$5343_CMP }
    New ctrl vector for $pmux cell $flatten\u_core.$procmux$5452: { $flatten\u_core.$procmux$4563_CMP $auto$opt_reduce.cc:134:opt_pmux$8671 }
    New ctrl vector for $pmux cell $flatten\u_core.$procmux$6376: $flatten\u_core.$procmux$4490_CMP
    New ctrl vector for $pmux cell $flatten\u_core.$procmux$4277: { $flatten\u_core.$procmux$4287_CMP $flatten\u_core.$procmux$4240_CMP $auto$opt_reduce.cc:134:opt_pmux$8673 }
    New ctrl vector for $pmux cell $flatten\u_core.$procmux$5463: { $flatten\u_core.$procmux$4559_CMP $auto$opt_reduce.cc:134:opt_pmux$8675 }
    New ctrl vector for $pmux cell $flatten\u_core.$procmux$7007: { $flatten\u_core.$eq$../../rtl/spark_core.v:109$1369_Y $auto$opt_reduce.cc:134:opt_pmux$8677 }
    Consolidated identical input bits for $mux cell $flatten\u_core.\u_acc0.$procmux$7111:
      Old ports: A=128'00000000000000000000000000000000000000000000000000000000000000000000000000000000000000000000000000000000000000000000000000000000, B=128'11111111111111111111111111111111111111111111111111111111111111111111111111111111111111111111111111111111111111111111111111111111, Y=$flatten\u_core.\u_acc0.$0$memwr$\mem$../spark_ram_asic.v:23$1200_EN[127:0]$1202
      New ports: A=1'0, B=1'1, Y=$flatten\u_core.\u_acc0.$0$memwr$\mem$../spark_ram_asic.v:23$1200_EN[127:0]$1202 [0]
      New connections: $flatten\u_core.\u_acc0.$0$memwr$\mem$../spark_ram_asic.v:23$1200_EN[127:0]$1202 [127:1] = { $flatten\u_core.\u_acc0.$0$memwr$\mem$../spark_ram_asic.v:23$1200_EN[127:0]$1202 [0] $flatten\u_core.\u_acc0.$0$memwr$\mem$../spark_ram_asic.v:23$1200_EN[127:0]$1202 [0] $flatten\u_core.\u_acc0.$0$memwr$\mem$../spark_ram_asic.v:23$1200_EN[127:0]$1202 [0] $flatten\u_core.\u_acc0.$0$memwr$\mem$../spark_ram_asic.v:23$1200_EN[127:0]$1202 [0] $flatten\u_core.\u_acc0.$0$memwr$\mem$../spark_ram_asic.v:23$1200_EN[127:0]$1202 [0] $flatten\u_core.\u_acc0.$0$memwr$\mem$../spark_ram_asic.v:23$1200_EN[127:0]$1202 [0] $flatten\u_core.\u_acc0.$0$memwr$\mem$../spark_ram_asic.v:23$1200_EN[127:0]$1202 [0] $flatten\u_core.\u_acc0.$0$memwr$\mem$../spark_ram_asic.v:23$1200_EN[127:0]$1202 [0] $flatten\u_core.\u_acc0.$0$memwr$\mem$../spark_ram_asic.v:23$1200_EN[127:0]$1202 [0] $flatten\u_core.\u_acc0.$0$memwr$\mem$../spark_ram_asic.v:23$1200_EN[127:0]$1202 [0] $flatten\u_core.\u_acc0.$0$memwr$\mem$../spark_ram_asic.v:23$1200_EN[127:0]$1202 [0] $flatten\u_core.\u_acc0.$0$memwr$\mem$../spark_ram_asic.v:23$1200_EN[127:0]$1202 [0] $flatten\u_core.\u_acc0.$0$memwr$\mem$../spark_ram_asic.v:23$1200_EN[127:0]$1202 [0] $flatten\u_core.\u_acc0.$0$memwr$\mem$../spark_ram_asic.v:23$1200_EN[127:0]$1202 [0] $flatten\u_core.\u_acc0.$0$memwr$\mem$../spark_ram_asic.v:23$1200_EN[127:0]$1202 [0] $flatten\u_core.\u_acc0.$0$memwr$\mem$../spark_ram_asic.v:23$1200_EN[127:0]$1202 [0] $flatten\u_core.\u_acc0.$0$memwr$\mem$../spark_ram_asic.v:23$1200_EN[127:0]$1202 [0] $flatten\u_core.\u_acc0.$0$memwr$\mem$../spark_ram_asic.v:23$1200_EN[127:0]$1202 [0] $flatten\u_core.\u_acc0.$0$memwr$\mem$../spark_ram_asic.v:23$1200_EN[127:0]$1202 [0] $flatten\u_core.\u_acc0.$0$memwr$\mem$../spark_ram_asic.v:23$1200_EN[127:0]$1202 [0] $flatten\u_core.\u_acc0.$0$memwr$\mem$../spark_ram_asic.v:23$1200_EN[127:0]$1202 [0] $flatten\u_core.\u_acc0.$0$memwr$\mem$../spark_ram_asic.v:23$1200_EN[127:0]$1202 [0] $flatten\u_core.\u_acc0.$0$memwr$\mem$../spark_ram_asic.v:23$1200_EN[127:0]$1202 [0] $flatten\u_core.\u_acc0.$0$memwr$\mem$../spark_ram_asic.v:23$1200_EN[127:0]$1202 [0] $flatten\u_core.\u_acc0.$0$memwr$\mem$../spark_ram_asic.v:23$1200_EN[127:0]$1202 [0] $flatten\u_core.\u_acc0.$0$memwr$\mem$../spark_ram_asic.v:23$1200_EN[127:0]$1202 [0] $flatten\u_core.\u_acc0.$0$memwr$\mem$../spark_ram_asic.v:23$1200_EN[127:0]$1202 [0] $flatten\u_core.\u_acc0.$0$memwr$\mem$../spark_ram_asic.v:23$1200_EN[127:0]$1202 [0] $flatten\u_core.\u_acc0.$0$memwr$\mem$../spark_ram_asic.v:23$1200_EN[127:0]$1202 [0] $flatten\u_core.\u_acc0.$0$memwr$\mem$../spark_ram_asic.v:23$1200_EN[127:0]$1202 [0] $flatten\u_core.\u_acc0.$0$memwr$\mem$../spark_ram_asic.v:23$1200_EN[127:0]$1202 [0] $flatten\u_core.\u_acc0.$0$memwr$\mem$../spark_ram_asic.v:23$1200_EN[127:0]$1202 [0] $flatten\u_core.\u_acc0.$0$memwr$\mem$../spark_ram_asic.v:23$1200_EN[127:0]$1202 [0] $flatten\u_core.\u_acc0.$0$memwr$\mem$../spark_ram_asic.v:23$1200_EN[127:0]$1202 [0] $flatten\u_core.\u_acc0.$0$memwr$\mem$../spark_ram_asic.v:23$1200_EN[127:0]$1202 [0] $flatten\u_core.\u_acc0.$0$memwr$\mem$../spark_ram_asic.v:23$1200_EN[127:0]$1202 [0] $flatten\u_core.\u_acc0.$0$memwr$\mem$../spark_ram_asic.v:23$1200_EN[127:0]$1202 [0] $flatten\u_core.\u_acc0.$0$memwr$\mem$../spark_ram_asic.v:23$1200_EN[127:0]$1202 [0] $flatten\u_core.\u_acc0.$0$memwr$\mem$../spark_ram_asic.v:23$1200_EN[127:0]$1202 [0] $flatten\u_core.\u_acc0.$0$memwr$\mem$../spark_ram_asic.v:23$1200_EN[127:0]$1202 [0] $flatten\u_core.\u_acc0.$0$memwr$\mem$../spark_ram_asic.v:23$1200_EN[127:0]$1202 [0] $flatten\u_core.\u_acc0.$0$memwr$\mem$../spark_ram_asic.v:23$1200_EN[127:0]$1202 [0] $flatten\u_core.\u_acc0.$0$memwr$\mem$../spark_ram_asic.v:23$1200_EN[127:0]$1202 [0] $flatten\u_core.\u_acc0.$0$memwr$\mem$../spark_ram_asic.v:23$1200_EN[127:0]$1202 [0] $flatten\u_core.\u_acc0.$0$memwr$\mem$../spark_ram_asic.v:23$1200_EN[127:0]$1202 [0] $flatten\u_core.\u_acc0.$0$memwr$\mem$../spark_ram_asic.v:23$1200_EN[127:0]$1202 [0] $flatten\u_core.\u_acc0.$0$memwr$\mem$../spark_ram_asic.v:23$1200_EN[127:0]$1202 [0] $flatten\u_core.\u_acc0.$0$memwr$\mem$../spark_ram_asic.v:23$1200_EN[127:0]$1202 [0] $flatten\u_core.\u_acc0.$0$memwr$\mem$../spark_ram_asic.v:23$1200_EN[127:0]$1202 [0] $flatten\u_core.\u_acc0.$0$memwr$\mem$../spark_ram_asic.v:23$1200_EN[127:0]$1202 [0] $flatten\u_core.\u_acc0.$0$memwr$\mem$../spark_ram_asic.v:23$1200_EN[127:0]$1202 [0] $flatten\u_core.\u_acc0.$0$memwr$\mem$../spark_ram_asic.v:23$1200_EN[127:0]$1202 [0] $flatten\u_core.\u_acc0.$0$memwr$\mem$../spark_ram_asic.v:23$1200_EN[127:0]$1202 [0] $flatten\u_core.\u_acc0.$0$memwr$\mem$../spark_ram_asic.v:23$1200_EN[127:0]$1202 [0] $flatten\u_core.\u_acc0.$0$memwr$\mem$../spark_ram_asic.v:23$1200_EN[127:0]$1202 [0] $flatten\u_core.\u_acc0.$0$memwr$\mem$../spark_ram_asic.v:23$1200_EN[127:0]$1202 [0] $flatten\u_core.\u_acc0.$0$memwr$\mem$../spark_ram_asic.v:23$1200_EN[127:0]$1202 [0] $flatten\u_core.\u_acc0.$0$memwr$\mem$../spark_ram_asic.v:23$1200_EN[127:0]$1202 [0] $flatten\u_core.\u_acc0.$0$memwr$\mem$../spark_ram_asic.v:23$1200_EN[127:0]$1202 [0] $flatten\u_core.\u_acc0.$0$memwr$\mem$../spark_ram_asic.v:23$1200_EN[127:0]$1202 [0] $flatten\u_core.\u_acc0.$0$memwr$\mem$../spark_ram_asic.v:23$1200_EN[127:0]$1202 [0] $flatten\u_core.\u_acc0.$0$memwr$\mem$../spark_ram_asic.v:23$1200_EN[127:0]$1202 [0] $flatten\u_core.\u_acc0.$0$memwr$\mem$../spark_ram_asic.v:23$1200_EN[127:0]$1202 [0] $flatten\u_core.\u_acc0.$0$memwr$\mem$../spark_ram_asic.v:23$1200_EN[127:0]$1202 [0] $flatten\u_core.\u_acc0.$0$memwr$\mem$../spark_ram_asic.v:23$1200_EN[127:0]$1202 [0] $flatten\u_core.\u_acc0.$0$memwr$\mem$../spark_ram_asic.v:23$1200_EN[127:0]$1202 [0] $flatten\u_core.\u_acc0.$0$memwr$\mem$../spark_ram_asic.v:23$1200_EN[127:0]$1202 [0] $flatten\u_core.\u_acc0.$0$memwr$\mem$../spark_ram_asic.v:23$1200_EN[127:0]$1202 [0] $flatten\u_core.\u_acc0.$0$memwr$\mem$../spark_ram_asic.v:23$1200_EN[127:0]$1202 [0] $flatten\u_core.\u_acc0.$0$memwr$\mem$../spark_ram_asic.v:23$1200_EN[127:0]$1202 [0] $flatten\u_core.\u_acc0.$0$memwr$\mem$../spark_ram_asic.v:23$1200_EN[127:0]$1202 [0] $flatten\u_core.\u_acc0.$0$memwr$\mem$../spark_ram_asic.v:23$1200_EN[127:0]$1202 [0] $flatten\u_core.\u_acc0.$0$memwr$\mem$../spark_ram_asic.v:23$1200_EN[127:0]$1202 [0] $flatten\u_core.\u_acc0.$0$memwr$\mem$../spark_ram_asic.v:23$1200_EN[127:0]$1202 [0] $flatten\u_core.\u_acc0.$0$memwr$\mem$../spark_ram_asic.v:23$1200_EN[127:0]$1202 [0] $flatten\u_core.\u_acc0.$0$memwr$\mem$../spark_ram_asic.v:23$1200_EN[127:0]$1202 [0] $flatten\u_core.\u_acc0.$0$memwr$\mem$../spark_ram_asic.v:23$1200_EN[127:0]$1202 [0] $flatten\u_core.\u_acc0.$0$memwr$\mem$../spark_ram_asic.v:23$1200_EN[127:0]$1202 [0] $flatten\u_core.\u_acc0.$0$memwr$\mem$../spark_ram_asic.v:23$1200_EN[127:0]$1202 [0] $flatten\u_core.\u_acc0.$0$memwr$\mem$../spark_ram_asic.v:23$1200_EN[127:0]$1202 [0] $flatten\u_core.\u_acc0.$0$memwr$\mem$../spark_ram_asic.v:23$1200_EN[127:0]$1202 [0] $flatten\u_core.\u_acc0.$0$memwr$\mem$../spark_ram_asic.v:23$1200_EN[127:0]$1202 [0] $flatten\u_core.\u_acc0.$0$memwr$\mem$../spark_ram_asic.v:23$1200_EN[127:0]$1202 [0] $flatten\u_core.\u_acc0.$0$memwr$\mem$../spark_ram_asic.v:23$1200_EN[127:0]$1202 [0] $flatten\u_core.\u_acc0.$0$memwr$\mem$../spark_ram_asic.v:23$1200_EN[127:0]$1202 [0] $flatten\u_core.\u_acc0.$0$memwr$\mem$../spark_ram_asic.v:23$1200_EN[127:0]$1202 [0] $flatten\u_core.\u_acc0.$0$memwr$\mem$../spark_ram_asic.v:23$1200_EN[127:0]$1202 [0] $flatten\u_core.\u_acc0.$0$memwr$\mem$../spark_ram_asic.v:23$1200_EN[127:0]$1202 [0] $flatten\u_core.\u_acc0.$0$memwr$\mem$../spark_ram_asic.v:23$1200_EN[127:0]$1202 [0] $flatten\u_core.\u_acc0.$0$memwr$\mem$../spark_ram_asic.v:23$1200_EN[127:0]$1202 [0] $flatten\u_core.\u_acc0.$0$memwr$\mem$../spark_ram_asic.v:23$1200_EN[127:0]$1202 [0] $flatten\u_core.\u_acc0.$0$memwr$\mem$../spark_ram_asic.v:23$1200_EN[127:0]$1202 [0] $flatten\u_core.\u_acc0.$0$memwr$\mem$../spark_ram_asic.v:23$1200_EN[127:0]$1202 [0] $flatten\u_core.\u_acc0.$0$memwr$\mem$../spark_ram_asic.v:23$1200_EN[127:0]$1202 [0] $flatten\u_core.\u_acc0.$0$memwr$\mem$../spark_ram_asic.v:23$1200_EN[127:0]$1202 [0] $flatten\u_core.\u_acc0.$0$memwr$\mem$../spark_ram_asic.v:23$1200_EN[127:0]$1202 [0] $flatten\u_core.\u_acc0.$0$memwr$\mem$../spark_ram_asic.v:23$1200_EN[127:0]$1202 [0] $flatten\u_core.\u_acc0.$0$memwr$\mem$../spark_ram_asic.v:23$1200_EN[127:0]$1202 [0] $flatten\u_core.\u_acc0.$0$memwr$\mem$../spark_ram_asic.v:23$1200_EN[127:0]$1202 [0] $flatten\u_core.\u_acc0.$0$memwr$\mem$../spark_ram_asic.v:23$1200_EN[127:0]$1202 [0] $flatten\u_core.\u_acc0.$0$memwr$\mem$../spark_ram_asic.v:23$1200_EN[127:0]$1202 [0] $flatten\u_core.\u_acc0.$0$memwr$\mem$../spark_ram_asic.v:23$1200_EN[127:0]$1202 [0] $flatten\u_core.\u_acc0.$0$memwr$\mem$../spark_ram_asic.v:23$1200_EN[127:0]$1202 [0] $flatten\u_core.\u_acc0.$0$memwr$\mem$../spark_ram_asic.v:23$1200_EN[127:0]$1202 [0] $flatten\u_core.\u_acc0.$0$memwr$\mem$../spark_ram_asic.v:23$1200_EN[127:0]$1202 [0] $flatten\u_core.\u_acc0.$0$memwr$\mem$../spark_ram_asic.v:23$1200_EN[127:0]$1202 [0] $flatten\u_core.\u_acc0.$0$memwr$\mem$../spark_ram_asic.v:23$1200_EN[127:0]$1202 [0] $flatten\u_core.\u_acc0.$0$memwr$\mem$../spark_ram_asic.v:23$1200_EN[127:0]$1202 [0] $flatten\u_core.\u_acc0.$0$memwr$\mem$../spark_ram_asic.v:23$1200_EN[127:0]$1202 [0] $flatten\u_core.\u_acc0.$0$memwr$\mem$../spark_ram_asic.v:23$1200_EN[127:0]$1202 [0] $flatten\u_core.\u_acc0.$0$memwr$\mem$../spark_ram_asic.v:23$1200_EN[127:0]$1202 [0] $flatten\u_core.\u_acc0.$0$memwr$\mem$../spark_ram_asic.v:23$1200_EN[127:0]$1202 [0] $flatten\u_core.\u_acc0.$0$memwr$\mem$../spark_ram_asic.v:23$1200_EN[127:0]$1202 [0] $flatten\u_core.\u_acc0.$0$memwr$\mem$../spark_ram_asic.v:23$1200_EN[127:0]$1202 [0] $flatten\u_core.\u_acc0.$0$memwr$\mem$../spark_ram_asic.v:23$1200_EN[127:0]$1202 [0] $flatten\u_core.\u_acc0.$0$memwr$\mem$../spark_ram_asic.v:23$1200_EN[127:0]$1202 [0] $flatten\u_core.\u_acc0.$0$memwr$\mem$../spark_ram_asic.v:23$1200_EN[127:0]$1202 [0] $flatten\u_core.\u_acc0.$0$memwr$\mem$../spark_ram_asic.v:23$1200_EN[127:0]$1202 [0] $flatten\u_core.\u_acc0.$0$memwr$\mem$../spark_ram_asic.v:23$1200_EN[127:0]$1202 [0] $flatten\u_core.\u_acc0.$0$memwr$\mem$../spark_ram_asic.v:23$1200_EN[127:0]$1202 [0] $flatten\u_core.\u_acc0.$0$memwr$\mem$../spark_ram_asic.v:23$1200_EN[127:0]$1202 [0] $flatten\u_core.\u_acc0.$0$memwr$\mem$../spark_ram_asic.v:23$1200_EN[127:0]$1202 [0] $flatten\u_core.\u_acc0.$0$memwr$\mem$../spark_ram_asic.v:23$1200_EN[127:0]$1202 [0] $flatten\u_core.\u_acc0.$0$memwr$\mem$../spark_ram_asic.v:23$1200_EN[127:0]$1202 [0] $flatten\u_core.\u_acc0.$0$memwr$\mem$../spark_ram_asic.v:23$1200_EN[127:0]$1202 [0] $flatten\u_core.\u_acc0.$0$memwr$\mem$../spark_ram_asic.v:23$1200_EN[127:0]$1202 [0] $flatten\u_core.\u_acc0.$0$memwr$\mem$../spark_ram_asic.v:23$1200_EN[127:0]$1202 [0] }
    Consolidated identical input bits for $mux cell $flatten\u_core.\u_acc1.$procmux$7111:
      Old ports: A=128'00000000000000000000000000000000000000000000000000000000000000000000000000000000000000000000000000000000000000000000000000000000, B=128'11111111111111111111111111111111111111111111111111111111111111111111111111111111111111111111111111111111111111111111111111111111, Y=$flatten\u_core.\u_acc1.$0$memwr$\mem$../spark_ram_asic.v:23$1200_EN[127:0]$1202
      New ports: A=1'0, B=1'1, Y=$flatten\u_core.\u_acc1.$0$memwr$\mem$../spark_ram_asic.v:23$1200_EN[127:0]$1202 [0]
      New connections: $flatten\u_core.\u_acc1.$0$memwr$\mem$../spark_ram_asic.v:23$1200_EN[127:0]$1202 [127:1] = { $flatten\u_core.\u_acc1.$0$memwr$\mem$../spark_ram_asic.v:23$1200_EN[127:0]$1202 [0] $flatten\u_core.\u_acc1.$0$memwr$\mem$../spark_ram_asic.v:23$1200_EN[127:0]$1202 [0] $flatten\u_core.\u_acc1.$0$memwr$\mem$../spark_ram_asic.v:23$1200_EN[127:0]$1202 [0] $flatten\u_core.\u_acc1.$0$memwr$\mem$../spark_ram_asic.v:23$1200_EN[127:0]$1202 [0] $flatten\u_core.\u_acc1.$0$memwr$\mem$../spark_ram_asic.v:23$1200_EN[127:0]$1202 [0] $flatten\u_core.\u_acc1.$0$memwr$\mem$../spark_ram_asic.v:23$1200_EN[127:0]$1202 [0] $flatten\u_core.\u_acc1.$0$memwr$\mem$../spark_ram_asic.v:23$1200_EN[127:0]$1202 [0] $flatten\u_core.\u_acc1.$0$memwr$\mem$../spark_ram_asic.v:23$1200_EN[127:0]$1202 [0] $flatten\u_core.\u_acc1.$0$memwr$\mem$../spark_ram_asic.v:23$1200_EN[127:0]$1202 [0] $flatten\u_core.\u_acc1.$0$memwr$\mem$../spark_ram_asic.v:23$1200_EN[127:0]$1202 [0] $flatten\u_core.\u_acc1.$0$memwr$\mem$../spark_ram_asic.v:23$1200_EN[127:0]$1202 [0] $flatten\u_core.\u_acc1.$0$memwr$\mem$../spark_ram_asic.v:23$1200_EN[127:0]$1202 [0] $flatten\u_core.\u_acc1.$0$memwr$\mem$../spark_ram_asic.v:23$1200_EN[127:0]$1202 [0] $flatten\u_core.\u_acc1.$0$memwr$\mem$../spark_ram_asic.v:23$1200_EN[127:0]$1202 [0] $flatten\u_core.\u_acc1.$0$memwr$\mem$../spark_ram_asic.v:23$1200_EN[127:0]$1202 [0] $flatten\u_core.\u_acc1.$0$memwr$\mem$../spark_ram_asic.v:23$1200_EN[127:0]$1202 [0] $flatten\u_core.\u_acc1.$0$memwr$\mem$../spark_ram_asic.v:23$1200_EN[127:0]$1202 [0] $flatten\u_core.\u_acc1.$0$memwr$\mem$../spark_ram_asic.v:23$1200_EN[127:0]$1202 [0] $flatten\u_core.\u_acc1.$0$memwr$\mem$../spark_ram_asic.v:23$1200_EN[127:0]$1202 [0] $flatten\u_core.\u_acc1.$0$memwr$\mem$../spark_ram_asic.v:23$1200_EN[127:0]$1202 [0] $flatten\u_core.\u_acc1.$0$memwr$\mem$../spark_ram_asic.v:23$1200_EN[127:0]$1202 [0] $flatten\u_core.\u_acc1.$0$memwr$\mem$../spark_ram_asic.v:23$1200_EN[127:0]$1202 [0] $flatten\u_core.\u_acc1.$0$memwr$\mem$../spark_ram_asic.v:23$1200_EN[127:0]$1202 [0] $flatten\u_core.\u_acc1.$0$memwr$\mem$../spark_ram_asic.v:23$1200_EN[127:0]$1202 [0] $flatten\u_core.\u_acc1.$0$memwr$\mem$../spark_ram_asic.v:23$1200_EN[127:0]$1202 [0] $flatten\u_core.\u_acc1.$0$memwr$\mem$../spark_ram_asic.v:23$1200_EN[127:0]$1202 [0] $flatten\u_core.\u_acc1.$0$memwr$\mem$../spark_ram_asic.v:23$1200_EN[127:0]$1202 [0] $flatten\u_core.\u_acc1.$0$memwr$\mem$../spark_ram_asic.v:23$1200_EN[127:0]$1202 [0] $flatten\u_core.\u_acc1.$0$memwr$\mem$../spark_ram_asic.v:23$1200_EN[127:0]$1202 [0] $flatten\u_core.\u_acc1.$0$memwr$\mem$../spark_ram_asic.v:23$1200_EN[127:0]$1202 [0] $flatten\u_core.\u_acc1.$0$memwr$\mem$../spark_ram_asic.v:23$1200_EN[127:0]$1202 [0] $flatten\u_core.\u_acc1.$0$memwr$\mem$../spark_ram_asic.v:23$1200_EN[127:0]$1202 [0] $flatten\u_core.\u_acc1.$0$memwr$\mem$../spark_ram_asic.v:23$1200_EN[127:0]$1202 [0] $flatten\u_core.\u_acc1.$0$memwr$\mem$../spark_ram_asic.v:23$1200_EN[127:0]$1202 [0] $flatten\u_core.\u_acc1.$0$memwr$\mem$../spark_ram_asic.v:23$1200_EN[127:0]$1202 [0] $flatten\u_core.\u_acc1.$0$memwr$\mem$../spark_ram_asic.v:23$1200_EN[127:0]$1202 [0] $flatten\u_core.\u_acc1.$0$memwr$\mem$../spark_ram_asic.v:23$1200_EN[127:0]$1202 [0] $flatten\u_core.\u_acc1.$0$memwr$\mem$../spark_ram_asic.v:23$1200_EN[127:0]$1202 [0] $flatten\u_core.\u_acc1.$0$memwr$\mem$../spark_ram_asic.v:23$1200_EN[127:0]$1202 [0] $flatten\u_core.\u_acc1.$0$memwr$\mem$../spark_ram_asic.v:23$1200_EN[127:0]$1202 [0] $flatten\u_core.\u_acc1.$0$memwr$\mem$../spark_ram_asic.v:23$1200_EN[127:0]$1202 [0] $flatten\u_core.\u_acc1.$0$memwr$\mem$../spark_ram_asic.v:23$1200_EN[127:0]$1202 [0] $flatten\u_core.\u_acc1.$0$memwr$\mem$../spark_ram_asic.v:23$1200_EN[127:0]$1202 [0] $flatten\u_core.\u_acc1.$0$memwr$\mem$../spark_ram_asic.v:23$1200_EN[127:0]$1202 [0] $flatten\u_core.\u_acc1.$0$memwr$\mem$../spark_ram_asic.v:23$1200_EN[127:0]$1202 [0] $flatten\u_core.\u_acc1.$0$memwr$\mem$../spark_ram_asic.v:23$1200_EN[127:0]$1202 [0] $flatten\u_core.\u_acc1.$0$memwr$\mem$../spark_ram_asic.v:23$1200_EN[127:0]$1202 [0] $flatten\u_core.\u_acc1.$0$memwr$\mem$../spark_ram_asic.v:23$1200_EN[127:0]$1202 [0] $flatten\u_core.\u_acc1.$0$memwr$\mem$../spark_ram_asic.v:23$1200_EN[127:0]$1202 [0] $flatten\u_core.\u_acc1.$0$memwr$\mem$../spark_ram_asic.v:23$1200_EN[127:0]$1202 [0] $flatten\u_core.\u_acc1.$0$memwr$\mem$../spark_ram_asic.v:23$1200_EN[127:0]$1202 [0] $flatten\u_core.\u_acc1.$0$memwr$\mem$../spark_ram_asic.v:23$1200_EN[127:0]$1202 [0] $flatten\u_core.\u_acc1.$0$memwr$\mem$../spark_ram_asic.v:23$1200_EN[127:0]$1202 [0] $flatten\u_core.\u_acc1.$0$memwr$\mem$../spark_ram_asic.v:23$1200_EN[127:0]$1202 [0] $flatten\u_core.\u_acc1.$0$memwr$\mem$../spark_ram_asic.v:23$1200_EN[127:0]$1202 [0] $flatten\u_core.\u_acc1.$0$memwr$\mem$../spark_ram_asic.v:23$1200_EN[127:0]$1202 [0] $flatten\u_core.\u_acc1.$0$memwr$\mem$../spark_ram_asic.v:23$1200_EN[127:0]$1202 [0] $flatten\u_core.\u_acc1.$0$memwr$\mem$../spark_ram_asic.v:23$1200_EN[127:0]$1202 [0] $flatten\u_core.\u_acc1.$0$memwr$\mem$../spark_ram_asic.v:23$1200_EN[127:0]$1202 [0] $flatten\u_core.\u_acc1.$0$memwr$\mem$../spark_ram_asic.v:23$1200_EN[127:0]$1202 [0] $flatten\u_core.\u_acc1.$0$memwr$\mem$../spark_ram_asic.v:23$1200_EN[127:0]$1202 [0] $flatten\u_core.\u_acc1.$0$memwr$\mem$../spark_ram_asic.v:23$1200_EN[127:0]$1202 [0] $flatten\u_core.\u_acc1.$0$memwr$\mem$../spark_ram_asic.v:23$1200_EN[127:0]$1202 [0] $flatten\u_core.\u_acc1.$0$memwr$\mem$../spark_ram_asic.v:23$1200_EN[127:0]$1202 [0] $flatten\u_core.\u_acc1.$0$memwr$\mem$../spark_ram_asic.v:23$1200_EN[127:0]$1202 [0] $flatten\u_core.\u_acc1.$0$memwr$\mem$../spark_ram_asic.v:23$1200_EN[127:0]$1202 [0] $flatten\u_core.\u_acc1.$0$memwr$\mem$../spark_ram_asic.v:23$1200_EN[127:0]$1202 [0] $flatten\u_core.\u_acc1.$0$memwr$\mem$../spark_ram_asic.v:23$1200_EN[127:0]$1202 [0] $flatten\u_core.\u_acc1.$0$memwr$\mem$../spark_ram_asic.v:23$1200_EN[127:0]$1202 [0] $flatten\u_core.\u_acc1.$0$memwr$\mem$../spark_ram_asic.v:23$1200_EN[127:0]$1202 [0] $flatten\u_core.\u_acc1.$0$memwr$\mem$../spark_ram_asic.v:23$1200_EN[127:0]$1202 [0] $flatten\u_core.\u_acc1.$0$memwr$\mem$../spark_ram_asic.v:23$1200_EN[127:0]$1202 [0] $flatten\u_core.\u_acc1.$0$memwr$\mem$../spark_ram_asic.v:23$1200_EN[127:0]$1202 [0] $flatten\u_core.\u_acc1.$0$memwr$\mem$../spark_ram_asic.v:23$1200_EN[127:0]$1202 [0] $flatten\u_core.\u_acc1.$0$memwr$\mem$../spark_ram_asic.v:23$1200_EN[127:0]$1202 [0] $flatten\u_core.\u_acc1.$0$memwr$\mem$../spark_ram_asic.v:23$1200_EN[127:0]$1202 [0] $flatten\u_core.\u_acc1.$0$memwr$\mem$../spark_ram_asic.v:23$1200_EN[127:0]$1202 [0] $flatten\u_core.\u_acc1.$0$memwr$\mem$../spark_ram_asic.v:23$1200_EN[127:0]$1202 [0] $flatten\u_core.\u_acc1.$0$memwr$\mem$../spark_ram_asic.v:23$1200_EN[127:0]$1202 [0] $flatten\u_core.\u_acc1.$0$memwr$\mem$../spark_ram_asic.v:23$1200_EN[127:0]$1202 [0] $flatten\u_core.\u_acc1.$0$memwr$\mem$../spark_ram_asic.v:23$1200_EN[127:0]$1202 [0] $flatten\u_core.\u_acc1.$0$memwr$\mem$../spark_ram_asic.v:23$1200_EN[127:0]$1202 [0] $flatten\u_core.\u_acc1.$0$memwr$\mem$../spark_ram_asic.v:23$1200_EN[127:0]$1202 [0] $flatten\u_core.\u_acc1.$0$memwr$\mem$../spark_ram_asic.v:23$1200_EN[127:0]$1202 [0] $flatten\u_core.\u_acc1.$0$memwr$\mem$../spark_ram_asic.v:23$1200_EN[127:0]$1202 [0] $flatten\u_core.\u_acc1.$0$memwr$\mem$../spark_ram_asic.v:23$1200_EN[127:0]$1202 [0] $flatten\u_core.\u_acc1.$0$memwr$\mem$../spark_ram_asic.v:23$1200_EN[127:0]$1202 [0] $flatten\u_core.\u_acc1.$0$memwr$\mem$../spark_ram_asic.v:23$1200_EN[127:0]$1202 [0] $flatten\u_core.\u_acc1.$0$memwr$\mem$../spark_ram_asic.v:23$1200_EN[127:0]$1202 [0] $flatten\u_core.\u_acc1.$0$memwr$\mem$../spark_ram_asic.v:23$1200_EN[127:0]$1202 [0] $flatten\u_core.\u_acc1.$0$memwr$\mem$../spark_ram_asic.v:23$1200_EN[127:0]$1202 [0] $flatten\u_core.\u_acc1.$0$memwr$\mem$../spark_ram_asic.v:23$1200_EN[127:0]$1202 [0] $flatten\u_core.\u_acc1.$0$memwr$\mem$../spark_ram_asic.v:23$1200_EN[127:0]$1202 [0] $flatten\u_core.\u_acc1.$0$memwr$\mem$../spark_ram_asic.v:23$1200_EN[127:0]$1202 [0] $flatten\u_core.\u_acc1.$0$memwr$\mem$../spark_ram_asic.v:23$1200_EN[127:0]$1202 [0] $flatten\u_core.\u_acc1.$0$memwr$\mem$../spark_ram_asic.v:23$1200_EN[127:0]$1202 [0] $flatten\u_core.\u_acc1.$0$memwr$\mem$../spark_ram_asic.v:23$1200_EN[127:0]$1202 [0] $flatten\u_core.\u_acc1.$0$memwr$\mem$../spark_ram_asic.v:23$1200_EN[127:0]$1202 [0] $flatten\u_core.\u_acc1.$0$memwr$\mem$../spark_ram_asic.v:23$1200_EN[127:0]$1202 [0] $flatten\u_core.\u_acc1.$0$memwr$\mem$../spark_ram_asic.v:23$1200_EN[127:0]$1202 [0] $flatten\u_core.\u_acc1.$0$memwr$\mem$../spark_ram_asic.v:23$1200_EN[127:0]$1202 [0] $flatten\u_core.\u_acc1.$0$memwr$\mem$../spark_ram_asic.v:23$1200_EN[127:0]$1202 [0] $flatten\u_core.\u_acc1.$0$memwr$\mem$../spark_ram_asic.v:23$1200_EN[127:0]$1202 [0] $flatten\u_core.\u_acc1.$0$memwr$\mem$../spark_ram_asic.v:23$1200_EN[127:0]$1202 [0] $flatten\u_core.\u_acc1.$0$memwr$\mem$../spark_ram_asic.v:23$1200_EN[127:0]$1202 [0] $flatten\u_core.\u_acc1.$0$memwr$\mem$../spark_ram_asic.v:23$1200_EN[127:0]$1202 [0] $flatten\u_core.\u_acc1.$0$memwr$\mem$../spark_ram_asic.v:23$1200_EN[127:0]$1202 [0] $flatten\u_core.\u_acc1.$0$memwr$\mem$../spark_ram_asic.v:23$1200_EN[127:0]$1202 [0] $flatten\u_core.\u_acc1.$0$memwr$\mem$../spark_ram_asic.v:23$1200_EN[127:0]$1202 [0] $flatten\u_core.\u_acc1.$0$memwr$\mem$../spark_ram_asic.v:23$1200_EN[127:0]$1202 [0] $flatten\u_core.\u_acc1.$0$memwr$\mem$../spark_ram_asic.v:23$1200_EN[127:0]$1202 [0] $flatten\u_core.\u_acc1.$0$memwr$\mem$../spark_ram_asic.v:23$1200_EN[127:0]$1202 [0] $flatten\u_core.\u_acc1.$0$memwr$\mem$../spark_ram_asic.v:23$1200_EN[127:0]$1202 [0] $flatten\u_core.\u_acc1.$0$memwr$\mem$../spark_ram_asic.v:23$1200_EN[127:0]$1202 [0] $flatten\u_core.\u_acc1.$0$memwr$\mem$../spark_ram_asic.v:23$1200_EN[127:0]$1202 [0] $flatten\u_core.\u_acc1.$0$memwr$\mem$../spark_ram_asic.v:23$1200_EN[127:0]$1202 [0] $flatten\u_core.\u_acc1.$0$memwr$\mem$../spark_ram_asic.v:23$1200_EN[127:0]$1202 [0] $flatten\u_core.\u_acc1.$0$memwr$\mem$../spark_ram_asic.v:23$1200_EN[127:0]$1202 [0] $flatten\u_core.\u_acc1.$0$memwr$\mem$../spark_ram_asic.v:23$1200_EN[127:0]$1202 [0] $flatten\u_core.\u_acc1.$0$memwr$\mem$../spark_ram_asic.v:23$1200_EN[127:0]$1202 [0] $flatten\u_core.\u_acc1.$0$memwr$\mem$../spark_ram_asic.v:23$1200_EN[127:0]$1202 [0] $flatten\u_core.\u_acc1.$0$memwr$\mem$../spark_ram_asic.v:23$1200_EN[127:0]$1202 [0] $flatten\u_core.\u_acc1.$0$memwr$\mem$../spark_ram_asic.v:23$1200_EN[127:0]$1202 [0] $flatten\u_core.\u_acc1.$0$memwr$\mem$../spark_ram_asic.v:23$1200_EN[127:0]$1202 [0] $flatten\u_core.\u_acc1.$0$memwr$\mem$../spark_ram_asic.v:23$1200_EN[127:0]$1202 [0] $flatten\u_core.\u_acc1.$0$memwr$\mem$../spark_ram_asic.v:23$1200_EN[127:0]$1202 [0] $flatten\u_core.\u_acc1.$0$memwr$\mem$../spark_ram_asic.v:23$1200_EN[127:0]$1202 [0] }
    Consolidated identical input bits for $mux cell $flatten\u_core.\u_acc2.$procmux$7102:
      Old ports: A=128'00000000000000000000000000000000000000000000000000000000000000000000000000000000000000000000000000000000000000000000000000000000, B=128'11111111111111111111111111111111111111111111111111111111111111111111111111111111111111111111111111111111111111111111111111111111, Y=$flatten\u_core.\u_acc2.$0$memwr$\mem$../spark_ram_asic.v:23$1210_EN[127:0]$1212
      New ports: A=1'0, B=1'1, Y=$flatten\u_core.\u_acc2.$0$memwr$\mem$../spark_ram_asic.v:23$1210_EN[127:0]$1212 [0]
      New connections: $flatten\u_core.\u_acc2.$0$memwr$\mem$../spark_ram_asic.v:23$1210_EN[127:0]$1212 [127:1] = { $flatten\u_core.\u_acc2.$0$memwr$\mem$../spark_ram_asic.v:23$1210_EN[127:0]$1212 [0] $flatten\u_core.\u_acc2.$0$memwr$\mem$../spark_ram_asic.v:23$1210_EN[127:0]$1212 [0] $flatten\u_core.\u_acc2.$0$memwr$\mem$../spark_ram_asic.v:23$1210_EN[127:0]$1212 [0] $flatten\u_core.\u_acc2.$0$memwr$\mem$../spark_ram_asic.v:23$1210_EN[127:0]$1212 [0] $flatten\u_core.\u_acc2.$0$memwr$\mem$../spark_ram_asic.v:23$1210_EN[127:0]$1212 [0] $flatten\u_core.\u_acc2.$0$memwr$\mem$../spark_ram_asic.v:23$1210_EN[127:0]$1212 [0] $flatten\u_core.\u_acc2.$0$memwr$\mem$../spark_ram_asic.v:23$1210_EN[127:0]$1212 [0] $flatten\u_core.\u_acc2.$0$memwr$\mem$../spark_ram_asic.v:23$1210_EN[127:0]$1212 [0] $flatten\u_core.\u_acc2.$0$memwr$\mem$../spark_ram_asic.v:23$1210_EN[127:0]$1212 [0] $flatten\u_core.\u_acc2.$0$memwr$\mem$../spark_ram_asic.v:23$1210_EN[127:0]$1212 [0] $flatten\u_core.\u_acc2.$0$memwr$\mem$../spark_ram_asic.v:23$1210_EN[127:0]$1212 [0] $flatten\u_core.\u_acc2.$0$memwr$\mem$../spark_ram_asic.v:23$1210_EN[127:0]$1212 [0] $flatten\u_core.\u_acc2.$0$memwr$\mem$../spark_ram_asic.v:23$1210_EN[127:0]$1212 [0] $flatten\u_core.\u_acc2.$0$memwr$\mem$../spark_ram_asic.v:23$1210_EN[127:0]$1212 [0] $flatten\u_core.\u_acc2.$0$memwr$\mem$../spark_ram_asic.v:23$1210_EN[127:0]$1212 [0] $flatten\u_core.\u_acc2.$0$memwr$\mem$../spark_ram_asic.v:23$1210_EN[127:0]$1212 [0] $flatten\u_core.\u_acc2.$0$memwr$\mem$../spark_ram_asic.v:23$1210_EN[127:0]$1212 [0] $flatten\u_core.\u_acc2.$0$memwr$\mem$../spark_ram_asic.v:23$1210_EN[127:0]$1212 [0] $flatten\u_core.\u_acc2.$0$memwr$\mem$../spark_ram_asic.v:23$1210_EN[127:0]$1212 [0] $flatten\u_core.\u_acc2.$0$memwr$\mem$../spark_ram_asic.v:23$1210_EN[127:0]$1212 [0] $flatten\u_core.\u_acc2.$0$memwr$\mem$../spark_ram_asic.v:23$1210_EN[127:0]$1212 [0] $flatten\u_core.\u_acc2.$0$memwr$\mem$../spark_ram_asic.v:23$1210_EN[127:0]$1212 [0] $flatten\u_core.\u_acc2.$0$memwr$\mem$../spark_ram_asic.v:23$1210_EN[127:0]$1212 [0] $flatten\u_core.\u_acc2.$0$memwr$\mem$../spark_ram_asic.v:23$1210_EN[127:0]$1212 [0] $flatten\u_core.\u_acc2.$0$memwr$\mem$../spark_ram_asic.v:23$1210_EN[127:0]$1212 [0] $flatten\u_core.\u_acc2.$0$memwr$\mem$../spark_ram_asic.v:23$1210_EN[127:0]$1212 [0] $flatten\u_core.\u_acc2.$0$memwr$\mem$../spark_ram_asic.v:23$1210_EN[127:0]$1212 [0] $flatten\u_core.\u_acc2.$0$memwr$\mem$../spark_ram_asic.v:23$1210_EN[127:0]$1212 [0] $flatten\u_core.\u_acc2.$0$memwr$\mem$../spark_ram_asic.v:23$1210_EN[127:0]$1212 [0] $flatten\u_core.\u_acc2.$0$memwr$\mem$../spark_ram_asic.v:23$1210_EN[127:0]$1212 [0] $flatten\u_core.\u_acc2.$0$memwr$\mem$../spark_ram_asic.v:23$1210_EN[127:0]$1212 [0] $flatten\u_core.\u_acc2.$0$memwr$\mem$../spark_ram_asic.v:23$1210_EN[127:0]$1212 [0] $flatten\u_core.\u_acc2.$0$memwr$\mem$../spark_ram_asic.v:23$1210_EN[127:0]$1212 [0] $flatten\u_core.\u_acc2.$0$memwr$\mem$../spark_ram_asic.v:23$1210_EN[127:0]$1212 [0] $flatten\u_core.\u_acc2.$0$memwr$\mem$../spark_ram_asic.v:23$1210_EN[127:0]$1212 [0] $flatten\u_core.\u_acc2.$0$memwr$\mem$../spark_ram_asic.v:23$1210_EN[127:0]$1212 [0] $flatten\u_core.\u_acc2.$0$memwr$\mem$../spark_ram_asic.v:23$1210_EN[127:0]$1212 [0] $flatten\u_core.\u_acc2.$0$memwr$\mem$../spark_ram_asic.v:23$1210_EN[127:0]$1212 [0] $flatten\u_core.\u_acc2.$0$memwr$\mem$../spark_ram_asic.v:23$1210_EN[127:0]$1212 [0] $flatten\u_core.\u_acc2.$0$memwr$\mem$../spark_ram_asic.v:23$1210_EN[127:0]$1212 [0] $flatten\u_core.\u_acc2.$0$memwr$\mem$../spark_ram_asic.v:23$1210_EN[127:0]$1212 [0] $flatten\u_core.\u_acc2.$0$memwr$\mem$../spark_ram_asic.v:23$1210_EN[127:0]$1212 [0] $flatten\u_core.\u_acc2.$0$memwr$\mem$../spark_ram_asic.v:23$1210_EN[127:0]$1212 [0] $flatten\u_core.\u_acc2.$0$memwr$\mem$../spark_ram_asic.v:23$1210_EN[127:0]$1212 [0] $flatten\u_core.\u_acc2.$0$memwr$\mem$../spark_ram_asic.v:23$1210_EN[127:0]$1212 [0] $flatten\u_core.\u_acc2.$0$memwr$\mem$../spark_ram_asic.v:23$1210_EN[127:0]$1212 [0] $flatten\u_core.\u_acc2.$0$memwr$\mem$../spark_ram_asic.v:23$1210_EN[127:0]$1212 [0] $flatten\u_core.\u_acc2.$0$memwr$\mem$../spark_ram_asic.v:23$1210_EN[127:0]$1212 [0] $flatten\u_core.\u_acc2.$0$memwr$\mem$../spark_ram_asic.v:23$1210_EN[127:0]$1212 [0] $flatten\u_core.\u_acc2.$0$memwr$\mem$../spark_ram_asic.v:23$1210_EN[127:0]$1212 [0] $flatten\u_core.\u_acc2.$0$memwr$\mem$../spark_ram_asic.v:23$1210_EN[127:0]$1212 [0] $flatten\u_core.\u_acc2.$0$memwr$\mem$../spark_ram_asic.v:23$1210_EN[127:0]$1212 [0] $flatten\u_core.\u_acc2.$0$memwr$\mem$../spark_ram_asic.v:23$1210_EN[127:0]$1212 [0] $flatten\u_core.\u_acc2.$0$memwr$\mem$../spark_ram_asic.v:23$1210_EN[127:0]$1212 [0] $flatten\u_core.\u_acc2.$0$memwr$\mem$../spark_ram_asic.v:23$1210_EN[127:0]$1212 [0] $flatten\u_core.\u_acc2.$0$memwr$\mem$../spark_ram_asic.v:23$1210_EN[127:0]$1212 [0] $flatten\u_core.\u_acc2.$0$memwr$\mem$../spark_ram_asic.v:23$1210_EN[127:0]$1212 [0] $flatten\u_core.\u_acc2.$0$memwr$\mem$../spark_ram_asic.v:23$1210_EN[127:0]$1212 [0] $flatten\u_core.\u_acc2.$0$memwr$\mem$../spark_ram_asic.v:23$1210_EN[127:0]$1212 [0] $flatten\u_core.\u_acc2.$0$memwr$\mem$../spark_ram_asic.v:23$1210_EN[127:0]$1212 [0] $flatten\u_core.\u_acc2.$0$memwr$\mem$../spark_ram_asic.v:23$1210_EN[127:0]$1212 [0] $flatten\u_core.\u_acc2.$0$memwr$\mem$../spark_ram_asic.v:23$1210_EN[127:0]$1212 [0] $flatten\u_core.\u_acc2.$0$memwr$\mem$../spark_ram_asic.v:23$1210_EN[127:0]$1212 [0] $flatten\u_core.\u_acc2.$0$memwr$\mem$../spark_ram_asic.v:23$1210_EN[127:0]$1212 [0] $flatten\u_core.\u_acc2.$0$memwr$\mem$../spark_ram_asic.v:23$1210_EN[127:0]$1212 [0] $flatten\u_core.\u_acc2.$0$memwr$\mem$../spark_ram_asic.v:23$1210_EN[127:0]$1212 [0] $flatten\u_core.\u_acc2.$0$memwr$\mem$../spark_ram_asic.v:23$1210_EN[127:0]$1212 [0] $flatten\u_core.\u_acc2.$0$memwr$\mem$../spark_ram_asic.v:23$1210_EN[127:0]$1212 [0] $flatten\u_core.\u_acc2.$0$memwr$\mem$../spark_ram_asic.v:23$1210_EN[127:0]$1212 [0] $flatten\u_core.\u_acc2.$0$memwr$\mem$../spark_ram_asic.v:23$1210_EN[127:0]$1212 [0] $flatten\u_core.\u_acc2.$0$memwr$\mem$../spark_ram_asic.v:23$1210_EN[127:0]$1212 [0] $flatten\u_core.\u_acc2.$0$memwr$\mem$../spark_ram_asic.v:23$1210_EN[127:0]$1212 [0] $flatten\u_core.\u_acc2.$0$memwr$\mem$../spark_ram_asic.v:23$1210_EN[127:0]$1212 [0] $flatten\u_core.\u_acc2.$0$memwr$\mem$../spark_ram_asic.v:23$1210_EN[127:0]$1212 [0] $flatten\u_core.\u_acc2.$0$memwr$\mem$../spark_ram_asic.v:23$1210_EN[127:0]$1212 [0] $flatten\u_core.\u_acc2.$0$memwr$\mem$../spark_ram_asic.v:23$1210_EN[127:0]$1212 [0] $flatten\u_core.\u_acc2.$0$memwr$\mem$../spark_ram_asic.v:23$1210_EN[127:0]$1212 [0] $flatten\u_core.\u_acc2.$0$memwr$\mem$../spark_ram_asic.v:23$1210_EN[127:0]$1212 [0] $flatten\u_core.\u_acc2.$0$memwr$\mem$../spark_ram_asic.v:23$1210_EN[127:0]$1212 [0] $flatten\u_core.\u_acc2.$0$memwr$\mem$../spark_ram_asic.v:23$1210_EN[127:0]$1212 [0] $flatten\u_core.\u_acc2.$0$memwr$\mem$../spark_ram_asic.v:23$1210_EN[127:0]$1212 [0] $flatten\u_core.\u_acc2.$0$memwr$\mem$../spark_ram_asic.v:23$1210_EN[127:0]$1212 [0] $flatten\u_core.\u_acc2.$0$memwr$\mem$../spark_ram_asic.v:23$1210_EN[127:0]$1212 [0] $flatten\u_core.\u_acc2.$0$memwr$\mem$../spark_ram_asic.v:23$1210_EN[127:0]$1212 [0] $flatten\u_core.\u_acc2.$0$memwr$\mem$../spark_ram_asic.v:23$1210_EN[127:0]$1212 [0] $flatten\u_core.\u_acc2.$0$memwr$\mem$../spark_ram_asic.v:23$1210_EN[127:0]$1212 [0] $flatten\u_core.\u_acc2.$0$memwr$\mem$../spark_ram_asic.v:23$1210_EN[127:0]$1212 [0] $flatten\u_core.\u_acc2.$0$memwr$\mem$../spark_ram_asic.v:23$1210_EN[127:0]$1212 [0] $flatten\u_core.\u_acc2.$0$memwr$\mem$../spark_ram_asic.v:23$1210_EN[127:0]$1212 [0] $flatten\u_core.\u_acc2.$0$memwr$\mem$../spark_ram_asic.v:23$1210_EN[127:0]$1212 [0] $flatten\u_core.\u_acc2.$0$memwr$\mem$../spark_ram_asic.v:23$1210_EN[127:0]$1212 [0] $flatten\u_core.\u_acc2.$0$memwr$\mem$../spark_ram_asic.v:23$1210_EN[127:0]$1212 [0] $flatten\u_core.\u_acc2.$0$memwr$\mem$../spark_ram_asic.v:23$1210_EN[127:0]$1212 [0] $flatten\u_core.\u_acc2.$0$memwr$\mem$../spark_ram_asic.v:23$1210_EN[127:0]$1212 [0] $flatten\u_core.\u_acc2.$0$memwr$\mem$../spark_ram_asic.v:23$1210_EN[127:0]$1212 [0] $flatten\u_core.\u_acc2.$0$memwr$\mem$../spark_ram_asic.v:23$1210_EN[127:0]$1212 [0] $flatten\u_core.\u_acc2.$0$memwr$\mem$../spark_ram_asic.v:23$1210_EN[127:0]$1212 [0] $flatten\u_core.\u_acc2.$0$memwr$\mem$../spark_ram_asic.v:23$1210_EN[127:0]$1212 [0] $flatten\u_core.\u_acc2.$0$memwr$\mem$../spark_ram_asic.v:23$1210_EN[127:0]$1212 [0] $flatten\u_core.\u_acc2.$0$memwr$\mem$../spark_ram_asic.v:23$1210_EN[127:0]$1212 [0] $flatten\u_core.\u_acc2.$0$memwr$\mem$../spark_ram_asic.v:23$1210_EN[127:0]$1212 [0] $flatten\u_core.\u_acc2.$0$memwr$\mem$../spark_ram_asic.v:23$1210_EN[127:0]$1212 [0] $flatten\u_core.\u_acc2.$0$memwr$\mem$../spark_ram_asic.v:23$1210_EN[127:0]$1212 [0] $flatten\u_core.\u_acc2.$0$memwr$\mem$../spark_ram_asic.v:23$1210_EN[127:0]$1212 [0] $flatten\u_core.\u_acc2.$0$memwr$\mem$../spark_ram_asic.v:23$1210_EN[127:0]$1212 [0] $flatten\u_core.\u_acc2.$0$memwr$\mem$../spark_ram_asic.v:23$1210_EN[127:0]$1212 [0] $flatten\u_core.\u_acc2.$0$memwr$\mem$../spark_ram_asic.v:23$1210_EN[127:0]$1212 [0] $flatten\u_core.\u_acc2.$0$memwr$\mem$../spark_ram_asic.v:23$1210_EN[127:0]$1212 [0] $flatten\u_core.\u_acc2.$0$memwr$\mem$../spark_ram_asic.v:23$1210_EN[127:0]$1212 [0] $flatten\u_core.\u_acc2.$0$memwr$\mem$../spark_ram_asic.v:23$1210_EN[127:0]$1212 [0] $flatten\u_core.\u_acc2.$0$memwr$\mem$../spark_ram_asic.v:23$1210_EN[127:0]$1212 [0] $flatten\u_core.\u_acc2.$0$memwr$\mem$../spark_ram_asic.v:23$1210_EN[127:0]$1212 [0] $flatten\u_core.\u_acc2.$0$memwr$\mem$../spark_ram_asic.v:23$1210_EN[127:0]$1212 [0] $flatten\u_core.\u_acc2.$0$memwr$\mem$../spark_ram_asic.v:23$1210_EN[127:0]$1212 [0] $flatten\u_core.\u_acc2.$0$memwr$\mem$../spark_ram_asic.v:23$1210_EN[127:0]$1212 [0] $flatten\u_core.\u_acc2.$0$memwr$\mem$../spark_ram_asic.v:23$1210_EN[127:0]$1212 [0] $flatten\u_core.\u_acc2.$0$memwr$\mem$../spark_ram_asic.v:23$1210_EN[127:0]$1212 [0] $flatten\u_core.\u_acc2.$0$memwr$\mem$../spark_ram_asic.v:23$1210_EN[127:0]$1212 [0] $flatten\u_core.\u_acc2.$0$memwr$\mem$../spark_ram_asic.v:23$1210_EN[127:0]$1212 [0] $flatten\u_core.\u_acc2.$0$memwr$\mem$../spark_ram_asic.v:23$1210_EN[127:0]$1212 [0] $flatten\u_core.\u_acc2.$0$memwr$\mem$../spark_ram_asic.v:23$1210_EN[127:0]$1212 [0] $flatten\u_core.\u_acc2.$0$memwr$\mem$../spark_ram_asic.v:23$1210_EN[127:0]$1212 [0] $flatten\u_core.\u_acc2.$0$memwr$\mem$../spark_ram_asic.v:23$1210_EN[127:0]$1212 [0] $flatten\u_core.\u_acc2.$0$memwr$\mem$../spark_ram_asic.v:23$1210_EN[127:0]$1212 [0] $flatten\u_core.\u_acc2.$0$memwr$\mem$../spark_ram_asic.v:23$1210_EN[127:0]$1212 [0] $flatten\u_core.\u_acc2.$0$memwr$\mem$../spark_ram_asic.v:23$1210_EN[127:0]$1212 [0] $flatten\u_core.\u_acc2.$0$memwr$\mem$../spark_ram_asic.v:23$1210_EN[127:0]$1212 [0] }
    Consolidated identical input bits for $mux cell $flatten\u_core.\u_acc3.$procmux$7102:
      Old ports: A=128'00000000000000000000000000000000000000000000000000000000000000000000000000000000000000000000000000000000000000000000000000000000, B=128'11111111111111111111111111111111111111111111111111111111111111111111111111111111111111111111111111111111111111111111111111111111, Y=$flatten\u_core.\u_acc3.$0$memwr$\mem$../spark_ram_asic.v:23$1210_EN[127:0]$1212
      New ports: A=1'0, B=1'1, Y=$flatten\u_core.\u_acc3.$0$memwr$\mem$../spark_ram_asic.v:23$1210_EN[127:0]$1212 [0]
      New connections: $flatten\u_core.\u_acc3.$0$memwr$\mem$../spark_ram_asic.v:23$1210_EN[127:0]$1212 [127:1] = { $flatten\u_core.\u_acc3.$0$memwr$\mem$../spark_ram_asic.v:23$1210_EN[127:0]$1212 [0] $flatten\u_core.\u_acc3.$0$memwr$\mem$../spark_ram_asic.v:23$1210_EN[127:0]$1212 [0] $flatten\u_core.\u_acc3.$0$memwr$\mem$../spark_ram_asic.v:23$1210_EN[127:0]$1212 [0] $flatten\u_core.\u_acc3.$0$memwr$\mem$../spark_ram_asic.v:23$1210_EN[127:0]$1212 [0] $flatten\u_core.\u_acc3.$0$memwr$\mem$../spark_ram_asic.v:23$1210_EN[127:0]$1212 [0] $flatten\u_core.\u_acc3.$0$memwr$\mem$../spark_ram_asic.v:23$1210_EN[127:0]$1212 [0] $flatten\u_core.\u_acc3.$0$memwr$\mem$../spark_ram_asic.v:23$1210_EN[127:0]$1212 [0] $flatten\u_core.\u_acc3.$0$memwr$\mem$../spark_ram_asic.v:23$1210_EN[127:0]$1212 [0] $flatten\u_core.\u_acc3.$0$memwr$\mem$../spark_ram_asic.v:23$1210_EN[127:0]$1212 [0] $flatten\u_core.\u_acc3.$0$memwr$\mem$../spark_ram_asic.v:23$1210_EN[127:0]$1212 [0] $flatten\u_core.\u_acc3.$0$memwr$\mem$../spark_ram_asic.v:23$1210_EN[127:0]$1212 [0] $flatten\u_core.\u_acc3.$0$memwr$\mem$../spark_ram_asic.v:23$1210_EN[127:0]$1212 [0] $flatten\u_core.\u_acc3.$0$memwr$\mem$../spark_ram_asic.v:23$1210_EN[127:0]$1212 [0] $flatten\u_core.\u_acc3.$0$memwr$\mem$../spark_ram_asic.v:23$1210_EN[127:0]$1212 [0] $flatten\u_core.\u_acc3.$0$memwr$\mem$../spark_ram_asic.v:23$1210_EN[127:0]$1212 [0] $flatten\u_core.\u_acc3.$0$memwr$\mem$../spark_ram_asic.v:23$1210_EN[127:0]$1212 [0] $flatten\u_core.\u_acc3.$0$memwr$\mem$../spark_ram_asic.v:23$1210_EN[127:0]$1212 [0] $flatten\u_core.\u_acc3.$0$memwr$\mem$../spark_ram_asic.v:23$1210_EN[127:0]$1212 [0] $flatten\u_core.\u_acc3.$0$memwr$\mem$../spark_ram_asic.v:23$1210_EN[127:0]$1212 [0] $flatten\u_core.\u_acc3.$0$memwr$\mem$../spark_ram_asic.v:23$1210_EN[127:0]$1212 [0] $flatten\u_core.\u_acc3.$0$memwr$\mem$../spark_ram_asic.v:23$1210_EN[127:0]$1212 [0] $flatten\u_core.\u_acc3.$0$memwr$\mem$../spark_ram_asic.v:23$1210_EN[127:0]$1212 [0] $flatten\u_core.\u_acc3.$0$memwr$\mem$../spark_ram_asic.v:23$1210_EN[127:0]$1212 [0] $flatten\u_core.\u_acc3.$0$memwr$\mem$../spark_ram_asic.v:23$1210_EN[127:0]$1212 [0] $flatten\u_core.\u_acc3.$0$memwr$\mem$../spark_ram_asic.v:23$1210_EN[127:0]$1212 [0] $flatten\u_core.\u_acc3.$0$memwr$\mem$../spark_ram_asic.v:23$1210_EN[127:0]$1212 [0] $flatten\u_core.\u_acc3.$0$memwr$\mem$../spark_ram_asic.v:23$1210_EN[127:0]$1212 [0] $flatten\u_core.\u_acc3.$0$memwr$\mem$../spark_ram_asic.v:23$1210_EN[127:0]$1212 [0] $flatten\u_core.\u_acc3.$0$memwr$\mem$../spark_ram_asic.v:23$1210_EN[127:0]$1212 [0] $flatten\u_core.\u_acc3.$0$memwr$\mem$../spark_ram_asic.v:23$1210_EN[127:0]$1212 [0] $flatten\u_core.\u_acc3.$0$memwr$\mem$../spark_ram_asic.v:23$1210_EN[127:0]$1212 [0] $flatten\u_core.\u_acc3.$0$memwr$\mem$../spark_ram_asic.v:23$1210_EN[127:0]$1212 [0] $flatten\u_core.\u_acc3.$0$memwr$\mem$../spark_ram_asic.v:23$1210_EN[127:0]$1212 [0] $flatten\u_core.\u_acc3.$0$memwr$\mem$../spark_ram_asic.v:23$1210_EN[127:0]$1212 [0] $flatten\u_core.\u_acc3.$0$memwr$\mem$../spark_ram_asic.v:23$1210_EN[127:0]$1212 [0] $flatten\u_core.\u_acc3.$0$memwr$\mem$../spark_ram_asic.v:23$1210_EN[127:0]$1212 [0] $flatten\u_core.\u_acc3.$0$memwr$\mem$../spark_ram_asic.v:23$1210_EN[127:0]$1212 [0] $flatten\u_core.\u_acc3.$0$memwr$\mem$../spark_ram_asic.v:23$1210_EN[127:0]$1212 [0] $flatten\u_core.\u_acc3.$0$memwr$\mem$../spark_ram_asic.v:23$1210_EN[127:0]$1212 [0] $flatten\u_core.\u_acc3.$0$memwr$\mem$../spark_ram_asic.v:23$1210_EN[127:0]$1212 [0] $flatten\u_core.\u_acc3.$0$memwr$\mem$../spark_ram_asic.v:23$1210_EN[127:0]$1212 [0] $flatten\u_core.\u_acc3.$0$memwr$\mem$../spark_ram_asic.v:23$1210_EN[127:0]$1212 [0] $flatten\u_core.\u_acc3.$0$memwr$\mem$../spark_ram_asic.v:23$1210_EN[127:0]$1212 [0] $flatten\u_core.\u_acc3.$0$memwr$\mem$../spark_ram_asic.v:23$1210_EN[127:0]$1212 [0] $flatten\u_core.\u_acc3.$0$memwr$\mem$../spark_ram_asic.v:23$1210_EN[127:0]$1212 [0] $flatten\u_core.\u_acc3.$0$memwr$\mem$../spark_ram_asic.v:23$1210_EN[127:0]$1212 [0] $flatten\u_core.\u_acc3.$0$memwr$\mem$../spark_ram_asic.v:23$1210_EN[127:0]$1212 [0] $flatten\u_core.\u_acc3.$0$memwr$\mem$../spark_ram_asic.v:23$1210_EN[127:0]$1212 [0] $flatten\u_core.\u_acc3.$0$memwr$\mem$../spark_ram_asic.v:23$1210_EN[127:0]$1212 [0] $flatten\u_core.\u_acc3.$0$memwr$\mem$../spark_ram_asic.v:23$1210_EN[127:0]$1212 [0] $flatten\u_core.\u_acc3.$0$memwr$\mem$../spark_ram_asic.v:23$1210_EN[127:0]$1212 [0] $flatten\u_core.\u_acc3.$0$memwr$\mem$../spark_ram_asic.v:23$1210_EN[127:0]$1212 [0] $flatten\u_core.\u_acc3.$0$memwr$\mem$../spark_ram_asic.v:23$1210_EN[127:0]$1212 [0] $flatten\u_core.\u_acc3.$0$memwr$\mem$../spark_ram_asic.v:23$1210_EN[127:0]$1212 [0] $flatten\u_core.\u_acc3.$0$memwr$\mem$../spark_ram_asic.v:23$1210_EN[127:0]$1212 [0] $flatten\u_core.\u_acc3.$0$memwr$\mem$../spark_ram_asic.v:23$1210_EN[127:0]$1212 [0] $flatten\u_core.\u_acc3.$0$memwr$\mem$../spark_ram_asic.v:23$1210_EN[127:0]$1212 [0] $flatten\u_core.\u_acc3.$0$memwr$\mem$../spark_ram_asic.v:23$1210_EN[127:0]$1212 [0] $flatten\u_core.\u_acc3.$0$memwr$\mem$../spark_ram_asic.v:23$1210_EN[127:0]$1212 [0] $flatten\u_core.\u_acc3.$0$memwr$\mem$../spark_ram_asic.v:23$1210_EN[127:0]$1212 [0] $flatten\u_core.\u_acc3.$0$memwr$\mem$../spark_ram_asic.v:23$1210_EN[127:0]$1212 [0] $flatten\u_core.\u_acc3.$0$memwr$\mem$../spark_ram_asic.v:23$1210_EN[127:0]$1212 [0] $flatten\u_core.\u_acc3.$0$memwr$\mem$../spark_ram_asic.v:23$1210_EN[127:0]$1212 [0] $flatten\u_core.\u_acc3.$0$memwr$\mem$../spark_ram_asic.v:23$1210_EN[127:0]$1212 [0] $flatten\u_core.\u_acc3.$0$memwr$\mem$../spark_ram_asic.v:23$1210_EN[127:0]$1212 [0] $flatten\u_core.\u_acc3.$0$memwr$\mem$../spark_ram_asic.v:23$1210_EN[127:0]$1212 [0] $flatten\u_core.\u_acc3.$0$memwr$\mem$../spark_ram_asic.v:23$1210_EN[127:0]$1212 [0] $flatten\u_core.\u_acc3.$0$memwr$\mem$../spark_ram_asic.v:23$1210_EN[127:0]$1212 [0] $flatten\u_core.\u_acc3.$0$memwr$\mem$../spark_ram_asic.v:23$1210_EN[127:0]$1212 [0] $flatten\u_core.\u_acc3.$0$memwr$\mem$../spark_ram_asic.v:23$1210_EN[127:0]$1212 [0] $flatten\u_core.\u_acc3.$0$memwr$\mem$../spark_ram_asic.v:23$1210_EN[127:0]$1212 [0] $flatten\u_core.\u_acc3.$0$memwr$\mem$../spark_ram_asic.v:23$1210_EN[127:0]$1212 [0] $flatten\u_core.\u_acc3.$0$memwr$\mem$../spark_ram_asic.v:23$1210_EN[127:0]$1212 [0] $flatten\u_core.\u_acc3.$0$memwr$\mem$../spark_ram_asic.v:23$1210_EN[127:0]$1212 [0] $flatten\u_core.\u_acc3.$0$memwr$\mem$../spark_ram_asic.v:23$1210_EN[127:0]$1212 [0] $flatten\u_core.\u_acc3.$0$memwr$\mem$../spark_ram_asic.v:23$1210_EN[127:0]$1212 [0] $flatten\u_core.\u_acc3.$0$memwr$\mem$../spark_ram_asic.v:23$1210_EN[127:0]$1212 [0] $flatten\u_core.\u_acc3.$0$memwr$\mem$../spark_ram_asic.v:23$1210_EN[127:0]$1212 [0] $flatten\u_core.\u_acc3.$0$memwr$\mem$../spark_ram_asic.v:23$1210_EN[127:0]$1212 [0] $flatten\u_core.\u_acc3.$0$memwr$\mem$../spark_ram_asic.v:23$1210_EN[127:0]$1212 [0] $flatten\u_core.\u_acc3.$0$memwr$\mem$../spark_ram_asic.v:23$1210_EN[127:0]$1212 [0] $flatten\u_core.\u_acc3.$0$memwr$\mem$../spark_ram_asic.v:23$1210_EN[127:0]$1212 [0] $flatten\u_core.\u_acc3.$0$memwr$\mem$../spark_ram_asic.v:23$1210_EN[127:0]$1212 [0] $flatten\u_core.\u_acc3.$0$memwr$\mem$../spark_ram_asic.v:23$1210_EN[127:0]$1212 [0] $flatten\u_core.\u_acc3.$0$memwr$\mem$../spark_ram_asic.v:23$1210_EN[127:0]$1212 [0] $flatten\u_core.\u_acc3.$0$memwr$\mem$../spark_ram_asic.v:23$1210_EN[127:0]$1212 [0] $flatten\u_core.\u_acc3.$0$memwr$\mem$../spark_ram_asic.v:23$1210_EN[127:0]$1212 [0] $flatten\u_core.\u_acc3.$0$memwr$\mem$../spark_ram_asic.v:23$1210_EN[127:0]$1212 [0] $flatten\u_core.\u_acc3.$0$memwr$\mem$../spark_ram_asic.v:23$1210_EN[127:0]$1212 [0] $flatten\u_core.\u_acc3.$0$memwr$\mem$../spark_ram_asic.v:23$1210_EN[127:0]$1212 [0] $flatten\u_core.\u_acc3.$0$memwr$\mem$../spark_ram_asic.v:23$1210_EN[127:0]$1212 [0] $flatten\u_core.\u_acc3.$0$memwr$\mem$../spark_ram_asic.v:23$1210_EN[127:0]$1212 [0] $flatten\u_core.\u_acc3.$0$memwr$\mem$../spark_ram_asic.v:23$1210_EN[127:0]$1212 [0] $flatten\u_core.\u_acc3.$0$memwr$\mem$../spark_ram_asic.v:23$1210_EN[127:0]$1212 [0] $flatten\u_core.\u_acc3.$0$memwr$\mem$../spark_ram_asic.v:23$1210_EN[127:0]$1212 [0] $flatten\u_core.\u_acc3.$0$memwr$\mem$../spark_ram_asic.v:23$1210_EN[127:0]$1212 [0] $flatten\u_core.\u_acc3.$0$memwr$\mem$../spark_ram_asic.v:23$1210_EN[127:0]$1212 [0] $flatten\u_core.\u_acc3.$0$memwr$\mem$../spark_ram_asic.v:23$1210_EN[127:0]$1212 [0] $flatten\u_core.\u_acc3.$0$memwr$\mem$../spark_ram_asic.v:23$1210_EN[127:0]$1212 [0] $flatten\u_core.\u_acc3.$0$memwr$\mem$../spark_ram_asic.v:23$1210_EN[127:0]$1212 [0] $flatten\u_core.\u_acc3.$0$memwr$\mem$../spark_ram_asic.v:23$1210_EN[127:0]$1212 [0] $flatten\u_core.\u_acc3.$0$memwr$\mem$../spark_ram_asic.v:23$1210_EN[127:0]$1212 [0] $flatten\u_core.\u_acc3.$0$memwr$\mem$../spark_ram_asic.v:23$1210_EN[127:0]$1212 [0] $flatten\u_core.\u_acc3.$0$memwr$\mem$../spark_ram_asic.v:23$1210_EN[127:0]$1212 [0] $flatten\u_core.\u_acc3.$0$memwr$\mem$../spark_ram_asic.v:23$1210_EN[127:0]$1212 [0] $flatten\u_core.\u_acc3.$0$memwr$\mem$../spark_ram_asic.v:23$1210_EN[127:0]$1212 [0] $flatten\u_core.\u_acc3.$0$memwr$\mem$../spark_ram_asic.v:23$1210_EN[127:0]$1212 [0] $flatten\u_core.\u_acc3.$0$memwr$\mem$../spark_ram_asic.v:23$1210_EN[127:0]$1212 [0] $flatten\u_core.\u_acc3.$0$memwr$\mem$../spark_ram_asic.v:23$1210_EN[127:0]$1212 [0] $flatten\u_core.\u_acc3.$0$memwr$\mem$../spark_ram_asic.v:23$1210_EN[127:0]$1212 [0] $flatten\u_core.\u_acc3.$0$memwr$\mem$../spark_ram_asic.v:23$1210_EN[127:0]$1212 [0] $flatten\u_core.\u_acc3.$0$memwr$\mem$../spark_ram_asic.v:23$1210_EN[127:0]$1212 [0] $flatten\u_core.\u_acc3.$0$memwr$\mem$../spark_ram_asic.v:23$1210_EN[127:0]$1212 [0] $flatten\u_core.\u_acc3.$0$memwr$\mem$../spark_ram_asic.v:23$1210_EN[127:0]$1212 [0] $flatten\u_core.\u_acc3.$0$memwr$\mem$../spark_ram_asic.v:23$1210_EN[127:0]$1212 [0] $flatten\u_core.\u_acc3.$0$memwr$\mem$../spark_ram_asic.v:23$1210_EN[127:0]$1212 [0] $flatten\u_core.\u_acc3.$0$memwr$\mem$../spark_ram_asic.v:23$1210_EN[127:0]$1212 [0] $flatten\u_core.\u_acc3.$0$memwr$\mem$../spark_ram_asic.v:23$1210_EN[127:0]$1212 [0] $flatten\u_core.\u_acc3.$0$memwr$\mem$../spark_ram_asic.v:23$1210_EN[127:0]$1212 [0] $flatten\u_core.\u_acc3.$0$memwr$\mem$../spark_ram_asic.v:23$1210_EN[127:0]$1212 [0] $flatten\u_core.\u_acc3.$0$memwr$\mem$../spark_ram_asic.v:23$1210_EN[127:0]$1212 [0] $flatten\u_core.\u_acc3.$0$memwr$\mem$../spark_ram_asic.v:23$1210_EN[127:0]$1212 [0] $flatten\u_core.\u_acc3.$0$memwr$\mem$../spark_ram_asic.v:23$1210_EN[127:0]$1212 [0] $flatten\u_core.\u_acc3.$0$memwr$\mem$../spark_ram_asic.v:23$1210_EN[127:0]$1212 [0] $flatten\u_core.\u_acc3.$0$memwr$\mem$../spark_ram_asic.v:23$1210_EN[127:0]$1212 [0] $flatten\u_core.\u_acc3.$0$memwr$\mem$../spark_ram_asic.v:23$1210_EN[127:0]$1212 [0] $flatten\u_core.\u_acc3.$0$memwr$\mem$../spark_ram_asic.v:23$1210_EN[127:0]$1212 [0] }
    Consolidated identical input bits for $mux cell $flatten\u_core.\u_h0.$procmux$7111:
      Old ports: A=128'00000000000000000000000000000000000000000000000000000000000000000000000000000000000000000000000000000000000000000000000000000000, B=128'11111111111111111111111111111111111111111111111111111111111111111111111111111111111111111111111111111111111111111111111111111111, Y=$flatten\u_core.\u_h0.$0$memwr$\mem$../spark_ram_asic.v:23$1200_EN[127:0]$1202
      New ports: A=1'0, B=1'1, Y=$flatten\u_core.\u_h0.$0$memwr$\mem$../spark_ram_asic.v:23$1200_EN[127:0]$1202 [0]
      New connections: $flatten\u_core.\u_h0.$0$memwr$\mem$../spark_ram_asic.v:23$1200_EN[127:0]$1202 [127:1] = { $flatten\u_core.\u_h0.$0$memwr$\mem$../spark_ram_asic.v:23$1200_EN[127:0]$1202 [0] $flatten\u_core.\u_h0.$0$memwr$\mem$../spark_ram_asic.v:23$1200_EN[127:0]$1202 [0] $flatten\u_core.\u_h0.$0$memwr$\mem$../spark_ram_asic.v:23$1200_EN[127:0]$1202 [0] $flatten\u_core.\u_h0.$0$memwr$\mem$../spark_ram_asic.v:23$1200_EN[127:0]$1202 [0] $flatten\u_core.\u_h0.$0$memwr$\mem$../spark_ram_asic.v:23$1200_EN[127:0]$1202 [0] $flatten\u_core.\u_h0.$0$memwr$\mem$../spark_ram_asic.v:23$1200_EN[127:0]$1202 [0] $flatten\u_core.\u_h0.$0$memwr$\mem$../spark_ram_asic.v:23$1200_EN[127:0]$1202 [0] $flatten\u_core.\u_h0.$0$memwr$\mem$../spark_ram_asic.v:23$1200_EN[127:0]$1202 [0] $flatten\u_core.\u_h0.$0$memwr$\mem$../spark_ram_asic.v:23$1200_EN[127:0]$1202 [0] $flatten\u_core.\u_h0.$0$memwr$\mem$../spark_ram_asic.v:23$1200_EN[127:0]$1202 [0] $flatten\u_core.\u_h0.$0$memwr$\mem$../spark_ram_asic.v:23$1200_EN[127:0]$1202 [0] $flatten\u_core.\u_h0.$0$memwr$\mem$../spark_ram_asic.v:23$1200_EN[127:0]$1202 [0] $flatten\u_core.\u_h0.$0$memwr$\mem$../spark_ram_asic.v:23$1200_EN[127:0]$1202 [0] $flatten\u_core.\u_h0.$0$memwr$\mem$../spark_ram_asic.v:23$1200_EN[127:0]$1202 [0] $flatten\u_core.\u_h0.$0$memwr$\mem$../spark_ram_asic.v:23$1200_EN[127:0]$1202 [0] $flatten\u_core.\u_h0.$0$memwr$\mem$../spark_ram_asic.v:23$1200_EN[127:0]$1202 [0] $flatten\u_core.\u_h0.$0$memwr$\mem$../spark_ram_asic.v:23$1200_EN[127:0]$1202 [0] $flatten\u_core.\u_h0.$0$memwr$\mem$../spark_ram_asic.v:23$1200_EN[127:0]$1202 [0] $flatten\u_core.\u_h0.$0$memwr$\mem$../spark_ram_asic.v:23$1200_EN[127:0]$1202 [0] $flatten\u_core.\u_h0.$0$memwr$\mem$../spark_ram_asic.v:23$1200_EN[127:0]$1202 [0] $flatten\u_core.\u_h0.$0$memwr$\mem$../spark_ram_asic.v:23$1200_EN[127:0]$1202 [0] $flatten\u_core.\u_h0.$0$memwr$\mem$../spark_ram_asic.v:23$1200_EN[127:0]$1202 [0] $flatten\u_core.\u_h0.$0$memwr$\mem$../spark_ram_asic.v:23$1200_EN[127:0]$1202 [0] $flatten\u_core.\u_h0.$0$memwr$\mem$../spark_ram_asic.v:23$1200_EN[127:0]$1202 [0] $flatten\u_core.\u_h0.$0$memwr$\mem$../spark_ram_asic.v:23$1200_EN[127:0]$1202 [0] $flatten\u_core.\u_h0.$0$memwr$\mem$../spark_ram_asic.v:23$1200_EN[127:0]$1202 [0] $flatten\u_core.\u_h0.$0$memwr$\mem$../spark_ram_asic.v:23$1200_EN[127:0]$1202 [0] $flatten\u_core.\u_h0.$0$memwr$\mem$../spark_ram_asic.v:23$1200_EN[127:0]$1202 [0] $flatten\u_core.\u_h0.$0$memwr$\mem$../spark_ram_asic.v:23$1200_EN[127:0]$1202 [0] $flatten\u_core.\u_h0.$0$memwr$\mem$../spark_ram_asic.v:23$1200_EN[127:0]$1202 [0] $flatten\u_core.\u_h0.$0$memwr$\mem$../spark_ram_asic.v:23$1200_EN[127:0]$1202 [0] $flatten\u_core.\u_h0.$0$memwr$\mem$../spark_ram_asic.v:23$1200_EN[127:0]$1202 [0] $flatten\u_core.\u_h0.$0$memwr$\mem$../spark_ram_asic.v:23$1200_EN[127:0]$1202 [0] $flatten\u_core.\u_h0.$0$memwr$\mem$../spark_ram_asic.v:23$1200_EN[127:0]$1202 [0] $flatten\u_core.\u_h0.$0$memwr$\mem$../spark_ram_asic.v:23$1200_EN[127:0]$1202 [0] $flatten\u_core.\u_h0.$0$memwr$\mem$../spark_ram_asic.v:23$1200_EN[127:0]$1202 [0] $flatten\u_core.\u_h0.$0$memwr$\mem$../spark_ram_asic.v:23$1200_EN[127:0]$1202 [0] $flatten\u_core.\u_h0.$0$memwr$\mem$../spark_ram_asic.v:23$1200_EN[127:0]$1202 [0] $flatten\u_core.\u_h0.$0$memwr$\mem$../spark_ram_asic.v:23$1200_EN[127:0]$1202 [0] $flatten\u_core.\u_h0.$0$memwr$\mem$../spark_ram_asic.v:23$1200_EN[127:0]$1202 [0] $flatten\u_core.\u_h0.$0$memwr$\mem$../spark_ram_asic.v:23$1200_EN[127:0]$1202 [0] $flatten\u_core.\u_h0.$0$memwr$\mem$../spark_ram_asic.v:23$1200_EN[127:0]$1202 [0] $flatten\u_core.\u_h0.$0$memwr$\mem$../spark_ram_asic.v:23$1200_EN[127:0]$1202 [0] $flatten\u_core.\u_h0.$0$memwr$\mem$../spark_ram_asic.v:23$1200_EN[127:0]$1202 [0] $flatten\u_core.\u_h0.$0$memwr$\mem$../spark_ram_asic.v:23$1200_EN[127:0]$1202 [0] $flatten\u_core.\u_h0.$0$memwr$\mem$../spark_ram_asic.v:23$1200_EN[127:0]$1202 [0] $flatten\u_core.\u_h0.$0$memwr$\mem$../spark_ram_asic.v:23$1200_EN[127:0]$1202 [0] $flatten\u_core.\u_h0.$0$memwr$\mem$../spark_ram_asic.v:23$1200_EN[127:0]$1202 [0] $flatten\u_core.\u_h0.$0$memwr$\mem$../spark_ram_asic.v:23$1200_EN[127:0]$1202 [0] $flatten\u_core.\u_h0.$0$memwr$\mem$../spark_ram_asic.v:23$1200_EN[127:0]$1202 [0] $flatten\u_core.\u_h0.$0$memwr$\mem$../spark_ram_asic.v:23$1200_EN[127:0]$1202 [0] $flatten\u_core.\u_h0.$0$memwr$\mem$../spark_ram_asic.v:23$1200_EN[127:0]$1202 [0] $flatten\u_core.\u_h0.$0$memwr$\mem$../spark_ram_asic.v:23$1200_EN[127:0]$1202 [0] $flatten\u_core.\u_h0.$0$memwr$\mem$../spark_ram_asic.v:23$1200_EN[127:0]$1202 [0] $flatten\u_core.\u_h0.$0$memwr$\mem$../spark_ram_asic.v:23$1200_EN[127:0]$1202 [0] $flatten\u_core.\u_h0.$0$memwr$\mem$../spark_ram_asic.v:23$1200_EN[127:0]$1202 [0] $flatten\u_core.\u_h0.$0$memwr$\mem$../spark_ram_asic.v:23$1200_EN[127:0]$1202 [0] $flatten\u_core.\u_h0.$0$memwr$\mem$../spark_ram_asic.v:23$1200_EN[127:0]$1202 [0] $flatten\u_core.\u_h0.$0$memwr$\mem$../spark_ram_asic.v:23$1200_EN[127:0]$1202 [0] $flatten\u_core.\u_h0.$0$memwr$\mem$../spark_ram_asic.v:23$1200_EN[127:0]$1202 [0] $flatten\u_core.\u_h0.$0$memwr$\mem$../spark_ram_asic.v:23$1200_EN[127:0]$1202 [0] $flatten\u_core.\u_h0.$0$memwr$\mem$../spark_ram_asic.v:23$1200_EN[127:0]$1202 [0] $flatten\u_core.\u_h0.$0$memwr$\mem$../spark_ram_asic.v:23$1200_EN[127:0]$1202 [0] $flatten\u_core.\u_h0.$0$memwr$\mem$../spark_ram_asic.v:23$1200_EN[127:0]$1202 [0] $flatten\u_core.\u_h0.$0$memwr$\mem$../spark_ram_asic.v:23$1200_EN[127:0]$1202 [0] $flatten\u_core.\u_h0.$0$memwr$\mem$../spark_ram_asic.v:23$1200_EN[127:0]$1202 [0] $flatten\u_core.\u_h0.$0$memwr$\mem$../spark_ram_asic.v:23$1200_EN[127:0]$1202 [0] $flatten\u_core.\u_h0.$0$memwr$\mem$../spark_ram_asic.v:23$1200_EN[127:0]$1202 [0] $flatten\u_core.\u_h0.$0$memwr$\mem$../spark_ram_asic.v:23$1200_EN[127:0]$1202 [0] $flatten\u_core.\u_h0.$0$memwr$\mem$../spark_ram_asic.v:23$1200_EN[127:0]$1202 [0] $flatten\u_core.\u_h0.$0$memwr$\mem$../spark_ram_asic.v:23$1200_EN[127:0]$1202 [0] $flatten\u_core.\u_h0.$0$memwr$\mem$../spark_ram_asic.v:23$1200_EN[127:0]$1202 [0] $flatten\u_core.\u_h0.$0$memwr$\mem$../spark_ram_asic.v:23$1200_EN[127:0]$1202 [0] $flatten\u_core.\u_h0.$0$memwr$\mem$../spark_ram_asic.v:23$1200_EN[127:0]$1202 [0] $flatten\u_core.\u_h0.$0$memwr$\mem$../spark_ram_asic.v:23$1200_EN[127:0]$1202 [0] $flatten\u_core.\u_h0.$0$memwr$\mem$../spark_ram_asic.v:23$1200_EN[127:0]$1202 [0] $flatten\u_core.\u_h0.$0$memwr$\mem$../spark_ram_asic.v:23$1200_EN[127:0]$1202 [0] $flatten\u_core.\u_h0.$0$memwr$\mem$../spark_ram_asic.v:23$1200_EN[127:0]$1202 [0] $flatten\u_core.\u_h0.$0$memwr$\mem$../spark_ram_asic.v:23$1200_EN[127:0]$1202 [0] $flatten\u_core.\u_h0.$0$memwr$\mem$../spark_ram_asic.v:23$1200_EN[127:0]$1202 [0] $flatten\u_core.\u_h0.$0$memwr$\mem$../spark_ram_asic.v:23$1200_EN[127:0]$1202 [0] $flatten\u_core.\u_h0.$0$memwr$\mem$../spark_ram_asic.v:23$1200_EN[127:0]$1202 [0] $flatten\u_core.\u_h0.$0$memwr$\mem$../spark_ram_asic.v:23$1200_EN[127:0]$1202 [0] $flatten\u_core.\u_h0.$0$memwr$\mem$../spark_ram_asic.v:23$1200_EN[127:0]$1202 [0] $flatten\u_core.\u_h0.$0$memwr$\mem$../spark_ram_asic.v:23$1200_EN[127:0]$1202 [0] $flatten\u_core.\u_h0.$0$memwr$\mem$../spark_ram_asic.v:23$1200_EN[127:0]$1202 [0] $flatten\u_core.\u_h0.$0$memwr$\mem$../spark_ram_asic.v:23$1200_EN[127:0]$1202 [0] $flatten\u_core.\u_h0.$0$memwr$\mem$../spark_ram_asic.v:23$1200_EN[127:0]$1202 [0] $flatten\u_core.\u_h0.$0$memwr$\mem$../spark_ram_asic.v:23$1200_EN[127:0]$1202 [0] $flatten\u_core.\u_h0.$0$memwr$\mem$../spark_ram_asic.v:23$1200_EN[127:0]$1202 [0] $flatten\u_core.\u_h0.$0$memwr$\mem$../spark_ram_asic.v:23$1200_EN[127:0]$1202 [0] $flatten\u_core.\u_h0.$0$memwr$\mem$../spark_ram_asic.v:23$1200_EN[127:0]$1202 [0] $flatten\u_core.\u_h0.$0$memwr$\mem$../spark_ram_asic.v:23$1200_EN[127:0]$1202 [0] $flatten\u_core.\u_h0.$0$memwr$\mem$../spark_ram_asic.v:23$1200_EN[127:0]$1202 [0] $flatten\u_core.\u_h0.$0$memwr$\mem$../spark_ram_asic.v:23$1200_EN[127:0]$1202 [0] $flatten\u_core.\u_h0.$0$memwr$\mem$../spark_ram_asic.v:23$1200_EN[127:0]$1202 [0] $flatten\u_core.\u_h0.$0$memwr$\mem$../spark_ram_asic.v:23$1200_EN[127:0]$1202 [0] $flatten\u_core.\u_h0.$0$memwr$\mem$../spark_ram_asic.v:23$1200_EN[127:0]$1202 [0] $flatten\u_core.\u_h0.$0$memwr$\mem$../spark_ram_asic.v:23$1200_EN[127:0]$1202 [0] $flatten\u_core.\u_h0.$0$memwr$\mem$../spark_ram_asic.v:23$1200_EN[127:0]$1202 [0] $flatten\u_core.\u_h0.$0$memwr$\mem$../spark_ram_asic.v:23$1200_EN[127:0]$1202 [0] $flatten\u_core.\u_h0.$0$memwr$\mem$../spark_ram_asic.v:23$1200_EN[127:0]$1202 [0] $flatten\u_core.\u_h0.$0$memwr$\mem$../spark_ram_asic.v:23$1200_EN[127:0]$1202 [0] $flatten\u_core.\u_h0.$0$memwr$\mem$../spark_ram_asic.v:23$1200_EN[127:0]$1202 [0] $flatten\u_core.\u_h0.$0$memwr$\mem$../spark_ram_asic.v:23$1200_EN[127:0]$1202 [0] $flatten\u_core.\u_h0.$0$memwr$\mem$../spark_ram_asic.v:23$1200_EN[127:0]$1202 [0] $flatten\u_core.\u_h0.$0$memwr$\mem$../spark_ram_asic.v:23$1200_EN[127:0]$1202 [0] $flatten\u_core.\u_h0.$0$memwr$\mem$../spark_ram_asic.v:23$1200_EN[127:0]$1202 [0] $flatten\u_core.\u_h0.$0$memwr$\mem$../spark_ram_asic.v:23$1200_EN[127:0]$1202 [0] $flatten\u_core.\u_h0.$0$memwr$\mem$../spark_ram_asic.v:23$1200_EN[127:0]$1202 [0] $flatten\u_core.\u_h0.$0$memwr$\mem$../spark_ram_asic.v:23$1200_EN[127:0]$1202 [0] $flatten\u_core.\u_h0.$0$memwr$\mem$../spark_ram_asic.v:23$1200_EN[127:0]$1202 [0] $flatten\u_core.\u_h0.$0$memwr$\mem$../spark_ram_asic.v:23$1200_EN[127:0]$1202 [0] $flatten\u_core.\u_h0.$0$memwr$\mem$../spark_ram_asic.v:23$1200_EN[127:0]$1202 [0] $flatten\u_core.\u_h0.$0$memwr$\mem$../spark_ram_asic.v:23$1200_EN[127:0]$1202 [0] $flatten\u_core.\u_h0.$0$memwr$\mem$../spark_ram_asic.v:23$1200_EN[127:0]$1202 [0] $flatten\u_core.\u_h0.$0$memwr$\mem$../spark_ram_asic.v:23$1200_EN[127:0]$1202 [0] $flatten\u_core.\u_h0.$0$memwr$\mem$../spark_ram_asic.v:23$1200_EN[127:0]$1202 [0] $flatten\u_core.\u_h0.$0$memwr$\mem$../spark_ram_asic.v:23$1200_EN[127:0]$1202 [0] $flatten\u_core.\u_h0.$0$memwr$\mem$../spark_ram_asic.v:23$1200_EN[127:0]$1202 [0] $flatten\u_core.\u_h0.$0$memwr$\mem$../spark_ram_asic.v:23$1200_EN[127:0]$1202 [0] $flatten\u_core.\u_h0.$0$memwr$\mem$../spark_ram_asic.v:23$1200_EN[127:0]$1202 [0] $flatten\u_core.\u_h0.$0$memwr$\mem$../spark_ram_asic.v:23$1200_EN[127:0]$1202 [0] $flatten\u_core.\u_h0.$0$memwr$\mem$../spark_ram_asic.v:23$1200_EN[127:0]$1202 [0] $flatten\u_core.\u_h0.$0$memwr$\mem$../spark_ram_asic.v:23$1200_EN[127:0]$1202 [0] $flatten\u_core.\u_h0.$0$memwr$\mem$../spark_ram_asic.v:23$1200_EN[127:0]$1202 [0] $flatten\u_core.\u_h0.$0$memwr$\mem$../spark_ram_asic.v:23$1200_EN[127:0]$1202 [0] }
    Consolidated identical input bits for $mux cell $flatten\u_core.\u_h1.$procmux$7111:
      Old ports: A=128'00000000000000000000000000000000000000000000000000000000000000000000000000000000000000000000000000000000000000000000000000000000, B=128'11111111111111111111111111111111111111111111111111111111111111111111111111111111111111111111111111111111111111111111111111111111, Y=$flatten\u_core.\u_h1.$0$memwr$\mem$../spark_ram_asic.v:23$1200_EN[127:0]$1202
      New ports: A=1'0, B=1'1, Y=$flatten\u_core.\u_h1.$0$memwr$\mem$../spark_ram_asic.v:23$1200_EN[127:0]$1202 [0]
      New connections: $flatten\u_core.\u_h1.$0$memwr$\mem$../spark_ram_asic.v:23$1200_EN[127:0]$1202 [127:1] = { $flatten\u_core.\u_h1.$0$memwr$\mem$../spark_ram_asic.v:23$1200_EN[127:0]$1202 [0] $flatten\u_core.\u_h1.$0$memwr$\mem$../spark_ram_asic.v:23$1200_EN[127:0]$1202 [0] $flatten\u_core.\u_h1.$0$memwr$\mem$../spark_ram_asic.v:23$1200_EN[127:0]$1202 [0] $flatten\u_core.\u_h1.$0$memwr$\mem$../spark_ram_asic.v:23$1200_EN[127:0]$1202 [0] $flatten\u_core.\u_h1.$0$memwr$\mem$../spark_ram_asic.v:23$1200_EN[127:0]$1202 [0] $flatten\u_core.\u_h1.$0$memwr$\mem$../spark_ram_asic.v:23$1200_EN[127:0]$1202 [0] $flatten\u_core.\u_h1.$0$memwr$\mem$../spark_ram_asic.v:23$1200_EN[127:0]$1202 [0] $flatten\u_core.\u_h1.$0$memwr$\mem$../spark_ram_asic.v:23$1200_EN[127:0]$1202 [0] $flatten\u_core.\u_h1.$0$memwr$\mem$../spark_ram_asic.v:23$1200_EN[127:0]$1202 [0] $flatten\u_core.\u_h1.$0$memwr$\mem$../spark_ram_asic.v:23$1200_EN[127:0]$1202 [0] $flatten\u_core.\u_h1.$0$memwr$\mem$../spark_ram_asic.v:23$1200_EN[127:0]$1202 [0] $flatten\u_core.\u_h1.$0$memwr$\mem$../spark_ram_asic.v:23$1200_EN[127:0]$1202 [0] $flatten\u_core.\u_h1.$0$memwr$\mem$../spark_ram_asic.v:23$1200_EN[127:0]$1202 [0] $flatten\u_core.\u_h1.$0$memwr$\mem$../spark_ram_asic.v:23$1200_EN[127:0]$1202 [0] $flatten\u_core.\u_h1.$0$memwr$\mem$../spark_ram_asic.v:23$1200_EN[127:0]$1202 [0] $flatten\u_core.\u_h1.$0$memwr$\mem$../spark_ram_asic.v:23$1200_EN[127:0]$1202 [0] $flatten\u_core.\u_h1.$0$memwr$\mem$../spark_ram_asic.v:23$1200_EN[127:0]$1202 [0] $flatten\u_core.\u_h1.$0$memwr$\mem$../spark_ram_asic.v:23$1200_EN[127:0]$1202 [0] $flatten\u_core.\u_h1.$0$memwr$\mem$../spark_ram_asic.v:23$1200_EN[127:0]$1202 [0] $flatten\u_core.\u_h1.$0$memwr$\mem$../spark_ram_asic.v:23$1200_EN[127:0]$1202 [0] $flatten\u_core.\u_h1.$0$memwr$\mem$../spark_ram_asic.v:23$1200_EN[127:0]$1202 [0] $flatten\u_core.\u_h1.$0$memwr$\mem$../spark_ram_asic.v:23$1200_EN[127:0]$1202 [0] $flatten\u_core.\u_h1.$0$memwr$\mem$../spark_ram_asic.v:23$1200_EN[127:0]$1202 [0] $flatten\u_core.\u_h1.$0$memwr$\mem$../spark_ram_asic.v:23$1200_EN[127:0]$1202 [0] $flatten\u_core.\u_h1.$0$memwr$\mem$../spark_ram_asic.v:23$1200_EN[127:0]$1202 [0] $flatten\u_core.\u_h1.$0$memwr$\mem$../spark_ram_asic.v:23$1200_EN[127:0]$1202 [0] $flatten\u_core.\u_h1.$0$memwr$\mem$../spark_ram_asic.v:23$1200_EN[127:0]$1202 [0] $flatten\u_core.\u_h1.$0$memwr$\mem$../spark_ram_asic.v:23$1200_EN[127:0]$1202 [0] $flatten\u_core.\u_h1.$0$memwr$\mem$../spark_ram_asic.v:23$1200_EN[127:0]$1202 [0] $flatten\u_core.\u_h1.$0$memwr$\mem$../spark_ram_asic.v:23$1200_EN[127:0]$1202 [0] $flatten\u_core.\u_h1.$0$memwr$\mem$../spark_ram_asic.v:23$1200_EN[127:0]$1202 [0] $flatten\u_core.\u_h1.$0$memwr$\mem$../spark_ram_asic.v:23$1200_EN[127:0]$1202 [0] $flatten\u_core.\u_h1.$0$memwr$\mem$../spark_ram_asic.v:23$1200_EN[127:0]$1202 [0] $flatten\u_core.\u_h1.$0$memwr$\mem$../spark_ram_asic.v:23$1200_EN[127:0]$1202 [0] $flatten\u_core.\u_h1.$0$memwr$\mem$../spark_ram_asic.v:23$1200_EN[127:0]$1202 [0] $flatten\u_core.\u_h1.$0$memwr$\mem$../spark_ram_asic.v:23$1200_EN[127:0]$1202 [0] $flatten\u_core.\u_h1.$0$memwr$\mem$../spark_ram_asic.v:23$1200_EN[127:0]$1202 [0] $flatten\u_core.\u_h1.$0$memwr$\mem$../spark_ram_asic.v:23$1200_EN[127:0]$1202 [0] $flatten\u_core.\u_h1.$0$memwr$\mem$../spark_ram_asic.v:23$1200_EN[127:0]$1202 [0] $flatten\u_core.\u_h1.$0$memwr$\mem$../spark_ram_asic.v:23$1200_EN[127:0]$1202 [0] $flatten\u_core.\u_h1.$0$memwr$\mem$../spark_ram_asic.v:23$1200_EN[127:0]$1202 [0] $flatten\u_core.\u_h1.$0$memwr$\mem$../spark_ram_asic.v:23$1200_EN[127:0]$1202 [0] $flatten\u_core.\u_h1.$0$memwr$\mem$../spark_ram_asic.v:23$1200_EN[127:0]$1202 [0] $flatten\u_core.\u_h1.$0$memwr$\mem$../spark_ram_asic.v:23$1200_EN[127:0]$1202 [0] $flatten\u_core.\u_h1.$0$memwr$\mem$../spark_ram_asic.v:23$1200_EN[127:0]$1202 [0] $flatten\u_core.\u_h1.$0$memwr$\mem$../spark_ram_asic.v:23$1200_EN[127:0]$1202 [0] $flatten\u_core.\u_h1.$0$memwr$\mem$../spark_ram_asic.v:23$1200_EN[127:0]$1202 [0] $flatten\u_core.\u_h1.$0$memwr$\mem$../spark_ram_asic.v:23$1200_EN[127:0]$1202 [0] $flatten\u_core.\u_h1.$0$memwr$\mem$../spark_ram_asic.v:23$1200_EN[127:0]$1202 [0] $flatten\u_core.\u_h1.$0$memwr$\mem$../spark_ram_asic.v:23$1200_EN[127:0]$1202 [0] $flatten\u_core.\u_h1.$0$memwr$\mem$../spark_ram_asic.v:23$1200_EN[127:0]$1202 [0] $flatten\u_core.\u_h1.$0$memwr$\mem$../spark_ram_asic.v:23$1200_EN[127:0]$1202 [0] $flatten\u_core.\u_h1.$0$memwr$\mem$../spark_ram_asic.v:23$1200_EN[127:0]$1202 [0] $flatten\u_core.\u_h1.$0$memwr$\mem$../spark_ram_asic.v:23$1200_EN[127:0]$1202 [0] $flatten\u_core.\u_h1.$0$memwr$\mem$../spark_ram_asic.v:23$1200_EN[127:0]$1202 [0] $flatten\u_core.\u_h1.$0$memwr$\mem$../spark_ram_asic.v:23$1200_EN[127:0]$1202 [0] $flatten\u_core.\u_h1.$0$memwr$\mem$../spark_ram_asic.v:23$1200_EN[127:0]$1202 [0] $flatten\u_core.\u_h1.$0$memwr$\mem$../spark_ram_asic.v:23$1200_EN[127:0]$1202 [0] $flatten\u_core.\u_h1.$0$memwr$\mem$../spark_ram_asic.v:23$1200_EN[127:0]$1202 [0] $flatten\u_core.\u_h1.$0$memwr$\mem$../spark_ram_asic.v:23$1200_EN[127:0]$1202 [0] $flatten\u_core.\u_h1.$0$memwr$\mem$../spark_ram_asic.v:23$1200_EN[127:0]$1202 [0] $flatten\u_core.\u_h1.$0$memwr$\mem$../spark_ram_asic.v:23$1200_EN[127:0]$1202 [0] $flatten\u_core.\u_h1.$0$memwr$\mem$../spark_ram_asic.v:23$1200_EN[127:0]$1202 [0] $flatten\u_core.\u_h1.$0$memwr$\mem$../spark_ram_asic.v:23$1200_EN[127:0]$1202 [0] $flatten\u_core.\u_h1.$0$memwr$\mem$../spark_ram_asic.v:23$1200_EN[127:0]$1202 [0] $flatten\u_core.\u_h1.$0$memwr$\mem$../spark_ram_asic.v:23$1200_EN[127:0]$1202 [0] $flatten\u_core.\u_h1.$0$memwr$\mem$../spark_ram_asic.v:23$1200_EN[127:0]$1202 [0] $flatten\u_core.\u_h1.$0$memwr$\mem$../spark_ram_asic.v:23$1200_EN[127:0]$1202 [0] $flatten\u_core.\u_h1.$0$memwr$\mem$../spark_ram_asic.v:23$1200_EN[127:0]$1202 [0] $flatten\u_core.\u_h1.$0$memwr$\mem$../spark_ram_asic.v:23$1200_EN[127:0]$1202 [0] $flatten\u_core.\u_h1.$0$memwr$\mem$../spark_ram_asic.v:23$1200_EN[127:0]$1202 [0] $flatten\u_core.\u_h1.$0$memwr$\mem$../spark_ram_asic.v:23$1200_EN[127:0]$1202 [0] $flatten\u_core.\u_h1.$0$memwr$\mem$../spark_ram_asic.v:23$1200_EN[127:0]$1202 [0] $flatten\u_core.\u_h1.$0$memwr$\mem$../spark_ram_asic.v:23$1200_EN[127:0]$1202 [0] $flatten\u_core.\u_h1.$0$memwr$\mem$../spark_ram_asic.v:23$1200_EN[127:0]$1202 [0] $flatten\u_core.\u_h1.$0$memwr$\mem$../spark_ram_asic.v:23$1200_EN[127:0]$1202 [0] $flatten\u_core.\u_h1.$0$memwr$\mem$../spark_ram_asic.v:23$1200_EN[127:0]$1202 [0] $flatten\u_core.\u_h1.$0$memwr$\mem$../spark_ram_asic.v:23$1200_EN[127:0]$1202 [0] $flatten\u_core.\u_h1.$0$memwr$\mem$../spark_ram_asic.v:23$1200_EN[127:0]$1202 [0] $flatten\u_core.\u_h1.$0$memwr$\mem$../spark_ram_asic.v:23$1200_EN[127:0]$1202 [0] $flatten\u_core.\u_h1.$0$memwr$\mem$../spark_ram_asic.v:23$1200_EN[127:0]$1202 [0] $flatten\u_core.\u_h1.$0$memwr$\mem$../spark_ram_asic.v:23$1200_EN[127:0]$1202 [0] $flatten\u_core.\u_h1.$0$memwr$\mem$../spark_ram_asic.v:23$1200_EN[127:0]$1202 [0] $flatten\u_core.\u_h1.$0$memwr$\mem$../spark_ram_asic.v:23$1200_EN[127:0]$1202 [0] $flatten\u_core.\u_h1.$0$memwr$\mem$../spark_ram_asic.v:23$1200_EN[127:0]$1202 [0] $flatten\u_core.\u_h1.$0$memwr$\mem$../spark_ram_asic.v:23$1200_EN[127:0]$1202 [0] $flatten\u_core.\u_h1.$0$memwr$\mem$../spark_ram_asic.v:23$1200_EN[127:0]$1202 [0] $flatten\u_core.\u_h1.$0$memwr$\mem$../spark_ram_asic.v:23$1200_EN[127:0]$1202 [0] $flatten\u_core.\u_h1.$0$memwr$\mem$../spark_ram_asic.v:23$1200_EN[127:0]$1202 [0] $flatten\u_core.\u_h1.$0$memwr$\mem$../spark_ram_asic.v:23$1200_EN[127:0]$1202 [0] $flatten\u_core.\u_h1.$0$memwr$\mem$../spark_ram_asic.v:23$1200_EN[127:0]$1202 [0] $flatten\u_core.\u_h1.$0$memwr$\mem$../spark_ram_asic.v:23$1200_EN[127:0]$1202 [0] $flatten\u_core.\u_h1.$0$memwr$\mem$../spark_ram_asic.v:23$1200_EN[127:0]$1202 [0] $flatten\u_core.\u_h1.$0$memwr$\mem$../spark_ram_asic.v:23$1200_EN[127:0]$1202 [0] $flatten\u_core.\u_h1.$0$memwr$\mem$../spark_ram_asic.v:23$1200_EN[127:0]$1202 [0] $flatten\u_core.\u_h1.$0$memwr$\mem$../spark_ram_asic.v:23$1200_EN[127:0]$1202 [0] $flatten\u_core.\u_h1.$0$memwr$\mem$../spark_ram_asic.v:23$1200_EN[127:0]$1202 [0] $flatten\u_core.\u_h1.$0$memwr$\mem$../spark_ram_asic.v:23$1200_EN[127:0]$1202 [0] $flatten\u_core.\u_h1.$0$memwr$\mem$../spark_ram_asic.v:23$1200_EN[127:0]$1202 [0] $flatten\u_core.\u_h1.$0$memwr$\mem$../spark_ram_asic.v:23$1200_EN[127:0]$1202 [0] $flatten\u_core.\u_h1.$0$memwr$\mem$../spark_ram_asic.v:23$1200_EN[127:0]$1202 [0] $flatten\u_core.\u_h1.$0$memwr$\mem$../spark_ram_asic.v:23$1200_EN[127:0]$1202 [0] $flatten\u_core.\u_h1.$0$memwr$\mem$../spark_ram_asic.v:23$1200_EN[127:0]$1202 [0] $flatten\u_core.\u_h1.$0$memwr$\mem$../spark_ram_asic.v:23$1200_EN[127:0]$1202 [0] $flatten\u_core.\u_h1.$0$memwr$\mem$../spark_ram_asic.v:23$1200_EN[127:0]$1202 [0] $flatten\u_core.\u_h1.$0$memwr$\mem$../spark_ram_asic.v:23$1200_EN[127:0]$1202 [0] $flatten\u_core.\u_h1.$0$memwr$\mem$../spark_ram_asic.v:23$1200_EN[127:0]$1202 [0] $flatten\u_core.\u_h1.$0$memwr$\mem$../spark_ram_asic.v:23$1200_EN[127:0]$1202 [0] $flatten\u_core.\u_h1.$0$memwr$\mem$../spark_ram_asic.v:23$1200_EN[127:0]$1202 [0] $flatten\u_core.\u_h1.$0$memwr$\mem$../spark_ram_asic.v:23$1200_EN[127:0]$1202 [0] $flatten\u_core.\u_h1.$0$memwr$\mem$../spark_ram_asic.v:23$1200_EN[127:0]$1202 [0] $flatten\u_core.\u_h1.$0$memwr$\mem$../spark_ram_asic.v:23$1200_EN[127:0]$1202 [0] $flatten\u_core.\u_h1.$0$memwr$\mem$../spark_ram_asic.v:23$1200_EN[127:0]$1202 [0] $flatten\u_core.\u_h1.$0$memwr$\mem$../spark_ram_asic.v:23$1200_EN[127:0]$1202 [0] $flatten\u_core.\u_h1.$0$memwr$\mem$../spark_ram_asic.v:23$1200_EN[127:0]$1202 [0] $flatten\u_core.\u_h1.$0$memwr$\mem$../spark_ram_asic.v:23$1200_EN[127:0]$1202 [0] $flatten\u_core.\u_h1.$0$memwr$\mem$../spark_ram_asic.v:23$1200_EN[127:0]$1202 [0] $flatten\u_core.\u_h1.$0$memwr$\mem$../spark_ram_asic.v:23$1200_EN[127:0]$1202 [0] $flatten\u_core.\u_h1.$0$memwr$\mem$../spark_ram_asic.v:23$1200_EN[127:0]$1202 [0] $flatten\u_core.\u_h1.$0$memwr$\mem$../spark_ram_asic.v:23$1200_EN[127:0]$1202 [0] $flatten\u_core.\u_h1.$0$memwr$\mem$../spark_ram_asic.v:23$1200_EN[127:0]$1202 [0] $flatten\u_core.\u_h1.$0$memwr$\mem$../spark_ram_asic.v:23$1200_EN[127:0]$1202 [0] $flatten\u_core.\u_h1.$0$memwr$\mem$../spark_ram_asic.v:23$1200_EN[127:0]$1202 [0] $flatten\u_core.\u_h1.$0$memwr$\mem$../spark_ram_asic.v:23$1200_EN[127:0]$1202 [0] $flatten\u_core.\u_h1.$0$memwr$\mem$../spark_ram_asic.v:23$1200_EN[127:0]$1202 [0] $flatten\u_core.\u_h1.$0$memwr$\mem$../spark_ram_asic.v:23$1200_EN[127:0]$1202 [0] $flatten\u_core.\u_h1.$0$memwr$\mem$../spark_ram_asic.v:23$1200_EN[127:0]$1202 [0] }
    Consolidated identical input bits for $mux cell $flatten\u_core.\u_s0.$procmux$7129:
      Old ports: A=0, B=32'11111111111111111111111111111111, Y=$flatten\u_core.\u_s0.$0$memwr$\mem$../spark_ram_asic.v:23$1180_EN[31:0]$1182
      New ports: A=1'0, B=1'1, Y=$flatten\u_core.\u_s0.$0$memwr$\mem$../spark_ram_asic.v:23$1180_EN[31:0]$1182 [0]
      New connections: $flatten\u_core.\u_s0.$0$memwr$\mem$../spark_ram_asic.v:23$1180_EN[31:0]$1182 [31:1] = { $flatten\u_core.\u_s0.$0$memwr$\mem$../spark_ram_asic.v:23$1180_EN[31:0]$1182 [0] $flatten\u_core.\u_s0.$0$memwr$\mem$../spark_ram_asic.v:23$1180_EN[31:0]$1182 [0] $flatten\u_core.\u_s0.$0$memwr$\mem$../spark_ram_asic.v:23$1180_EN[31:0]$1182 [0] $flatten\u_core.\u_s0.$0$memwr$\mem$../spark_ram_asic.v:23$1180_EN[31:0]$1182 [0] $flatten\u_core.\u_s0.$0$memwr$\mem$../spark_ram_asic.v:23$1180_EN[31:0]$1182 [0] $flatten\u_core.\u_s0.$0$memwr$\mem$../spark_ram_asic.v:23$1180_EN[31:0]$1182 [0] $flatten\u_core.\u_s0.$0$memwr$\mem$../spark_ram_asic.v:23$1180_EN[31:0]$1182 [0] $flatten\u_core.\u_s0.$0$memwr$\mem$../spark_ram_asic.v:23$1180_EN[31:0]$1182 [0] $flatten\u_core.\u_s0.$0$memwr$\mem$../spark_ram_asic.v:23$1180_EN[31:0]$1182 [0] $flatten\u_core.\u_s0.$0$memwr$\mem$../spark_ram_asic.v:23$1180_EN[31:0]$1182 [0] $flatten\u_core.\u_s0.$0$memwr$\mem$../spark_ram_asic.v:23$1180_EN[31:0]$1182 [0] $flatten\u_core.\u_s0.$0$memwr$\mem$../spark_ram_asic.v:23$1180_EN[31:0]$1182 [0] $flatten\u_core.\u_s0.$0$memwr$\mem$../spark_ram_asic.v:23$1180_EN[31:0]$1182 [0] $flatten\u_core.\u_s0.$0$memwr$\mem$../spark_ram_asic.v:23$1180_EN[31:0]$1182 [0] $flatten\u_core.\u_s0.$0$memwr$\mem$../spark_ram_asic.v:23$1180_EN[31:0]$1182 [0] $flatten\u_core.\u_s0.$0$memwr$\mem$../spark_ram_asic.v:23$1180_EN[31:0]$1182 [0] $flatten\u_core.\u_s0.$0$memwr$\mem$../spark_ram_asic.v:23$1180_EN[31:0]$1182 [0] $flatten\u_core.\u_s0.$0$memwr$\mem$../spark_ram_asic.v:23$1180_EN[31:0]$1182 [0] $flatten\u_core.\u_s0.$0$memwr$\mem$../spark_ram_asic.v:23$1180_EN[31:0]$1182 [0] $flatten\u_core.\u_s0.$0$memwr$\mem$../spark_ram_asic.v:23$1180_EN[31:0]$1182 [0] $flatten\u_core.\u_s0.$0$memwr$\mem$../spark_ram_asic.v:23$1180_EN[31:0]$1182 [0] $flatten\u_core.\u_s0.$0$memwr$\mem$../spark_ram_asic.v:23$1180_EN[31:0]$1182 [0] $flatten\u_core.\u_s0.$0$memwr$\mem$../spark_ram_asic.v:23$1180_EN[31:0]$1182 [0] $flatten\u_core.\u_s0.$0$memwr$\mem$../spark_ram_asic.v:23$1180_EN[31:0]$1182 [0] $flatten\u_core.\u_s0.$0$memwr$\mem$../spark_ram_asic.v:23$1180_EN[31:0]$1182 [0] $flatten\u_core.\u_s0.$0$memwr$\mem$../spark_ram_asic.v:23$1180_EN[31:0]$1182 [0] $flatten\u_core.\u_s0.$0$memwr$\mem$../spark_ram_asic.v:23$1180_EN[31:0]$1182 [0] $flatten\u_core.\u_s0.$0$memwr$\mem$../spark_ram_asic.v:23$1180_EN[31:0]$1182 [0] $flatten\u_core.\u_s0.$0$memwr$\mem$../spark_ram_asic.v:23$1180_EN[31:0]$1182 [0] $flatten\u_core.\u_s0.$0$memwr$\mem$../spark_ram_asic.v:23$1180_EN[31:0]$1182 [0] $flatten\u_core.\u_s0.$0$memwr$\mem$../spark_ram_asic.v:23$1180_EN[31:0]$1182 [0] }
    Consolidated identical input bits for $mux cell $flatten\u_core.\u_s1.$procmux$7129:
      Old ports: A=0, B=32'11111111111111111111111111111111, Y=$flatten\u_core.\u_s1.$0$memwr$\mem$../spark_ram_asic.v:23$1180_EN[31:0]$1182
      New ports: A=1'0, B=1'1, Y=$flatten\u_core.\u_s1.$0$memwr$\mem$../spark_ram_asic.v:23$1180_EN[31:0]$1182 [0]
      New connections: $flatten\u_core.\u_s1.$0$memwr$\mem$../spark_ram_asic.v:23$1180_EN[31:0]$1182 [31:1] = { $flatten\u_core.\u_s1.$0$memwr$\mem$../spark_ram_asic.v:23$1180_EN[31:0]$1182 [0] $flatten\u_core.\u_s1.$0$memwr$\mem$../spark_ram_asic.v:23$1180_EN[31:0]$1182 [0] $flatten\u_core.\u_s1.$0$memwr$\mem$../spark_ram_asic.v:23$1180_EN[31:0]$1182 [0] $flatten\u_core.\u_s1.$0$memwr$\mem$../spark_ram_asic.v:23$1180_EN[31:0]$1182 [0] $flatten\u_core.\u_s1.$0$memwr$\mem$../spark_ram_asic.v:23$1180_EN[31:0]$1182 [0] $flatten\u_core.\u_s1.$0$memwr$\mem$../spark_ram_asic.v:23$1180_EN[31:0]$1182 [0] $flatten\u_core.\u_s1.$0$memwr$\mem$../spark_ram_asic.v:23$1180_EN[31:0]$1182 [0] $flatten\u_core.\u_s1.$0$memwr$\mem$../spark_ram_asic.v:23$1180_EN[31:0]$1182 [0] $flatten\u_core.\u_s1.$0$memwr$\mem$../spark_ram_asic.v:23$1180_EN[31:0]$1182 [0] $flatten\u_core.\u_s1.$0$memwr$\mem$../spark_ram_asic.v:23$1180_EN[31:0]$1182 [0] $flatten\u_core.\u_s1.$0$memwr$\mem$../spark_ram_asic.v:23$1180_EN[31:0]$1182 [0] $flatten\u_core.\u_s1.$0$memwr$\mem$../spark_ram_asic.v:23$1180_EN[31:0]$1182 [0] $flatten\u_core.\u_s1.$0$memwr$\mem$../spark_ram_asic.v:23$1180_EN[31:0]$1182 [0] $flatten\u_core.\u_s1.$0$memwr$\mem$../spark_ram_asic.v:23$1180_EN[31:0]$1182 [0] $flatten\u_core.\u_s1.$0$memwr$\mem$../spark_ram_asic.v:23$1180_EN[31:0]$1182 [0] $flatten\u_core.\u_s1.$0$memwr$\mem$../spark_ram_asic.v:23$1180_EN[31:0]$1182 [0] $flatten\u_core.\u_s1.$0$memwr$\mem$../spark_ram_asic.v:23$1180_EN[31:0]$1182 [0] $flatten\u_core.\u_s1.$0$memwr$\mem$../spark_ram_asic.v:23$1180_EN[31:0]$1182 [0] $flatten\u_core.\u_s1.$0$memwr$\mem$../spark_ram_asic.v:23$1180_EN[31:0]$1182 [0] $flatten\u_core.\u_s1.$0$memwr$\mem$../spark_ram_asic.v:23$1180_EN[31:0]$1182 [0] $flatten\u_core.\u_s1.$0$memwr$\mem$../spark_ram_asic.v:23$1180_EN[31:0]$1182 [0] $flatten\u_core.\u_s1.$0$memwr$\mem$../spark_ram_asic.v:23$1180_EN[31:0]$1182 [0] $flatten\u_core.\u_s1.$0$memwr$\mem$../spark_ram_asic.v:23$1180_EN[31:0]$1182 [0] $flatten\u_core.\u_s1.$0$memwr$\mem$../spark_ram_asic.v:23$1180_EN[31:0]$1182 [0] $flatten\u_core.\u_s1.$0$memwr$\mem$../spark_ram_asic.v:23$1180_EN[31:0]$1182 [0] $flatten\u_core.\u_s1.$0$memwr$\mem$../spark_ram_asic.v:23$1180_EN[31:0]$1182 [0] $flatten\u_core.\u_s1.$0$memwr$\mem$../spark_ram_asic.v:23$1180_EN[31:0]$1182 [0] $flatten\u_core.\u_s1.$0$memwr$\mem$../spark_ram_asic.v:23$1180_EN[31:0]$1182 [0] $flatten\u_core.\u_s1.$0$memwr$\mem$../spark_ram_asic.v:23$1180_EN[31:0]$1182 [0] $flatten\u_core.\u_s1.$0$memwr$\mem$../spark_ram_asic.v:23$1180_EN[31:0]$1182 [0] $flatten\u_core.\u_s1.$0$memwr$\mem$../spark_ram_asic.v:23$1180_EN[31:0]$1182 [0] }
    Consolidated identical input bits for $mux cell $flatten\u_core.\u_sn0.$procmux$7120:
      Old ports: A=0, B=32'11111111111111111111111111111111, Y=$flatten\u_core.\u_sn0.$0$memwr$\mem$../spark_ram_asic.v:23$1190_EN[31:0]$1192
      New ports: A=1'0, B=1'1, Y=$flatten\u_core.\u_sn0.$0$memwr$\mem$../spark_ram_asic.v:23$1190_EN[31:0]$1192 [0]
      New connections: $flatten\u_core.\u_sn0.$0$memwr$\mem$../spark_ram_asic.v:23$1190_EN[31:0]$1192 [31:1] = { $flatten\u_core.\u_sn0.$0$memwr$\mem$../spark_ram_asic.v:23$1190_EN[31:0]$1192 [0] $flatten\u_core.\u_sn0.$0$memwr$\mem$../spark_ram_asic.v:23$1190_EN[31:0]$1192 [0] $flatten\u_core.\u_sn0.$0$memwr$\mem$../spark_ram_asic.v:23$1190_EN[31:0]$1192 [0] $flatten\u_core.\u_sn0.$0$memwr$\mem$../spark_ram_asic.v:23$1190_EN[31:0]$1192 [0] $flatten\u_core.\u_sn0.$0$memwr$\mem$../spark_ram_asic.v:23$1190_EN[31:0]$1192 [0] $flatten\u_core.\u_sn0.$0$memwr$\mem$../spark_ram_asic.v:23$1190_EN[31:0]$1192 [0] $flatten\u_core.\u_sn0.$0$memwr$\mem$../spark_ram_asic.v:23$1190_EN[31:0]$1192 [0] $flatten\u_core.\u_sn0.$0$memwr$\mem$../spark_ram_asic.v:23$1190_EN[31:0]$1192 [0] $flatten\u_core.\u_sn0.$0$memwr$\mem$../spark_ram_asic.v:23$1190_EN[31:0]$1192 [0] $flatten\u_core.\u_sn0.$0$memwr$\mem$../spark_ram_asic.v:23$1190_EN[31:0]$1192 [0] $flatten\u_core.\u_sn0.$0$memwr$\mem$../spark_ram_asic.v:23$1190_EN[31:0]$1192 [0] $flatten\u_core.\u_sn0.$0$memwr$\mem$../spark_ram_asic.v:23$1190_EN[31:0]$1192 [0] $flatten\u_core.\u_sn0.$0$memwr$\mem$../spark_ram_asic.v:23$1190_EN[31:0]$1192 [0] $flatten\u_core.\u_sn0.$0$memwr$\mem$../spark_ram_asic.v:23$1190_EN[31:0]$1192 [0] $flatten\u_core.\u_sn0.$0$memwr$\mem$../spark_ram_asic.v:23$1190_EN[31:0]$1192 [0] $flatten\u_core.\u_sn0.$0$memwr$\mem$../spark_ram_asic.v:23$1190_EN[31:0]$1192 [0] $flatten\u_core.\u_sn0.$0$memwr$\mem$../spark_ram_asic.v:23$1190_EN[31:0]$1192 [0] $flatten\u_core.\u_sn0.$0$memwr$\mem$../spark_ram_asic.v:23$1190_EN[31:0]$1192 [0] $flatten\u_core.\u_sn0.$0$memwr$\mem$../spark_ram_asic.v:23$1190_EN[31:0]$1192 [0] $flatten\u_core.\u_sn0.$0$memwr$\mem$../spark_ram_asic.v:23$1190_EN[31:0]$1192 [0] $flatten\u_core.\u_sn0.$0$memwr$\mem$../spark_ram_asic.v:23$1190_EN[31:0]$1192 [0] $flatten\u_core.\u_sn0.$0$memwr$\mem$../spark_ram_asic.v:23$1190_EN[31:0]$1192 [0] $flatten\u_core.\u_sn0.$0$memwr$\mem$../spark_ram_asic.v:23$1190_EN[31:0]$1192 [0] $flatten\u_core.\u_sn0.$0$memwr$\mem$../spark_ram_asic.v:23$1190_EN[31:0]$1192 [0] $flatten\u_core.\u_sn0.$0$memwr$\mem$../spark_ram_asic.v:23$1190_EN[31:0]$1192 [0] $flatten\u_core.\u_sn0.$0$memwr$\mem$../spark_ram_asic.v:23$1190_EN[31:0]$1192 [0] $flatten\u_core.\u_sn0.$0$memwr$\mem$../spark_ram_asic.v:23$1190_EN[31:0]$1192 [0] $flatten\u_core.\u_sn0.$0$memwr$\mem$../spark_ram_asic.v:23$1190_EN[31:0]$1192 [0] $flatten\u_core.\u_sn0.$0$memwr$\mem$../spark_ram_asic.v:23$1190_EN[31:0]$1192 [0] $flatten\u_core.\u_sn0.$0$memwr$\mem$../spark_ram_asic.v:23$1190_EN[31:0]$1192 [0] $flatten\u_core.\u_sn0.$0$memwr$\mem$../spark_ram_asic.v:23$1190_EN[31:0]$1192 [0] }
    Consolidated identical input bits for $mux cell $flatten\u_core.\u_sn1.$procmux$7129:
      Old ports: A=0, B=32'11111111111111111111111111111111, Y=$flatten\u_core.\u_sn1.$0$memwr$\mem$../spark_ram_asic.v:23$1180_EN[31:0]$1182
      New ports: A=1'0, B=1'1, Y=$flatten\u_core.\u_sn1.$0$memwr$\mem$../spark_ram_asic.v:23$1180_EN[31:0]$1182 [0]
      New connections: $flatten\u_core.\u_sn1.$0$memwr$\mem$../spark_ram_asic.v:23$1180_EN[31:0]$1182 [31:1] = { $flatten\u_core.\u_sn1.$0$memwr$\mem$../spark_ram_asic.v:23$1180_EN[31:0]$1182 [0] $flatten\u_core.\u_sn1.$0$memwr$\mem$../spark_ram_asic.v:23$1180_EN[31:0]$1182 [0] $flatten\u_core.\u_sn1.$0$memwr$\mem$../spark_ram_asic.v:23$1180_EN[31:0]$1182 [0] $flatten\u_core.\u_sn1.$0$memwr$\mem$../spark_ram_asic.v:23$1180_EN[31:0]$1182 [0] $flatten\u_core.\u_sn1.$0$memwr$\mem$../spark_ram_asic.v:23$1180_EN[31:0]$1182 [0] $flatten\u_core.\u_sn1.$0$memwr$\mem$../spark_ram_asic.v:23$1180_EN[31:0]$1182 [0] $flatten\u_core.\u_sn1.$0$memwr$\mem$../spark_ram_asic.v:23$1180_EN[31:0]$1182 [0] $flatten\u_core.\u_sn1.$0$memwr$\mem$../spark_ram_asic.v:23$1180_EN[31:0]$1182 [0] $flatten\u_core.\u_sn1.$0$memwr$\mem$../spark_ram_asic.v:23$1180_EN[31:0]$1182 [0] $flatten\u_core.\u_sn1.$0$memwr$\mem$../spark_ram_asic.v:23$1180_EN[31:0]$1182 [0] $flatten\u_core.\u_sn1.$0$memwr$\mem$../spark_ram_asic.v:23$1180_EN[31:0]$1182 [0] $flatten\u_core.\u_sn1.$0$memwr$\mem$../spark_ram_asic.v:23$1180_EN[31:0]$1182 [0] $flatten\u_core.\u_sn1.$0$memwr$\mem$../spark_ram_asic.v:23$1180_EN[31:0]$1182 [0] $flatten\u_core.\u_sn1.$0$memwr$\mem$../spark_ram_asic.v:23$1180_EN[31:0]$1182 [0] $flatten\u_core.\u_sn1.$0$memwr$\mem$../spark_ram_asic.v:23$1180_EN[31:0]$1182 [0] $flatten\u_core.\u_sn1.$0$memwr$\mem$../spark_ram_asic.v:23$1180_EN[31:0]$1182 [0] $flatten\u_core.\u_sn1.$0$memwr$\mem$../spark_ram_asic.v:23$1180_EN[31:0]$1182 [0] $flatten\u_core.\u_sn1.$0$memwr$\mem$../spark_ram_asic.v:23$1180_EN[31:0]$1182 [0] $flatten\u_core.\u_sn1.$0$memwr$\mem$../spark_ram_asic.v:23$1180_EN[31:0]$1182 [0] $flatten\u_core.\u_sn1.$0$memwr$\mem$../spark_ram_asic.v:23$1180_EN[31:0]$1182 [0] $flatten\u_core.\u_sn1.$0$memwr$\mem$../spark_ram_asic.v:23$1180_EN[31:0]$1182 [0] $flatten\u_core.\u_sn1.$0$memwr$\mem$../spark_ram_asic.v:23$1180_EN[31:0]$1182 [0] $flatten\u_core.\u_sn1.$0$memwr$\mem$../spark_ram_asic.v:23$1180_EN[31:0]$1182 [0] $flatten\u_core.\u_sn1.$0$memwr$\mem$../spark_ram_asic.v:23$1180_EN[31:0]$1182 [0] $flatten\u_core.\u_sn1.$0$memwr$\mem$../spark_ram_asic.v:23$1180_EN[31:0]$1182 [0] $flatten\u_core.\u_sn1.$0$memwr$\mem$../spark_ram_asic.v:23$1180_EN[31:0]$1182 [0] $flatten\u_core.\u_sn1.$0$memwr$\mem$../spark_ram_asic.v:23$1180_EN[31:0]$1182 [0] $flatten\u_core.\u_sn1.$0$memwr$\mem$../spark_ram_asic.v:23$1180_EN[31:0]$1182 [0] $flatten\u_core.\u_sn1.$0$memwr$\mem$../spark_ram_asic.v:23$1180_EN[31:0]$1182 [0] $flatten\u_core.\u_sn1.$0$memwr$\mem$../spark_ram_asic.v:23$1180_EN[31:0]$1182 [0] $flatten\u_core.\u_sn1.$0$memwr$\mem$../spark_ram_asic.v:23$1180_EN[31:0]$1182 [0] }
    Consolidated identical input bits for $mux cell $flatten\u_core.\u_sn2.$procmux$7129:
      Old ports: A=0, B=32'11111111111111111111111111111111, Y=$flatten\u_core.\u_sn2.$0$memwr$\mem$../spark_ram_asic.v:23$1180_EN[31:0]$1182
      New ports: A=1'0, B=1'1, Y=$flatten\u_core.\u_sn2.$0$memwr$\mem$../spark_ram_asic.v:23$1180_EN[31:0]$1182 [0]
      New connections: $flatten\u_core.\u_sn2.$0$memwr$\mem$../spark_ram_asic.v:23$1180_EN[31:0]$1182 [31:1] = { $flatten\u_core.\u_sn2.$0$memwr$\mem$../spark_ram_asic.v:23$1180_EN[31:0]$1182 [0] $flatten\u_core.\u_sn2.$0$memwr$\mem$../spark_ram_asic.v:23$1180_EN[31:0]$1182 [0] $flatten\u_core.\u_sn2.$0$memwr$\mem$../spark_ram_asic.v:23$1180_EN[31:0]$1182 [0] $flatten\u_core.\u_sn2.$0$memwr$\mem$../spark_ram_asic.v:23$1180_EN[31:0]$1182 [0] $flatten\u_core.\u_sn2.$0$memwr$\mem$../spark_ram_asic.v:23$1180_EN[31:0]$1182 [0] $flatten\u_core.\u_sn2.$0$memwr$\mem$../spark_ram_asic.v:23$1180_EN[31:0]$1182 [0] $flatten\u_core.\u_sn2.$0$memwr$\mem$../spark_ram_asic.v:23$1180_EN[31:0]$1182 [0] $flatten\u_core.\u_sn2.$0$memwr$\mem$../spark_ram_asic.v:23$1180_EN[31:0]$1182 [0] $flatten\u_core.\u_sn2.$0$memwr$\mem$../spark_ram_asic.v:23$1180_EN[31:0]$1182 [0] $flatten\u_core.\u_sn2.$0$memwr$\mem$../spark_ram_asic.v:23$1180_EN[31:0]$1182 [0] $flatten\u_core.\u_sn2.$0$memwr$\mem$../spark_ram_asic.v:23$1180_EN[31:0]$1182 [0] $flatten\u_core.\u_sn2.$0$memwr$\mem$../spark_ram_asic.v:23$1180_EN[31:0]$1182 [0] $flatten\u_core.\u_sn2.$0$memwr$\mem$../spark_ram_asic.v:23$1180_EN[31:0]$1182 [0] $flatten\u_core.\u_sn2.$0$memwr$\mem$../spark_ram_asic.v:23$1180_EN[31:0]$1182 [0] $flatten\u_core.\u_sn2.$0$memwr$\mem$../spark_ram_asic.v:23$1180_EN[31:0]$1182 [0] $flatten\u_core.\u_sn2.$0$memwr$\mem$../spark_ram_asic.v:23$1180_EN[31:0]$1182 [0] $flatten\u_core.\u_sn2.$0$memwr$\mem$../spark_ram_asic.v:23$1180_EN[31:0]$1182 [0] $flatten\u_core.\u_sn2.$0$memwr$\mem$../spark_ram_asic.v:23$1180_EN[31:0]$1182 [0] $flatten\u_core.\u_sn2.$0$memwr$\mem$../spark_ram_asic.v:23$1180_EN[31:0]$1182 [0] $flatten\u_core.\u_sn2.$0$memwr$\mem$../spark_ram_asic.v:23$1180_EN[31:0]$1182 [0] $flatten\u_core.\u_sn2.$0$memwr$\mem$../spark_ram_asic.v:23$1180_EN[31:0]$1182 [0] $flatten\u_core.\u_sn2.$0$memwr$\mem$../spark_ram_asic.v:23$1180_EN[31:0]$1182 [0] $flatten\u_core.\u_sn2.$0$memwr$\mem$../spark_ram_asic.v:23$1180_EN[31:0]$1182 [0] $flatten\u_core.\u_sn2.$0$memwr$\mem$../spark_ram_asic.v:23$1180_EN[31:0]$1182 [0] $flatten\u_core.\u_sn2.$0$memwr$\mem$../spark_ram_asic.v:23$1180_EN[31:0]$1182 [0] $flatten\u_core.\u_sn2.$0$memwr$\mem$../spark_ram_asic.v:23$1180_EN[31:0]$1182 [0] $flatten\u_core.\u_sn2.$0$memwr$\mem$../spark_ram_asic.v:23$1180_EN[31:0]$1182 [0] $flatten\u_core.\u_sn2.$0$memwr$\mem$../spark_ram_asic.v:23$1180_EN[31:0]$1182 [0] $flatten\u_core.\u_sn2.$0$memwr$\mem$../spark_ram_asic.v:23$1180_EN[31:0]$1182 [0] $flatten\u_core.\u_sn2.$0$memwr$\mem$../spark_ram_asic.v:23$1180_EN[31:0]$1182 [0] $flatten\u_core.\u_sn2.$0$memwr$\mem$../spark_ram_asic.v:23$1180_EN[31:0]$1182 [0] }
    Consolidated identical input bits for $mux cell $flatten\u_core.\u_sn3.$procmux$7129:
      Old ports: A=0, B=32'11111111111111111111111111111111, Y=$flatten\u_core.\u_sn3.$0$memwr$\mem$../spark_ram_asic.v:23$1180_EN[31:0]$1182
      New ports: A=1'0, B=1'1, Y=$flatten\u_core.\u_sn3.$0$memwr$\mem$../spark_ram_asic.v:23$1180_EN[31:0]$1182 [0]
      New connections: $flatten\u_core.\u_sn3.$0$memwr$\mem$../spark_ram_asic.v:23$1180_EN[31:0]$1182 [31:1] = { $flatten\u_core.\u_sn3.$0$memwr$\mem$../spark_ram_asic.v:23$1180_EN[31:0]$1182 [0] $flatten\u_core.\u_sn3.$0$memwr$\mem$../spark_ram_asic.v:23$1180_EN[31:0]$1182 [0] $flatten\u_core.\u_sn3.$0$memwr$\mem$../spark_ram_asic.v:23$1180_EN[31:0]$1182 [0] $flatten\u_core.\u_sn3.$0$memwr$\mem$../spark_ram_asic.v:23$1180_EN[31:0]$1182 [0] $flatten\u_core.\u_sn3.$0$memwr$\mem$../spark_ram_asic.v:23$1180_EN[31:0]$1182 [0] $flatten\u_core.\u_sn3.$0$memwr$\mem$../spark_ram_asic.v:23$1180_EN[31:0]$1182 [0] $flatten\u_core.\u_sn3.$0$memwr$\mem$../spark_ram_asic.v:23$1180_EN[31:0]$1182 [0] $flatten\u_core.\u_sn3.$0$memwr$\mem$../spark_ram_asic.v:23$1180_EN[31:0]$1182 [0] $flatten\u_core.\u_sn3.$0$memwr$\mem$../spark_ram_asic.v:23$1180_EN[31:0]$1182 [0] $flatten\u_core.\u_sn3.$0$memwr$\mem$../spark_ram_asic.v:23$1180_EN[31:0]$1182 [0] $flatten\u_core.\u_sn3.$0$memwr$\mem$../spark_ram_asic.v:23$1180_EN[31:0]$1182 [0] $flatten\u_core.\u_sn3.$0$memwr$\mem$../spark_ram_asic.v:23$1180_EN[31:0]$1182 [0] $flatten\u_core.\u_sn3.$0$memwr$\mem$../spark_ram_asic.v:23$1180_EN[31:0]$1182 [0] $flatten\u_core.\u_sn3.$0$memwr$\mem$../spark_ram_asic.v:23$1180_EN[31:0]$1182 [0] $flatten\u_core.\u_sn3.$0$memwr$\mem$../spark_ram_asic.v:23$1180_EN[31:0]$1182 [0] $flatten\u_core.\u_sn3.$0$memwr$\mem$../spark_ram_asic.v:23$1180_EN[31:0]$1182 [0] $flatten\u_core.\u_sn3.$0$memwr$\mem$../spark_ram_asic.v:23$1180_EN[31:0]$1182 [0] $flatten\u_core.\u_sn3.$0$memwr$\mem$../spark_ram_asic.v:23$1180_EN[31:0]$1182 [0] $flatten\u_core.\u_sn3.$0$memwr$\mem$../spark_ram_asic.v:23$1180_EN[31:0]$1182 [0] $flatten\u_core.\u_sn3.$0$memwr$\mem$../spark_ram_asic.v:23$1180_EN[31:0]$1182 [0] $flatten\u_core.\u_sn3.$0$memwr$\mem$../spark_ram_asic.v:23$1180_EN[31:0]$1182 [0] $flatten\u_core.\u_sn3.$0$memwr$\mem$../spark_ram_asic.v:23$1180_EN[31:0]$1182 [0] $flatten\u_core.\u_sn3.$0$memwr$\mem$../spark_ram_asic.v:23$1180_EN[31:0]$1182 [0] $flatten\u_core.\u_sn3.$0$memwr$\mem$../spark_ram_asic.v:23$1180_EN[31:0]$1182 [0] $flatten\u_core.\u_sn3.$0$memwr$\mem$../spark_ram_asic.v:23$1180_EN[31:0]$1182 [0] $flatten\u_core.\u_sn3.$0$memwr$\mem$../spark_ram_asic.v:23$1180_EN[31:0]$1182 [0] $flatten\u_core.\u_sn3.$0$memwr$\mem$../spark_ram_asic.v:23$1180_EN[31:0]$1182 [0] $flatten\u_core.\u_sn3.$0$memwr$\mem$../spark_ram_asic.v:23$1180_EN[31:0]$1182 [0] $flatten\u_core.\u_sn3.$0$memwr$\mem$../spark_ram_asic.v:23$1180_EN[31:0]$1182 [0] $flatten\u_core.\u_sn3.$0$memwr$\mem$../spark_ram_asic.v:23$1180_EN[31:0]$1182 [0] $flatten\u_core.\u_sn3.$0$memwr$\mem$../spark_ram_asic.v:23$1180_EN[31:0]$1182 [0] }
    Consolidated identical input bits for $mux cell $procmux$7352:
      Old ports: A=8'00000000, B=8'11111111, Y=$procmux$7352_Y
      New ports: A=1'0, B=1'1, Y=$procmux$7352_Y [0]
      New connections: $procmux$7352_Y [7:1] = { $procmux$7352_Y [0] $procmux$7352_Y [0] $procmux$7352_Y [0] $procmux$7352_Y [0] $procmux$7352_Y [0] $procmux$7352_Y [0] $procmux$7352_Y [0] }
    Consolidated identical input bits for $mux cell $procmux$7578:
      Old ports: A=8'00000000, B=8'11111111, Y=$procmux$7578_Y
      New ports: A=1'0, B=1'1, Y=$procmux$7578_Y [0]
      New connections: $procmux$7578_Y [7:1] = { $procmux$7578_Y [0] $procmux$7578_Y [0] $procmux$7578_Y [0] $procmux$7578_Y [0] $procmux$7578_Y [0] $procmux$7578_Y [0] $procmux$7578_Y [0] }
    New ctrl vector for $pmux cell $procmux$7998: $auto$opt_reduce.cc:134:opt_pmux$8679
    New ctrl vector for $pmux cell $procmux$8081: { $procmux$8085_CTRL $procmux$8084_CMP $auto$opt_reduce.cc:134:opt_pmux$8681 }
    New input vector for $reduce_or cell $auto$opt_reduce.cc:128:opt_pmux$8678: { $procmux$7946_CMP $procmux$7945_CMP }
    New input vector for $reduce_or cell $auto$opt_reduce.cc:128:opt_pmux$8680: { $procmux$7946_CMP $procmux$7945_CMP }
  Optimizing cells in module \spark_chip.
    Consolidated identical input bits for $mux cell $flatten\u_core.$procmux$2633:
      Old ports: A=$flatten\u_core.$5$memwr$\nzc$../../rtl/spark_core.v:451$1351_EN[15:0]$2100, B=16'0000000000000000, Y=$flatten\u_core.$procmux$2633_Y
      New ports: A=$flatten\u_core.$procmux$2374_Y [0], B=1'0, Y=$flatten\u_core.$procmux$2633_Y [0]
      New connections: $flatten\u_core.$procmux$2633_Y [15:1] = { $flatten\u_core.$procmux$2633_Y [0] $flatten\u_core.$procmux$2633_Y [0] $flatten\u_core.$procmux$2633_Y [0] $flatten\u_core.$procmux$2633_Y [0] $flatten\u_core.$procmux$2633_Y [0] $flatten\u_core.$procmux$2633_Y [0] $flatten\u_core.$procmux$2633_Y [0] $flatten\u_core.$procmux$2633_Y [0] $flatten\u_core.$procmux$2633_Y [0] $flatten\u_core.$procmux$2633_Y [0] $flatten\u_core.$procmux$2633_Y [0] $flatten\u_core.$procmux$2633_Y [0] $flatten\u_core.$procmux$2633_Y [0] $flatten\u_core.$procmux$2633_Y [0] $flatten\u_core.$procmux$2633_Y [0] }
    Consolidated identical input bits for $mux cell $flatten\u_core.$procmux$3546:
      Old ports: A=16'0000000000000000, B=$flatten\u_core.$3$memwr$\nzc$../../rtl/spark_core.v:382$1348_EN[15:0]$1978, Y=$flatten\u_core.$procmux$3546_Y
      New ports: A=1'0, B=$flatten\u_core.$procmux$3326_Y [0], Y=$flatten\u_core.$procmux$3546_Y [0]
      New connections: $flatten\u_core.$procmux$3546_Y [15:1] = { $flatten\u_core.$procmux$3546_Y [0] $flatten\u_core.$procmux$3546_Y [0] $flatten\u_core.$procmux$3546_Y [0] $flatten\u_core.$procmux$3546_Y [0] $flatten\u_core.$procmux$3546_Y [0] $flatten\u_core.$procmux$3546_Y [0] $flatten\u_core.$procmux$3546_Y [0] $flatten\u_core.$procmux$3546_Y [0] $flatten\u_core.$procmux$3546_Y [0] $flatten\u_core.$procmux$3546_Y [0] $flatten\u_core.$procmux$3546_Y [0] $flatten\u_core.$procmux$3546_Y [0] $flatten\u_core.$procmux$3546_Y [0] $flatten\u_core.$procmux$3546_Y [0] $flatten\u_core.$procmux$3546_Y [0] }
    Consolidated identical input bits for $mux cell $flatten\u_core.$procmux$3596:
      Old ports: A=16'0000000000000000, B=$flatten\u_core.$3$memwr$\nzc$../../rtl/spark_core.v:382$1346_EN[15:0]$1976, Y=$flatten\u_core.$procmux$3596_Y
      New ports: A=1'0, B=$flatten\u_core.$procmux$3382_Y [0], Y=$flatten\u_core.$procmux$3596_Y [0]
      New connections: $flatten\u_core.$procmux$3596_Y [15:1] = { $flatten\u_core.$procmux$3596_Y [0] $flatten\u_core.$procmux$3596_Y [0] $flatten\u_core.$procmux$3596_Y [0] $flatten\u_core.$procmux$3596_Y [0] $flatten\u_core.$procmux$3596_Y [0] $flatten\u_core.$procmux$3596_Y [0] $flatten\u_core.$procmux$3596_Y [0] $flatten\u_core.$procmux$3596_Y [0] $flatten\u_core.$procmux$3596_Y [0] $flatten\u_core.$procmux$3596_Y [0] $flatten\u_core.$procmux$3596_Y [0] $flatten\u_core.$procmux$3596_Y [0] $flatten\u_core.$procmux$3596_Y [0] $flatten\u_core.$procmux$3596_Y [0] $flatten\u_core.$procmux$3596_Y [0] }
    Consolidated identical input bits for $mux cell $flatten\u_core.$procmux$3646:
      Old ports: A=16'0000000000000000, B=$flatten\u_core.$3$memwr$\nzc$../../rtl/spark_core.v:382$1344_EN[15:0]$1974, Y=$flatten\u_core.$procmux$3646_Y
      New ports: A=1'0, B=$flatten\u_core.$procmux$3438_Y [0], Y=$flatten\u_core.$procmux$3646_Y [0]
      New connections: $flatten\u_core.$procmux$3646_Y [15:1] = { $flatten\u_core.$procmux$3646_Y [0] $flatten\u_core.$procmux$3646_Y [0] $flatten\u_core.$procmux$3646_Y [0] $flatten\u_core.$procmux$3646_Y [0] $flatten\u_core.$procmux$3646_Y [0] $flatten\u_core.$procmux$3646_Y [0] $flatten\u_core.$procmux$3646_Y [0] $flatten\u_core.$procmux$3646_Y [0] $flatten\u_core.$procmux$3646_Y [0] $flatten\u_core.$procmux$3646_Y [0] $flatten\u_core.$procmux$3646_Y [0] $flatten\u_core.$procmux$3646_Y [0] $flatten\u_core.$procmux$3646_Y [0] $flatten\u_core.$procmux$3646_Y [0] $flatten\u_core.$procmux$3646_Y [0] }
    Consolidated identical input bits for $mux cell $flatten\u_core.$procmux$3696:
      Old ports: A=16'0000000000000000, B=$flatten\u_core.$3$memwr$\nzc$../../rtl/spark_core.v:382$1342_EN[15:0]$1972, Y=$flatten\u_core.$procmux$3696_Y
      New ports: A=1'0, B=$flatten\u_core.$procmux$3494_Y [0], Y=$flatten\u_core.$procmux$3696_Y [0]
      New connections: $flatten\u_core.$procmux$3696_Y [15:1] = { $flatten\u_core.$procmux$3696_Y [0] $flatten\u_core.$procmux$3696_Y [0] $flatten\u_core.$procmux$3696_Y [0] $flatten\u_core.$procmux$3696_Y [0] $flatten\u_core.$procmux$3696_Y [0] $flatten\u_core.$procmux$3696_Y [0] $flatten\u_core.$procmux$3696_Y [0] $flatten\u_core.$procmux$3696_Y [0] $flatten\u_core.$procmux$3696_Y [0] $flatten\u_core.$procmux$3696_Y [0] $flatten\u_core.$procmux$3696_Y [0] $flatten\u_core.$procmux$3696_Y [0] $flatten\u_core.$procmux$3696_Y [0] $flatten\u_core.$procmux$3696_Y [0] $flatten\u_core.$procmux$3696_Y [0] }
    Consolidated identical input bits for $mux cell $procmux$7638:
      Old ports: A=8'00000000, B=$3$memwr$\cfgb$../../rtl/spark_chip.v:97$1058_EN[7:0]$1151, Y=$procmux$7638_Y
      New ports: A=1'0, B=$procmux$7352_Y [0], Y=$procmux$7638_Y [0]
      New connections: $procmux$7638_Y [7:1] = { $procmux$7638_Y [0] $procmux$7638_Y [0] $procmux$7638_Y [0] $procmux$7638_Y [0] $procmux$7638_Y [0] $procmux$7638_Y [0] $procmux$7638_Y [0] }
    Consolidated identical input bits for $mux cell $procmux$7735:
      Old ports: A=8'00000000, B=$3$memwr$\cfgb$../../rtl/spark_chip.v:87$1051_EN[7:0]$1122, Y=$procmux$7735_Y
      New ports: A=1'0, B=$procmux$7578_Y [0], Y=$procmux$7735_Y [0]
      New connections: $procmux$7735_Y [7:1] = { $procmux$7735_Y [0] $procmux$7735_Y [0] $procmux$7735_Y [0] $procmux$7735_Y [0] $procmux$7735_Y [0] $procmux$7735_Y [0] $procmux$7735_Y [0] }
  Optimizing cells in module \spark_chip.
    Consolidated identical input bits for $mux cell $flatten\u_core.$procmux$2987:
      Old ports: A=$flatten\u_core.$4$memwr$\nzc$../../rtl/spark_core.v:451$1351_EN[15:0]$2059, B=16'0000000000000000, Y=$flatten\u_core.$procmux$2987_Y
      New ports: A=$flatten\u_core.$procmux$2633_Y [0], B=1'0, Y=$flatten\u_core.$procmux$2987_Y [0]
      New connections: $flatten\u_core.$procmux$2987_Y [15:1] = { $flatten\u_core.$procmux$2987_Y [0] $flatten\u_core.$procmux$2987_Y [0] $flatten\u_core.$procmux$2987_Y [0] $flatten\u_core.$procmux$2987_Y [0] $flatten\u_core.$procmux$2987_Y [0] $flatten\u_core.$procmux$2987_Y [0] $flatten\u_core.$procmux$2987_Y [0] $flatten\u_core.$procmux$2987_Y [0] $flatten\u_core.$procmux$2987_Y [0] $flatten\u_core.$procmux$2987_Y [0] $flatten\u_core.$procmux$2987_Y [0] $flatten\u_core.$procmux$2987_Y [0] $flatten\u_core.$procmux$2987_Y [0] $flatten\u_core.$procmux$2987_Y [0] $flatten\u_core.$procmux$2987_Y [0] }
    Consolidated identical input bits for $mux cell $flatten\u_core.$procmux$4112:
      Old ports: A=$flatten\u_core.$2$memwr$\nzc$../../rtl/spark_core.v:382$1348_EN[15:0]$1957, B=16'0000000000000000, Y=$flatten\u_core.$0$memwr$\nzc$../../rtl/spark_core.v:382$1348_EN[15:0]$1883
      New ports: A=$flatten\u_core.$procmux$3546_Y [0], B=1'0, Y=$flatten\u_core.$0$memwr$\nzc$../../rtl/spark_core.v:382$1348_EN[15:0]$1883 [0]
      New connections: $flatten\u_core.$0$memwr$\nzc$../../rtl/spark_core.v:382$1348_EN[15:0]$1883 [15:1] = { $flatten\u_core.$0$memwr$\nzc$../../rtl/spark_core.v:382$1348_EN[15:0]$1883 [0] $flatten\u_core.$0$memwr$\nzc$../../rtl/spark_core.v:382$1348_EN[15:0]$1883 [0] $flatten\u_core.$0$memwr$\nzc$../../rtl/spark_core.v:382$1348_EN[15:0]$1883 [0] $flatten\u_core.$0$memwr$\nzc$../../rtl/spark_core.v:382$1348_EN[15:0]$1883 [0] $flatten\u_core.$0$memwr$\nzc$../../rtl/spark_core.v:382$1348_EN[15:0]$1883 [0] $flatten\u_core.$0$memwr$\nzc$../../rtl/spark_core.v:382$1348_EN[15:0]$1883 [0] $flatten\u_core.$0$memwr$\nzc$../../rtl/spark_core.v:382$1348_EN[15:0]$1883 [0] $flatten\u_core.$0$memwr$\nzc$../../rtl/spark_core.v:382$1348_EN[15:0]$1883 [0] $flatten\u_core.$0$memwr$\nzc$../../rtl/spark_core.v:382$1348_EN[15:0]$1883 [0] $flatten\u_core.$0$memwr$\nzc$../../rtl/spark_core.v:382$1348_EN[15:0]$1883 [0] $flatten\u_core.$0$memwr$\nzc$../../rtl/spark_core.v:382$1348_EN[15:0]$1883 [0] $flatten\u_core.$0$memwr$\nzc$../../rtl/spark_core.v:382$1348_EN[15:0]$1883 [0] $flatten\u_core.$0$memwr$\nzc$../../rtl/spark_core.v:382$1348_EN[15:0]$1883 [0] $flatten\u_core.$0$memwr$\nzc$../../rtl/spark_core.v:382$1348_EN[15:0]$1883 [0] $flatten\u_core.$0$memwr$\nzc$../../rtl/spark_core.v:382$1348_EN[15:0]$1883 [0] }
    Consolidated identical input bits for $mux cell $flatten\u_core.$procmux$4118:
      Old ports: A=$flatten\u_core.$2$memwr$\nzc$../../rtl/spark_core.v:382$1346_EN[15:0]$1955, B=16'0000000000000000, Y=$flatten\u_core.$0$memwr$\nzc$../../rtl/spark_core.v:382$1346_EN[15:0]$1881
      New ports: A=$flatten\u_core.$procmux$3596_Y [0], B=1'0, Y=$flatten\u_core.$0$memwr$\nzc$../../rtl/spark_core.v:382$1346_EN[15:0]$1881 [0]
      New connections: $flatten\u_core.$0$memwr$\nzc$../../rtl/spark_core.v:382$1346_EN[15:0]$1881 [15:1] = { $flatten\u_core.$0$memwr$\nzc$../../rtl/spark_core.v:382$1346_EN[15:0]$1881 [0] $flatten\u_core.$0$memwr$\nzc$../../rtl/spark_core.v:382$1346_EN[15:0]$1881 [0] $flatten\u_core.$0$memwr$\nzc$../../rtl/spark_core.v:382$1346_EN[15:0]$1881 [0] $flatten\u_core.$0$memwr$\nzc$../../rtl/spark_core.v:382$1346_EN[15:0]$1881 [0] $flatten\u_core.$0$memwr$\nzc$../../rtl/spark_core.v:382$1346_EN[15:0]$1881 [0] $flatten\u_core.$0$memwr$\nzc$../../rtl/spark_core.v:382$1346_EN[15:0]$1881 [0] $flatten\u_core.$0$memwr$\nzc$../../rtl/spark_core.v:382$1346_EN[15:0]$1881 [0] $flatten\u_core.$0$memwr$\nzc$../../rtl/spark_core.v:382$1346_EN[15:0]$1881 [0] $flatten\u_core.$0$memwr$\nzc$../../rtl/spark_core.v:382$1346_EN[15:0]$1881 [0] $flatten\u_core.$0$memwr$\nzc$../../rtl/spark_core.v:382$1346_EN[15:0]$1881 [0] $flatten\u_core.$0$memwr$\nzc$../../rtl/spark_core.v:382$1346_EN[15:0]$1881 [0] $flatten\u_core.$0$memwr$\nzc$../../rtl/spark_core.v:382$1346_EN[15:0]$1881 [0] $flatten\u_core.$0$memwr$\nzc$../../rtl/spark_core.v:382$1346_EN[15:0]$1881 [0] $flatten\u_core.$0$memwr$\nzc$../../rtl/spark_core.v:382$1346_EN[15:0]$1881 [0] $flatten\u_core.$0$memwr$\nzc$../../rtl/spark_core.v:382$1346_EN[15:0]$1881 [0] }
    Consolidated identical input bits for $mux cell $flatten\u_core.$procmux$4124:
      Old ports: A=$flatten\u_core.$2$memwr$\nzc$../../rtl/spark_core.v:382$1344_EN[15:0]$1953, B=16'0000000000000000, Y=$flatten\u_core.$0$memwr$\nzc$../../rtl/spark_core.v:382$1344_EN[15:0]$1879
      New ports: A=$flatten\u_core.$procmux$3646_Y [0], B=1'0, Y=$flatten\u_core.$0$memwr$\nzc$../../rtl/spark_core.v:382$1344_EN[15:0]$1879 [0]
      New connections: $flatten\u_core.$0$memwr$\nzc$../../rtl/spark_core.v:382$1344_EN[15:0]$1879 [15:1] = { $flatten\u_core.$0$memwr$\nzc$../../rtl/spark_core.v:382$1344_EN[15:0]$1879 [0] $flatten\u_core.$0$memwr$\nzc$../../rtl/spark_core.v:382$1344_EN[15:0]$1879 [0] $flatten\u_core.$0$memwr$\nzc$../../rtl/spark_core.v:382$1344_EN[15:0]$1879 [0] $flatten\u_core.$0$memwr$\nzc$../../rtl/spark_core.v:382$1344_EN[15:0]$1879 [0] $flatten\u_core.$0$memwr$\nzc$../../rtl/spark_core.v:382$1344_EN[15:0]$1879 [0] $flatten\u_core.$0$memwr$\nzc$../../rtl/spark_core.v:382$1344_EN[15:0]$1879 [0] $flatten\u_core.$0$memwr$\nzc$../../rtl/spark_core.v:382$1344_EN[15:0]$1879 [0] $flatten\u_core.$0$memwr$\nzc$../../rtl/spark_core.v:382$1344_EN[15:0]$1879 [0] $flatten\u_core.$0$memwr$\nzc$../../rtl/spark_core.v:382$1344_EN[15:0]$1879 [0] $flatten\u_core.$0$memwr$\nzc$../../rtl/spark_core.v:382$1344_EN[15:0]$1879 [0] $flatten\u_core.$0$memwr$\nzc$../../rtl/spark_core.v:382$1344_EN[15:0]$1879 [0] $flatten\u_core.$0$memwr$\nzc$../../rtl/spark_core.v:382$1344_EN[15:0]$1879 [0] $flatten\u_core.$0$memwr$\nzc$../../rtl/spark_core.v:382$1344_EN[15:0]$1879 [0] $flatten\u_core.$0$memwr$\nzc$../../rtl/spark_core.v:382$1344_EN[15:0]$1879 [0] $flatten\u_core.$0$memwr$\nzc$../../rtl/spark_core.v:382$1344_EN[15:0]$1879 [0] }
    Consolidated identical input bits for $mux cell $flatten\u_core.$procmux$4130:
      Old ports: A=$flatten\u_core.$2$memwr$\nzc$../../rtl/spark_core.v:382$1342_EN[15:0]$1951, B=16'0000000000000000, Y=$flatten\u_core.$0$memwr$\nzc$../../rtl/spark_core.v:382$1342_EN[15:0]$1877
      New ports: A=$flatten\u_core.$procmux$3696_Y [0], B=1'0, Y=$flatten\u_core.$0$memwr$\nzc$../../rtl/spark_core.v:382$1342_EN[15:0]$1877 [0]
      New connections: $flatten\u_core.$0$memwr$\nzc$../../rtl/spark_core.v:382$1342_EN[15:0]$1877 [15:1] = { $flatten\u_core.$0$memwr$\nzc$../../rtl/spark_core.v:382$1342_EN[15:0]$1877 [0] $flatten\u_core.$0$memwr$\nzc$../../rtl/spark_core.v:382$1342_EN[15:0]$1877 [0] $flatten\u_core.$0$memwr$\nzc$../../rtl/spark_core.v:382$1342_EN[15:0]$1877 [0] $flatten\u_core.$0$memwr$\nzc$../../rtl/spark_core.v:382$1342_EN[15:0]$1877 [0] $flatten\u_core.$0$memwr$\nzc$../../rtl/spark_core.v:382$1342_EN[15:0]$1877 [0] $flatten\u_core.$0$memwr$\nzc$../../rtl/spark_core.v:382$1342_EN[15:0]$1877 [0] $flatten\u_core.$0$memwr$\nzc$../../rtl/spark_core.v:382$1342_EN[15:0]$1877 [0] $flatten\u_core.$0$memwr$\nzc$../../rtl/spark_core.v:382$1342_EN[15:0]$1877 [0] $flatten\u_core.$0$memwr$\nzc$../../rtl/spark_core.v:382$1342_EN[15:0]$1877 [0] $flatten\u_core.$0$memwr$\nzc$../../rtl/spark_core.v:382$1342_EN[15:0]$1877 [0] $flatten\u_core.$0$memwr$\nzc$../../rtl/spark_core.v:382$1342_EN[15:0]$1877 [0] $flatten\u_core.$0$memwr$\nzc$../../rtl/spark_core.v:382$1342_EN[15:0]$1877 [0] $flatten\u_core.$0$memwr$\nzc$../../rtl/spark_core.v:382$1342_EN[15:0]$1877 [0] $flatten\u_core.$0$memwr$\nzc$../../rtl/spark_core.v:382$1342_EN[15:0]$1877 [0] $flatten\u_core.$0$memwr$\nzc$../../rtl/spark_core.v:382$1342_EN[15:0]$1877 [0] }
    Consolidated identical input bits for $mux cell $procmux$7781:
      Old ports: A=$2$memwr$\cfgb$../../rtl/spark_chip.v:97$1058_EN[7:0]$1115, B=8'00000000, Y=$0$memwr$\cfgb$../../rtl/spark_chip.v:97$1058_EN[7:0]$1083
      New ports: A=$procmux$7638_Y [0], B=1'0, Y=$0$memwr$\cfgb$../../rtl/spark_chip.v:97$1058_EN[7:0]$1083 [0]
      New connections: $0$memwr$\cfgb$../../rtl/spark_chip.v:97$1058_EN[7:0]$1083 [7:1] = { $0$memwr$\cfgb$../../rtl/spark_chip.v:97$1058_EN[7:0]$1083 [0] $0$memwr$\cfgb$../../rtl/spark_chip.v:97$1058_EN[7:0]$1083 [0] $0$memwr$\cfgb$../../rtl/spark_chip.v:97$1058_EN[7:0]$1083 [0] $0$memwr$\cfgb$../../rtl/spark_chip.v:97$1058_EN[7:0]$1083 [0] $0$memwr$\cfgb$../../rtl/spark_chip.v:97$1058_EN[7:0]$1083 [0] $0$memwr$\cfgb$../../rtl/spark_chip.v:97$1058_EN[7:0]$1083 [0] $0$memwr$\cfgb$../../rtl/spark_chip.v:97$1058_EN[7:0]$1083 [0] }
    Consolidated identical input bits for $mux cell $procmux$7808:
      Old ports: A=$2$memwr$\cfgb$../../rtl/spark_chip.v:87$1051_EN[7:0]$1106, B=8'00000000, Y=$0$memwr$\cfgb$../../rtl/spark_chip.v:87$1051_EN[7:0]$1074
      New ports: A=$procmux$7735_Y [0], B=1'0, Y=$0$memwr$\cfgb$../../rtl/spark_chip.v:87$1051_EN[7:0]$1074 [0]
      New connections: $0$memwr$\cfgb$../../rtl/spark_chip.v:87$1051_EN[7:0]$1074 [7:1] = { $0$memwr$\cfgb$../../rtl/spark_chip.v:87$1051_EN[7:0]$1074 [0] $0$memwr$\cfgb$../../rtl/spark_chip.v:87$1051_EN[7:0]$1074 [0] $0$memwr$\cfgb$../../rtl/spark_chip.v:87$1051_EN[7:0]$1074 [0] $0$memwr$\cfgb$../../rtl/spark_chip.v:87$1051_EN[7:0]$1074 [0] $0$memwr$\cfgb$../../rtl/spark_chip.v:87$1051_EN[7:0]$1074 [0] $0$memwr$\cfgb$../../rtl/spark_chip.v:87$1051_EN[7:0]$1074 [0] $0$memwr$\cfgb$../../rtl/spark_chip.v:87$1051_EN[7:0]$1074 [0] }
  Optimizing cells in module \spark_chip.
    Consolidated identical input bits for $mux cell $flatten\u_core.$procmux$3783:
      Old ports: A=16'0000000000000000, B=$flatten\u_core.$3$memwr$\nzc$../../rtl/spark_core.v:451$1351_EN[15:0]$2036, Y=$flatten\u_core.$procmux$3783_Y
      New ports: A=1'0, B=$flatten\u_core.$procmux$2987_Y [0], Y=$flatten\u_core.$procmux$3783_Y [0]
      New connections: $flatten\u_core.$procmux$3783_Y [15:1] = { $flatten\u_core.$procmux$3783_Y [0] $flatten\u_core.$procmux$3783_Y [0] $flatten\u_core.$procmux$3783_Y [0] $flatten\u_core.$procmux$3783_Y [0] $flatten\u_core.$procmux$3783_Y [0] $flatten\u_core.$procmux$3783_Y [0] $flatten\u_core.$procmux$3783_Y [0] $flatten\u_core.$procmux$3783_Y [0] $flatten\u_core.$procmux$3783_Y [0] $flatten\u_core.$procmux$3783_Y [0] $flatten\u_core.$procmux$3783_Y [0] $flatten\u_core.$procmux$3783_Y [0] $flatten\u_core.$procmux$3783_Y [0] $flatten\u_core.$procmux$3783_Y [0] $flatten\u_core.$procmux$3783_Y [0] }
  Optimizing cells in module \spark_chip.
    Consolidated identical input bits for $mux cell $flatten\u_core.$procmux$4091:
      Old ports: A=$flatten\u_core.$2$memwr$\nzc$../../rtl/spark_core.v:451$1351_EN[15:0]$1964, B=16'0000000000000000, Y=$flatten\u_core.$0$memwr$\nzc$../../rtl/spark_core.v:451$1351_EN[15:0]$1890
      New ports: A=$flatten\u_core.$procmux$3783_Y [0], B=1'0, Y=$flatten\u_core.$0$memwr$\nzc$../../rtl/spark_core.v:451$1351_EN[15:0]$1890 [0]
      New connections: $flatten\u_core.$0$memwr$\nzc$../../rtl/spark_core.v:451$1351_EN[15:0]$1890 [15:1] = { $flatten\u_core.$0$memwr$\nzc$../../rtl/spark_core.v:451$1351_EN[15:0]$1890 [0] $flatten\u_core.$0$memwr$\nzc$../../rtl/spark_core.v:451$1351_EN[15:0]$1890 [0] $flatten\u_core.$0$memwr$\nzc$../../rtl/spark_core.v:451$1351_EN[15:0]$1890 [0] $flatten\u_core.$0$memwr$\nzc$../../rtl/spark_core.v:451$1351_EN[15:0]$1890 [0] $flatten\u_core.$0$memwr$\nzc$../../rtl/spark_core.v:451$1351_EN[15:0]$1890 [0] $flatten\u_core.$0$memwr$\nzc$../../rtl/spark_core.v:451$1351_EN[15:0]$1890 [0] $flatten\u_core.$0$memwr$\nzc$../../rtl/spark_core.v:451$1351_EN[15:0]$1890 [0] $flatten\u_core.$0$memwr$\nzc$../../rtl/spark_core.v:451$1351_EN[15:0]$1890 [0] $flatten\u_core.$0$memwr$\nzc$../../rtl/spark_core.v:451$1351_EN[15:0]$1890 [0] $flatten\u_core.$0$memwr$\nzc$../../rtl/spark_core.v:451$1351_EN[15:0]$1890 [0] $flatten\u_core.$0$memwr$\nzc$../../rtl/spark_core.v:451$1351_EN[15:0]$1890 [0] $flatten\u_core.$0$memwr$\nzc$../../rtl/spark_core.v:451$1351_EN[15:0]$1890 [0] $flatten\u_core.$0$memwr$\nzc$../../rtl/spark_core.v:451$1351_EN[15:0]$1890 [0] $flatten\u_core.$0$memwr$\nzc$../../rtl/spark_core.v:451$1351_EN[15:0]$1890 [0] $flatten\u_core.$0$memwr$\nzc$../../rtl/spark_core.v:451$1351_EN[15:0]$1890 [0] }
  Optimizing cells in module \spark_chip.
Performed a total of 95 changes.

10.7.5. Executing OPT_MERGE pass (detect identical cells).
Finding identical cells in module `\spark_chip'.
<suppressed ~429 debug messages>
Removed a total of 143 cells.

10.7.6. Executing OPT_DFF pass (perform DFF optimizations).

10.7.7. Executing OPT_CLEAN pass (remove unused cells and wires).
Finding unused cells or wires in module \spark_chip..
Removed 0 unused cells and 1053 unused wires.
<suppressed ~1 debug messages>

10.7.8. Executing OPT_EXPR pass (perform const folding).
Optimizing module spark_chip.

10.7.9. Rerunning OPT passes. (Maybe there is more to do..)

10.7.10. Executing OPT_MUXTREE pass (detect dead branches in mux trees).
Running muxtree optimizer on module \spark_chip..
  Creating internal representation of mux trees.
  Evaluating internal representation of mux trees.
  Analyzing evaluation results.
Removed 0 multiplexer ports.
<suppressed ~205 debug messages>

10.7.11. Executing OPT_REDUCE pass (consolidate $*mux and $reduce_* inputs).
  Optimizing cells in module \spark_chip.
    New ctrl vector for $pmux cell $flatten\u_core.$procmux$4277: { $auto$opt_reduce.cc:134:opt_pmux$8683 $auto$opt_reduce.cc:134:opt_pmux$8673 }
    New ctrl vector for $pmux cell $flatten\u_rx.$procmux$7185: { $flatten\u_rx.$procmux$7197_CMP $flatten\u_rx.$procmux$7168_CMP $auto$opt_reduce.cc:134:opt_pmux$8685 }
  Optimizing cells in module \spark_chip.
Performed a total of 2 changes.

10.7.12. Executing OPT_MERGE pass (detect identical cells).
Finding identical cells in module `\spark_chip'.
Removed a total of 0 cells.

10.7.13. Executing OPT_DFF pass (perform DFF optimizations).

10.7.14. Executing OPT_CLEAN pass (remove unused cells and wires).
Finding unused cells or wires in module \spark_chip..

10.7.15. Executing OPT_EXPR pass (perform const folding).
Optimizing module spark_chip.

10.7.16. Rerunning OPT passes. (Maybe there is more to do..)

10.7.17. Executing OPT_MUXTREE pass (detect dead branches in mux trees).
Running muxtree optimizer on module \spark_chip..
  Creating internal representation of mux trees.
  Evaluating internal representation of mux trees.
  Analyzing evaluation results.
Removed 0 multiplexer ports.
<suppressed ~205 debug messages>

10.7.18. Executing OPT_REDUCE pass (consolidate $*mux and $reduce_* inputs).
  Optimizing cells in module \spark_chip.
Performed a total of 0 changes.

10.7.19. Executing OPT_MERGE pass (detect identical cells).
Finding identical cells in module `\spark_chip'.
Removed a total of 0 cells.

10.7.20. Executing OPT_DFF pass (perform DFF optimizations).

10.7.21. Executing OPT_CLEAN pass (remove unused cells and wires).
Finding unused cells or wires in module \spark_chip..

10.7.22. Executing OPT_EXPR pass (perform const folding).
Optimizing module spark_chip.

10.7.23. Finished OPT passes. (There is nothing left to do.)

10.8. Executing FSM pass (extract and optimize FSM).

10.8.1. Executing FSM_DETECT pass (finding FSMs in design).
Not marking spark_chip.rlen as FSM state register:
    Users of register don't seem to benefit from recoding.
Found FSM state register spark_chip.state.
Not marking spark_chip.u_core.path as FSM state register:
    Users of register don't seem to benefit from recoding.
Not marking spark_chip.u_core.state as FSM state register:
    Users of register don't seem to benefit from recoding.
Not marking spark_chip.u_core.stg as FSM state register:
    Users of register don't seem to benefit from recoding.
Not marking spark_chip.u_rx.state as FSM state register:
    Register has an initialization value.

10.8.2. Executing FSM_EXTRACT pass (extracting FSM from design).
Extracting FSM `\state' from module `\spark_chip'.
  found $dff cell for state register: $procdff$8521
  root of input selection tree: $0\state[2:0]
  found reset state: 3'000 (guessed from mux tree)
  found ctrl input: \rs [1]
  found ctrl input: $procmux$7242_CMP
  found ctrl input: $eq$../../rtl/spark_chip.v:121$1178_Y
  found ctrl input: $eq$../../rtl/spark_chip.v:121$1177_Y
  found ctrl input: $procmux$8066_CMP
  found ctrl input: $procmux$7355_CMP
  found ctrl input: $procmux$7581_CMP
  found ctrl input: $procmux$7949_CMP
  found state code: 3'000
  found ctrl input: $logic_and$../../rtl/spark_chip.v:112$1169_Y
  found ctrl input: $eq$../../rtl/spark_chip.v:113$1172_Y
  found ctrl input: \u_core.done
  found state code: 3'101
  found state code: 3'100
  found ctrl input: \u_rx.valid
  found state code: 3'011
  found ctrl input: $eq$../../rtl/spark_chip.v:98$1155_Y
  found ctrl input: $eq$../../rtl/spark_chip.v:88$1130_Y
  found ctrl input: $auto$opt_reduce.cc:134:opt_pmux$8679
  found ctrl input: $procmux$8084_CMP
  found ctrl input: $procmux$8085_CTRL
  found state code: 3'010
  found ctrl input: $eq$../../rtl/spark_chip.v:79$1118_Y
  found state code: 3'110
  found state code: 3'001
  found ctrl output: $eq$../../rtl/spark_chip.v:121$1177_Y
  found ctrl output: $eq$../../rtl/spark_chip.v:121$1178_Y
  found ctrl output: $procmux$7242_CMP
  found ctrl output: $procmux$7355_CMP
  found ctrl output: $procmux$7581_CMP
  found ctrl output: $procmux$7949_CMP
  found ctrl output: $procmux$8066_CMP
  ctrl inputs: { \u_rx.valid $auto$opt_reduce.cc:134:opt_pmux$8679 \u_core.done $procmux$8085_CTRL $procmux$8084_CMP $eq$../../rtl/spark_chip.v:113$1172_Y $logic_and$../../rtl/spark_chip.v:112$1169_Y $eq$../../rtl/spark_chip.v:98$1155_Y $eq$../../rtl/spark_chip.v:88$1130_Y $eq$../../rtl/spark_chip.v:79$1118_Y \rs [1] }
  ctrl outputs: { $procmux$8066_CMP $procmux$7949_CMP $procmux$7581_CMP $procmux$7355_CMP $procmux$7242_CMP $eq$../../rtl/spark_chip.v:121$1178_Y $eq$../../rtl/spark_chip.v:121$1177_Y $0\state[2:0] }
  transition:      3'000 11'0---------0 ->      3'000 10'0100000000
  transition:      3'000 11'10-00-----0 ->      3'000 10'0100000000
  transition:      3'000 11'1--1-----00 ->      3'110 10'0100000110
  transition:      3'000 11'1--1-----10 ->      3'001 10'0100000001
  transition:      3'000 11'1---1-----0 ->      3'010 10'0100000010
  transition:      3'000 11'11--------0 ->      3'101 10'0100000101
  transition:      3'000 11'----------1 ->      3'000 10'0100000000
  transition:      3'100 11'--0-------0 ->      3'100 10'0000010100
  transition:      3'100 11'--1-------0 ->      3'101 10'0000010101
  transition:      3'100 11'----------1 ->      3'000 10'0000010000
  transition:      3'010 11'0---------0 ->      3'010 10'1000000010
  transition:      3'010 11'1---------0 ->      3'011 10'1000000011
  transition:      3'010 11'----------1 ->      3'000 10'1000000000
  transition:      3'110 11'0---------0 ->      3'110 10'0001000110
  transition:      3'110 11'1------0--0 ->      3'110 10'0001000110
  transition:      3'110 11'1------1--0 ->      3'101 10'0001000101
  transition:      3'110 11'----------1 ->      3'000 10'0001000000
  transition:      3'001 11'0---------0 ->      3'001 10'0010000001
  transition:      3'001 11'1-------0-0 ->      3'001 10'0010000001
  transition:      3'001 11'1-------1-0 ->      3'101 10'0010000101
  transition:      3'001 11'----------1 ->      3'000 10'0010000000
  transition:      3'101 11'------0---0 ->      3'101 10'0000100101
  transition:      3'101 11'-----01---0 ->      3'101 10'0000100101
  transition:      3'101 11'-----11---0 ->      3'000 10'0000100000
  transition:      3'101 11'----------1 ->      3'000 10'0000100000
  transition:      3'011 11'----------0 ->      3'100 10'0000001100
  transition:      3'011 11'----------1 ->      3'000 10'0000001000

10.8.3. Executing FSM_OPT pass (simple optimizations of FSMs).
Optimizing FSM `$fsm$\state$8686' from module `\spark_chip'.

10.8.4. Executing OPT_CLEAN pass (remove unused cells and wires).
Finding unused cells or wires in module \spark_chip..
Removed 21 unused cells and 21 unused wires.
<suppressed ~22 debug messages>

10.8.5. Executing FSM_OPT pass (simple optimizations of FSMs).
Optimizing FSM `$fsm$\state$8686' from module `\spark_chip'.
  Removing unused output signal $0\state[2:0] [0].
  Removing unused output signal $0\state[2:0] [1].
  Removing unused output signal $0\state[2:0] [2].

10.8.6. Executing FSM_RECODE pass (re-assigning FSM state encoding).
Recoding FSM `$fsm$\state$8686' from module `\spark_chip' using `auto' encoding:
  mapping auto encoding to `one-hot` for this FSM.
  000 -> ------1
  100 -> -----1-
  010 -> ----1--
  110 -> ---1---
  001 -> --1----
  101 -> -1-----
  011 -> 1------

10.8.7. Executing FSM_INFO pass (dumping all available information on FSM cells).

FSM `$fsm$\state$8686' from module `spark_chip':
-------------------------------------

  Information on FSM $fsm$\state$8686 (\state):

  Number of input signals:   11
  Number of output signals:   7
  Number of state bits:       7

  Input signals:
    0: \rs [1]
    1: $eq$../../rtl/spark_chip.v:79$1118_Y
    2: $eq$../../rtl/spark_chip.v:88$1130_Y
    3: $eq$../../rtl/spark_chip.v:98$1155_Y
    4: $logic_and$../../rtl/spark_chip.v:112$1169_Y
    5: $eq$../../rtl/spark_chip.v:113$1172_Y
    6: $procmux$8084_CMP
    7: $procmux$8085_CTRL
    8: \u_core.done
    9: $auto$opt_reduce.cc:134:opt_pmux$8679
   10: \u_rx.valid

  Output signals:
    0: $eq$../../rtl/spark_chip.v:121$1177_Y
    1: $eq$../../rtl/spark_chip.v:121$1178_Y
    2: $procmux$7242_CMP
    3: $procmux$7355_CMP
    4: $procmux$7581_CMP
    5: $procmux$7949_CMP
    6: $procmux$8066_CMP

  State encoding:
    0:  7'------1  <RESET STATE>
    1:  7'-----1-
    2:  7'----1--
    3:  7'---1---
    4:  7'--1----
    5:  7'-1-----
    6:  7'1------

  Transition Table (state_in, ctrl_in, state_out, ctrl_out):
      0:     0 11'10-00-----0   ->     0 7'0100000
      1:     0 11'0---------0   ->     0 7'0100000
      2:     0 11'----------1   ->     0 7'0100000
      3:     0 11'1---1-----0   ->     2 7'0100000
      4:     0 11'1--1-----00   ->     3 7'0100000
      5:     0 11'1--1-----10   ->     4 7'0100000
      6:     0 11'11--------0   ->     5 7'0100000
      7:     1 11'----------1   ->     0 7'0000010
      8:     1 11'--0-------0   ->     1 7'0000010
      9:     1 11'--1-------0   ->     5 7'0000010
     10:     2 11'----------1   ->     0 7'1000000
     11:     2 11'0---------0   ->     2 7'1000000
     12:     2 11'1---------0   ->     6 7'1000000
     13:     3 11'----------1   ->     0 7'0001000
     14:     3 11'1------0--0   ->     3 7'0001000
     15:     3 11'0---------0   ->     3 7'0001000
     16:     3 11'1------1--0   ->     5 7'0001000
     17:     4 11'----------1   ->     0 7'0010000
     18:     4 11'1-------0-0   ->     4 7'0010000
     19:     4 11'0---------0   ->     4 7'0010000
     20:     4 11'1-------1-0   ->     5 7'0010000
     21:     5 11'-----11---0   ->     0 7'0000100
     22:     5 11'----------1   ->     0 7'0000100
     23:     5 11'------0---0   ->     5 7'0000100
     24:     5 11'-----01---0   ->     5 7'0000100
     25:     6 11'----------1   ->     0 7'0000001
     26:     6 11'----------0   ->     1 7'0000001

-------------------------------------

10.8.8. Executing FSM_MAP pass (mapping FSMs to basic logic).
Mapping FSM `$fsm$\state$8686' from module `\spark_chip'.

10.9. Executing OPT pass (performing simple optimizations).

10.9.1. Executing OPT_EXPR pass (perform const folding).
Optimizing module spark_chip.
<suppressed ~8 debug messages>

10.9.2. Executing OPT_MERGE pass (detect identical cells).
Finding identical cells in module `\spark_chip'.
<suppressed ~9 debug messages>
Removed a total of 3 cells.

10.9.3. Executing OPT_MUXTREE pass (detect dead branches in mux trees).
Running muxtree optimizer on module \spark_chip..
  Creating internal representation of mux trees.
  Evaluating internal representation of mux trees.
  Analyzing evaluation results.
Removed 0 multiplexer ports.
<suppressed ~204 debug messages>

10.9.4. Executing OPT_REDUCE pass (consolidate $*mux and $reduce_* inputs).
  Optimizing cells in module \spark_chip.
Performed a total of 0 changes.

10.9.5. Executing OPT_MERGE pass (detect identical cells).
Finding identical cells in module `\spark_chip'.
Removed a total of 0 cells.

10.9.6. Executing OPT_DFF pass (perform DFF optimizations).
Adding EN signal on $procdff$8535 ($dff) from module spark_chip (D = \chk, Q = \rbuf[6]).
Adding EN signal on $procdff$8534 ($dff) from module spark_chip (D = \u_core.tok_cycles [31:24], Q = \rbuf[5]).
Adding EN signal on $procdff$8533 ($dff) from module spark_chip (D = \u_core.tok_cycles [23:16], Q = \rbuf[4]).
Adding EN signal on $procdff$8532 ($dff) from module spark_chip (D = \u_core.tok_cycles [15:8], Q = \rbuf[3]).
Adding EN signal on $procdff$8531 ($dff) from module spark_chip (D = \u_core.tok_cycles [7:0], Q = \rbuf[2]).
Adding EN signal on $procdff$8530 ($dff) from module spark_chip (D = { 6'000000 \u_core.path }, Q = \rbuf[1]).
Adding EN signal on $procdff$8529 ($dff) from module spark_chip (D = $procmux$7928_Y, Q = \rbuf[0]).
Adding SRST signal on $procdff$8527 ($dff) from module spark_chip (D = $procmux$7957_Y, Q = \tok_t, rval = 1'0).
Adding EN signal on $auto$ff.cc:266:slice$8838 ($sdff) from module spark_chip (D = $not$../../rtl/spark_chip.v:107$1164_Y, Q = \tok_t).
Adding SRST signal on $procdff$8526 ($dff) from module spark_chip (D = $procmux$7973_Y, Q = \marker, rval = 1'0).
Adding EN signal on $auto$ff.cc:266:slice$8842 ($sdff) from module spark_chip (D = \u_rx.data [0], Q = \marker).
Adding SRST signal on $procdff$8525 ($dff) from module spark_chip (D = $procmux$7982_Y, Q = \rlen, rval = 4'0000).
Adding EN signal on $auto$ff.cc:266:slice$8846 ($sdff) from module spark_chip (D = $procmux$7982_Y, Q = \rlen).
Adding SRST signal on $procdff$8524 ($dff) from module spark_chip (D = $procmux$8014_Y, Q = \cnt, rval = 4'0000).
Adding EN signal on $auto$ff.cc:266:slice$8866 ($sdff) from module spark_chip (D = $procmux$8014_Y, Q = \cnt).
Adding SRST signal on $procdff$8523 ($dff) from module spark_chip (D = $procmux$7841_Y, Q = \tx_send, rval = 1'0).
Adding SRST signal on $procdff$8522 ($dff) from module spark_chip (D = $procmux$8046_Y, Q = \tx_data, rval = 8'00000000).
Adding EN signal on $auto$ff.cc:266:slice$8891 ($sdff) from module spark_chip (D = $5$mem2reg_rd$\rbuf$../../rtl/spark_chip.v:114$1050_DATA[7:0]$1175, Q = \tx_data).
Adding SRST signal on $procdff$8520 ($dff) from module spark_chip (D = $procmux$8103_Y, Q = \ld_data, rval = 0).
Adding EN signal on $auto$ff.cc:266:slice$8897 ($sdff) from module spark_chip (D = { \u_rx.data $memrd$\cfgb$../../rtl/spark_chip.v:100$1163_DATA $memrd$\cfgb$../../rtl/spark_chip.v:100$1162_DATA $memrd$\cfgb$../../rtl/spark_chip.v:100$1161_DATA }, Q = \ld_data).
Adding SRST signal on $procdff$8519 ($dff) from module spark_chip (D = $procmux$8119_Y, Q = \ld_addr, rval = 12'000000000000).
Adding EN signal on $auto$ff.cc:266:slice$8901 ($sdff) from module spark_chip (D = { $memrd$\cfgb$../../rtl/spark_chip.v:91$1144_DATA [3:0] $memrd$\cfgb$../../rtl/spark_chip.v:91$1143_DATA }, Q = \ld_addr).
Adding SRST signal on $procdff$8518 ($dff) from module spark_chip (D = $procmux$8135_Y, Q = \ld_sel, rval = 3'000).
Adding EN signal on $auto$ff.cc:266:slice$8905 ($sdff) from module spark_chip (D = $memrd$\cfgb$../../rtl/spark_chip.v:89$1137_DATA [2:0], Q = \ld_sel).
Adding SRST signal on $procdff$8517 ($dff) from module spark_chip (D = $procmux$7829_Y, Q = \ld_we, rval = 1'0).
Adding SRST signal on $procdff$8516 ($dff) from module spark_chip (D = $procmux$8152_Y, Q = \thr_en, rval = 1'1).
Adding EN signal on $auto$ff.cc:266:slice$8916 ($sdff) from module spark_chip (D = $memrd$\cfgb$../../rtl/spark_chip.v:89$1137_DATA [5], Q = \thr_en).
Adding SRST signal on $procdff$8515 ($dff) from module spark_chip (D = $procmux$8169_Y, Q = \adapt_en, rval = 1'0).
Adding EN signal on $auto$ff.cc:266:slice$8920 ($sdff) from module spark_chip (D = $memrd$\cfgb$../../rtl/spark_chip.v:89$1137_DATA [4], Q = \adapt_en).
Adding SRST signal on $procdff$8514 ($dff) from module spark_chip (D = $procmux$8186_Y, Q = \arb_th, rval = 16'0000000001000000).
Adding EN signal on $auto$ff.cc:266:slice$8924 ($sdff) from module spark_chip (D = { 8'00000000 \u_rx.data [7:4] 4'0000 }, Q = \arb_th).
Adding SRST signal on $procdff$8513 ($dff) from module spark_chip (D = $procmux$8203_Y, Q = \recall_mode, rval = 2'00).
Adding EN signal on $auto$ff.cc:266:slice$8928 ($sdff) from module spark_chip (D = \u_rx.data [3:2], Q = \recall_mode).
Adding SRST signal on $procdff$8512 ($dff) from module spark_chip (D = $procmux$8220_Y, Q = \conf_th, rval = 2'01).
Adding EN signal on $auto$ff.cc:266:slice$8932 ($sdff) from module spark_chip (D = \u_rx.data [1:0], Q = \conf_th).
Adding SRST signal on $procdff$8511 ($dff) from module spark_chip (D = $procmux$8237_Y, Q = \exit_th, rval = 64).
Adding EN signal on $auto$ff.cc:266:slice$8936 ($sdff) from module spark_chip (D = { $memrd$\cfgb$../../rtl/spark_chip.v:91$1148_DATA $memrd$\cfgb$../../rtl/spark_chip.v:100$1163_DATA $memrd$\cfgb$../../rtl/spark_chip.v:100$1162_DATA $memrd$\cfgb$../../rtl/spark_chip.v:100$1161_DATA }, Q = \exit_th).
Adding SRST signal on $procdff$8510 ($dff) from module spark_chip (D = $procmux$8254_Y, Q = \cap, rval = 16'0000000000000000).
Adding EN signal on $auto$ff.cc:266:slice$8940 ($sdff) from module spark_chip (D = { $memrd$\cfgb$../../rtl/spark_chip.v:91$1144_DATA $memrd$\cfgb$../../rtl/spark_chip.v:91$1143_DATA }, Q = \cap).
Adding SRST signal on $procdff$8509 ($dff) from module spark_chip (D = $procmux$8271_Y, Q = \recall_en, rval = 1'0).
Adding EN signal on $auto$ff.cc:266:slice$8944 ($sdff) from module spark_chip (D = $memrd$\cfgb$../../rtl/spark_chip.v:89$1137_DATA [3], Q = \recall_en).
Adding SRST signal on $procdff$8508 ($dff) from module spark_chip (D = $procmux$8288_Y, Q = \exit_en, rval = 1'0).
Adding EN signal on $auto$ff.cc:266:slice$8948 ($sdff) from module spark_chip (D = $memrd$\cfgb$../../rtl/spark_chip.v:89$1137_DATA [2], Q = \exit_en).
Adding SRST signal on $procdff$8507 ($dff) from module spark_chip (D = $procmux$8305_Y, Q = \delta_en, rval = 1'0).
Adding EN signal on $auto$ff.cc:266:slice$8952 ($sdff) from module spark_chip (D = $memrd$\cfgb$../../rtl/spark_chip.v:89$1137_DATA [1], Q = \delta_en).
Adding SRST signal on $procdff$8506 ($dff) from module spark_chip (D = $procmux$8322_Y, Q = \sparse_en, rval = 1'1).
Adding EN signal on $auto$ff.cc:266:slice$8956 ($sdff) from module spark_chip (D = $memrd$\cfgb$../../rtl/spark_chip.v:89$1137_DATA [0], Q = \sparse_en).
Adding SRST signal on $procdff$8505 ($dff) from module spark_chip (D = $procmux$8333_Y, Q = \in_byte, rval = 8'00000000).
Adding EN signal on $auto$ff.cc:266:slice$8960 ($sdff) from module spark_chip (D = \u_rx.data, Q = \in_byte).
Adding SRST signal on $procdff$8504 ($dff) from module spark_chip (D = $procmux$7865_Y, Q = \start, rval = 1'0).
Adding SRST signal on $flatten\u_tx.$procdff$8465 ($dff) from module spark_chip (D = $flatten\u_tx.$procmux$7025_Y, Q = \u_tx.act, rval = 1'0).
Adding EN signal on $flatten\u_tx.$procdff$8464 ($dff) from module spark_chip (D = $flatten\u_tx.$procmux$7039_Y, Q = \u_tx.sh).
Adding SRST signal on $flatten\u_tx.$procdff$8463 ($dff) from module spark_chip (D = $flatten\u_tx.$procmux$7053_Y, Q = \u_tx.bitn, rval = 4'0000).
Adding EN signal on $auto$ff.cc:266:slice$8977 ($sdff) from module spark_chip (D = $flatten\u_tx.$procmux$7053_Y, Q = \u_tx.bitn).
Adding SRST signal on $flatten\u_tx.$procdff$8462 ($dff) from module spark_chip (D = $flatten\u_tx.$procmux$7067_Y, Q = \u_tx.tx, rval = 1'1).
Adding EN signal on $auto$ff.cc:266:slice$8987 ($sdff) from module spark_chip (D = $flatten\u_tx.$procmux$7067_Y, Q = \u_tx.tx).
Adding SRST signal on $flatten\u_tx.$procdff$8461 ($dff) from module spark_chip (D = $flatten\u_tx.$procmux$7078_Y, Q = \u_tx.cnt, rval = 16'0000000000000000).
Adding EN signal on $auto$ff.cc:266:slice$8991 ($sdff) from module spark_chip (D = $flatten\u_tx.$procmux$7078_Y, Q = \u_tx.cnt).
Adding EN signal on $flatten\u_rx.$procdff$8499 ($dff) from module spark_chip (D = { \u_rx.rx_s \u_rx.sh [7:1] }, Q = \u_rx.sh).
Adding SRST signal on $flatten\u_rx.$procdff$8498 ($dff) from module spark_chip (D = $flatten\u_rx.$procmux$7160_Y, Q = \u_rx.bitn, rval = 3'000).
Adding EN signal on $auto$ff.cc:266:slice$9000 ($sdff) from module spark_chip (D = $flatten\u_rx.$procmux$7160_Y, Q = \u_rx.bitn).
Adding SRST signal on $flatten\u_rx.$procdff$8497 ($dff) from module spark_chip (D = $flatten\u_rx.$procmux$7138_Y, Q = \u_rx.valid, rval = 1'0).
Adding EN signal on $flatten\u_rx.$procdff$8496 ($dff) from module spark_chip (D = \u_rx.sh, Q = \u_rx.data).
Adding SRST signal on $flatten\u_rx.$procdff$8495 ($dff) from module spark_chip (D = $flatten\u_rx.$procmux$7185_Y, Q = \u_rx.cnt, rval = 16'0000000000000000).
Adding EN signal on $auto$ff.cc:266:slice$9024 ($sdff) from module spark_chip (D = $flatten\u_rx.$procmux$7185_Y, Q = \u_rx.cnt).
Adding SRST signal on $flatten\u_rx.$procdff$8494 ($dff) from module spark_chip (D = $flatten\u_rx.$procmux$7204_Y, Q = \u_rx.state, rval = 2'00).
Adding EN signal on $auto$ff.cc:266:slice$9032 ($sdff) from module spark_chip (D = $flatten\u_rx.$procmux$7204_Y, Q = \u_rx.state).
Adding SRST signal on $flatten\u_core.$procdff$8460 ($dff) from module spark_chip (D = $flatten\u_core.$procmux$5036_Y, Q = \u_core.start_q, rval = 1'0).
Adding EN signal on $auto$ff.cc:266:slice$9048 ($sdff) from module spark_chip (D = $flatten\u_core.$procmux$5036_Y, Q = \u_core.start_q).
Adding SRST signal on $flatten\u_core.$procdff$8459 ($dff) from module spark_chip (D = $flatten\u_core.$procmux$5043_Y, Q = \u_core.zbusy, rval = 1'1).
Adding SRST signal on $flatten\u_core.$procdff$8458 ($dff) from module spark_chip (D = $flatten\u_core.$procmux$5048_Y, Q = \u_core.zc, rval = 10'0000000000).
Adding EN signal on $auto$ff.cc:266:slice$9053 ($sdff) from module spark_chip (D = $flatten\u_core.$add$../../rtl/spark_core.v:358$1849_Y, Q = \u_core.zc).
Adding EN signal on $flatten\u_core.$procdff$8420 ($dff) from module spark_chip (D = $flatten\u_core.$procmux$4193_Y, Q = \u_core.q).
Adding EN signal on $flatten\u_core.$procdff$8419 ($dff) from module spark_chip (D = $flatten\u_core.$or$../../rtl/spark_core.v:0$2140_Y, Q = \u_core.s_neww).
Adding EN signal on $flatten\u_core.$procdff$8418 ($dff) from module spark_chip (D = $flatten\u_core.$or$../../rtl/spark_core.v:0$2128_Y, Q = \u_core.h_neww).
Adding EN signal on $flatten\u_core.$procdff$8417 ($dff) from module spark_chip (D = $flatten\u_core.$ternary$../../rtl/spark_core.v:475$2115_Y, Q = \u_core.po_th).
Adding EN signal on $flatten\u_core.$procdff$8416 ($dff) from module spark_chip (D = $flatten\u_core.$3$mem2reg_rd$\h_rd$../../rtl/spark_core.v:474$1341_DATA[127:0]$2114, Q = \u_core.po_h).
Adding EN signal on $flatten\u_core.$procdff$8415 ($dff) from module spark_chip (D = \u_core.acc_rd_s, Q = \u_core.po_acc).
Adding EN signal on $flatten\u_core.$procdff$8414 ($dff) from module spark_chip (D = $flatten\u_core.$procmux$4235_Y, Q = \u_core.idx).
Adding EN signal on $flatten\u_core.$procdff$8413 ($dff) from module spark_chip (D = $flatten\u_core.$procmux$4250_Y, Q = \u_core.t2).
Adding EN signal on $flatten\u_core.$procdff$8412 ($dff) from module spark_chip (D = $flatten\u_core.$procmux$4265_Y, Q = \u_core.t1).
Adding EN signal on $flatten\u_core.$procdff$8411 ($dff) from module spark_chip (D = $flatten\u_core.$procmux$4277_Y, Q = \u_core.m).
Adding EN signal on $flatten\u_core.$procdff$8410 ($dff) from module spark_chip (D = $flatten\u_core.$procmux$4299_Y, Q = \u_core.e).
Adding EN signal on $flatten\u_core.$procdff$8409 ($dff) from module spark_chip (D = $flatten\u_core.$5$mem2reg_rd$\vlat$../../rtl/spark_core.v:447$1339_DATA[4:0]$2064, Q = \u_core.ev_v).
Adding EN signal on $flatten\u_core.$procdff$8408 ($dff) from module spark_chip (D = $flatten\u_core.$add$../../rtl/spark_core.v:446$2063_Y [7:0], Q = \u_core.ev_j).
Adding EN signal on $flatten\u_core.$procdff$8407 ($dff) from module spark_chip (D = $flatten\u_core.$2$lookahead\sentw$1855[31:0]$1966, Q = \u_core.sentw).
Adding EN signal on $flatten\u_core.$procdff$8406 ($dff) from module spark_chip (D = \u_core.src_rd, Q = \u_core.srcw).
Adding EN signal on $flatten\u_core.$procdff$8405 ($dff) from module spark_chip (D = $flatten\u_core.$2$lookahead\mask$1854[7:0]$1965, Q = \u_core.mask).
Adding EN signal on $flatten\u_core.$procdff$8404 ($dff) from module spark_chip (D = $flatten\u_core.$procmux$4376_Y, Q = \u_core.c).
Adding SRST signal on $flatten\u_core.$procdff$8403 ($dff) from module spark_chip (D = $flatten\u_core.$procmux$4411_Y, Q = \u_core.started, rval = 2'00).
Adding EN signal on $auto$ff.cc:266:slice$9196 ($sdff) from module spark_chip (D = $flatten\u_core.$add$../../rtl/spark_core.v:379$1981_Y, Q = \u_core.started).
Adding SRST signal on $flatten\u_core.$procdff$8402 ($dff) from module spark_chip (D = $flatten\u_core.$procmux$4439_Y, Q = \u_core.hist2, rval = 8'00000000).
Adding EN signal on $auto$ff.cc:266:slice$9200 ($sdff) from module spark_chip (D = \u_core.hist1, Q = \u_core.hist2).
Adding SRST signal on $flatten\u_core.$procdff$8401 ($dff) from module spark_chip (D = $flatten\u_core.$procmux$4467_Y, Q = \u_core.hist1, rval = 8'00000000).
Adding EN signal on $auto$ff.cc:266:slice$9204 ($sdff) from module spark_chip (D = \u_core.byte_r, Q = \u_core.hist1).
Adding SRST signal on $flatten\u_core.$procdff$8400 ($dff) from module spark_chip (D = $flatten\u_core.$procmux$4489_Y, Q = \u_core.ctx_prev, rval = 0).
Adding EN signal on $auto$ff.cc:266:slice$9208 ($sdff) from module spark_chip (D = $flatten\u_core.$procmux$4489_Y, Q = \u_core.ctx_prev).
Adding SRST signal on $flatten\u_core.$procdff$8399 ($dff) from module spark_chip (D = $flatten\u_core.$procmux$4519_Y, Q = \u_core.ctx, rval = 0).
Adding EN signal on $auto$ff.cc:266:slice$9218 ($sdff) from module spark_chip (D = { 8'00000000 \u_core.ctx_prev [15:0] \u_core.byte_r }, Q = \u_core.ctx).
Adding SRST signal on $flatten\u_core.$procdff$8398 ($dff) from module spark_chip (D = $flatten\u_core.$procmux$4547_Y, Q = \u_core.byte_r, rval = 8'00000000).
Adding EN signal on $auto$ff.cc:266:slice$9220 ($sdff) from module spark_chip (D = \in_byte, Q = \u_core.byte_r).
Adding SRST signal on $flatten\u_core.$procdff$8397 ($dff) from module spark_chip (D = $flatten\u_core.$procmux$4565_Y, Q = \u_core.stg, rval = 2'00).
Adding EN signal on $auto$ff.cc:266:slice$9224 ($sdff) from module spark_chip (D = $flatten\u_core.$procmux$4565_Y, Q = \u_core.stg).
Adding SRST signal on $flatten\u_core.$procdff$8396 ($dff) from module spark_chip (D = $flatten\u_core.$procmux$4606_Y, Q = \u_core.rec_val, rval = 8'00000000).
Adding EN signal on $auto$ff.cc:266:slice$9242 ($sdff) from module spark_chip (D = \u_core.u_tab_dat.u.row [9:2], Q = \u_core.rec_val).
Adding SRST signal on $flatten\u_core.$procdff$8395 ($dff) from module spark_chip (D = $flatten\u_core.$procmux$4633_Y, Q = \u_core.rec_hit, rval = 1'0).
Adding EN signal on $auto$ff.cc:266:slice$9248 ($sdff) from module spark_chip (D = $flatten\u_core.$procmux$4633_Y, Q = \u_core.rec_hit).
Adding SRST signal on $flatten\u_core.$procdff$8394 ($dff) from module spark_chip (D = $flatten\u_core.$procmux$4665_Y, Q = \u_core.tokq, rval = 16'0000000000000000).
Adding EN signal on $auto$ff.cc:266:slice$9260 ($sdff) from module spark_chip (D = \u_core.tokcnt, Q = \u_core.tokq).
Adding SRST signal on $flatten\u_core.$procdff$8393 ($dff) from module spark_chip (D = $flatten\u_core.$procmux$4693_Y, Q = \u_core.tokcnt, rval = 16'0000000000000000).
Adding EN signal on $auto$ff.cc:266:slice$9264 ($sdff) from module spark_chip (D = $flatten\u_core.$add$../../rtl/spark_core.v:380$1982_Y, Q = \u_core.tokcnt).
Adding SRST signal on $flatten\u_core.$procdff$8392 ($dff) from module spark_chip (D = $flatten\u_core.$procmux$4707_Y, Q = \u_core.score, rval = 4'1000).
Adding EN signal on $auto$ff.cc:266:slice$9268 ($sdff) from module spark_chip (D = $flatten\u_core.$procmux$4703_Y, Q = \u_core.score).
Adding EN signal on $flatten\u_core.$procdff$8391 ($dff) from module spark_chip (D = $flatten\u_core.$procmux$4728_Y, Q = \u_core.n_dl).
Adding EN signal on $flatten\u_core.$procdff$8390 ($dff) from module spark_chip (D = $flatten\u_core.$procmux$4750_Y, Q = \u_core.n_nz).
Adding EN signal on $flatten\u_core.$procdff$8389 ($dff) from module spark_chip (D = $flatten\u_core.$le$../../rtl/spark_core.v:419$2001_Y, Q = \u_core.use_delta).
Adding SRST signal on $flatten\u_core.$procdff$8388 ($dff) from module spark_chip (D = $flatten\u_core.$procmux$4790_Y, Q = \u_core.state, rval = 5'00000).
Adding EN signal on $auto$ff.cc:266:slice$9295 ($sdff) from module spark_chip (D = $flatten\u_core.$procmux$4790_Y, Q = \u_core.state).
Adding EN signal on $flatten\u_core.$procdff$8382 ($dff) from module spark_chip (D = $flatten\u_core.$procmux$4972_Y, Q = \u_core.tok_cycles).
Adding EN signal on $flatten\u_core.$procdff$8381 ($dff) from module spark_chip (D = $flatten\u_core.$procmux$4993_Y, Q = \u_core.path).
Adding EN signal on $flatten\u_core.$procdff$8380 ($dff) from module spark_chip (D = $flatten\u_core.$procmux$5021_Y, Q = \u_core.pred).
Adding SRST signal on $flatten\u_core.$procdff$8379 ($dff) from module spark_chip (D = $flatten\u_core.$procmux$4073_Y, Q = \u_core.done, rval = 1'0).
Setting constant 0-bit at position 24 on $auto$ff.cc:266:slice$9219 ($sdffe) from module spark_chip.
Setting constant 0-bit at position 25 on $auto$ff.cc:266:slice$9219 ($sdffe) from module spark_chip.
Setting constant 0-bit at position 26 on $auto$ff.cc:266:slice$9219 ($sdffe) from module spark_chip.
Setting constant 0-bit at position 27 on $auto$ff.cc:266:slice$9219 ($sdffe) from module spark_chip.
Setting constant 0-bit at position 28 on $auto$ff.cc:266:slice$9219 ($sdffe) from module spark_chip.
Setting constant 0-bit at position 29 on $auto$ff.cc:266:slice$9219 ($sdffe) from module spark_chip.
Setting constant 0-bit at position 30 on $auto$ff.cc:266:slice$9219 ($sdffe) from module spark_chip.
Setting constant 0-bit at position 31 on $auto$ff.cc:266:slice$9219 ($sdffe) from module spark_chip.
Setting constant 0-bit at position 0 on $auto$ff.cc:266:slice$8925 ($sdffe) from module spark_chip.
Setting constant 0-bit at position 1 on $auto$ff.cc:266:slice$8925 ($sdffe) from module spark_chip.
Setting constant 0-bit at position 2 on $auto$ff.cc:266:slice$8925 ($sdffe) from module spark_chip.
Setting constant 0-bit at position 3 on $auto$ff.cc:266:slice$8925 ($sdffe) from module spark_chip.
Setting constant 0-bit at position 8 on $auto$ff.cc:266:slice$8925 ($sdffe) from module spark_chip.
Setting constant 0-bit at position 9 on $auto$ff.cc:266:slice$8925 ($sdffe) from module spark_chip.
Setting constant 0-bit at position 10 on $auto$ff.cc:266:slice$8925 ($sdffe) from module spark_chip.
Setting constant 0-bit at position 11 on $auto$ff.cc:266:slice$8925 ($sdffe) from module spark_chip.
Setting constant 0-bit at position 12 on $auto$ff.cc:266:slice$8925 ($sdffe) from module spark_chip.
Setting constant 0-bit at position 13 on $auto$ff.cc:266:slice$8925 ($sdffe) from module spark_chip.
Setting constant 0-bit at position 14 on $auto$ff.cc:266:slice$8925 ($sdffe) from module spark_chip.
Setting constant 0-bit at position 15 on $auto$ff.cc:266:slice$8925 ($sdffe) from module spark_chip.
Setting constant 0-bit at position 2 on $auto$ff.cc:266:slice$8812 ($dffe) from module spark_chip.
Setting constant 0-bit at position 3 on $auto$ff.cc:266:slice$8812 ($dffe) from module spark_chip.
Setting constant 0-bit at position 4 on $auto$ff.cc:266:slice$8812 ($dffe) from module spark_chip.
Setting constant 0-bit at position 5 on $auto$ff.cc:266:slice$8812 ($dffe) from module spark_chip.
Setting constant 0-bit at position 6 on $auto$ff.cc:266:slice$8812 ($dffe) from module spark_chip.
Setting constant 0-bit at position 7 on $auto$ff.cc:266:slice$8812 ($dffe) from module spark_chip.

10.9.7. Executing OPT_CLEAN pass (remove unused cells and wires).
Finding unused cells or wires in module \spark_chip..
Removed 190 unused cells and 204 unused wires.
<suppressed ~191 debug messages>

10.9.8. Executing OPT_EXPR pass (perform const folding).
Optimizing module spark_chip.
<suppressed ~25 debug messages>

10.9.9. Rerunning OPT passes. (Maybe there is more to do..)

10.9.10. Executing OPT_MUXTREE pass (detect dead branches in mux trees).
Running muxtree optimizer on module \spark_chip..
  Creating internal representation of mux trees.
  Evaluating internal representation of mux trees.
  Analyzing evaluation results.
Removed 0 multiplexer ports.
<suppressed ~163 debug messages>

10.9.11. Executing OPT_REDUCE pass (consolidate $*mux and $reduce_* inputs).
  Optimizing cells in module \spark_chip.
Performed a total of 0 changes.

10.9.12. Executing OPT_MERGE pass (detect identical cells).
Finding identical cells in module `\spark_chip'.
<suppressed ~318 debug messages>
Removed a total of 106 cells.

10.9.13. Executing OPT_DFF pass (perform DFF optimizations).

10.9.14. Executing OPT_CLEAN pass (remove unused cells and wires).
Finding unused cells or wires in module \spark_chip..
Removed 0 unused cells and 106 unused wires.
<suppressed ~1 debug messages>

10.9.15. Executing OPT_EXPR pass (perform const folding).
Optimizing module spark_chip.

10.9.16. Rerunning OPT passes. (Maybe there is more to do..)

10.9.17. Executing OPT_MUXTREE pass (detect dead branches in mux trees).
Running muxtree optimizer on module \spark_chip..
  Creating internal representation of mux trees.
  Evaluating internal representation of mux trees.
  Analyzing evaluation results.
Removed 0 multiplexer ports.
<suppressed ~164 debug messages>

10.9.18. Executing OPT_REDUCE pass (consolidate $*mux and $reduce_* inputs).
  Optimizing cells in module \spark_chip.
Performed a total of 0 changes.

10.9.19. Executing OPT_MERGE pass (detect identical cells).
Finding identical cells in module `\spark_chip'.
Removed a total of 0 cells.

10.9.20. Executing OPT_DFF pass (perform DFF optimizations).

10.9.21. Executing OPT_CLEAN pass (remove unused cells and wires).
Finding unused cells or wires in module \spark_chip..

10.9.22. Executing OPT_EXPR pass (perform const folding).
Optimizing module spark_chip.

10.9.23. Finished OPT passes. (There is nothing left to do.)

10.10. Executing WREDUCE pass (reducing word size of cells).
Removed top 30 address bits (of 32) from memory init port spark_chip.$flatten\u_core.$auto$proc_memwr.cc:45:proc_memwr$8552 (u_core.nzc).
Removed top 30 address bits (of 32) from memory init port spark_chip.$flatten\u_core.$auto$proc_memwr.cc:45:proc_memwr$8554 (u_core.nzc).
Removed top 30 address bits (of 32) from memory init port spark_chip.$flatten\u_core.$auto$proc_memwr.cc:45:proc_memwr$8556 (u_core.nzc).
Removed top 30 address bits (of 32) from memory init port spark_chip.$flatten\u_core.$auto$proc_memwr.cc:45:proc_memwr$8558 (u_core.nzc).
Removed top 2 address bits (of 6) from memory init port spark_chip.$flatten\u_core.\u_acc0.$auto$proc_memwr.cc:45:proc_memwr$8565 (u_core.u_acc0.mem).
Removed top 2 address bits (of 6) from memory read port spark_chip.$flatten\u_core.\u_acc0.$memrd$\mem$../spark_ram_asic.v:24$1208 (u_core.u_acc0.mem).
Removed top 2 address bits (of 6) from memory init port spark_chip.$flatten\u_core.\u_acc1.$auto$proc_memwr.cc:45:proc_memwr$8565 (u_core.u_acc1.mem).
Removed top 2 address bits (of 6) from memory read port spark_chip.$flatten\u_core.\u_acc1.$memrd$\mem$../spark_ram_asic.v:24$1208 (u_core.u_acc1.mem).
Removed top 1 address bits (of 6) from memory init port spark_chip.$flatten\u_core.\u_acc2.$auto$proc_memwr.cc:45:proc_memwr$8564 (u_core.u_acc2.mem).
Removed top 1 address bits (of 6) from memory read port spark_chip.$flatten\u_core.\u_acc2.$memrd$\mem$../spark_ram_asic.v:24$1218 (u_core.u_acc2.mem).
Removed top 1 address bits (of 6) from memory init port spark_chip.$flatten\u_core.\u_acc3.$auto$proc_memwr.cc:45:proc_memwr$8564 (u_core.u_acc3.mem).
Removed top 1 address bits (of 6) from memory read port spark_chip.$flatten\u_core.\u_acc3.$memrd$\mem$../spark_ram_asic.v:24$1218 (u_core.u_acc3.mem).
Removed top 2 address bits (of 6) from memory init port spark_chip.$flatten\u_core.\u_h0.$auto$proc_memwr.cc:45:proc_memwr$8565 (u_core.u_h0.mem).
Removed top 2 address bits (of 6) from memory read port spark_chip.$flatten\u_core.\u_h0.$memrd$\mem$../spark_ram_asic.v:24$1208 (u_core.u_h0.mem).
Removed top 2 address bits (of 6) from memory init port spark_chip.$flatten\u_core.\u_h1.$auto$proc_memwr.cc:45:proc_memwr$8565 (u_core.u_h1.mem).
Removed top 2 address bits (of 6) from memory read port spark_chip.$flatten\u_core.\u_h1.$memrd$\mem$../spark_ram_asic.v:24$1208 (u_core.u_h1.mem).
Removed top 2 address bits (of 6) from memory init port spark_chip.$flatten\u_core.\u_s0.$auto$proc_memwr.cc:45:proc_memwr$8567 (u_core.u_s0.mem).
Removed top 2 address bits (of 6) from memory read port spark_chip.$flatten\u_core.\u_s0.$memrd$\mem$../spark_ram_asic.v:24$1188 (u_core.u_s0.mem).
Removed top 2 address bits (of 6) from memory init port spark_chip.$flatten\u_core.\u_s1.$auto$proc_memwr.cc:45:proc_memwr$8567 (u_core.u_s1.mem).
Removed top 2 address bits (of 6) from memory read port spark_chip.$flatten\u_core.\u_s1.$memrd$\mem$../spark_ram_asic.v:24$1188 (u_core.u_s1.mem).
Removed top 1 address bits (of 6) from memory init port spark_chip.$flatten\u_core.\u_sn0.$auto$proc_memwr.cc:45:proc_memwr$8566 (u_core.u_sn0.mem).
Removed top 1 address bits (of 6) from memory read port spark_chip.$flatten\u_core.\u_sn0.$memrd$\mem$../spark_ram_asic.v:24$1198 (u_core.u_sn0.mem).
Removed top 2 address bits (of 6) from memory init port spark_chip.$flatten\u_core.\u_sn1.$auto$proc_memwr.cc:45:proc_memwr$8567 (u_core.u_sn1.mem).
Removed top 2 address bits (of 6) from memory read port spark_chip.$flatten\u_core.\u_sn1.$memrd$\mem$../spark_ram_asic.v:24$1188 (u_core.u_sn1.mem).
Removed top 2 address bits (of 6) from memory init port spark_chip.$flatten\u_core.\u_sn2.$auto$proc_memwr.cc:45:proc_memwr$8567 (u_core.u_sn2.mem).
Removed top 2 address bits (of 6) from memory read port spark_chip.$flatten\u_core.\u_sn2.$memrd$\mem$../spark_ram_asic.v:24$1188 (u_core.u_sn2.mem).
Removed top 2 address bits (of 6) from memory init port spark_chip.$flatten\u_core.\u_sn3.$auto$proc_memwr.cc:45:proc_memwr$8567 (u_core.u_sn3.mem).
Removed top 2 address bits (of 6) from memory read port spark_chip.$flatten\u_core.\u_sn3.$memrd$\mem$../spark_ram_asic.v:24$1188 (u_core.u_sn3.mem).
Removed top 2 address bits (of 6) from memory init port spark_chip.$flatten\u_core.\u_th0.$auto$proc_memwr.cc:45:proc_memwr$8562 (u_core.u_th0.mem).
Removed top 28 address bits (of 32) from memory init port spark_chip.$flatten\u_core.\u_th0.$meminit$\mem$../spark_ram_asic.v:0$1240 (u_core.u_th0.mem).
Removed top 2 address bits (of 6) from memory read port spark_chip.$flatten\u_core.\u_th0.$memrd$\mem$../spark_ram_asic.v:24$1239 (u_core.u_th0.mem).
Removed top 2 address bits (of 6) from memory init port spark_chip.$flatten\u_core.\u_th1.$auto$proc_memwr.cc:45:proc_memwr$8563 (u_core.u_th1.mem).
Removed top 28 address bits (of 32) from memory init port spark_chip.$flatten\u_core.\u_th1.$meminit$\mem$../spark_ram_asic.v:0$1229 (u_core.u_th1.mem).
Removed top 2 address bits (of 6) from memory read port spark_chip.$flatten\u_core.\u_th1.$memrd$\mem$../spark_ram_asic.v:24$1228 (u_core.u_th1.mem).
Removed top 29 address bits (of 32) from memory read port spark_chip.$memrd$\cfgb$../../rtl/spark_chip.v:100$1161 (cfgb).
Removed top 29 address bits (of 32) from memory read port spark_chip.$memrd$\cfgb$../../rtl/spark_chip.v:100$1162 (cfgb).
Removed top 29 address bits (of 32) from memory read port spark_chip.$memrd$\cfgb$../../rtl/spark_chip.v:100$1163 (cfgb).
Removed top 29 address bits (of 32) from memory read port spark_chip.$memrd$\cfgb$../../rtl/spark_chip.v:89$1137 (cfgb).
Removed top 29 address bits (of 32) from memory read port spark_chip.$memrd$\cfgb$../../rtl/spark_chip.v:91$1143 (cfgb).
Removed top 29 address bits (of 32) from memory read port spark_chip.$memrd$\cfgb$../../rtl/spark_chip.v:91$1144 (cfgb).
Removed top 29 address bits (of 32) from memory read port spark_chip.$memrd$\cfgb$../../rtl/spark_chip.v:91$1148 (cfgb).
Removed top 1 bits (of 3) from port B of cell spark_chip.$auto$fsm_map.cc:77:implement_pattern_cache$8771 ($eq).
Removed top 6 bits (of 8) from port B of cell spark_chip.$xor$../../rtl/spark_chip.v:66$1064 ($xor).
Removed top 1 bits (of 4) from port B of cell spark_chip.$eq$../../rtl/spark_chip.v:88$1130 ($eq).
Removed top 1 bits (of 4) from port B of cell spark_chip.$eq$../../rtl/spark_chip.v:98$1155 ($eq).
Removed top 3 bits (of 4) from port B of cell spark_chip.$add$../../rtl/spark_chip.v:114$1176 ($add).
Removed top 1 bits (of 3) from port B of cell spark_chip.$procmux$7232_CMP0 ($eq).
Removed top 1 bits (of 3) from port B of cell spark_chip.$procmux$7233_CMP0 ($eq).
Removed top 2 bits (of 3) from port B of cell spark_chip.$procmux$7234_CMP0 ($eq).
Removed top 1 bits (of 3) from port B of cell spark_chip.$auto$opt_dff.cc:195:make_patterns_logic$9318 ($ne).
Removed top 1 bits (of 3) from port B of cell spark_chip.$auto$opt_dff.cc:195:make_patterns_logic$9316 ($ne).
Removed top 1 bits (of 2) from port B of cell spark_chip.$auto$opt_dff.cc:195:make_patterns_logic$9302 ($ne).
Removed top 1 bits (of 2) from port B of cell spark_chip.$auto$opt_dff.cc:195:make_patterns_logic$9300 ($ne).
Removed top 1 bits (of 2) from port B of cell spark_chip.$auto$opt_dff.cc:195:make_patterns_logic$9298 ($ne).
Removed top 1 bits (of 2) from port B of cell spark_chip.$auto$opt_dff.cc:195:make_patterns_logic$9255 ($ne).
Removed top 3 bits (of 4) from port B of cell spark_chip.$auto$opt_dff.cc:195:make_patterns_logic$9233 ($ne).
Removed top 1 bits (of 2) from port B of cell spark_chip.$auto$opt_dff.cc:195:make_patterns_logic$9215 ($ne).
Removed top 3 bits (of 4) from port B of cell spark_chip.$auto$opt_dff.cc:195:make_patterns_logic$9164 ($ne).
Removed top 1 bits (of 3) from port B of cell spark_chip.$auto$opt_dff.cc:195:make_patterns_logic$9135 ($ne).
Removed top 1 bits (of 2) from port B of cell spark_chip.$auto$opt_dff.cc:195:make_patterns_logic$9095 ($ne).
Removed top 1 bits (of 2) from port B of cell spark_chip.$auto$opt_dff.cc:195:make_patterns_logic$9091 ($ne).
Removed top 1 bits (of 2) from port B of cell spark_chip.$auto$opt_dff.cc:195:make_patterns_logic$9045 ($ne).
Removed top 1 bits (of 2) from port B of cell spark_chip.$auto$opt_dff.cc:195:make_patterns_logic$9009 ($ne).
Removed top 1 bits (of 2) from port B of cell spark_chip.$auto$opt_dff.cc:195:make_patterns_logic$9005 ($ne).
Removed top 1 bits (of 2) from port B of cell spark_chip.$auto$opt_dff.cc:195:make_patterns_logic$8833 ($ne).
Removed top 1 bits (of 2) from port B of cell spark_chip.$auto$opt_dff.cc:195:make_patterns_logic$8831 ($ne).
Removed top 1 bits (of 2) from port B of cell spark_chip.$auto$opt_dff.cc:195:make_patterns_logic$8829 ($ne).
Removed top 25 bits (of 32) from port B of cell spark_chip.$flatten\u_core.\u_tab_dat.\u.$shiftx$../spark_mem_sky130.v:0$2340 ($shiftx).
Removed top 22 bits (of 32) from port Y of cell spark_chip.$flatten\u_core.\u_tab_dat.\u.$shiftx$../spark_mem_sky130.v:0$2340 ($shiftx).
Removed top 24 bits (of 32) from port B of cell spark_chip.$flatten\u_core.\u_tab_tag.\u.$shiftx$../spark_mem_sky130.v:0$2315 ($shiftx).
Removed top 31 bits (of 64) from port Y of cell spark_chip.$flatten\u_core.\u_tab_tag.\u.$shiftx$../spark_mem_sky130.v:0$2315 ($shiftx).
Removed top 2 bits (of 6) from mux cell spark_chip.$flatten\u_core.\u_sn3.$procmux$7135 ($mux).
Removed top 2 bits (of 6) from mux cell spark_chip.$flatten\u_core.\u_sn2.$procmux$7135 ($mux).
Removed top 2 bits (of 6) from mux cell spark_chip.$flatten\u_core.\u_sn1.$procmux$7135 ($mux).
Removed top 1 bits (of 6) from mux cell spark_chip.$flatten\u_core.\u_sn0.$procmux$7126 ($mux).
Removed top 2 bits (of 6) from mux cell spark_chip.$flatten\u_core.\u_h1.$procmux$7117 ($mux).
Removed top 2 bits (of 6) from mux cell spark_chip.$flatten\u_core.\u_h0.$procmux$7117 ($mux).
Removed top 1 bits (of 6) from mux cell spark_chip.$flatten\u_core.\u_acc3.$procmux$7108 ($mux).
Removed top 1 bits (of 6) from mux cell spark_chip.$flatten\u_core.\u_acc2.$procmux$7108 ($mux).
Removed top 2 bits (of 6) from mux cell spark_chip.$flatten\u_core.\u_acc1.$procmux$7117 ($mux).
Removed top 2 bits (of 6) from mux cell spark_chip.$flatten\u_core.\u_acc0.$procmux$7117 ($mux).
Removed top 23 bits (of 32) from port B of cell spark_chip.$flatten\u_core.\u_w3.\u.$shiftx$../spark_mem_sky130.v:0$2270 ($shiftx).
Removed top 1 bits (of 3) from port B of cell spark_chip.$flatten\u_core.\u_w2.\u.$eq$../spark_mem_sky130.v:30$2289 ($eq).
Removed top 1 bits (of 3) from port B of cell spark_chip.$flatten\u_core.\u_w2.\u.$eq$../spark_mem_sky130.v:30$2284 ($eq).
Removed top 2 bits (of 3) from port B of cell spark_chip.$flatten\u_core.\u_w2.\u.$eq$../spark_mem_sky130.v:30$2279 ($eq).
Removed top 23 bits (of 32) from port B of cell spark_chip.$flatten\u_core.\u_w2.\u.$shiftx$../spark_mem_sky130.v:0$2270 ($shiftx).
Removed top 1 bits (of 2) from port B of cell spark_chip.$flatten\u_core.\u_w1.\u.$eq$../spark_mem_sky130.v:30$2219 ($eq).
Removed top 24 bits (of 32) from port B of cell spark_chip.$flatten\u_core.\u_w1.\u.$shiftx$../spark_mem_sky130.v:0$2210 ($shiftx).
Removed top 1 bits (of 3) from port B of cell spark_chip.$flatten\u_core.\u_w0.\u.$eq$../spark_mem_sky130.v:30$2254 ($eq).
Removed top 1 bits (of 3) from port B of cell spark_chip.$flatten\u_core.\u_w0.\u.$eq$../spark_mem_sky130.v:28$2251 ($eq).
Removed top 1 bits (of 3) from port B of cell spark_chip.$flatten\u_core.\u_w0.\u.$eq$../spark_mem_sky130.v:30$2249 ($eq).
Removed top 1 bits (of 3) from port B of cell spark_chip.$flatten\u_core.\u_w0.\u.$eq$../spark_mem_sky130.v:28$2246 ($eq).
Removed top 2 bits (of 3) from port B of cell spark_chip.$flatten\u_core.\u_w0.\u.$eq$../spark_mem_sky130.v:30$2244 ($eq).
Removed top 2 bits (of 3) from port B of cell spark_chip.$flatten\u_core.\u_w0.\u.$eq$../spark_mem_sky130.v:28$2241 ($eq).
Removed top 23 bits (of 32) from port B of cell spark_chip.$flatten\u_core.\u_w0.\u.$shiftx$../spark_mem_sky130.v:0$2235 ($shiftx).
Removed top 1 bits (of 2) from port B of cell spark_chip.$flatten\u_core.\u_emb2.\u.$eq$../spark_mem_sky130.v:30$2219 ($eq).
Removed top 24 bits (of 32) from port B of cell spark_chip.$flatten\u_core.\u_emb2.\u.$shiftx$../spark_mem_sky130.v:0$2210 ($shiftx).
Removed top 1 bits (of 2) from port B of cell spark_chip.$flatten\u_core.\u_emb1.\u.$eq$../spark_mem_sky130.v:30$2219 ($eq).
Removed top 24 bits (of 32) from port B of cell spark_chip.$flatten\u_core.\u_emb1.\u.$shiftx$../spark_mem_sky130.v:0$2210 ($shiftx).
Removed top 1 bits (of 2) from port B of cell spark_chip.$flatten\u_core.\u_emb.\u.$eq$../spark_mem_sky130.v:30$2219 ($eq).
Removed top 1 bits (of 2) from port B of cell spark_chip.$flatten\u_core.\u_emb.\u.$eq$../spark_mem_sky130.v:28$2216 ($eq).
Removed top 24 bits (of 32) from port B of cell spark_chip.$flatten\u_core.\u_emb.\u.$shiftx$../spark_mem_sky130.v:0$2210 ($shiftx).
Removed top 12 bits (of 16) from FF cell spark_chip.$auto$ff.cc:266:slice$9261 ($sdffe).
Removed top 2 bits (of 3) from port B of cell spark_chip.$flatten\u_core.$procmux$7002_CMP0 ($eq).
Removed top 1 bits (of 4) from mux cell spark_chip.$flatten\u_core.$procmux$6985 ($mux).
Removed top 1 bits (of 4) from mux cell spark_chip.$flatten\u_core.$procmux$6982 ($mux).
Removed top 1 bits (of 4) from mux cell spark_chip.$flatten\u_core.$procmux$6979 ($mux).
Removed top 1 bits (of 4) from mux cell spark_chip.$flatten\u_core.$procmux$6976 ($mux).
Removed top 1 bits (of 4) from mux cell spark_chip.$flatten\u_core.$procmux$6973 ($mux).
Removed top 1 bits (of 4) from mux cell spark_chip.$flatten\u_core.$procmux$6970 ($mux).
Removed top 1 bits (of 4) from mux cell spark_chip.$flatten\u_core.$procmux$6967 ($mux).
Removed top 1 bits (of 4) from mux cell spark_chip.$flatten\u_core.$procmux$6964 ($mux).
Removed top 13 bits (of 17) from mux cell spark_chip.$flatten\u_core.$procmux$6961 ($mux).
Removed top 13 bits (of 17) from mux cell spark_chip.$flatten\u_core.$procmux$6946 ($mux).
Removed top 13 bits (of 17) from mux cell spark_chip.$flatten\u_core.$procmux$6931 ($mux).
Removed top 13 bits (of 17) from mux cell spark_chip.$flatten\u_core.$procmux$6916 ($mux).
Removed top 2 bits (of 6) from mux cell spark_chip.$flatten\u_core.$procmux$6725 ($pmux).
Removed top 2 bits (of 6) from mux cell spark_chip.$flatten\u_core.$procmux$6720 ($pmux).
Removed top 1 bits (of 6) from mux cell spark_chip.$flatten\u_core.$procmux$6715 ($pmux).
Removed top 1 bits (of 6) from mux cell spark_chip.$flatten\u_core.$procmux$6710 ($pmux).
Removed top 2 bits (of 6) from mux cell spark_chip.$flatten\u_core.$procmux$6646 ($mux).
Removed top 2 bits (of 6) from mux cell spark_chip.$flatten\u_core.$procmux$6642 ($mux).
Removed top 2 bits (of 6) from mux cell spark_chip.$flatten\u_core.$procmux$6294 ($mux).
Removed top 2 bits (of 6) from mux cell spark_chip.$flatten\u_core.$procmux$6284 ($mux).
Removed top 1 bits (of 6) from mux cell spark_chip.$flatten\u_core.$procmux$6274 ($mux).
Removed top 1 bits (of 6) from mux cell spark_chip.$flatten\u_core.$procmux$6264 ($mux).
Removed top 2 bits (of 6) from mux cell spark_chip.$flatten\u_core.$procmux$6249 ($pmux).
Removed top 1 bits (of 6) from mux cell spark_chip.$flatten\u_core.$procmux$6234 ($pmux).
Removed top 1 bits (of 6) from mux cell spark_chip.$flatten\u_core.$procmux$6219 ($pmux).
Removed top 2 bits (of 6) from mux cell spark_chip.$flatten\u_core.$procmux$6204 ($pmux).
Removed top 2 bits (of 6) from mux cell spark_chip.$flatten\u_core.$procmux$5167 ($mux).
Removed top 1 bits (of 6) from mux cell spark_chip.$flatten\u_core.$procmux$5158 ($mux).
Removed top 2 bits (of 6) from mux cell spark_chip.$flatten\u_core.$procmux$5149 ($mux).
Removed top 2 bits (of 6) from mux cell spark_chip.$flatten\u_core.$procmux$5140 ($mux).
Removed top 1 bits (of 6) from mux cell spark_chip.$flatten\u_core.$procmux$5131 ($mux).
Removed top 2 bits (of 6) from mux cell spark_chip.$flatten\u_core.$procmux$5122 ($mux).
Removed top 1 bits (of 6) from mux cell spark_chip.$flatten\u_core.$procmux$5113 ($mux).
Removed top 2 bits (of 6) from mux cell spark_chip.$flatten\u_core.$procmux$5104 ($mux).
Removed top 2 bits (of 6) from mux cell spark_chip.$flatten\u_core.$procmux$5086 ($mux).
Removed top 2 bits (of 6) from mux cell spark_chip.$flatten\u_core.$procmux$5068 ($mux).
Removed top 2 bits (of 5) from mux cell spark_chip.$flatten\u_core.$procmux$4838 ($mux).
Removed top 4 bits (of 5) from port B of cell spark_chip.$flatten\u_core.$procmux$4835_CMP0 ($eq).
Removed top 1 bits (of 5) from mux cell spark_chip.$flatten\u_core.$procmux$4828 ($mux).
Removed top 1 bits (of 5) from port B of cell spark_chip.$flatten\u_core.$procmux$4824_CMP0 ($eq).
Removed top 2 bits (of 5) from port B of cell spark_chip.$flatten\u_core.$procmux$4816_CMP0 ($eq).
Removed top 3 bits (of 5) from mux cell spark_chip.$flatten\u_core.$procmux$4809 ($mux).
Removed top 1 bits (of 5) from mux cell spark_chip.$flatten\u_core.$procmux$4802 ($mux).
Removed top 1 bits (of 5) from port B of cell spark_chip.$flatten\u_core.$procmux$4800_CMP0 ($eq).
Removed top 2 bits (of 5) from mux cell spark_chip.$flatten\u_core.$procmux$4793 ($mux).
Removed top 1 bits (of 5) from mux cell spark_chip.$flatten\u_core.$procmux$4786 ($mux).
Removed top 1 bits (of 5) from mux cell spark_chip.$flatten\u_core.$procmux$4781 ($mux).
Removed top 2 bits (of 5) from port B of cell spark_chip.$flatten\u_core.$procmux$4573_CMP0 ($eq).
Removed top 1 bits (of 5) from port B of cell spark_chip.$flatten\u_core.$procmux$4566_CMP0 ($eq).
Removed top 1 bits (of 2) from port B of cell spark_chip.$flatten\u_core.$procmux$4559_CMP0 ($eq).
Removed top 3 bits (of 5) from port B of cell spark_chip.$flatten\u_core.$procmux$4520_CMP0 ($eq).
Removed top 3 bits (of 5) from port B of cell spark_chip.$flatten\u_core.$procmux$4490_CMP0 ($eq).
Removed top 2 bits (of 5) from port B of cell spark_chip.$flatten\u_core.$procmux$4382_CMP0 ($eq).
Removed top 1 bits (of 5) from port B of cell spark_chip.$flatten\u_core.$procmux$4300_CMP0 ($eq).
Removed top 1 bits (of 5) from port B of cell spark_chip.$flatten\u_core.$procmux$4287_CMP0 ($eq).
Removed top 1 bits (of 5) from port B of cell spark_chip.$flatten\u_core.$procmux$4240_CMP0 ($eq).
Removed top 1 bits (of 5) from port B of cell spark_chip.$flatten\u_core.$procmux$4074_CMP0 ($eq).
Removed top 2 bits (of 5) from port B of cell spark_chip.$flatten\u_core.$procmux$3755_CMP0 ($eq).
Removed top 2 bits (of 3) from port B of cell spark_chip.$flatten\u_core.$procmux$2449_CMP0 ($eq).
Removed top 1 bits (of 3) from port B of cell spark_chip.$flatten\u_core.$procmux$2448_CMP0 ($eq).
Removed top 1 bits (of 3) from port B of cell spark_chip.$flatten\u_core.$procmux$2447_CMP0 ($eq).
Removed top 1 bits (of 5) from port B of cell spark_chip.$flatten\u_core.$procmux$2383_CMP0 ($eq).
Removed top 23 bits (of 32) from port B of cell spark_chip.$flatten\u_core.$lt$../../rtl/spark_core.v:508$2159 ($lt).
Removed top 1 bits (of 2) from port B of cell spark_chip.$flatten\u_core.$eq$../../rtl/spark_core.v:502$2156 ($eq).
Removed top 3 bits (of 4) from port B of cell spark_chip.$flatten\u_core.$sub$../../rtl/spark_core.v:500$2154 ($sub).
Removed top 2 bits (of 4) from port B of cell spark_chip.$flatten\u_core.$add$../../rtl/spark_core.v:497$2151 ($add).
Removed top 1 bits (of 2) from port B of cell spark_chip.$flatten\u_core.$eq$../../rtl/spark_core.v:484$2142 ($eq).
Removed top 1 bits (of 2) from port B of cell spark_chip.$flatten\u_core.$add$../../rtl/spark_core.v:483$2141 ($add).
Removed top 26 bits (of 33) from port A of cell spark_chip.$flatten\u_core.$neg$../../rtl/spark_core.v:0$2132 ($neg).
Converting cell spark_chip.$flatten\u_core.$neg$../../rtl/spark_core.v:0$2132 ($neg) from signed to unsigned.
Removed top 1 bits (of 7) from port A of cell spark_chip.$flatten\u_core.$neg$../../rtl/spark_core.v:0$2132 ($neg).
Removed top 24 bits (of 33) from port A of cell spark_chip.$flatten\u_core.$neg$../../rtl/spark_core.v:0$2120 ($neg).
Converting cell spark_chip.$flatten\u_core.$neg$../../rtl/spark_core.v:0$2120 ($neg) from signed to unsigned.
Removed top 1 bits (of 9) from port A of cell spark_chip.$flatten\u_core.$neg$../../rtl/spark_core.v:0$2120 ($neg).
Removed top 31 bits (of 32) from port B of cell spark_chip.$flatten\u_core.$add$../../rtl/spark_core.v:460$2107 ($add).
Removed top 25 bits (of 32) from port Y of cell spark_chip.$flatten\u_core.$add$../../rtl/spark_core.v:460$2107 ($add).
Removed top 31 bits (of 32) from port B of cell spark_chip.$flatten\u_core.$add$../../rtl/spark_core.v:451$2102 ($add).
Removed top 16 bits (of 32) from port Y of cell spark_chip.$flatten\u_core.$add$../../rtl/spark_core.v:451$2102 ($add).
Removed top 26 bits (of 32) from port B of cell spark_chip.$flatten\u_core.$shiftx$../../rtl/spark_core.v:0$2086 ($shiftx).
Removed top 27 bits (of 33) from port A of cell spark_chip.$flatten\u_core.$neg$../../rtl/spark_core.v:0$2082 ($neg).
Converting cell spark_chip.$flatten\u_core.$neg$../../rtl/spark_core.v:0$2082 ($neg) from signed to unsigned.
Removed top 1 bits (of 6) from port A of cell spark_chip.$flatten\u_core.$neg$../../rtl/spark_core.v:0$2082 ($neg).
Removed top 28 bits (of 32) from port A of cell spark_chip.$flatten\u_core.$neg$../../rtl/spark_core.v:0$2066 ($neg).
Converting cell spark_chip.$flatten\u_core.$neg$../../rtl/spark_core.v:0$2066 ($neg) from signed to unsigned.
Removed top 1 bits (of 4) from port A of cell spark_chip.$flatten\u_core.$neg$../../rtl/spark_core.v:0$2066 ($neg).
Removed top 23 bits (of 32) from port A of cell spark_chip.$flatten\u_core.$add$../../rtl/spark_core.v:446$2063 ($add).
Removed top 1 bits (of 4) from port B of cell spark_chip.$flatten\u_core.$add$../../rtl/spark_core.v:446$2063 ($add).
Removed top 24 bits (of 32) from port Y of cell spark_chip.$flatten\u_core.$add$../../rtl/spark_core.v:446$2063 ($add).
Removed top 1 bits (of 9) from port A of cell spark_chip.$flatten\u_core.$add$../../rtl/spark_core.v:446$2063 ($add).
Removed top 31 bits (of 32) from port B of cell spark_chip.$flatten\u_core.$add$../../rtl/spark_core.v:429$2010 ($add).
Removed top 24 bits (of 32) from port Y of cell spark_chip.$flatten\u_core.$add$../../rtl/spark_core.v:429$2010 ($add).
Removed top 31 bits (of 32) from port B of cell spark_chip.$flatten\u_core.$add$../../rtl/spark_core.v:418$1997 ($add).
Removed top 25 bits (of 32) from port Y of cell spark_chip.$flatten\u_core.$add$../../rtl/spark_core.v:418$1997 ($add).
Removed top 1 bits (of 5) from mux cell spark_chip.$flatten\u_core.$ternary$../../rtl/spark_core.v:411$1994 ($mux).
Removed top 8 bits (of 32) from port B of cell spark_chip.$flatten\u_core.$eq$../../rtl/spark_core.v:398$1989 ($eq).
Removed top 15 bits (of 16) from port B of cell spark_chip.$flatten\u_core.$add$../../rtl/spark_core.v:380$1982 ($add).
Removed top 1 bits (of 2) from port B of cell spark_chip.$flatten\u_core.$add$../../rtl/spark_core.v:379$1981 ($add).
Removed top 31 bits (of 32) from port B of cell spark_chip.$flatten\u_core.$add$../../rtl/spark_core.v:374$1932 ($add).
Removed top 9 bits (of 10) from port B of cell spark_chip.$flatten\u_core.$add$../../rtl/spark_core.v:358$1849 ($add).
Removed top 31 bits (of 32) from port B of cell spark_chip.$flatten\u_core.$sub$../../rtl/spark_core.v:316$1828 ($sub).
Removed top 26 bits (of 32) from port Y of cell spark_chip.$flatten\u_core.$sub$../../rtl/spark_core.v:316$1828 ($sub).
Removed top 1 bits (of 7) from port A of cell spark_chip.$flatten\u_core.$sub$../../rtl/spark_core.v:316$1828 ($sub).
Removed top 31 bits (of 32) from port B of cell spark_chip.$flatten\u_core.$ge$../../rtl/spark_core.v:315$1821 ($ge).
Removed top 19 bits (of 32) from port A of cell spark_chip.$flatten\u_core.$add$../../rtl/spark_core.v:311$1818 ($add).
Removed top 20 bits (of 32) from port Y of cell spark_chip.$flatten\u_core.$add$../../rtl/spark_core.v:311$1818 ($add).
Removed top 1 bits (of 13) from port A of cell spark_chip.$flatten\u_core.$add$../../rtl/spark_core.v:311$1818 ($add).
Removed top 20 bits (of 32) from port A of cell spark_chip.$flatten\u_core.$add$../../rtl/spark_core.v:309$1814 ($add).
Removed top 20 bits (of 32) from port Y of cell spark_chip.$flatten\u_core.$add$../../rtl/spark_core.v:309$1814 ($add).
Removed top 8 bits (of 32) from port A of cell spark_chip.$flatten\u_core.$mul$../../rtl/spark_core.v:164$1809 ($mul).
Removed top 41 bits (of 43) from mux cell spark_chip.$flatten\u_core.$ternary$../../rtl/spark_core.v:300$1808 ($mux).
Removed top 1 bits (of 2) from port B of cell spark_chip.$flatten\u_core.$add$../../rtl/spark_core.v:301$1806 ($add).
Removed top 21 bits (of 32) from port A of cell spark_chip.$flatten\u_core.$add$../../rtl/spark_core.v:282$1752 ($add).
Removed top 29 bits (of 32) from port B of cell spark_chip.$flatten\u_core.$add$../../rtl/spark_core.v:282$1752 ($add).
Removed top 21 bits (of 32) from port Y of cell spark_chip.$flatten\u_core.$add$../../rtl/spark_core.v:282$1752 ($add).
Removed top 21 bits (of 32) from port A of cell spark_chip.$flatten\u_core.$add$../../rtl/spark_core.v:281$1749 ($add).
Removed top 29 bits (of 32) from port B of cell spark_chip.$flatten\u_core.$add$../../rtl/spark_core.v:281$1749 ($add).
Removed top 21 bits (of 32) from port Y of cell spark_chip.$flatten\u_core.$add$../../rtl/spark_core.v:281$1749 ($add).
Removed top 21 bits (of 32) from port A of cell spark_chip.$flatten\u_core.$add$../../rtl/spark_core.v:280$1746 ($add).
Removed top 29 bits (of 32) from port B of cell spark_chip.$flatten\u_core.$add$../../rtl/spark_core.v:280$1746 ($add).
Removed top 21 bits (of 32) from port Y of cell spark_chip.$flatten\u_core.$add$../../rtl/spark_core.v:280$1746 ($add).
Removed top 16 bits (of 32) from port A of cell spark_chip.$flatten\u_core.$gt$../../rtl/spark_core.v:272$1691 ($gt).
Removed top 30 bits (of 32) from port B of cell spark_chip.$flatten\u_core.$add$../../rtl/spark_core.v:271$1690 ($add).
Removed top 24 bits (of 32) from port Y of cell spark_chip.$flatten\u_core.$add$../../rtl/spark_core.v:271$1690 ($add).
Removed top 24 bits (of 32) from port A of cell spark_chip.$flatten\u_core.$add$../../rtl/spark_core.v:271$1690 ($add).
Removed top 16 bits (of 32) from port A of cell spark_chip.$flatten\u_core.$gt$../../rtl/spark_core.v:271$1686 ($gt).
Removed top 16 bits (of 32) from port A of cell spark_chip.$flatten\u_core.$gt$../../rtl/spark_core.v:272$1680 ($gt).
Removed top 30 bits (of 32) from port B of cell spark_chip.$flatten\u_core.$add$../../rtl/spark_core.v:271$1679 ($add).
Removed top 24 bits (of 32) from port Y of cell spark_chip.$flatten\u_core.$add$../../rtl/spark_core.v:271$1679 ($add).
Removed top 24 bits (of 32) from port A of cell spark_chip.$flatten\u_core.$add$../../rtl/spark_core.v:271$1679 ($add).
Removed top 16 bits (of 32) from port A of cell spark_chip.$flatten\u_core.$gt$../../rtl/spark_core.v:271$1675 ($gt).
Removed top 16 bits (of 32) from port A of cell spark_chip.$flatten\u_core.$gt$../../rtl/spark_core.v:272$1669 ($gt).
Removed top 31 bits (of 32) from port B of cell spark_chip.$flatten\u_core.$add$../../rtl/spark_core.v:271$1668 ($add).
Removed top 24 bits (of 32) from port Y of cell spark_chip.$flatten\u_core.$add$../../rtl/spark_core.v:271$1668 ($add).
Removed top 24 bits (of 32) from port A of cell spark_chip.$flatten\u_core.$add$../../rtl/spark_core.v:271$1668 ($add).
Removed top 16 bits (of 32) from port A of cell spark_chip.$flatten\u_core.$gt$../../rtl/spark_core.v:271$1664 ($gt).
Removed top 16 bits (of 32) from port A of cell spark_chip.$flatten\u_core.$gt$../../rtl/spark_core.v:272$1658 ($gt).
Removed top 22 bits (of 32) from port A of cell spark_chip.$flatten\u_core.$add$../../rtl/spark_core.v:271$1656 ($add).
Removed top 28 bits (of 32) from port B of cell spark_chip.$flatten\u_core.$add$../../rtl/spark_core.v:271$1656 ($add).
Removed top 24 bits (of 32) from port Y of cell spark_chip.$flatten\u_core.$add$../../rtl/spark_core.v:271$1656 ($add).
Removed top 2 bits (of 10) from port A of cell spark_chip.$flatten\u_core.$add$../../rtl/spark_core.v:271$1656 ($add).
Removed top 16 bits (of 32) from port A of cell spark_chip.$flatten\u_core.$gt$../../rtl/spark_core.v:271$1653 ($gt).
Removed top 1 bits (of 17) from port A of cell spark_chip.$flatten\u_core.$sub$../../rtl/spark_core.v:258$1646 ($sub).
Removed top 8 bits (of 17) from port B of cell spark_chip.$flatten\u_core.$sub$../../rtl/spark_core.v:258$1646 ($sub).
Removed top 1 bits (of 17) from port Y of cell spark_chip.$flatten\u_core.$sub$../../rtl/spark_core.v:258$1646 ($sub).
Removed top 4 bits (of 18) from port A of cell spark_chip.$flatten\u_core.$gt$../../rtl/spark_core.v:256$1642 ($gt).
Removed top 28 bits (of 32) from port B of cell spark_chip.$flatten\u_core.$gt$../../rtl/spark_core.v:256$1642 ($gt).
Removed top 4 bits (of 18) from port A of cell spark_chip.$flatten\u_core.$lt$../../rtl/spark_core.v:256$1641 ($lt).
Removed top 31 bits (of 32) from port B of cell spark_chip.$flatten\u_core.$lt$../../rtl/spark_core.v:256$1641 ($lt).
Removed top 2 bits (of 18) from port A of cell spark_chip.$flatten\u_core.$sub$../../rtl/spark_core.v:254$1639 ($sub).
Removed top 2 bits (of 18) from port B of cell spark_chip.$flatten\u_core.$sub$../../rtl/spark_core.v:254$1639 ($sub).
Removed top 1 bits (of 18) from port Y of cell spark_chip.$flatten\u_core.$sub$../../rtl/spark_core.v:254$1639 ($sub).
Converting cell spark_chip.$flatten\u_core.$neg$../../rtl/spark_core.v:251$1632 ($neg) from signed to unsigned.
Removed top 1 bits (of 5) from port A of cell spark_chip.$flatten\u_core.$neg$../../rtl/spark_core.v:251$1632 ($neg).
Removed top 4 bits (of 17) from port A of cell spark_chip.$flatten\u_core.$gt$../../rtl/spark_core.v:250$1630 ($gt).
Removed top 14 bits (of 17) from port B of cell spark_chip.$flatten\u_core.$gt$../../rtl/spark_core.v:250$1630 ($gt).
Removed top 31 bits (of 32) from port B of cell spark_chip.$flatten\u_core.$lt$../../rtl/spark_core.v:248$1626 ($lt).
Removed top 10 bits (of 26) from port B of cell spark_chip.$flatten\u_core.$lt$../../rtl/spark_core.v:247$1623 ($lt).
Removed top 10 bits (of 26) from port B of cell spark_chip.$flatten\u_core.$gt$../../rtl/spark_core.v:247$1622 ($gt).
Removed top 8 bits (of 25) from port A of cell spark_chip.$flatten\u_core.$add$../../rtl/spark_core.v:246$1621 ($add).
Removed top 12 bits (of 26) from port B of cell spark_chip.$flatten\u_core.$add$../../rtl/spark_core.v:246$1621 ($add).
Removed top 8 bits (of 26) from port Y of cell spark_chip.$flatten\u_core.$add$../../rtl/spark_core.v:246$1621 ($add).
Removed top 9 bits (of 25) from port A of cell spark_chip.$flatten\u_core.$mul$../../rtl/spark_core.v:245$1618 ($mul).
Removed top 16 bits (of 24) from port B of cell spark_chip.$flatten\u_core.$mul$../../rtl/spark_core.v:245$1618 ($mul).
Removed top 28 bits (of 32) from port A of cell spark_chip.$flatten\u_core.$add$../../rtl/spark_core.v:243$1609 ($add).
Removed top 30 bits (of 32) from port B of cell spark_chip.$flatten\u_core.$add$../../rtl/spark_core.v:243$1609 ($add).
Removed top 27 bits (of 32) from port Y of cell spark_chip.$flatten\u_core.$add$../../rtl/spark_core.v:243$1609 ($add).
Removed top 1 bits (of 17) from port A of cell spark_chip.$flatten\u_core.$sub$../../rtl/spark_core.v:258$1607 ($sub).
Removed top 8 bits (of 17) from port B of cell spark_chip.$flatten\u_core.$sub$../../rtl/spark_core.v:258$1607 ($sub).
Removed top 1 bits (of 17) from port Y of cell spark_chip.$flatten\u_core.$sub$../../rtl/spark_core.v:258$1607 ($sub).
Removed top 4 bits (of 18) from port A of cell spark_chip.$flatten\u_core.$gt$../../rtl/spark_core.v:256$1603 ($gt).
Removed top 28 bits (of 32) from port B of cell spark_chip.$flatten\u_core.$gt$../../rtl/spark_core.v:256$1603 ($gt).
Removed top 4 bits (of 18) from port A of cell spark_chip.$flatten\u_core.$lt$../../rtl/spark_core.v:256$1602 ($lt).
Removed top 31 bits (of 32) from port B of cell spark_chip.$flatten\u_core.$lt$../../rtl/spark_core.v:256$1602 ($lt).
Removed top 2 bits (of 18) from port A of cell spark_chip.$flatten\u_core.$sub$../../rtl/spark_core.v:254$1600 ($sub).
Removed top 2 bits (of 18) from port B of cell spark_chip.$flatten\u_core.$sub$../../rtl/spark_core.v:254$1600 ($sub).
Removed top 1 bits (of 18) from port Y of cell spark_chip.$flatten\u_core.$sub$../../rtl/spark_core.v:254$1600 ($sub).
Converting cell spark_chip.$flatten\u_core.$neg$../../rtl/spark_core.v:251$1593 ($neg) from signed to unsigned.
Removed top 1 bits (of 5) from port A of cell spark_chip.$flatten\u_core.$neg$../../rtl/spark_core.v:251$1593 ($neg).
Removed top 4 bits (of 17) from port A of cell spark_chip.$flatten\u_core.$gt$../../rtl/spark_core.v:250$1591 ($gt).
Removed top 14 bits (of 17) from port B of cell spark_chip.$flatten\u_core.$gt$../../rtl/spark_core.v:250$1591 ($gt).
Removed top 31 bits (of 32) from port B of cell spark_chip.$flatten\u_core.$lt$../../rtl/spark_core.v:248$1587 ($lt).
Removed top 10 bits (of 26) from port B of cell spark_chip.$flatten\u_core.$lt$../../rtl/spark_core.v:247$1584 ($lt).
Removed top 10 bits (of 26) from port B of cell spark_chip.$flatten\u_core.$gt$../../rtl/spark_core.v:247$1583 ($gt).
Removed top 8 bits (of 25) from port A of cell spark_chip.$flatten\u_core.$add$../../rtl/spark_core.v:246$1582 ($add).
Removed top 12 bits (of 26) from port B of cell spark_chip.$flatten\u_core.$add$../../rtl/spark_core.v:246$1582 ($add).
Removed top 8 bits (of 26) from port Y of cell spark_chip.$flatten\u_core.$add$../../rtl/spark_core.v:246$1582 ($add).
Removed top 9 bits (of 25) from port A of cell spark_chip.$flatten\u_core.$mul$../../rtl/spark_core.v:245$1579 ($mul).
Removed top 16 bits (of 24) from port B of cell spark_chip.$flatten\u_core.$mul$../../rtl/spark_core.v:245$1579 ($mul).
Removed top 28 bits (of 32) from port A of cell spark_chip.$flatten\u_core.$add$../../rtl/spark_core.v:243$1570 ($add).
Removed top 30 bits (of 32) from port B of cell spark_chip.$flatten\u_core.$add$../../rtl/spark_core.v:243$1570 ($add).
Removed top 27 bits (of 32) from port Y of cell spark_chip.$flatten\u_core.$add$../../rtl/spark_core.v:243$1570 ($add).
Removed top 1 bits (of 17) from port A of cell spark_chip.$flatten\u_core.$sub$../../rtl/spark_core.v:258$1568 ($sub).
Removed top 8 bits (of 17) from port B of cell spark_chip.$flatten\u_core.$sub$../../rtl/spark_core.v:258$1568 ($sub).
Removed top 1 bits (of 17) from port Y of cell spark_chip.$flatten\u_core.$sub$../../rtl/spark_core.v:258$1568 ($sub).
Removed top 4 bits (of 18) from port A of cell spark_chip.$flatten\u_core.$gt$../../rtl/spark_core.v:256$1564 ($gt).
Removed top 28 bits (of 32) from port B of cell spark_chip.$flatten\u_core.$gt$../../rtl/spark_core.v:256$1564 ($gt).
Removed top 4 bits (of 18) from port A of cell spark_chip.$flatten\u_core.$lt$../../rtl/spark_core.v:256$1563 ($lt).
Removed top 31 bits (of 32) from port B of cell spark_chip.$flatten\u_core.$lt$../../rtl/spark_core.v:256$1563 ($lt).
Removed top 2 bits (of 18) from port A of cell spark_chip.$flatten\u_core.$sub$../../rtl/spark_core.v:254$1561 ($sub).
Removed top 2 bits (of 18) from port B of cell spark_chip.$flatten\u_core.$sub$../../rtl/spark_core.v:254$1561 ($sub).
Removed top 1 bits (of 18) from port Y of cell spark_chip.$flatten\u_core.$sub$../../rtl/spark_core.v:254$1561 ($sub).
Converting cell spark_chip.$flatten\u_core.$neg$../../rtl/spark_core.v:251$1554 ($neg) from signed to unsigned.
Removed top 1 bits (of 5) from port A of cell spark_chip.$flatten\u_core.$neg$../../rtl/spark_core.v:251$1554 ($neg).
Removed top 4 bits (of 17) from port A of cell spark_chip.$flatten\u_core.$gt$../../rtl/spark_core.v:250$1552 ($gt).
Removed top 14 bits (of 17) from port B of cell spark_chip.$flatten\u_core.$gt$../../rtl/spark_core.v:250$1552 ($gt).
Removed top 31 bits (of 32) from port B of cell spark_chip.$flatten\u_core.$lt$../../rtl/spark_core.v:248$1548 ($lt).
Removed top 10 bits (of 26) from port B of cell spark_chip.$flatten\u_core.$lt$../../rtl/spark_core.v:247$1545 ($lt).
Removed top 10 bits (of 26) from port B of cell spark_chip.$flatten\u_core.$gt$../../rtl/spark_core.v:247$1544 ($gt).
Removed top 8 bits (of 25) from port A of cell spark_chip.$flatten\u_core.$add$../../rtl/spark_core.v:246$1543 ($add).
Removed top 12 bits (of 26) from port B of cell spark_chip.$flatten\u_core.$add$../../rtl/spark_core.v:246$1543 ($add).
Removed top 8 bits (of 26) from port Y of cell spark_chip.$flatten\u_core.$add$../../rtl/spark_core.v:246$1543 ($add).
Removed top 9 bits (of 25) from port A of cell spark_chip.$flatten\u_core.$mul$../../rtl/spark_core.v:245$1540 ($mul).
Removed top 16 bits (of 24) from port B of cell spark_chip.$flatten\u_core.$mul$../../rtl/spark_core.v:245$1540 ($mul).
Removed top 28 bits (of 32) from port A of cell spark_chip.$flatten\u_core.$add$../../rtl/spark_core.v:243$1531 ($add).
Removed top 31 bits (of 32) from port B of cell spark_chip.$flatten\u_core.$add$../../rtl/spark_core.v:243$1531 ($add).
Removed top 27 bits (of 32) from port Y of cell spark_chip.$flatten\u_core.$add$../../rtl/spark_core.v:243$1531 ($add).
Removed top 1 bits (of 17) from port A of cell spark_chip.$flatten\u_core.$sub$../../rtl/spark_core.v:258$1529 ($sub).
Removed top 8 bits (of 17) from port B of cell spark_chip.$flatten\u_core.$sub$../../rtl/spark_core.v:258$1529 ($sub).
Removed top 1 bits (of 17) from port Y of cell spark_chip.$flatten\u_core.$sub$../../rtl/spark_core.v:258$1529 ($sub).
Removed top 4 bits (of 18) from port A of cell spark_chip.$flatten\u_core.$gt$../../rtl/spark_core.v:256$1525 ($gt).
Removed top 28 bits (of 32) from port B of cell spark_chip.$flatten\u_core.$gt$../../rtl/spark_core.v:256$1525 ($gt).
Removed top 4 bits (of 18) from port A of cell spark_chip.$flatten\u_core.$lt$../../rtl/spark_core.v:256$1524 ($lt).
Removed top 31 bits (of 32) from port B of cell spark_chip.$flatten\u_core.$lt$../../rtl/spark_core.v:256$1524 ($lt).
Removed top 2 bits (of 18) from port A of cell spark_chip.$flatten\u_core.$sub$../../rtl/spark_core.v:254$1522 ($sub).
Removed top 2 bits (of 18) from port B of cell spark_chip.$flatten\u_core.$sub$../../rtl/spark_core.v:254$1522 ($sub).
Removed top 1 bits (of 18) from port Y of cell spark_chip.$flatten\u_core.$sub$../../rtl/spark_core.v:254$1522 ($sub).
Removed top 23 bits (of 32) from port B of cell spark_chip.$flatten\u_core.$shiftx$../../rtl/spark_core.v:0$1521 ($shiftx).
Converting cell spark_chip.$flatten\u_core.$neg$../../rtl/spark_core.v:251$1515 ($neg) from signed to unsigned.
Removed top 1 bits (of 5) from port A of cell spark_chip.$flatten\u_core.$neg$../../rtl/spark_core.v:251$1515 ($neg).
Removed top 4 bits (of 17) from port A of cell spark_chip.$flatten\u_core.$gt$../../rtl/spark_core.v:250$1513 ($gt).
Removed top 14 bits (of 17) from port B of cell spark_chip.$flatten\u_core.$gt$../../rtl/spark_core.v:250$1513 ($gt).
Removed top 31 bits (of 32) from port B of cell spark_chip.$flatten\u_core.$lt$../../rtl/spark_core.v:248$1509 ($lt).
Removed top 10 bits (of 26) from port B of cell spark_chip.$flatten\u_core.$lt$../../rtl/spark_core.v:247$1506 ($lt).
Removed top 10 bits (of 26) from port B of cell spark_chip.$flatten\u_core.$gt$../../rtl/spark_core.v:247$1505 ($gt).
Removed top 8 bits (of 25) from port A of cell spark_chip.$flatten\u_core.$add$../../rtl/spark_core.v:246$1504 ($add).
Removed top 12 bits (of 26) from port B of cell spark_chip.$flatten\u_core.$add$../../rtl/spark_core.v:246$1504 ($add).
Removed top 8 bits (of 26) from port Y of cell spark_chip.$flatten\u_core.$add$../../rtl/spark_core.v:246$1504 ($add).
Removed top 9 bits (of 25) from port A of cell spark_chip.$flatten\u_core.$mul$../../rtl/spark_core.v:245$1501 ($mul).
Removed top 16 bits (of 24) from port B of cell spark_chip.$flatten\u_core.$mul$../../rtl/spark_core.v:245$1501 ($mul).
Removed top 23 bits (of 32) from port B of cell spark_chip.$flatten\u_core.$shiftx$../../rtl/spark_core.v:0$1500 ($shiftx).
Removed top 23 bits (of 32) from port B of cell spark_chip.$flatten\u_core.$shiftx$../../rtl/spark_core.v:0$1495 ($shiftx).
Removed top 12 bits (of 16) from port A of cell spark_chip.$flatten\u_core.$mul$../../rtl/spark_core.v:224$1488 ($mul).
Removed top 7 bits (of 16) from port Y of cell spark_chip.$flatten\u_core.$mul$../../rtl/spark_core.v:224$1488 ($mul).
Removed top 12 bits (of 16) from port A of cell spark_chip.$flatten\u_core.$mul$../../rtl/spark_core.v:224$1486 ($mul).
Removed top 7 bits (of 16) from port Y of cell spark_chip.$flatten\u_core.$mul$../../rtl/spark_core.v:224$1486 ($mul).
Removed top 12 bits (of 16) from port A of cell spark_chip.$flatten\u_core.$mul$../../rtl/spark_core.v:224$1484 ($mul).
Removed top 7 bits (of 16) from port Y of cell spark_chip.$flatten\u_core.$mul$../../rtl/spark_core.v:224$1484 ($mul).
Removed top 12 bits (of 16) from port A of cell spark_chip.$flatten\u_core.$mul$../../rtl/spark_core.v:224$1482 ($mul).
Removed top 7 bits (of 16) from port Y of cell spark_chip.$flatten\u_core.$mul$../../rtl/spark_core.v:224$1482 ($mul).
Removed top 12 bits (of 16) from port A of cell spark_chip.$flatten\u_core.$mul$../../rtl/spark_core.v:224$1480 ($mul).
Removed top 7 bits (of 16) from port Y of cell spark_chip.$flatten\u_core.$mul$../../rtl/spark_core.v:224$1480 ($mul).
Removed top 12 bits (of 16) from port A of cell spark_chip.$flatten\u_core.$mul$../../rtl/spark_core.v:224$1478 ($mul).
Removed top 7 bits (of 16) from port Y of cell spark_chip.$flatten\u_core.$mul$../../rtl/spark_core.v:224$1478 ($mul).
Removed top 12 bits (of 16) from port A of cell spark_chip.$flatten\u_core.$mul$../../rtl/spark_core.v:224$1476 ($mul).
Removed top 7 bits (of 16) from port Y of cell spark_chip.$flatten\u_core.$mul$../../rtl/spark_core.v:224$1476 ($mul).
Removed top 12 bits (of 16) from port A of cell spark_chip.$flatten\u_core.$mul$../../rtl/spark_core.v:224$1474 ($mul).
Removed top 7 bits (of 16) from port Y of cell spark_chip.$flatten\u_core.$mul$../../rtl/spark_core.v:224$1474 ($mul).
Removed top 1 bits (of 5) from port A of cell spark_chip.$flatten\u_core.$sub$../../rtl/spark_core.v:209$1470 ($sub).
Removed top 1 bits (of 5) from port B of cell spark_chip.$flatten\u_core.$sub$../../rtl/spark_core.v:209$1470 ($sub).
Removed top 1 bits (of 5) from port A of cell spark_chip.$flatten\u_core.$sub$../../rtl/spark_core.v:204$1465 ($sub).
Removed top 1 bits (of 5) from port B of cell spark_chip.$flatten\u_core.$sub$../../rtl/spark_core.v:204$1465 ($sub).
Removed top 1 bits (of 5) from port A of cell spark_chip.$flatten\u_core.$sub$../../rtl/spark_core.v:209$1463 ($sub).
Removed top 1 bits (of 5) from port B of cell spark_chip.$flatten\u_core.$sub$../../rtl/spark_core.v:209$1463 ($sub).
Removed top 1 bits (of 5) from port A of cell spark_chip.$flatten\u_core.$sub$../../rtl/spark_core.v:204$1458 ($sub).
Removed top 1 bits (of 5) from port B of cell spark_chip.$flatten\u_core.$sub$../../rtl/spark_core.v:204$1458 ($sub).
Removed top 1 bits (of 5) from port A of cell spark_chip.$flatten\u_core.$sub$../../rtl/spark_core.v:209$1456 ($sub).
Removed top 1 bits (of 5) from port B of cell spark_chip.$flatten\u_core.$sub$../../rtl/spark_core.v:209$1456 ($sub).
Removed top 1 bits (of 5) from port A of cell spark_chip.$flatten\u_core.$sub$../../rtl/spark_core.v:204$1451 ($sub).
Removed top 1 bits (of 5) from port B of cell spark_chip.$flatten\u_core.$sub$../../rtl/spark_core.v:204$1451 ($sub).
Removed top 1 bits (of 5) from port A of cell spark_chip.$flatten\u_core.$sub$../../rtl/spark_core.v:209$1449 ($sub).
Removed top 1 bits (of 5) from port B of cell spark_chip.$flatten\u_core.$sub$../../rtl/spark_core.v:209$1449 ($sub).
Removed top 1 bits (of 5) from port A of cell spark_chip.$flatten\u_core.$sub$../../rtl/spark_core.v:204$1444 ($sub).
Removed top 1 bits (of 5) from port B of cell spark_chip.$flatten\u_core.$sub$../../rtl/spark_core.v:204$1444 ($sub).
Removed top 1 bits (of 5) from port A of cell spark_chip.$flatten\u_core.$sub$../../rtl/spark_core.v:209$1442 ($sub).
Removed top 1 bits (of 5) from port B of cell spark_chip.$flatten\u_core.$sub$../../rtl/spark_core.v:209$1442 ($sub).
Removed top 1 bits (of 5) from port A of cell spark_chip.$flatten\u_core.$sub$../../rtl/spark_core.v:204$1437 ($sub).
Removed top 1 bits (of 5) from port B of cell spark_chip.$flatten\u_core.$sub$../../rtl/spark_core.v:204$1437 ($sub).
Removed top 1 bits (of 5) from port A of cell spark_chip.$flatten\u_core.$sub$../../rtl/spark_core.v:209$1435 ($sub).
Removed top 1 bits (of 5) from port B of cell spark_chip.$flatten\u_core.$sub$../../rtl/spark_core.v:209$1435 ($sub).
Removed top 1 bits (of 5) from port A of cell spark_chip.$flatten\u_core.$sub$../../rtl/spark_core.v:204$1430 ($sub).
Removed top 1 bits (of 5) from port B of cell spark_chip.$flatten\u_core.$sub$../../rtl/spark_core.v:204$1430 ($sub).
Removed top 1 bits (of 5) from port A of cell spark_chip.$flatten\u_core.$sub$../../rtl/spark_core.v:209$1428 ($sub).
Removed top 1 bits (of 5) from port B of cell spark_chip.$flatten\u_core.$sub$../../rtl/spark_core.v:209$1428 ($sub).
Removed top 1 bits (of 5) from port A of cell spark_chip.$flatten\u_core.$sub$../../rtl/spark_core.v:204$1423 ($sub).
Removed top 1 bits (of 5) from port B of cell spark_chip.$flatten\u_core.$sub$../../rtl/spark_core.v:204$1423 ($sub).
Removed top 1 bits (of 5) from port A of cell spark_chip.$flatten\u_core.$sub$../../rtl/spark_core.v:209$1421 ($sub).
Removed top 1 bits (of 5) from port B of cell spark_chip.$flatten\u_core.$sub$../../rtl/spark_core.v:209$1421 ($sub).
Removed top 1 bits (of 5) from port A of cell spark_chip.$flatten\u_core.$sub$../../rtl/spark_core.v:204$1416 ($sub).
Removed top 1 bits (of 5) from port B of cell spark_chip.$flatten\u_core.$sub$../../rtl/spark_core.v:204$1416 ($sub).
Removed top 7 bits (of 8) from port A of cell spark_chip.$flatten\u_core.$add$../../rtl/spark_core.v:197$1402 ($add).
Removed top 6 bits (of 8) from port Y of cell spark_chip.$flatten\u_core.$add$../../rtl/spark_core.v:197$1402 ($add).
Removed top 7 bits (of 8) from port A of cell spark_chip.$flatten\u_core.$add$../../rtl/spark_core.v:196$1401 ($add).
Removed top 6 bits (of 8) from port Y of cell spark_chip.$flatten\u_core.$add$../../rtl/spark_core.v:196$1401 ($add).
Removed top 1 bits (of 2) from port B of cell spark_chip.$flatten\u_core.$gt$../../rtl/spark_core.v:176$1392 ($gt).
Removed top 1 bits (of 3) from port B of cell spark_chip.$flatten\u_core.$eq$../../rtl/spark_core.v:126$1382 ($eq).
Removed top 1 bits (of 3) from port B of cell spark_chip.$flatten\u_core.$eq$../../rtl/spark_core.v:125$1380 ($eq).
Removed top 2 bits (of 3) from port B of cell spark_chip.$flatten\u_core.$eq$../../rtl/spark_core.v:120$1378 ($eq).
Removed top 26 bits (of 32) from mux cell spark_chip.$flatten\u_core.$ternary$../../rtl/spark_core.v:110$1371 ($mux).
Removed top 28 bits (of 32) from mux cell spark_chip.$flatten\u_core.$ternary$../../rtl/spark_core.v:109$1370 ($mux).
Removed top 1 bits (of 4) from port B of cell spark_chip.$flatten\u_core.$ge$../../rtl/spark_core.v:84$1356 ($ge).
Removed top 15 bits (of 16) from port B of cell spark_chip.$flatten\u_tx.$add$../../board/uart_tx.v:45$2200 ($add).
Removed top 3 bits (of 4) from port B of cell spark_chip.$flatten\u_tx.$add$../../board/uart_tx.v:43$2199 ($add).
Removed top 14 bits (of 16) from port B of cell spark_chip.$flatten\u_tx.$eq$../../board/uart_tx.v:35$2197 ($eq).
Removed top 1 bits (of 2) from port B of cell spark_chip.$flatten\u_rx.$procmux$7168_CMP0 ($eq).
Removed top 2 bits (of 3) from port B of cell spark_chip.$flatten\u_rx.$add$../../board/uart_rx.v:50$2185 ($add).
Removed top 14 bits (of 16) from port B of cell spark_chip.$flatten\u_rx.$eq$../../board/uart_rx.v:46$2183 ($eq).
Removed top 15 bits (of 16) from port B of cell spark_chip.$flatten\u_rx.$add$../../board/uart_rx.v:44$2182 ($add).
Removed top 15 bits (of 16) from port B of cell spark_chip.$flatten\u_rx.$eq$../../board/uart_rx.v:40$2180 ($eq).
Removed top 2 bits (of 6) from mux cell spark_chip.$flatten\u_core.$procmux$6764 ($pmux).
Removed top 2 bits (of 6) from mux cell spark_chip.$flatten\u_core.$procmux$6759 ($pmux).
Removed top 1 bits (of 6) from mux cell spark_chip.$flatten\u_core.$procmux$6754 ($pmux).
Removed top 1 bits (of 6) from mux cell spark_chip.$flatten\u_core.$procmux$6749 ($pmux).
Removed top 1 bits (of 6) from mux cell spark_chip.$flatten\u_core.$procmux$6682 ($mux).
Removed top 2 bits (of 6) from mux cell spark_chip.$flatten\u_core.$procmux$6676 ($mux).
Removed top 2 bits (of 6) from mux cell spark_chip.$flatten\u_core.$procmux$6670 ($mux).
Removed top 2 bits (of 6) from mux cell spark_chip.$flatten\u_core.$procmux$6664 ($mux).
Removed top 2 bits (of 6) from mux cell spark_chip.$flatten\u_core.$procmux$6632 ($mux).
Removed top 2 bits (of 6) from mux cell spark_chip.$flatten\u_core.$procmux$6629 ($mux).
Removed top 41 bits (of 43) from mux cell spark_chip.$flatten\u_core.$procmux$6366 ($mux).
Removed top 2 bits (of 6) from mux cell spark_chip.$flatten\u_core.$procmux$5787 ($pmux).
Removed top 2 bits (of 6) from mux cell spark_chip.$flatten\u_core.$procmux$5776 ($pmux).
Removed top 2 bits (of 6) from mux cell spark_chip.$flatten\u_core.$procmux$5765 ($pmux).
Removed top 1 bits (of 6) from mux cell spark_chip.$flatten\u_core.$procmux$5754 ($pmux).
Removed top 2 bits (of 6) from mux cell spark_chip.$flatten\u_core.$procmux$5528 ($mux).
Removed top 2 bits (of 6) from mux cell spark_chip.$flatten\u_core.$procmux$5522 ($mux).
Removed top 1 bits (of 6) from mux cell spark_chip.$flatten\u_core.$procmux$5516 ($mux).
Removed top 1 bits (of 6) from mux cell spark_chip.$flatten\u_core.$procmux$5510 ($mux).
Removed top 2 bits (of 6) from mux cell spark_chip.$flatten\u_core.$procmux$5252 ($mux).
Removed top 2 bits (of 6) from mux cell spark_chip.$flatten\u_core.$procmux$5246 ($mux).
Removed top 2 bits (of 6) from mux cell spark_chip.$flatten\u_core.$procmux$5183 ($pmux).
Removed top 2 bits (of 6) from mux cell spark_chip.$flatten\u_core.$procmux$5174 ($pmux).
Removed top 1 bits (of 7) from port B of cell spark_chip.$flatten\u_core.$eq$../../rtl/spark_core.v:459$2106 ($eq).
Removed top 1 bits (of 7) from port B of cell spark_chip.$flatten\u_core.$lt$../../rtl/spark_core.v:308$1810 ($lt).
Removed top 1 bits (of 14) from port A of cell spark_chip.$flatten\u_core.$gt$../../rtl/spark_core.v:256$1642 ($gt).
Removed top 1 bits (of 14) from port A of cell spark_chip.$flatten\u_core.$lt$../../rtl/spark_core.v:256$1641 ($lt).
Removed top 22 bits (of 32) from port B of cell spark_chip.$flatten\u_core.$shiftx$../../rtl/spark_core.v:0$1638 ($shiftx).
Removed top 22 bits (of 32) from port B of cell spark_chip.$flatten\u_core.$shiftx$../../rtl/spark_core.v:0$1617 ($shiftx).
Removed top 22 bits (of 32) from port B of cell spark_chip.$flatten\u_core.$shiftx$../../rtl/spark_core.v:0$1612 ($shiftx).
Removed top 1 bits (of 14) from port A of cell spark_chip.$flatten\u_core.$gt$../../rtl/spark_core.v:256$1603 ($gt).
Removed top 1 bits (of 14) from port A of cell spark_chip.$flatten\u_core.$lt$../../rtl/spark_core.v:256$1602 ($lt).
Removed top 22 bits (of 32) from port B of cell spark_chip.$flatten\u_core.$shiftx$../../rtl/spark_core.v:0$1599 ($shiftx).
Removed top 22 bits (of 32) from port B of cell spark_chip.$flatten\u_core.$shiftx$../../rtl/spark_core.v:0$1578 ($shiftx).
Removed top 22 bits (of 32) from port B of cell spark_chip.$flatten\u_core.$shiftx$../../rtl/spark_core.v:0$1573 ($shiftx).
Removed top 1 bits (of 14) from port A of cell spark_chip.$flatten\u_core.$gt$../../rtl/spark_core.v:256$1564 ($gt).
Removed top 1 bits (of 14) from port A of cell spark_chip.$flatten\u_core.$lt$../../rtl/spark_core.v:256$1563 ($lt).
Removed top 22 bits (of 32) from port B of cell spark_chip.$flatten\u_core.$shiftx$../../rtl/spark_core.v:0$1560 ($shiftx).
Removed top 22 bits (of 32) from port B of cell spark_chip.$flatten\u_core.$shiftx$../../rtl/spark_core.v:0$1539 ($shiftx).
Removed top 22 bits (of 32) from port B of cell spark_chip.$flatten\u_core.$shiftx$../../rtl/spark_core.v:0$1534 ($shiftx).
Removed top 1 bits (of 14) from port A of cell spark_chip.$flatten\u_core.$gt$../../rtl/spark_core.v:256$1525 ($gt).
Removed top 1 bits (of 14) from port A of cell spark_chip.$flatten\u_core.$lt$../../rtl/spark_core.v:256$1524 ($lt).
Removed top 2 bits (of 6) from mux cell spark_chip.$flatten\u_core.$procmux$6114 ($mux).
Removed top 2 bits (of 6) from mux cell spark_chip.$flatten\u_core.$procmux$6104 ($mux).
Removed top 1 bits (of 6) from mux cell spark_chip.$flatten\u_core.$procmux$6094 ($mux).
Removed top 1 bits (of 6) from mux cell spark_chip.$flatten\u_core.$procmux$6084 ($mux).
Removed top 2 bits (of 6) from mux cell spark_chip.$flatten\u_core.$procmux$5623 ($pmux).
Removed top 1 bits (of 6) from mux cell spark_chip.$flatten\u_core.$procmux$5614 ($pmux).
Removed top 1 bits (of 6) from mux cell spark_chip.$flatten\u_core.$procmux$5605 ($pmux).
Removed top 2 bits (of 6) from mux cell spark_chip.$flatten\u_core.$procmux$5596 ($pmux).
Removed top 2 bits (of 6) from mux cell spark_chip.$flatten\u_core.$procmux$5949 ($pmux).
Removed top 1 bits (of 6) from mux cell spark_chip.$flatten\u_core.$procmux$5934 ($pmux).
Removed top 1 bits (of 6) from mux cell spark_chip.$flatten\u_core.$procmux$5919 ($pmux).
Removed top 2 bits (of 6) from mux cell spark_chip.$flatten\u_core.$procmux$5904 ($pmux).
Removed top 1 bits (of 6) from port Y of cell spark_chip.$flatten\u_core.$sub$../../rtl/spark_core.v:316$1828 ($sub).
Removed top 1 bits (of 6) from port A of cell spark_chip.$flatten\u_core.$sub$../../rtl/spark_core.v:316$1828 ($sub).
Removed top 2 bits (of 6) from wire spark_chip.$flatten\u_core.$1\acc_wa[0][5:0].
Removed top 2 bits (of 6) from wire spark_chip.$flatten\u_core.$1\acc_wa[1][5:0].
Removed top 1 bits (of 6) from wire spark_chip.$flatten\u_core.$1\acc_wa[2][5:0].
Removed top 1 bits (of 6) from wire spark_chip.$flatten\u_core.$1\acc_wa[3][5:0].
Removed top 2 bits (of 6) from wire spark_chip.$flatten\u_core.$1\h_wa[0][5:0].
Removed top 2 bits (of 6) from wire spark_chip.$flatten\u_core.$1\h_wa[1][5:0].
Removed top 13 bits (of 17) from wire spark_chip.$flatten\u_core.$1\mag[16:0].
Removed top 1 bits (of 4) from wire spark_chip.$flatten\u_core.$1\sel[3:0].
Removed top 1 bits (of 6) from wire spark_chip.$flatten\u_core.$1\sn_wa[0][5:0].
Removed top 5 bits (of 6) from wire spark_chip.$flatten\u_core.$1\sn_wa[1][5:0].
Removed top 2 bits (of 6) from wire spark_chip.$flatten\u_core.$1\sn_wa[2][5:0].
Removed top 3 bits (of 6) from wire spark_chip.$flatten\u_core.$1\sn_wa[3][5:0].
Removed top 2 bits (of 6) from wire spark_chip.$flatten\u_core.$2\acc_ra[0][5:0].
Removed top 5 bits (of 6) from wire spark_chip.$flatten\u_core.$2\acc_ra[1][5:0].
Removed top 1 bits (of 6) from wire spark_chip.$flatten\u_core.$2\acc_ra[2][5:0].
Removed top 2 bits (of 6) from wire spark_chip.$flatten\u_core.$2\acc_ra[3][5:0].
Removed top 2 bits (of 6) from wire spark_chip.$flatten\u_core.$2\acc_wa[0][5:0].
Removed top 3 bits (of 6) from wire spark_chip.$flatten\u_core.$2\acc_wa[1][5:0].
Removed top 1 bits (of 6) from wire spark_chip.$flatten\u_core.$2\acc_wa[2][5:0].
Removed top 1 bits (of 6) from wire spark_chip.$flatten\u_core.$2\acc_wa[3][5:0].
Removed top 1 bits (of 128) from wire spark_chip.$flatten\u_core.$2\acc_wd[0][127:0].
Removed top 37 bits (of 128) from wire spark_chip.$flatten\u_core.$2\acc_wd[1][127:0].
Removed top 5 bits (of 128) from wire spark_chip.$flatten\u_core.$2\acc_wd[2][127:0].
Removed top 5 bits (of 128) from wire spark_chip.$flatten\u_core.$2\acc_wd[3][127:0].
Removed top 2 bits (of 6) from wire spark_chip.$flatten\u_core.$2\h_ra[0][5:0].
Removed top 3 bits (of 6) from wire spark_chip.$flatten\u_core.$2\h_ra[1][5:0].
Removed top 2 bits (of 6) from wire spark_chip.$flatten\u_core.$2\h_wa[0][5:0].
Removed top 3 bits (of 6) from wire spark_chip.$flatten\u_core.$2\h_wa[1][5:0].
Removed top 13 bits (of 17) from wire spark_chip.$flatten\u_core.$2\mag[16:0].
Removed top 1 bits (of 4) from wire spark_chip.$flatten\u_core.$2\sel[3:0].
Removed top 1 bits (of 6) from wire spark_chip.$flatten\u_core.$2\sn_wa[0][5:0].
Removed top 2 bits (of 6) from wire spark_chip.$flatten\u_core.$2\sn_wa[1][5:0].
Removed top 2 bits (of 6) from wire spark_chip.$flatten\u_core.$2\sn_wa[2][5:0].
Removed top 2 bits (of 6) from wire spark_chip.$flatten\u_core.$2\sn_wa[3][5:0].
Removed top 1 bits (of 43) from wire spark_chip.$flatten\u_core.$2\t_wd[42:0].
Removed top 2 bits (of 6) from wire spark_chip.$flatten\u_core.$3\acc_ra[0][5:0].
Removed top 5 bits (of 6) from wire spark_chip.$flatten\u_core.$3\acc_ra[1][5:0].
Removed top 1 bits (of 6) from wire spark_chip.$flatten\u_core.$3\acc_ra[2][5:0].
Removed top 2 bits (of 6) from wire spark_chip.$flatten\u_core.$3\acc_ra[3][5:0].
Removed top 21 bits (of 128) from wire spark_chip.$flatten\u_core.$3\acc_wd[0][127:0].
Removed top 5 bits (of 128) from wire spark_chip.$flatten\u_core.$3\acc_wd[1][127:0].
Removed top 21 bits (of 128) from wire spark_chip.$flatten\u_core.$3\acc_wd[2][127:0].
Removed top 5 bits (of 128) from wire spark_chip.$flatten\u_core.$3\acc_wd[3][127:0].
Removed top 13 bits (of 17) from wire spark_chip.$flatten\u_core.$3\mag[16:0].
Removed top 1 bits (of 4) from wire spark_chip.$flatten\u_core.$3\sel[3:0].
Removed top 2 bits (of 6) from wire spark_chip.$flatten\u_core.$4\acc_ra[0][5:0].
Removed top 3 bits (of 6) from wire spark_chip.$flatten\u_core.$4\acc_ra[1][5:0].
Removed top 1 bits (of 6) from wire spark_chip.$flatten\u_core.$4\acc_ra[2][5:0].
Removed top 1 bits (of 6) from wire spark_chip.$flatten\u_core.$4\acc_ra[3][5:0].
Removed top 9 bits (of 128) from wire spark_chip.$flatten\u_core.$4\acc_wd[0][127:0].
Removed top 1 bits (of 4) from wire spark_chip.$flatten\u_core.$4\sel[3:0].
Removed top 1 bits (of 4) from wire spark_chip.$flatten\u_core.$5\sel[3:0].
Removed top 1 bits (of 4) from wire spark_chip.$flatten\u_core.$6\sel[3:0].
Removed top 1 bits (of 4) from wire spark_chip.$flatten\u_core.$7\sel[3:0].
Removed top 23 bits (of 32) from wire spark_chip.$flatten\u_core.$add$../../rtl/spark_core.v:0$1533_Y.
Removed top 23 bits (of 32) from wire spark_chip.$flatten\u_core.$add$../../rtl/spark_core.v:0$1572_Y.
Removed top 23 bits (of 32) from wire spark_chip.$flatten\u_core.$add$../../rtl/spark_core.v:0$1611_Y.
Removed top 6 bits (of 8) from wire spark_chip.$flatten\u_core.$add$../../rtl/spark_core.v:196$1401_Y.
Removed top 6 bits (of 8) from wire spark_chip.$flatten\u_core.$add$../../rtl/spark_core.v:197$1402_Y.
Removed top 24 bits (of 32) from wire spark_chip.$flatten\u_core.$add$../../rtl/spark_core.v:271$1656_Y.
Removed top 24 bits (of 32) from wire spark_chip.$flatten\u_core.$add$../../rtl/spark_core.v:271$1679_Y.
Removed top 21 bits (of 32) from wire spark_chip.$flatten\u_core.$add$../../rtl/spark_core.v:280$1746_Y.
Removed top 21 bits (of 32) from wire spark_chip.$flatten\u_core.$add$../../rtl/spark_core.v:281$1749_Y.
Removed top 21 bits (of 32) from wire spark_chip.$flatten\u_core.$add$../../rtl/spark_core.v:282$1752_Y.
Removed top 20 bits (of 32) from wire spark_chip.$flatten\u_core.$add$../../rtl/spark_core.v:309$1814_Y.
Removed top 25 bits (of 32) from wire spark_chip.$flatten\u_core.$add$../../rtl/spark_core.v:418$1997_Y.
Removed top 24 bits (of 32) from wire spark_chip.$flatten\u_core.$add$../../rtl/spark_core.v:429$2010_Y.
Removed top 24 bits (of 32) from wire spark_chip.$flatten\u_core.$add$../../rtl/spark_core.v:446$2063_Y.
Removed top 16 bits (of 32) from wire spark_chip.$flatten\u_core.$add$../../rtl/spark_core.v:451$2102_Y.
Removed top 25 bits (of 32) from wire spark_chip.$flatten\u_core.$add$../../rtl/spark_core.v:460$2107_Y.
Removed top 28 bits (of 32) from wire spark_chip.$flatten\u_core.$and$../../rtl/spark_core.v:0$2087_Y.
Removed top 8 bits (of 16) from wire spark_chip.$flatten\u_core.$mul$../../rtl/spark_core.v:224$1474_Y.
Removed top 1 bits (of 5) from wire spark_chip.$flatten\u_core.$neg$../../rtl/spark_core.v:251$1554_Y.
Removed top 1 bits (of 5) from wire spark_chip.$flatten\u_core.$neg$../../rtl/spark_core.v:251$1593_Y.
Removed top 5 bits (of 8) from wire spark_chip.$flatten\u_core.$not$../../rtl/spark_core.v:0$2071_Y.
Removed top 1 bits (of 5) from wire spark_chip.$flatten\u_core.$procmux$4781_Y.
Removed top 1 bits (of 5) from wire spark_chip.$flatten\u_core.$procmux$4786_Y.
Removed top 2 bits (of 5) from wire spark_chip.$flatten\u_core.$procmux$4793_Y.
Removed top 1 bits (of 5) from wire spark_chip.$flatten\u_core.$procmux$4802_Y.
Removed top 3 bits (of 5) from wire spark_chip.$flatten\u_core.$procmux$4809_Y.
Removed top 1 bits (of 5) from wire spark_chip.$flatten\u_core.$procmux$4828_Y.
Removed top 2 bits (of 5) from wire spark_chip.$flatten\u_core.$procmux$4838_Y.
Removed top 3 bits (of 16) from wire spark_chip.$flatten\u_core.$shiftx$../../rtl/spark_core.v:0$1534_Y.
Removed top 3 bits (of 16) from wire spark_chip.$flatten\u_core.$shiftx$../../rtl/spark_core.v:0$1539_Y.
Removed top 3 bits (of 16) from wire spark_chip.$flatten\u_core.$shiftx$../../rtl/spark_core.v:0$1573_Y.
Removed top 3 bits (of 16) from wire spark_chip.$flatten\u_core.$shiftx$../../rtl/spark_core.v:0$1578_Y.
Removed top 4 bits (of 17) from wire spark_chip.$flatten\u_core.$shr$../../rtl/spark_core.v:249$1512_Y.
Removed top 4 bits (of 17) from wire spark_chip.$flatten\u_core.$shr$../../rtl/spark_core.v:249$1551_Y.
Removed top 4 bits (of 17) from wire spark_chip.$flatten\u_core.$shr$../../rtl/spark_core.v:249$1590_Y.
Removed top 4 bits (of 17) from wire spark_chip.$flatten\u_core.$shr$../../rtl/spark_core.v:249$1629_Y.
Removed top 1 bits (of 17) from wire spark_chip.$flatten\u_core.$sub$../../rtl/spark_core.v:258$1529_Y.
Removed top 1 bits (of 17) from wire spark_chip.$flatten\u_core.$sub$../../rtl/spark_core.v:258$1568_Y.
Removed top 1 bits (of 17) from wire spark_chip.$flatten\u_core.$sub$../../rtl/spark_core.v:258$1607_Y.
Removed top 28 bits (of 32) from wire spark_chip.$flatten\u_core.$ternary$../../rtl/spark_core.v:109$1370_Y.
Removed top 26 bits (of 32) from wire spark_chip.$flatten\u_core.$ternary$../../rtl/spark_core.v:110$1371_Y.
Removed top 13 bits (of 17) from wire spark_chip.$flatten\u_core.$ternary$../../rtl/spark_core.v:248$1511_Y.
Removed top 13 bits (of 17) from wire spark_chip.$flatten\u_core.$ternary$../../rtl/spark_core.v:248$1550_Y.
Removed top 13 bits (of 17) from wire spark_chip.$flatten\u_core.$ternary$../../rtl/spark_core.v:248$1589_Y.
Removed top 13 bits (of 17) from wire spark_chip.$flatten\u_core.$ternary$../../rtl/spark_core.v:248$1628_Y.
Removed top 3 bits (of 5) from wire spark_chip.$flatten\u_core.$ternary$../../rtl/spark_core.v:251$1555_Y.
Removed top 1 bits (of 5) from wire spark_chip.$flatten\u_core.$ternary$../../rtl/spark_core.v:251$1594_Y.
Removed top 1 bits (of 43) from wire spark_chip.$flatten\u_core.$ternary$../../rtl/spark_core.v:300$1808_Y.
Removed top 1 bits (of 5) from wire spark_chip.$flatten\u_core.$ternary$../../rtl/spark_core.v:411$1994_Y.
Removed top 2 bits (of 6) from wire spark_chip.$flatten\u_core.\u_acc0.$0$memwr$\mem$../spark_ram_asic.v:23$1200_ADDR[5:0]$1204.
Removed top 2 bits (of 6) from wire spark_chip.$flatten\u_core.\u_acc1.$0$memwr$\mem$../spark_ram_asic.v:23$1200_ADDR[5:0]$1204.
Removed top 1 bits (of 6) from wire spark_chip.$flatten\u_core.\u_acc2.$0$memwr$\mem$../spark_ram_asic.v:23$1210_ADDR[5:0]$1214.
Removed top 1 bits (of 6) from wire spark_chip.$flatten\u_core.\u_acc3.$0$memwr$\mem$../spark_ram_asic.v:23$1210_ADDR[5:0]$1214.
Removed top 2 bits (of 6) from wire spark_chip.$flatten\u_core.\u_h0.$0$memwr$\mem$../spark_ram_asic.v:23$1200_ADDR[5:0]$1204.
Removed top 2 bits (of 6) from wire spark_chip.$flatten\u_core.\u_h1.$0$memwr$\mem$../spark_ram_asic.v:23$1200_ADDR[5:0]$1204.
Removed top 1 bits (of 6) from wire spark_chip.$flatten\u_core.\u_sn0.$0$memwr$\mem$../spark_ram_asic.v:23$1190_ADDR[5:0]$1194.
Removed top 2 bits (of 6) from wire spark_chip.$flatten\u_core.\u_sn1.$0$memwr$\mem$../spark_ram_asic.v:23$1180_ADDR[5:0]$1184.
Removed top 2 bits (of 6) from wire spark_chip.$flatten\u_core.\u_sn2.$0$memwr$\mem$../spark_ram_asic.v:23$1180_ADDR[5:0]$1184.
Removed top 2 bits (of 6) from wire spark_chip.$flatten\u_core.\u_sn3.$0$memwr$\mem$../spark_ram_asic.v:23$1180_ADDR[5:0]$1184.
Removed top 8 bits (of 16) from wire spark_chip.arb_th.
Removed top 6 bits (of 8) from wire spark_chip.rbuf[1].

10.11. Executing PEEPOPT pass (run peephole optimizers).

10.12. Executing OPT_CLEAN pass (remove unused cells and wires).
Finding unused cells or wires in module \spark_chip..
Removed 0 unused cells and 126 unused wires.
<suppressed ~1 debug messages>

10.13. Executing ALUMACC pass (create $alu and $macc cells).
Extracting $alu and $macc cells in module spark_chip:
  creating $macc model for $add$../../rtl/spark_chip.v:114$1176 ($add).
  creating $macc model for $flatten\u_core.$add$../../rtl/spark_core.v:196$1401 ($add).
  creating $macc model for $flatten\u_core.$add$../../rtl/spark_core.v:196$1403 ($add).
  creating $macc model for $flatten\u_core.$add$../../rtl/spark_core.v:196$1405 ($add).
  creating $macc model for $flatten\u_core.$add$../../rtl/spark_core.v:196$1407 ($add).
  creating $macc model for $flatten\u_core.$add$../../rtl/spark_core.v:196$1409 ($add).
  creating $macc model for $flatten\u_core.$add$../../rtl/spark_core.v:196$1411 ($add).
  creating $macc model for $flatten\u_core.$add$../../rtl/spark_core.v:196$1413 ($add).
  creating $macc model for $flatten\u_core.$add$../../rtl/spark_core.v:197$1402 ($add).
  creating $macc model for $flatten\u_core.$add$../../rtl/spark_core.v:197$1404 ($add).
  creating $macc model for $flatten\u_core.$add$../../rtl/spark_core.v:197$1406 ($add).
  creating $macc model for $flatten\u_core.$add$../../rtl/spark_core.v:197$1408 ($add).
  creating $macc model for $flatten\u_core.$add$../../rtl/spark_core.v:197$1410 ($add).
  creating $macc model for $flatten\u_core.$add$../../rtl/spark_core.v:197$1412 ($add).
  creating $macc model for $flatten\u_core.$add$../../rtl/spark_core.v:197$1414 ($add).
  creating $macc model for $flatten\u_core.$add$../../rtl/spark_core.v:223$1475 ($add).
  creating $macc model for $flatten\u_core.$add$../../rtl/spark_core.v:223$1477 ($add).
  creating $macc model for $flatten\u_core.$add$../../rtl/spark_core.v:223$1479 ($add).
  creating $macc model for $flatten\u_core.$add$../../rtl/spark_core.v:223$1481 ($add).
  creating $macc model for $flatten\u_core.$add$../../rtl/spark_core.v:223$1483 ($add).
  creating $macc model for $flatten\u_core.$add$../../rtl/spark_core.v:223$1485 ($add).
  creating $macc model for $flatten\u_core.$add$../../rtl/spark_core.v:223$1487 ($add).
  creating $macc model for $flatten\u_core.$add$../../rtl/spark_core.v:223$1489 ($add).
  creating $macc model for $flatten\u_core.$add$../../rtl/spark_core.v:243$1531 ($add).
  creating $macc model for $flatten\u_core.$add$../../rtl/spark_core.v:243$1570 ($add).
  creating $macc model for $flatten\u_core.$add$../../rtl/spark_core.v:243$1609 ($add).
  creating $macc model for $flatten\u_core.$add$../../rtl/spark_core.v:246$1504 ($add).
  creating $macc model for $flatten\u_core.$add$../../rtl/spark_core.v:246$1543 ($add).
  creating $macc model for $flatten\u_core.$add$../../rtl/spark_core.v:246$1582 ($add).
  creating $macc model for $flatten\u_core.$add$../../rtl/spark_core.v:246$1621 ($add).
  creating $macc model for $flatten\u_core.$add$../../rtl/spark_core.v:271$1656 ($add).
  creating $macc model for $flatten\u_core.$add$../../rtl/spark_core.v:271$1668 ($add).
  creating $macc model for $flatten\u_core.$add$../../rtl/spark_core.v:271$1679 ($add).
  creating $macc model for $flatten\u_core.$add$../../rtl/spark_core.v:271$1690 ($add).
  creating $macc model for $flatten\u_core.$add$../../rtl/spark_core.v:280$1746 ($add).
  creating $macc model for $flatten\u_core.$add$../../rtl/spark_core.v:281$1749 ($add).
  creating $macc model for $flatten\u_core.$add$../../rtl/spark_core.v:282$1752 ($add).
  creating $macc model for $flatten\u_core.$add$../../rtl/spark_core.v:301$1806 ($add).
  creating $macc model for $flatten\u_core.$add$../../rtl/spark_core.v:309$1814 ($add).
  creating $macc model for $flatten\u_core.$add$../../rtl/spark_core.v:311$1818 ($add).
  creating $macc model for $flatten\u_core.$add$../../rtl/spark_core.v:358$1849 ($add).
  creating $macc model for $flatten\u_core.$add$../../rtl/spark_core.v:374$1932 ($add).
  creating $macc model for $flatten\u_core.$add$../../rtl/spark_core.v:379$1981 ($add).
  creating $macc model for $flatten\u_core.$add$../../rtl/spark_core.v:380$1982 ($add).
  creating $macc model for $flatten\u_core.$add$../../rtl/spark_core.v:418$1997 ($add).
  creating $macc model for $flatten\u_core.$add$../../rtl/spark_core.v:419$1999 ($add).
  creating $macc model for $flatten\u_core.$add$../../rtl/spark_core.v:419$2000 ($add).
  creating $macc model for $flatten\u_core.$add$../../rtl/spark_core.v:429$2010 ($add).
  creating $macc model for $flatten\u_core.$add$../../rtl/spark_core.v:446$2063 ($add).
  creating $macc model for $flatten\u_core.$add$../../rtl/spark_core.v:451$2102 ($add).
  creating $macc model for $flatten\u_core.$add$../../rtl/spark_core.v:460$2107 ($add).
  creating $macc model for $flatten\u_core.$add$../../rtl/spark_core.v:483$2141 ($add).
  creating $macc model for $flatten\u_core.$add$../../rtl/spark_core.v:497$2151 ($add).
  creating $macc model for $flatten\u_core.$mul$../../rtl/spark_core.v:164$1753 ($mul).
  creating $macc model for $flatten\u_core.$mul$../../rtl/spark_core.v:164$1809 ($mul).
  creating $macc model for $flatten\u_core.$mul$../../rtl/spark_core.v:224$1474 ($mul).
  creating $macc model for $flatten\u_core.$mul$../../rtl/spark_core.v:224$1476 ($mul).
  creating $macc model for $flatten\u_core.$mul$../../rtl/spark_core.v:224$1478 ($mul).
  creating $macc model for $flatten\u_core.$mul$../../rtl/spark_core.v:224$1480 ($mul).
  creating $macc model for $flatten\u_core.$mul$../../rtl/spark_core.v:224$1482 ($mul).
  creating $macc model for $flatten\u_core.$mul$../../rtl/spark_core.v:224$1484 ($mul).
  creating $macc model for $flatten\u_core.$mul$../../rtl/spark_core.v:224$1486 ($mul).
  creating $macc model for $flatten\u_core.$mul$../../rtl/spark_core.v:224$1488 ($mul).
  creating $macc model for $flatten\u_core.$mul$../../rtl/spark_core.v:245$1501 ($mul).
  creating $macc model for $flatten\u_core.$mul$../../rtl/spark_core.v:245$1540 ($mul).
  creating $macc model for $flatten\u_core.$mul$../../rtl/spark_core.v:245$1579 ($mul).
  creating $macc model for $flatten\u_core.$mul$../../rtl/spark_core.v:245$1618 ($mul).
  creating $macc model for $flatten\u_core.$neg$../../rtl/spark_core.v:0$2066 ($neg).
  creating $macc model for $flatten\u_core.$neg$../../rtl/spark_core.v:0$2082 ($neg).
  creating $macc model for $flatten\u_core.$neg$../../rtl/spark_core.v:0$2120 ($neg).
  creating $macc model for $flatten\u_core.$neg$../../rtl/spark_core.v:0$2132 ($neg).
  creating $macc model for $flatten\u_core.$neg$../../rtl/spark_core.v:248$1510 ($neg).
  creating $macc model for $flatten\u_core.$neg$../../rtl/spark_core.v:248$1549 ($neg).
  creating $macc model for $flatten\u_core.$neg$../../rtl/spark_core.v:248$1588 ($neg).
  creating $macc model for $flatten\u_core.$neg$../../rtl/spark_core.v:248$1627 ($neg).
  creating $macc model for $flatten\u_core.$neg$../../rtl/spark_core.v:251$1515 ($neg).
  creating $macc model for $flatten\u_core.$neg$../../rtl/spark_core.v:251$1554 ($neg).
  creating $macc model for $flatten\u_core.$neg$../../rtl/spark_core.v:251$1593 ($neg).
  creating $macc model for $flatten\u_core.$neg$../../rtl/spark_core.v:251$1632 ($neg).
  creating $macc model for $flatten\u_core.$sub$../../rtl/spark_core.v:204$1416 ($sub).
  creating $macc model for $flatten\u_core.$sub$../../rtl/spark_core.v:204$1423 ($sub).
  creating $macc model for $flatten\u_core.$sub$../../rtl/spark_core.v:204$1430 ($sub).
  creating $macc model for $flatten\u_core.$sub$../../rtl/spark_core.v:204$1437 ($sub).
  creating $macc model for $flatten\u_core.$sub$../../rtl/spark_core.v:204$1444 ($sub).
  creating $macc model for $flatten\u_core.$sub$../../rtl/spark_core.v:204$1451 ($sub).
  creating $macc model for $flatten\u_core.$sub$../../rtl/spark_core.v:204$1458 ($sub).
  creating $macc model for $flatten\u_core.$sub$../../rtl/spark_core.v:204$1465 ($sub).
  creating $macc model for $flatten\u_core.$sub$../../rtl/spark_core.v:209$1421 ($sub).
  creating $macc model for $flatten\u_core.$sub$../../rtl/spark_core.v:209$1428 ($sub).
  creating $macc model for $flatten\u_core.$sub$../../rtl/spark_core.v:209$1435 ($sub).
  creating $macc model for $flatten\u_core.$sub$../../rtl/spark_core.v:209$1442 ($sub).
  creating $macc model for $flatten\u_core.$sub$../../rtl/spark_core.v:209$1449 ($sub).
  creating $macc model for $flatten\u_core.$sub$../../rtl/spark_core.v:209$1456 ($sub).
  creating $macc model for $flatten\u_core.$sub$../../rtl/spark_core.v:209$1463 ($sub).
  creating $macc model for $flatten\u_core.$sub$../../rtl/spark_core.v:209$1470 ($sub).
  creating $macc model for $flatten\u_core.$sub$../../rtl/spark_core.v:254$1522 ($sub).
  creating $macc model for $flatten\u_core.$sub$../../rtl/spark_core.v:254$1561 ($sub).
  creating $macc model for $flatten\u_core.$sub$../../rtl/spark_core.v:254$1600 ($sub).
  creating $macc model for $flatten\u_core.$sub$../../rtl/spark_core.v:254$1639 ($sub).
  creating $macc model for $flatten\u_core.$sub$../../rtl/spark_core.v:258$1529 ($sub).
  creating $macc model for $flatten\u_core.$sub$../../rtl/spark_core.v:258$1568 ($sub).
  creating $macc model for $flatten\u_core.$sub$../../rtl/spark_core.v:258$1607 ($sub).
  creating $macc model for $flatten\u_core.$sub$../../rtl/spark_core.v:258$1646 ($sub).
  creating $macc model for $flatten\u_core.$sub$../../rtl/spark_core.v:316$1828 ($sub).
  creating $macc model for $flatten\u_core.$sub$../../rtl/spark_core.v:495$2148 ($sub).
  creating $macc model for $flatten\u_core.$sub$../../rtl/spark_core.v:500$2154 ($sub).
  creating $macc model for $flatten\u_rx.$add$../../board/uart_rx.v:44$2182 ($add).
  creating $macc model for $flatten\u_rx.$add$../../board/uart_rx.v:50$2185 ($add).
  creating $macc model for $flatten\u_tx.$add$../../board/uart_tx.v:43$2199 ($add).
  creating $macc model for $flatten\u_tx.$add$../../board/uart_tx.v:45$2200 ($add).
  merging $macc model for $flatten\u_core.$add$../../rtl/spark_core.v:196$1413 into $flatten\u_core.$add$../../rtl/spark_core.v:419$2000.
  merging $macc model for $flatten\u_core.$add$../../rtl/spark_core.v:196$1411 into $flatten\u_core.$add$../../rtl/spark_core.v:419$2000.
  merging $macc model for $flatten\u_core.$add$../../rtl/spark_core.v:196$1409 into $flatten\u_core.$add$../../rtl/spark_core.v:419$2000.
  merging $macc model for $flatten\u_core.$add$../../rtl/spark_core.v:196$1407 into $flatten\u_core.$add$../../rtl/spark_core.v:419$2000.
  merging $macc model for $flatten\u_core.$add$../../rtl/spark_core.v:196$1405 into $flatten\u_core.$add$../../rtl/spark_core.v:419$2000.
  merging $macc model for $flatten\u_core.$add$../../rtl/spark_core.v:196$1403 into $flatten\u_core.$add$../../rtl/spark_core.v:419$2000.
  merging $macc model for $flatten\u_core.$add$../../rtl/spark_core.v:197$1414 into $flatten\u_core.$add$../../rtl/spark_core.v:419$1999.
  merging $macc model for $flatten\u_core.$add$../../rtl/spark_core.v:197$1412 into $flatten\u_core.$add$../../rtl/spark_core.v:419$1999.
  merging $macc model for $flatten\u_core.$add$../../rtl/spark_core.v:197$1410 into $flatten\u_core.$add$../../rtl/spark_core.v:419$1999.
  merging $macc model for $flatten\u_core.$add$../../rtl/spark_core.v:197$1408 into $flatten\u_core.$add$../../rtl/spark_core.v:419$1999.
  merging $macc model for $flatten\u_core.$add$../../rtl/spark_core.v:197$1406 into $flatten\u_core.$add$../../rtl/spark_core.v:419$1999.
  merging $macc model for $flatten\u_core.$add$../../rtl/spark_core.v:197$1404 into $flatten\u_core.$add$../../rtl/spark_core.v:419$1999.
  creating $alu model for $macc $flatten\u_core.$sub$../../rtl/spark_core.v:254$1600.
  creating $alu model for $macc $flatten\u_core.$sub$../../rtl/spark_core.v:254$1561.
  creating $alu model for $macc $flatten\u_core.$sub$../../rtl/spark_core.v:254$1522.
  creating $alu model for $macc $flatten\u_core.$sub$../../rtl/spark_core.v:209$1470.
  creating $alu model for $macc $flatten\u_core.$sub$../../rtl/spark_core.v:209$1463.
  creating $alu model for $macc $flatten\u_core.$sub$../../rtl/spark_core.v:209$1456.
  creating $alu model for $macc $flatten\u_core.$sub$../../rtl/spark_core.v:209$1449.
  creating $alu model for $macc $flatten\u_core.$sub$../../rtl/spark_core.v:209$1442.
  creating $alu model for $macc $flatten\u_core.$sub$../../rtl/spark_core.v:209$1435.
  creating $alu model for $macc $flatten\u_core.$sub$../../rtl/spark_core.v:209$1428.
  creating $alu model for $macc $flatten\u_core.$sub$../../rtl/spark_core.v:209$1421.
  creating $alu model for $macc $flatten\u_core.$sub$../../rtl/spark_core.v:204$1465.
  creating $alu model for $macc $flatten\u_core.$sub$../../rtl/spark_core.v:204$1458.
  creating $alu model for $macc $flatten\u_core.$sub$../../rtl/spark_core.v:204$1451.
  creating $alu model for $macc $flatten\u_core.$sub$../../rtl/spark_core.v:204$1444.
  creating $alu model for $macc $flatten\u_core.$sub$../../rtl/spark_core.v:204$1437.
  creating $alu model for $macc $flatten\u_core.$sub$../../rtl/spark_core.v:204$1430.
  creating $alu model for $macc $flatten\u_core.$sub$../../rtl/spark_core.v:204$1423.
  creating $alu model for $macc $flatten\u_core.$sub$../../rtl/spark_core.v:204$1416.
  creating $alu model for $macc $flatten\u_core.$neg$../../rtl/spark_core.v:251$1632.
  creating $alu model for $macc $flatten\u_core.$neg$../../rtl/spark_core.v:251$1593.
  creating $alu model for $macc $flatten\u_core.$neg$../../rtl/spark_core.v:251$1554.
  creating $alu model for $macc $flatten\u_core.$neg$../../rtl/spark_core.v:251$1515.
  creating $alu model for $macc $flatten\u_core.$neg$../../rtl/spark_core.v:248$1627.
  creating $alu model for $macc $flatten\u_core.$neg$../../rtl/spark_core.v:248$1588.
  creating $alu model for $macc $flatten\u_core.$neg$../../rtl/spark_core.v:248$1549.
  creating $alu model for $macc $flatten\u_core.$neg$../../rtl/spark_core.v:248$1510.
  creating $alu model for $macc $flatten\u_core.$neg$../../rtl/spark_core.v:0$2132.
  creating $alu model for $macc $flatten\u_core.$neg$../../rtl/spark_core.v:0$2120.
  creating $alu model for $macc $flatten\u_core.$neg$../../rtl/spark_core.v:0$2082.
  creating $alu model for $macc $flatten\u_core.$neg$../../rtl/spark_core.v:0$2066.
  creating $alu model for $macc $flatten\u_core.$add$../../rtl/spark_core.v:497$2151.
  creating $alu model for $macc $flatten\u_core.$add$../../rtl/spark_core.v:483$2141.
  creating $alu model for $macc $flatten\u_core.$add$../../rtl/spark_core.v:460$2107.
  creating $alu model for $macc $flatten\u_core.$add$../../rtl/spark_core.v:451$2102.
  creating $alu model for $macc $flatten\u_core.$add$../../rtl/spark_core.v:446$2063.
  creating $alu model for $macc $flatten\u_core.$add$../../rtl/spark_core.v:429$2010.
  creating $alu model for $macc $flatten\u_core.$add$../../rtl/spark_core.v:418$1997.
  creating $alu model for $macc $flatten\u_core.$add$../../rtl/spark_core.v:380$1982.
  creating $alu model for $macc $flatten\u_core.$add$../../rtl/spark_core.v:379$1981.
  creating $alu model for $macc $flatten\u_core.$add$../../rtl/spark_core.v:374$1932.
  creating $alu model for $macc $flatten\u_core.$add$../../rtl/spark_core.v:358$1849.
  creating $alu model for $macc $flatten\u_core.$add$../../rtl/spark_core.v:311$1818.
  creating $alu model for $macc $flatten\u_core.$add$../../rtl/spark_core.v:309$1814.
  creating $alu model for $macc $flatten\u_core.$add$../../rtl/spark_core.v:301$1806.
  creating $alu model for $macc $flatten\u_core.$add$../../rtl/spark_core.v:282$1752.
  creating $alu model for $macc $flatten\u_core.$add$../../rtl/spark_core.v:281$1749.
  creating $alu model for $macc $flatten\u_core.$add$../../rtl/spark_core.v:280$1746.
  creating $alu model for $macc $flatten\u_core.$add$../../rtl/spark_core.v:271$1690.
  creating $alu model for $macc $flatten\u_core.$add$../../rtl/spark_core.v:271$1679.
  creating $alu model for $macc $flatten\u_core.$add$../../rtl/spark_core.v:271$1668.
  creating $alu model for $macc $flatten\u_core.$add$../../rtl/spark_core.v:271$1656.
  creating $alu model for $macc $flatten\u_core.$add$../../rtl/spark_core.v:246$1621.
  creating $alu model for $macc $flatten\u_core.$add$../../rtl/spark_core.v:246$1582.
  creating $alu model for $macc $flatten\u_core.$add$../../rtl/spark_core.v:246$1543.
  creating $alu model for $macc $flatten\u_core.$add$../../rtl/spark_core.v:246$1504.
  creating $alu model for $macc $flatten\u_core.$add$../../rtl/spark_core.v:243$1609.
  creating $alu model for $macc $flatten\u_core.$add$../../rtl/spark_core.v:243$1570.
  creating $alu model for $macc $flatten\u_core.$add$../../rtl/spark_core.v:243$1531.
  creating $alu model for $macc $flatten\u_core.$add$../../rtl/spark_core.v:223$1489.
  creating $alu model for $macc $flatten\u_core.$add$../../rtl/spark_core.v:223$1487.
  creating $alu model for $macc $flatten\u_core.$add$../../rtl/spark_core.v:223$1485.
  creating $alu model for $macc $flatten\u_core.$add$../../rtl/spark_core.v:223$1483.
  creating $alu model for $macc $flatten\u_core.$add$../../rtl/spark_core.v:223$1481.
  creating $alu model for $macc $flatten\u_core.$add$../../rtl/spark_core.v:223$1479.
  creating $alu model for $macc $flatten\u_core.$add$../../rtl/spark_core.v:223$1477.
  creating $alu model for $macc $flatten\u_core.$add$../../rtl/spark_core.v:223$1475.
  creating $alu model for $macc $flatten\u_core.$sub$../../rtl/spark_core.v:495$2148.
  creating $alu model for $macc $flatten\u_core.$sub$../../rtl/spark_core.v:500$2154.
  creating $alu model for $macc $flatten\u_rx.$add$../../board/uart_rx.v:44$2182.
  creating $alu model for $macc $flatten\u_rx.$add$../../board/uart_rx.v:50$2185.
  creating $alu model for $macc $flatten\u_tx.$add$../../board/uart_tx.v:43$2199.
  creating $alu model for $macc $flatten\u_tx.$add$../../board/uart_tx.v:45$2200.
  creating $alu model for $macc $flatten\u_core.$add$../../rtl/spark_core.v:197$1402.
  creating $alu model for $macc $flatten\u_core.$sub$../../rtl/spark_core.v:254$1639.
  creating $alu model for $macc $flatten\u_core.$sub$../../rtl/spark_core.v:258$1529.
  creating $alu model for $macc $flatten\u_core.$sub$../../rtl/spark_core.v:258$1568.
  creating $alu model for $macc $flatten\u_core.$sub$../../rtl/spark_core.v:258$1607.
  creating $alu model for $macc $flatten\u_core.$sub$../../rtl/spark_core.v:258$1646.
  creating $alu model for $macc $flatten\u_core.$sub$../../rtl/spark_core.v:316$1828.
  creating $alu model for $macc $flatten\u_core.$add$../../rtl/spark_core.v:196$1401.
  creating $alu model for $macc $add$../../rtl/spark_chip.v:114$1176.
  creating $macc cell for $flatten\u_core.$mul$../../rtl/spark_core.v:245$1618: $auto$alumacc.cc:365:replace_macc$9461
  creating $macc cell for $flatten\u_core.$add$../../rtl/spark_core.v:419$2000: $auto$alumacc.cc:365:replace_macc$9462
  creating $macc cell for $flatten\u_core.$add$../../rtl/spark_core.v:419$1999: $auto$alumacc.cc:365:replace_macc$9463
  creating $macc cell for $flatten\u_core.$mul$../../rtl/spark_core.v:164$1753: $auto$alumacc.cc:365:replace_macc$9464
  creating $macc cell for $flatten\u_core.$mul$../../rtl/spark_core.v:164$1809: $auto$alumacc.cc:365:replace_macc$9465
  creating $macc cell for $flatten\u_core.$mul$../../rtl/spark_core.v:224$1474: $auto$alumacc.cc:365:replace_macc$9466
  creating $macc cell for $flatten\u_core.$mul$../../rtl/spark_core.v:224$1476: $auto$alumacc.cc:365:replace_macc$9467
  creating $macc cell for $flatten\u_core.$mul$../../rtl/spark_core.v:224$1478: $auto$alumacc.cc:365:replace_macc$9468
  creating $macc cell for $flatten\u_core.$mul$../../rtl/spark_core.v:224$1480: $auto$alumacc.cc:365:replace_macc$9469
  creating $macc cell for $flatten\u_core.$mul$../../rtl/spark_core.v:224$1482: $auto$alumacc.cc:365:replace_macc$9470
  creating $macc cell for $flatten\u_core.$mul$../../rtl/spark_core.v:224$1484: $auto$alumacc.cc:365:replace_macc$9471
  creating $macc cell for $flatten\u_core.$mul$../../rtl/spark_core.v:224$1486: $auto$alumacc.cc:365:replace_macc$9472
  creating $macc cell for $flatten\u_core.$mul$../../rtl/spark_core.v:224$1488: $auto$alumacc.cc:365:replace_macc$9473
  creating $macc cell for $flatten\u_core.$mul$../../rtl/spark_core.v:245$1501: $auto$alumacc.cc:365:replace_macc$9474
  creating $macc cell for $flatten\u_core.$mul$../../rtl/spark_core.v:245$1540: $auto$alumacc.cc:365:replace_macc$9475
  creating $macc cell for $flatten\u_core.$mul$../../rtl/spark_core.v:245$1579: $auto$alumacc.cc:365:replace_macc$9476
  creating $alu model for $flatten\u_core.$ge$../../rtl/spark_core.v:315$1821 ($ge): new $alu
  creating $alu model for $flatten\u_core.$ge$../../rtl/spark_core.v:398$1991 ($ge): new $alu
  creating $alu model for $flatten\u_core.$ge$../../rtl/spark_core.v:443$2042 ($ge): new $alu
  creating $alu model for $flatten\u_core.$ge$../../rtl/spark_core.v:495$2149 ($ge): new $alu
  creating $alu model for $flatten\u_core.$ge$../../rtl/spark_core.v:497$2150 ($ge): new $alu
  creating $alu model for $flatten\u_core.$ge$../../rtl/spark_core.v:84$1356 ($ge): new $alu
  creating $alu model for $flatten\u_core.$gt$../../rtl/spark_core.v:176$1392 ($gt): new $alu
  creating $alu model for $flatten\u_core.$gt$../../rtl/spark_core.v:177$1394 ($gt): new $alu
  creating $alu model for $flatten\u_core.$gt$../../rtl/spark_core.v:247$1505 ($gt): new $alu
  creating $alu model for $flatten\u_core.$gt$../../rtl/spark_core.v:247$1544 ($gt): new $alu
  creating $alu model for $flatten\u_core.$gt$../../rtl/spark_core.v:247$1583 ($gt): new $alu
  creating $alu model for $flatten\u_core.$gt$../../rtl/spark_core.v:247$1622 ($gt): new $alu
  creating $alu model for $flatten\u_core.$gt$../../rtl/spark_core.v:250$1513 ($gt): new $alu
  creating $alu model for $flatten\u_core.$gt$../../rtl/spark_core.v:250$1552 ($gt): new $alu
  creating $alu model for $flatten\u_core.$gt$../../rtl/spark_core.v:250$1591 ($gt): new $alu
  creating $alu model for $flatten\u_core.$gt$../../rtl/spark_core.v:250$1630 ($gt): new $alu
  creating $alu model for $flatten\u_core.$gt$../../rtl/spark_core.v:256$1525 ($gt): new $alu
  creating $alu model for $flatten\u_core.$gt$../../rtl/spark_core.v:256$1564 ($gt): new $alu
  creating $alu model for $flatten\u_core.$gt$../../rtl/spark_core.v:256$1603 ($gt): new $alu
  creating $alu model for $flatten\u_core.$gt$../../rtl/spark_core.v:256$1642 ($gt): new $alu
  creating $alu model for $flatten\u_core.$gt$../../rtl/spark_core.v:271$1653 ($gt): new $alu
  creating $alu model for $flatten\u_core.$gt$../../rtl/spark_core.v:271$1664 ($gt): new $alu
  creating $alu model for $flatten\u_core.$gt$../../rtl/spark_core.v:271$1675 ($gt): new $alu
  creating $alu model for $flatten\u_core.$gt$../../rtl/spark_core.v:271$1686 ($gt): new $alu
  creating $alu model for $flatten\u_core.$gt$../../rtl/spark_core.v:272$1658 ($gt): new $alu
  creating $alu model for $flatten\u_core.$gt$../../rtl/spark_core.v:272$1669 ($gt): new $alu
  creating $alu model for $flatten\u_core.$gt$../../rtl/spark_core.v:272$1680 ($gt): new $alu
  creating $alu model for $flatten\u_core.$gt$../../rtl/spark_core.v:272$1691 ($gt): new $alu
  creating $alu model for $flatten\u_core.$le$../../rtl/spark_core.v:419$2001 ($le): new $alu
  creating $alu model for $flatten\u_core.$lt$../../rtl/spark_core.v:247$1506 ($lt): new $alu
  creating $alu model for $flatten\u_core.$lt$../../rtl/spark_core.v:247$1545 ($lt): new $alu
  creating $alu model for $flatten\u_core.$lt$../../rtl/spark_core.v:247$1584 ($lt): new $alu
  creating $alu model for $flatten\u_core.$lt$../../rtl/spark_core.v:247$1623 ($lt): new $alu
  creating $alu model for $flatten\u_core.$lt$../../rtl/spark_core.v:248$1509 ($lt): new $alu
  creating $alu model for $flatten\u_core.$lt$../../rtl/spark_core.v:248$1548 ($lt): new $alu
  creating $alu model for $flatten\u_core.$lt$../../rtl/spark_core.v:248$1587 ($lt): new $alu
  creating $alu model for $flatten\u_core.$lt$../../rtl/spark_core.v:248$1626 ($lt): new $alu
  creating $alu model for $flatten\u_core.$lt$../../rtl/spark_core.v:256$1524 ($lt): new $alu
  creating $alu model for $flatten\u_core.$lt$../../rtl/spark_core.v:256$1563 ($lt): new $alu
  creating $alu model for $flatten\u_core.$lt$../../rtl/spark_core.v:256$1602 ($lt): new $alu
  creating $alu model for $flatten\u_core.$lt$../../rtl/spark_core.v:256$1641 ($lt): new $alu
  creating $alu model for $flatten\u_core.$lt$../../rtl/spark_core.v:308$1810 ($lt): new $alu
  creating $alu model for $flatten\u_core.$lt$../../rtl/spark_core.v:508$2159 ($lt): new $alu
  creating $alu model for $flatten\u_core.$eq$../../rtl/spark_core.v:459$2106 ($eq): merged with $flatten\u_core.$lt$../../rtl/spark_core.v:308$1810.
  creating $alu cell for $flatten\u_core.$lt$../../rtl/spark_core.v:508$2159: $auto$alumacc.cc:485:replace_alu$9520
  creating $alu cell for $flatten\u_core.$lt$../../rtl/spark_core.v:308$1810, $flatten\u_core.$eq$../../rtl/spark_core.v:459$2106: $auto$alumacc.cc:485:replace_alu$9533
  creating $alu cell for $flatten\u_core.$lt$../../rtl/spark_core.v:256$1641: $auto$alumacc.cc:485:replace_alu$9544
  creating $alu cell for $flatten\u_core.$lt$../../rtl/spark_core.v:256$1602: $auto$alumacc.cc:485:replace_alu$9557
  creating $alu cell for $flatten\u_core.$lt$../../rtl/spark_core.v:256$1563: $auto$alumacc.cc:485:replace_alu$9570
  creating $alu cell for $flatten\u_core.$lt$../../rtl/spark_core.v:256$1524: $auto$alumacc.cc:485:replace_alu$9583
  creating $alu cell for $flatten\u_core.$lt$../../rtl/spark_core.v:248$1626: $auto$alumacc.cc:485:replace_alu$9596
  creating $alu cell for $flatten\u_core.$lt$../../rtl/spark_core.v:248$1587: $auto$alumacc.cc:485:replace_alu$9609
  creating $alu cell for $flatten\u_core.$lt$../../rtl/spark_core.v:248$1548: $auto$alumacc.cc:485:replace_alu$9622
  creating $alu cell for $flatten\u_core.$lt$../../rtl/spark_core.v:248$1509: $auto$alumacc.cc:485:replace_alu$9635
  creating $alu cell for $flatten\u_core.$lt$../../rtl/spark_core.v:247$1623: $auto$alumacc.cc:485:replace_alu$9648
  creating $alu cell for $flatten\u_core.$lt$../../rtl/spark_core.v:247$1584: $auto$alumacc.cc:485:replace_alu$9661
  creating $alu cell for $flatten\u_core.$lt$../../rtl/spark_core.v:247$1545: $auto$alumacc.cc:485:replace_alu$9674
  creating $alu cell for $flatten\u_core.$lt$../../rtl/spark_core.v:247$1506: $auto$alumacc.cc:485:replace_alu$9687
  creating $alu cell for $flatten\u_core.$le$../../rtl/spark_core.v:419$2001: $auto$alumacc.cc:485:replace_alu$9700
  creating $alu cell for $flatten\u_core.$gt$../../rtl/spark_core.v:272$1691: $auto$alumacc.cc:485:replace_alu$9713
  creating $alu cell for $flatten\u_core.$gt$../../rtl/spark_core.v:272$1680: $auto$alumacc.cc:485:replace_alu$9726
  creating $alu cell for $flatten\u_core.$gt$../../rtl/spark_core.v:272$1669: $auto$alumacc.cc:485:replace_alu$9739
  creating $alu cell for $flatten\u_core.$gt$../../rtl/spark_core.v:272$1658: $auto$alumacc.cc:485:replace_alu$9752
  creating $alu cell for $flatten\u_core.$gt$../../rtl/spark_core.v:271$1686: $auto$alumacc.cc:485:replace_alu$9765
  creating $alu cell for $flatten\u_core.$gt$../../rtl/spark_core.v:271$1675: $auto$alumacc.cc:485:replace_alu$9778
  creating $alu cell for $flatten\u_core.$gt$../../rtl/spark_core.v:271$1664: $auto$alumacc.cc:485:replace_alu$9791
  creating $alu cell for $flatten\u_core.$gt$../../rtl/spark_core.v:271$1653: $auto$alumacc.cc:485:replace_alu$9804
  creating $alu cell for $flatten\u_core.$gt$../../rtl/spark_core.v:256$1642: $auto$alumacc.cc:485:replace_alu$9817
  creating $alu cell for $flatten\u_core.$gt$../../rtl/spark_core.v:256$1603: $auto$alumacc.cc:485:replace_alu$9824
  creating $alu cell for $flatten\u_core.$gt$../../rtl/spark_core.v:256$1564: $auto$alumacc.cc:485:replace_alu$9831
  creating $alu cell for $flatten\u_core.$gt$../../rtl/spark_core.v:256$1525: $auto$alumacc.cc:485:replace_alu$9838
  creating $alu cell for $flatten\u_core.$gt$../../rtl/spark_core.v:250$1630: $auto$alumacc.cc:485:replace_alu$9845
  creating $alu cell for $flatten\u_core.$gt$../../rtl/spark_core.v:250$1591: $auto$alumacc.cc:485:replace_alu$9850
  creating $alu cell for $flatten\u_core.$gt$../../rtl/spark_core.v:250$1552: $auto$alumacc.cc:485:replace_alu$9855
  creating $alu cell for $flatten\u_core.$gt$../../rtl/spark_core.v:250$1513: $auto$alumacc.cc:485:replace_alu$9860
  creating $alu cell for $flatten\u_core.$gt$../../rtl/spark_core.v:247$1622: $auto$alumacc.cc:485:replace_alu$9865
  creating $alu cell for $flatten\u_core.$gt$../../rtl/spark_core.v:247$1583: $auto$alumacc.cc:485:replace_alu$9872
  creating $alu cell for $flatten\u_core.$gt$../../rtl/spark_core.v:247$1544: $auto$alumacc.cc:485:replace_alu$9879
  creating $alu cell for $flatten\u_core.$gt$../../rtl/spark_core.v:247$1505: $auto$alumacc.cc:485:replace_alu$9886
  creating $alu cell for $flatten\u_core.$gt$../../rtl/spark_core.v:177$1394: $auto$alumacc.cc:485:replace_alu$9893
  creating $alu cell for $flatten\u_core.$ge$../../rtl/spark_core.v:84$1356: $auto$alumacc.cc:485:replace_alu$9898
  creating $alu cell for $flatten\u_core.$ge$../../rtl/spark_core.v:497$2150: $auto$alumacc.cc:485:replace_alu$9907
  creating $alu cell for $flatten\u_core.$ge$../../rtl/spark_core.v:495$2149: $auto$alumacc.cc:485:replace_alu$9920
  creating $alu cell for $flatten\u_core.$ge$../../rtl/spark_core.v:443$2042: $auto$alumacc.cc:485:replace_alu$9935
  creating $alu cell for $flatten\u_core.$ge$../../rtl/spark_core.v:398$1991: $auto$alumacc.cc:485:replace_alu$9948
  creating $alu cell for $add$../../rtl/spark_chip.v:114$1176: $auto$alumacc.cc:485:replace_alu$9961
  creating $alu cell for $flatten\u_core.$add$../../rtl/spark_core.v:196$1401: $auto$alumacc.cc:485:replace_alu$9964
  creating $alu cell for $flatten\u_core.$sub$../../rtl/spark_core.v:316$1828: $auto$alumacc.cc:485:replace_alu$9967
  creating $alu cell for $flatten\u_core.$sub$../../rtl/spark_core.v:258$1646: $auto$alumacc.cc:485:replace_alu$9970
  creating $alu cell for $flatten\u_core.$sub$../../rtl/spark_core.v:258$1607: $auto$alumacc.cc:485:replace_alu$9973
  creating $alu cell for $flatten\u_core.$sub$../../rtl/spark_core.v:258$1568: $auto$alumacc.cc:485:replace_alu$9976
  creating $alu cell for $flatten\u_core.$sub$../../rtl/spark_core.v:258$1529: $auto$alumacc.cc:485:replace_alu$9979
  creating $alu cell for $flatten\u_core.$sub$../../rtl/spark_core.v:254$1639: $auto$alumacc.cc:485:replace_alu$9982
  creating $alu cell for $flatten\u_core.$add$../../rtl/spark_core.v:197$1402: $auto$alumacc.cc:485:replace_alu$9985
  creating $alu cell for $flatten\u_tx.$add$../../board/uart_tx.v:45$2200: $auto$alumacc.cc:485:replace_alu$9988
  creating $alu cell for $flatten\u_tx.$add$../../board/uart_tx.v:43$2199: $auto$alumacc.cc:485:replace_alu$9991
  creating $alu cell for $flatten\u_rx.$add$../../board/uart_rx.v:50$2185: $auto$alumacc.cc:485:replace_alu$9994
  creating $alu cell for $flatten\u_rx.$add$../../board/uart_rx.v:44$2182: $auto$alumacc.cc:485:replace_alu$9997
  creating $alu cell for $flatten\u_core.$sub$../../rtl/spark_core.v:500$2154: $auto$alumacc.cc:485:replace_alu$10000
  creating $alu cell for $flatten\u_core.$sub$../../rtl/spark_core.v:495$2148: $auto$alumacc.cc:485:replace_alu$10003
  creating $alu cell for $flatten\u_core.$add$../../rtl/spark_core.v:223$1475: $auto$alumacc.cc:485:replace_alu$10006
  creating $alu cell for $flatten\u_core.$add$../../rtl/spark_core.v:223$1477: $auto$alumacc.cc:485:replace_alu$10009
  creating $alu cell for $flatten\u_core.$add$../../rtl/spark_core.v:223$1479: $auto$alumacc.cc:485:replace_alu$10012
  creating $alu cell for $flatten\u_core.$add$../../rtl/spark_core.v:223$1481: $auto$alumacc.cc:485:replace_alu$10015
  creating $alu cell for $flatten\u_core.$add$../../rtl/spark_core.v:223$1483: $auto$alumacc.cc:485:replace_alu$10018
  creating $alu cell for $flatten\u_core.$add$../../rtl/spark_core.v:223$1485: $auto$alumacc.cc:485:replace_alu$10021
  creating $alu cell for $flatten\u_core.$add$../../rtl/spark_core.v:223$1487: $auto$alumacc.cc:485:replace_alu$10024
  creating $alu cell for $flatten\u_core.$add$../../rtl/spark_core.v:223$1489: $auto$alumacc.cc:485:replace_alu$10027
  creating $alu cell for $flatten\u_core.$add$../../rtl/spark_core.v:243$1531: $auto$alumacc.cc:485:replace_alu$10030
  creating $alu cell for $flatten\u_core.$add$../../rtl/spark_core.v:243$1570: $auto$alumacc.cc:485:replace_alu$10033
  creating $alu cell for $flatten\u_core.$add$../../rtl/spark_core.v:243$1609: $auto$alumacc.cc:485:replace_alu$10036
  creating $alu cell for $flatten\u_core.$add$../../rtl/spark_core.v:246$1504: $auto$alumacc.cc:485:replace_alu$10039
  creating $alu cell for $flatten\u_core.$add$../../rtl/spark_core.v:246$1543: $auto$alumacc.cc:485:replace_alu$10042
  creating $alu cell for $flatten\u_core.$add$../../rtl/spark_core.v:246$1582: $auto$alumacc.cc:485:replace_alu$10045
  creating $alu cell for $flatten\u_core.$add$../../rtl/spark_core.v:246$1621: $auto$alumacc.cc:485:replace_alu$10048
  creating $alu cell for $flatten\u_core.$add$../../rtl/spark_core.v:271$1656: $auto$alumacc.cc:485:replace_alu$10051
  creating $alu cell for $flatten\u_core.$add$../../rtl/spark_core.v:271$1668: $auto$alumacc.cc:485:replace_alu$10054
  creating $alu cell for $flatten\u_core.$add$../../rtl/spark_core.v:271$1679: $auto$alumacc.cc:485:replace_alu$10057
  creating $alu cell for $flatten\u_core.$add$../../rtl/spark_core.v:271$1690: $auto$alumacc.cc:485:replace_alu$10060
  creating $alu cell for $flatten\u_core.$add$../../rtl/spark_core.v:280$1746: $auto$alumacc.cc:485:replace_alu$10063
  creating $alu cell for $flatten\u_core.$add$../../rtl/spark_core.v:281$1749: $auto$alumacc.cc:485:replace_alu$10066
  creating $alu cell for $flatten\u_core.$add$../../rtl/spark_core.v:282$1752: $auto$alumacc.cc:485:replace_alu$10069
  creating $alu cell for $flatten\u_core.$add$../../rtl/spark_core.v:301$1806: $auto$alumacc.cc:485:replace_alu$10072
  creating $alu cell for $flatten\u_core.$add$../../rtl/spark_core.v:309$1814: $auto$alumacc.cc:485:replace_alu$10075
  creating $alu cell for $flatten\u_core.$add$../../rtl/spark_core.v:311$1818: $auto$alumacc.cc:485:replace_alu$10078
  creating $alu cell for $flatten\u_core.$add$../../rtl/spark_core.v:358$1849: $auto$alumacc.cc:485:replace_alu$10081
  creating $alu cell for $flatten\u_core.$add$../../rtl/spark_core.v:374$1932: $auto$alumacc.cc:485:replace_alu$10084
  creating $alu cell for $flatten\u_core.$gt$../../rtl/spark_core.v:176$1392: $auto$alumacc.cc:485:replace_alu$10087
  creating $alu cell for $flatten\u_core.$add$../../rtl/spark_core.v:379$1981: $auto$alumacc.cc:485:replace_alu$10092
  creating $alu cell for $flatten\u_core.$add$../../rtl/spark_core.v:380$1982: $auto$alumacc.cc:485:replace_alu$10095
  creating $alu cell for $flatten\u_core.$add$../../rtl/spark_core.v:418$1997: $auto$alumacc.cc:485:replace_alu$10098
  creating $alu cell for $flatten\u_core.$add$../../rtl/spark_core.v:429$2010: $auto$alumacc.cc:485:replace_alu$10101
  creating $alu cell for $flatten\u_core.$add$../../rtl/spark_core.v:446$2063: $auto$alumacc.cc:485:replace_alu$10104
  creating $alu cell for $flatten\u_core.$add$../../rtl/spark_core.v:451$2102: $auto$alumacc.cc:485:replace_alu$10107
  creating $alu cell for $flatten\u_core.$ge$../../rtl/spark_core.v:315$1821: $auto$alumacc.cc:485:replace_alu$10110
  creating $alu cell for $flatten\u_core.$add$../../rtl/spark_core.v:460$2107: $auto$alumacc.cc:485:replace_alu$10119
  creating $alu cell for $flatten\u_core.$add$../../rtl/spark_core.v:483$2141: $auto$alumacc.cc:485:replace_alu$10122
  creating $alu cell for $flatten\u_core.$add$../../rtl/spark_core.v:497$2151: $auto$alumacc.cc:485:replace_alu$10125
  creating $alu cell for $flatten\u_core.$neg$../../rtl/spark_core.v:0$2066: $auto$alumacc.cc:485:replace_alu$10128
  creating $alu cell for $flatten\u_core.$neg$../../rtl/spark_core.v:0$2082: $auto$alumacc.cc:485:replace_alu$10131
  creating $alu cell for $flatten\u_core.$neg$../../rtl/spark_core.v:0$2120: $auto$alumacc.cc:485:replace_alu$10134
  creating $alu cell for $flatten\u_core.$neg$../../rtl/spark_core.v:0$2132: $auto$alumacc.cc:485:replace_alu$10137
  creating $alu cell for $flatten\u_core.$neg$../../rtl/spark_core.v:248$1510: $auto$alumacc.cc:485:replace_alu$10140
  creating $alu cell for $flatten\u_core.$neg$../../rtl/spark_core.v:248$1549: $auto$alumacc.cc:485:replace_alu$10143
  creating $alu cell for $flatten\u_core.$neg$../../rtl/spark_core.v:248$1588: $auto$alumacc.cc:485:replace_alu$10146
  creating $alu cell for $flatten\u_core.$neg$../../rtl/spark_core.v:248$1627: $auto$alumacc.cc:485:replace_alu$10149
  creating $alu cell for $flatten\u_core.$neg$../../rtl/spark_core.v:251$1515: $auto$alumacc.cc:485:replace_alu$10152
  creating $alu cell for $flatten\u_core.$neg$../../rtl/spark_core.v:251$1554: $auto$alumacc.cc:485:replace_alu$10155
  creating $alu cell for $flatten\u_core.$neg$../../rtl/spark_core.v:251$1593: $auto$alumacc.cc:485:replace_alu$10158
  creating $alu cell for $flatten\u_core.$neg$../../rtl/spark_core.v:251$1632: $auto$alumacc.cc:485:replace_alu$10161
  creating $alu cell for $flatten\u_core.$sub$../../rtl/spark_core.v:204$1416: $auto$alumacc.cc:485:replace_alu$10164
  creating $alu cell for $flatten\u_core.$sub$../../rtl/spark_core.v:204$1423: $auto$alumacc.cc:485:replace_alu$10167
  creating $alu cell for $flatten\u_core.$sub$../../rtl/spark_core.v:204$1430: $auto$alumacc.cc:485:replace_alu$10170
  creating $alu cell for $flatten\u_core.$sub$../../rtl/spark_core.v:204$1437: $auto$alumacc.cc:485:replace_alu$10173
  creating $alu cell for $flatten\u_core.$sub$../../rtl/spark_core.v:204$1444: $auto$alumacc.cc:485:replace_alu$10176
  creating $alu cell for $flatten\u_core.$sub$../../rtl/spark_core.v:204$1451: $auto$alumacc.cc:485:replace_alu$10179
  creating $alu cell for $flatten\u_core.$sub$../../rtl/spark_core.v:204$1458: $auto$alumacc.cc:485:replace_alu$10182
  creating $alu cell for $flatten\u_core.$sub$../../rtl/spark_core.v:204$1465: $auto$alumacc.cc:485:replace_alu$10185
  creating $alu cell for $flatten\u_core.$sub$../../rtl/spark_core.v:209$1421: $auto$alumacc.cc:485:replace_alu$10188
  creating $alu cell for $flatten\u_core.$sub$../../rtl/spark_core.v:209$1428: $auto$alumacc.cc:485:replace_alu$10191
  creating $alu cell for $flatten\u_core.$sub$../../rtl/spark_core.v:209$1435: $auto$alumacc.cc:485:replace_alu$10194
  creating $alu cell for $flatten\u_core.$sub$../../rtl/spark_core.v:209$1442: $auto$alumacc.cc:485:replace_alu$10197
  creating $alu cell for $flatten\u_core.$sub$../../rtl/spark_core.v:209$1449: $auto$alumacc.cc:485:replace_alu$10200
  creating $alu cell for $flatten\u_core.$sub$../../rtl/spark_core.v:209$1456: $auto$alumacc.cc:485:replace_alu$10203
  creating $alu cell for $flatten\u_core.$sub$../../rtl/spark_core.v:209$1463: $auto$alumacc.cc:485:replace_alu$10206
  creating $alu cell for $flatten\u_core.$sub$../../rtl/spark_core.v:209$1470: $auto$alumacc.cc:485:replace_alu$10209
  creating $alu cell for $flatten\u_core.$sub$../../rtl/spark_core.v:254$1522: $auto$alumacc.cc:485:replace_alu$10212
  creating $alu cell for $flatten\u_core.$sub$../../rtl/spark_core.v:254$1561: $auto$alumacc.cc:485:replace_alu$10215
  creating $alu cell for $flatten\u_core.$sub$../../rtl/spark_core.v:254$1600: $auto$alumacc.cc:485:replace_alu$10218
  created 125 $alu and 16 $macc cells.

10.14. Executing SHARE pass (SAT-based resource sharing).

10.15. Executing OPT pass (performing simple optimizations).

10.15.1. Executing OPT_EXPR pass (perform const folding).
Optimizing module spark_chip.
<suppressed ~44 debug messages>

10.15.2. Executing OPT_MERGE pass (detect identical cells).
Finding identical cells in module `\spark_chip'.
Removed a total of 0 cells.

10.15.3. Executing OPT_MUXTREE pass (detect dead branches in mux trees).
Running muxtree optimizer on module \spark_chip..
  Creating internal representation of mux trees.
  Evaluating internal representation of mux trees.
  Analyzing evaluation results.
Removed 0 multiplexer ports.
<suppressed ~164 debug messages>

10.15.4. Executing OPT_REDUCE pass (consolidate $*mux and $reduce_* inputs).
  Optimizing cells in module \spark_chip.
Performed a total of 0 changes.

10.15.5. Executing OPT_MERGE pass (detect identical cells).
Finding identical cells in module `\spark_chip'.
Removed a total of 0 cells.

10.15.6. Executing OPT_DFF pass (perform DFF optimizations).

10.15.7. Executing OPT_CLEAN pass (remove unused cells and wires).
Finding unused cells or wires in module \spark_chip..
Removed 35 unused cells and 79 unused wires.
<suppressed ~38 debug messages>

10.15.8. Executing OPT_EXPR pass (perform const folding).
Optimizing module spark_chip.

10.15.9. Rerunning OPT passes. (Maybe there is more to do..)

10.15.10. Executing OPT_MUXTREE pass (detect dead branches in mux trees).
Running muxtree optimizer on module \spark_chip..
  Creating internal representation of mux trees.
  Evaluating internal representation of mux trees.
  Analyzing evaluation results.
Removed 0 multiplexer ports.
<suppressed ~164 debug messages>

10.15.11. Executing OPT_REDUCE pass (consolidate $*mux and $reduce_* inputs).
  Optimizing cells in module \spark_chip.
Performed a total of 0 changes.

10.15.12. Executing OPT_MERGE pass (detect identical cells).
Finding identical cells in module `\spark_chip'.
Removed a total of 0 cells.

10.15.13. Executing OPT_DFF pass (perform DFF optimizations).

10.15.14. Executing OPT_CLEAN pass (remove unused cells and wires).
Finding unused cells or wires in module \spark_chip..

10.15.15. Executing OPT_EXPR pass (perform const folding).
Optimizing module spark_chip.

10.15.16. Finished OPT passes. (There is nothing left to do.)

10.16. Executing MEMORY pass.

10.16.1. Executing OPT_MEM pass (optimize memories).
spark_chip.u_core.u_th0.mem: removing const-0 lane 20
spark_chip.u_core.u_th0.mem: removing const-0 lane 21
spark_chip.u_core.u_th0.mem: removing const-0 lane 22
spark_chip.u_core.u_th0.mem: removing const-0 lane 23
spark_chip.u_core.u_th0.mem: removing const-0 lane 24
spark_chip.u_core.u_th0.mem: removing const-0 lane 25
spark_chip.u_core.u_th0.mem: removing const-0 lane 26
spark_chip.u_core.u_th0.mem: removing const-0 lane 27
spark_chip.u_core.u_th0.mem: removing const-0 lane 28
spark_chip.u_core.u_th0.mem: removing const-0 lane 29
spark_chip.u_core.u_th0.mem: removing const-0 lane 30
spark_chip.u_core.u_th0.mem: removing const-0 lane 31
spark_chip.u_core.u_th0.mem: removing const-0 lane 69
spark_chip.u_core.u_th0.mem: removing const-0 lane 70
spark_chip.u_core.u_th0.mem: removing const-0 lane 71
spark_chip.u_core.u_th0.mem: removing const-0 lane 72
spark_chip.u_core.u_th0.mem: removing const-0 lane 73
spark_chip.u_core.u_th0.mem: removing const-0 lane 74
spark_chip.u_core.u_th0.mem: removing const-0 lane 75
spark_chip.u_core.u_th0.mem: removing const-0 lane 76
spark_chip.u_core.u_th0.mem: removing const-0 lane 77
spark_chip.u_core.u_th0.mem: removing const-0 lane 78
spark_chip.u_core.u_th0.mem: removing const-0 lane 79
spark_chip.u_core.u_th0.mem: removing const-0 lane 85
spark_chip.u_core.u_th0.mem: removing const-0 lane 86
spark_chip.u_core.u_th0.mem: removing const-0 lane 87
spark_chip.u_core.u_th0.mem: removing const-0 lane 88
spark_chip.u_core.u_th0.mem: removing const-0 lane 89
spark_chip.u_core.u_th0.mem: removing const-0 lane 90
spark_chip.u_core.u_th0.mem: removing const-0 lane 91
spark_chip.u_core.u_th0.mem: removing const-0 lane 92
spark_chip.u_core.u_th0.mem: removing const-0 lane 93
spark_chip.u_core.u_th0.mem: removing const-0 lane 94
spark_chip.u_core.u_th0.mem: removing const-0 lane 95
spark_chip.u_core.u_th0.mem: removing const-0 lane 117
spark_chip.u_core.u_th0.mem: removing const-0 lane 118
spark_chip.u_core.u_th0.mem: removing const-0 lane 119
spark_chip.u_core.u_th0.mem: removing const-0 lane 120
spark_chip.u_core.u_th0.mem: removing const-0 lane 121
spark_chip.u_core.u_th0.mem: removing const-0 lane 122
spark_chip.u_core.u_th0.mem: removing const-0 lane 123
spark_chip.u_core.u_th0.mem: removing const-0 lane 124
spark_chip.u_core.u_th0.mem: removing const-0 lane 125
spark_chip.u_core.u_th0.mem: removing const-0 lane 126
spark_chip.u_core.u_th0.mem: removing const-0 lane 127
Performed a total of 3 transformations.

10.16.2. Executing OPT_MEM_PRIORITY pass (removing unnecessary memory write priority relations).
Performed a total of 6 transformations.

10.16.3. Executing OPT_MEM_FEEDBACK pass (finding memory read-to-write feedback paths).
  Analyzing spark_chip.cfgb write port 0.
  Analyzing spark_chip.cfgb write port 1.
  Analyzing spark_chip.u_core.nzc write port 0.
  Analyzing spark_chip.u_core.nzc write port 1.
  Analyzing spark_chip.u_core.nzc write port 2.
  Analyzing spark_chip.u_core.nzc write port 3.
  Analyzing spark_chip.u_core.nzc write port 4.
  Analyzing spark_chip.u_core.u_acc0.mem write port 0.
  Analyzing spark_chip.u_core.u_acc1.mem write port 0.
  Analyzing spark_chip.u_core.u_acc2.mem write port 0.
  Analyzing spark_chip.u_core.u_acc3.mem write port 0.
  Analyzing spark_chip.u_core.u_h0.mem write port 0.
  Analyzing spark_chip.u_core.u_h1.mem write port 0.
  Analyzing spark_chip.u_core.u_s0.mem write port 0.
  Analyzing spark_chip.u_core.u_s1.mem write port 0.
  Analyzing spark_chip.u_core.u_sn0.mem write port 0.
  Analyzing spark_chip.u_core.u_sn1.mem write port 0.
  Analyzing spark_chip.u_core.u_sn2.mem write port 0.
  Analyzing spark_chip.u_core.u_sn3.mem write port 0.

10.16.4. Executing MEMORY_BMUX2ROM pass (converting muxes to ROMs).

10.16.5. Executing MEMORY_DFF pass (merging $dff cells to $memrd).
Checking read port `\cfgb'[0] in module `\spark_chip': merging output FF to cell.
    Write port 0: don't care on collision.
    Write port 1: don't care on collision.
Checking read port `\cfgb'[1] in module `\spark_chip': no output FF found.
Checking read port `\cfgb'[2] in module `\spark_chip': no output FF found.
Checking read port `\cfgb'[3] in module `\spark_chip': no output FF found.
Checking read port `\cfgb'[4] in module `\spark_chip': no output FF found.
Checking read port `\cfgb'[5] in module `\spark_chip': no output FF found.
Checking read port `\cfgb'[6] in module `\spark_chip': no output FF found.
Checking read port `\u_core.nzc'[0] in module `\spark_chip': no output FF found.
Checking read port `\u_core.u_acc0.mem'[0] in module `\spark_chip': merging output FF to cell.
    Write port 0: non-transparent.
Checking read port `\u_core.u_acc1.mem'[0] in module `\spark_chip': merging output FF to cell.
    Write port 0: non-transparent.
Checking read port `\u_core.u_acc2.mem'[0] in module `\spark_chip': merging output FF to cell.
    Write port 0: non-transparent.
Checking read port `\u_core.u_acc3.mem'[0] in module `\spark_chip': merging output FF to cell.
    Write port 0: non-transparent.
Checking read port `\u_core.u_h0.mem'[0] in module `\spark_chip': merging output FF to cell.
    Write port 0: non-transparent.
Checking read port `\u_core.u_h1.mem'[0] in module `\spark_chip': merging output FF to cell.
    Write port 0: non-transparent.
Checking read port `\u_core.u_s0.mem'[0] in module `\spark_chip': merging output FF to cell.
    Write port 0: non-transparent.
Checking read port `\u_core.u_s1.mem'[0] in module `\spark_chip': merging output FF to cell.
    Write port 0: non-transparent.
Checking read port `\u_core.u_sn0.mem'[0] in module `\spark_chip': merging output FF to cell.
    Write port 0: non-transparent.
Checking read port `\u_core.u_sn1.mem'[0] in module `\spark_chip': merging output FF to cell.
    Write port 0: non-transparent.
Checking read port `\u_core.u_sn2.mem'[0] in module `\spark_chip': merging output FF to cell.
    Write port 0: non-transparent.
Checking read port `\u_core.u_sn3.mem'[0] in module `\spark_chip': merging output FF to cell.
    Write port 0: non-transparent.
Checking read port `\u_core.u_th0.mem'[0] in module `\spark_chip': merging output FF to cell.
Checking read port `\u_core.u_th1.mem'[0] in module `\spark_chip': merging output FF to cell.
Checking read port address `\cfgb'[1] in module `\spark_chip': no address FF found.
Checking read port address `\cfgb'[2] in module `\spark_chip': no address FF found.
Checking read port address `\cfgb'[3] in module `\spark_chip': no address FF found.
Checking read port address `\cfgb'[4] in module `\spark_chip': no address FF found.
Checking read port address `\cfgb'[5] in module `\spark_chip': no address FF found.
Checking read port address `\cfgb'[6] in module `\spark_chip': no address FF found.
Checking read port address `\u_core.nzc'[0] in module `\spark_chip': merged address FF to cell.

10.16.6. Executing OPT_CLEAN pass (remove unused cells and wires).
Finding unused cells or wires in module \spark_chip..
Removed 13 unused cells and 1101 unused wires.
<suppressed ~14 debug messages>

10.16.7. Executing MEMORY_SHARE pass (consolidating $memrd/$memwr cells).
Consolidating read ports of memory spark_chip.cfgb by address:
  Merging ports 1, 6 (address 3'010).
  Merging ports 2, 3 (address 3'001).
  Merging ports 4, 5 (address 3'101).
Consolidating read ports of memory spark_chip.cfgb by address:
  Merging ports 1, 2 (address 3'010).
  Merging ports 1, 3 (address 3'000).
Consolidating read ports of memory spark_chip.cfgb by address:
Consolidating write ports of memory spark_chip.cfgb by address:
  Merging ports 0, 1 (address \cnt [2:0]).
Consolidating write ports of memory spark_chip.u_core.nzc by address:
  Merging ports 0, 1 (address 2'00).
  Merging ports 0, 2 (address 2'00).
Consolidating write ports of memory spark_chip.u_core.nzc by address:
Consolidating write ports of memory spark_chip.u_core.nzc using sat-based resource sharing:
  Checking group clocked with posedge \clk, width 16: ports 1, 2.
  Common input cone for all EN signals: 62 cells.
  Size of unconstrained SAT problem: 2143 variables, 5603 clauses
  Merging port 2 into port 1.

10.16.8. Executing OPT_MEM_WIDEN pass (optimize memories where all ports are wide).
Performed a total of 0 transformations.

10.16.9. Executing OPT_CLEAN pass (remove unused cells and wires).
Finding unused cells or wires in module \spark_chip..
Removed 5 unused cells and 12 unused wires.
<suppressed ~6 debug messages>

10.16.10. Executing MEMORY_COLLECT pass (generating $mem cells).

10.17. Executing OPT_CLEAN pass (remove unused cells and wires).
Finding unused cells or wires in module \spark_chip..

10.18. Executing OPT pass (performing simple optimizations).

10.18.1. Executing OPT_EXPR pass (perform const folding).
Optimizing module spark_chip.
<suppressed ~449 debug messages>

10.18.2. Executing OPT_MERGE pass (detect identical cells).
Finding identical cells in module `\spark_chip'.
<suppressed ~12 debug messages>
Removed a total of 4 cells.

10.18.3. Executing OPT_DFF pass (perform DFF optimizations).
Adding SRST signal on $auto$ff.cc:266:slice$9308 ($dffe) from module spark_chip (D = $flatten\u_core.$procmux$4986_Y, Q = \u_core.path, rval = 2'10).
Adding SRST signal on $auto$ff.cc:266:slice$9281 ($dffe) from module spark_chip (D = $flatten\u_core.$procmux$4748_Y, Q = \u_core.n_nz, rval = 8'00000000).
Adding SRST signal on $auto$ff.cc:266:slice$9272 ($dffe) from module spark_chip (D = $flatten\u_core.$procmux$4726_Y, Q = \u_core.n_dl, rval = 8'00000000).
Adding EN signal on $auto$ff.cc:266:slice$9269 ($sdffe) from module spark_chip (D = $flatten\u_core.$procmux$4703_Y [0], Q = \u_core.score [0]).
Adding SRST signal on $auto$ff.cc:266:slice$9131 ($dffe) from module spark_chip (D = $auto$wreduce.cc:461:run$9415 [6:0], Q = \u_core.e, rval = 7'0000000).
Adding SRST signal on $auto$ff.cc:266:slice$9122 ($dffe) from module spark_chip (D = $auto$wreduce.cc:461:run$9412 [6:0], Q = \u_core.m, rval = 7'0000000).
Adding SRST signal on $auto$ff.cc:266:slice$9111 ($dffe) from module spark_chip (D = $flatten\u_core.$procmux$4263_Y, Q = \u_core.t1, rval = 32'11000000000000000000000000000000).
Adding SRST signal on $auto$ff.cc:266:slice$9100 ($dffe) from module spark_chip (D = $flatten\u_core.$procmux$4248_Y, Q = \u_core.t2, rval = 32'11000000000000000000000000000000).
Adding SRST signal on $auto$ff.cc:266:slice$9087 ($dffe) from module spark_chip (D = $flatten\u_core.$procmux$4233_Y, Q = \u_core.idx, rval = 8'00000000).
Adding SRST signal on $auto$ff.cc:266:slice$9055 ($dffe) from module spark_chip (D = $flatten\u_core.$add$../../rtl/spark_core.v:483$2141_Y, Q = \u_core.q, rval = 2'00).
Setting constant 1-bit at position 0 on $flatten\u_core.\u_th0.$procdff$8469 ($dff) from module spark_chip.
Setting constant 1-bit at position 1 on $flatten\u_core.\u_th0.$procdff$8469 ($dff) from module spark_chip.
Setting constant 1-bit at position 2 on $flatten\u_core.\u_th0.$procdff$8469 ($dff) from module spark_chip.
Setting constant 1-bit at position 3 on $flatten\u_core.\u_th0.$procdff$8469 ($dff) from module spark_chip.
Setting constant 1-bit at position 4 on $flatten\u_core.\u_th0.$procdff$8469 ($dff) from module spark_chip.
Setting constant 1-bit at position 5 on $flatten\u_core.\u_th0.$procdff$8469 ($dff) from module spark_chip.
Setting constant 1-bit at position 6 on $flatten\u_core.\u_th0.$procdff$8469 ($dff) from module spark_chip.
Setting constant 1-bit at position 7 on $flatten\u_core.\u_th0.$procdff$8469 ($dff) from module spark_chip.
Setting constant 1-bit at position 8 on $flatten\u_core.\u_th0.$procdff$8469 ($dff) from module spark_chip.
Setting constant 1-bit at position 9 on $flatten\u_core.\u_th0.$procdff$8469 ($dff) from module spark_chip.
Setting constant 1-bit at position 10 on $flatten\u_core.\u_th0.$procdff$8469 ($dff) from module spark_chip.
Setting constant 1-bit at position 11 on $flatten\u_core.\u_th0.$procdff$8469 ($dff) from module spark_chip.
Setting constant 1-bit at position 12 on $flatten\u_core.\u_th0.$procdff$8469 ($dff) from module spark_chip.
Setting constant 1-bit at position 13 on $flatten\u_core.\u_th0.$procdff$8469 ($dff) from module spark_chip.
Setting constant 1-bit at position 14 on $flatten\u_core.\u_th0.$procdff$8469 ($dff) from module spark_chip.
Setting constant 1-bit at position 15 on $flatten\u_core.\u_th0.$procdff$8469 ($dff) from module spark_chip.
Setting constant 1-bit at position 16 on $flatten\u_core.\u_th0.$procdff$8469 ($dff) from module spark_chip.
Setting constant 1-bit at position 17 on $flatten\u_core.\u_th0.$procdff$8469 ($dff) from module spark_chip.
Setting constant 1-bit at position 18 on $flatten\u_core.\u_th0.$procdff$8469 ($dff) from module spark_chip.
Setting constant 1-bit at position 19 on $flatten\u_core.\u_th0.$procdff$8469 ($dff) from module spark_chip.
Setting constant 0-bit at position 20 on $flatten\u_core.\u_th0.$procdff$8469 ($dff) from module spark_chip.
Setting constant 0-bit at position 21 on $flatten\u_core.\u_th0.$procdff$8469 ($dff) from module spark_chip.
Setting constant 0-bit at position 22 on $flatten\u_core.\u_th0.$procdff$8469 ($dff) from module spark_chip.
Setting constant 0-bit at position 23 on $flatten\u_core.\u_th0.$procdff$8469 ($dff) from module spark_chip.
Setting constant 0-bit at position 24 on $flatten\u_core.\u_th0.$procdff$8469 ($dff) from module spark_chip.
Setting constant 0-bit at position 25 on $flatten\u_core.\u_th0.$procdff$8469 ($dff) from module spark_chip.
Setting constant 0-bit at position 26 on $flatten\u_core.\u_th0.$procdff$8469 ($dff) from module spark_chip.
Setting constant 0-bit at position 27 on $flatten\u_core.\u_th0.$procdff$8469 ($dff) from module spark_chip.
Setting constant 0-bit at position 28 on $flatten\u_core.\u_th0.$procdff$8469 ($dff) from module spark_chip.
Setting constant 0-bit at position 29 on $flatten\u_core.\u_th0.$procdff$8469 ($dff) from module spark_chip.
Setting constant 0-bit at position 30 on $flatten\u_core.\u_th0.$procdff$8469 ($dff) from module spark_chip.
Setting constant 0-bit at position 31 on $flatten\u_core.\u_th0.$procdff$8469 ($dff) from module spark_chip.
Setting constant 1-bit at position 32 on $flatten\u_core.\u_th0.$procdff$8469 ($dff) from module spark_chip.
Setting constant 1-bit at position 33 on $flatten\u_core.\u_th0.$procdff$8469 ($dff) from module spark_chip.
Setting constant 1-bit at position 34 on $flatten\u_core.\u_th0.$procdff$8469 ($dff) from module spark_chip.
Setting constant 1-bit at position 35 on $flatten\u_core.\u_th0.$procdff$8469 ($dff) from module spark_chip.
Setting constant 1-bit at position 36 on $flatten\u_core.\u_th0.$procdff$8469 ($dff) from module spark_chip.
Setting constant 1-bit at position 37 on $flatten\u_core.\u_th0.$procdff$8469 ($dff) from module spark_chip.
Setting constant 1-bit at position 38 on $flatten\u_core.\u_th0.$procdff$8469 ($dff) from module spark_chip.
Setting constant 1-bit at position 39 on $flatten\u_core.\u_th0.$procdff$8469 ($dff) from module spark_chip.
Setting constant 1-bit at position 40 on $flatten\u_core.\u_th0.$procdff$8469 ($dff) from module spark_chip.
Setting constant 1-bit at position 41 on $flatten\u_core.\u_th0.$procdff$8469 ($dff) from module spark_chip.
Setting constant 1-bit at position 42 on $flatten\u_core.\u_th0.$procdff$8469 ($dff) from module spark_chip.
Setting constant 1-bit at position 43 on $flatten\u_core.\u_th0.$procdff$8469 ($dff) from module spark_chip.
Setting constant 1-bit at position 44 on $flatten\u_core.\u_th0.$procdff$8469 ($dff) from module spark_chip.
Setting constant 1-bit at position 45 on $flatten\u_core.\u_th0.$procdff$8469 ($dff) from module spark_chip.
Setting constant 1-bit at position 46 on $flatten\u_core.\u_th0.$procdff$8469 ($dff) from module spark_chip.
Setting constant 1-bit at position 47 on $flatten\u_core.\u_th0.$procdff$8469 ($dff) from module spark_chip.
Setting constant 1-bit at position 48 on $flatten\u_core.\u_th0.$procdff$8469 ($dff) from module spark_chip.
Setting constant 1-bit at position 49 on $flatten\u_core.\u_th0.$procdff$8469 ($dff) from module spark_chip.
Setting constant 1-bit at position 50 on $flatten\u_core.\u_th0.$procdff$8469 ($dff) from module spark_chip.
Setting constant 1-bit at position 51 on $flatten\u_core.\u_th0.$procdff$8469 ($dff) from module spark_chip.
Setting constant 1-bit at position 52 on $flatten\u_core.\u_th0.$procdff$8469 ($dff) from module spark_chip.
Setting constant 1-bit at position 53 on $flatten\u_core.\u_th0.$procdff$8469 ($dff) from module spark_chip.
Setting constant 1-bit at position 54 on $flatten\u_core.\u_th0.$procdff$8469 ($dff) from module spark_chip.
Setting constant 1-bit at position 55 on $flatten\u_core.\u_th0.$procdff$8469 ($dff) from module spark_chip.
Setting constant 1-bit at position 56 on $flatten\u_core.\u_th0.$procdff$8469 ($dff) from module spark_chip.
Setting constant 1-bit at position 57 on $flatten\u_core.\u_th0.$procdff$8469 ($dff) from module spark_chip.
Setting constant 1-bit at position 58 on $flatten\u_core.\u_th0.$procdff$8469 ($dff) from module spark_chip.
Setting constant 1-bit at position 59 on $flatten\u_core.\u_th0.$procdff$8469 ($dff) from module spark_chip.
Setting constant 1-bit at position 60 on $flatten\u_core.\u_th0.$procdff$8469 ($dff) from module spark_chip.
Setting constant 1-bit at position 61 on $flatten\u_core.\u_th0.$procdff$8469 ($dff) from module spark_chip.
Setting constant 1-bit at position 62 on $flatten\u_core.\u_th0.$procdff$8469 ($dff) from module spark_chip.
Setting constant 1-bit at position 63 on $flatten\u_core.\u_th0.$procdff$8469 ($dff) from module spark_chip.
Setting constant 1-bit at position 64 on $flatten\u_core.\u_th0.$procdff$8469 ($dff) from module spark_chip.
Setting constant 1-bit at position 65 on $flatten\u_core.\u_th0.$procdff$8469 ($dff) from module spark_chip.
Setting constant 1-bit at position 66 on $flatten\u_core.\u_th0.$procdff$8469 ($dff) from module spark_chip.
Setting constant 1-bit at position 67 on $flatten\u_core.\u_th0.$procdff$8469 ($dff) from module spark_chip.
Setting constant 1-bit at position 68 on $flatten\u_core.\u_th0.$procdff$8469 ($dff) from module spark_chip.
Setting constant 0-bit at position 69 on $flatten\u_core.\u_th0.$procdff$8469 ($dff) from module spark_chip.
Setting constant 0-bit at position 70 on $flatten\u_core.\u_th0.$procdff$8469 ($dff) from module spark_chip.
Setting constant 0-bit at position 71 on $flatten\u_core.\u_th0.$procdff$8469 ($dff) from module spark_chip.
Setting constant 0-bit at position 72 on $flatten\u_core.\u_th0.$procdff$8469 ($dff) from module spark_chip.
Setting constant 0-bit at position 73 on $flatten\u_core.\u_th0.$procdff$8469 ($dff) from module spark_chip.
Setting constant 0-bit at position 74 on $flatten\u_core.\u_th0.$procdff$8469 ($dff) from module spark_chip.
Setting constant 0-bit at position 75 on $flatten\u_core.\u_th0.$procdff$8469 ($dff) from module spark_chip.
Setting constant 0-bit at position 76 on $flatten\u_core.\u_th0.$procdff$8469 ($dff) from module spark_chip.
Setting constant 0-bit at position 77 on $flatten\u_core.\u_th0.$procdff$8469 ($dff) from module spark_chip.
Setting constant 0-bit at position 78 on $flatten\u_core.\u_th0.$procdff$8469 ($dff) from module spark_chip.
Setting constant 0-bit at position 79 on $flatten\u_core.\u_th0.$procdff$8469 ($dff) from module spark_chip.
Setting constant 1-bit at position 80 on $flatten\u_core.\u_th0.$procdff$8469 ($dff) from module spark_chip.
Setting constant 1-bit at position 81 on $flatten\u_core.\u_th0.$procdff$8469 ($dff) from module spark_chip.
Setting constant 1-bit at position 82 on $flatten\u_core.\u_th0.$procdff$8469 ($dff) from module spark_chip.
Setting constant 1-bit at position 83 on $flatten\u_core.\u_th0.$procdff$8469 ($dff) from module spark_chip.
Setting constant 1-bit at position 84 on $flatten\u_core.\u_th0.$procdff$8469 ($dff) from module spark_chip.
Setting constant 0-bit at position 85 on $flatten\u_core.\u_th0.$procdff$8469 ($dff) from module spark_chip.
Setting constant 0-bit at position 86 on $flatten\u_core.\u_th0.$procdff$8469 ($dff) from module spark_chip.
Setting constant 0-bit at position 87 on $flatten\u_core.\u_th0.$procdff$8469 ($dff) from module spark_chip.
Setting constant 0-bit at position 88 on $flatten\u_core.\u_th0.$procdff$8469 ($dff) from module spark_chip.
Setting constant 0-bit at position 89 on $flatten\u_core.\u_th0.$procdff$8469 ($dff) from module spark_chip.
Setting constant 0-bit at position 90 on $flatten\u_core.\u_th0.$procdff$8469 ($dff) from module spark_chip.
Setting constant 0-bit at position 91 on $flatten\u_core.\u_th0.$procdff$8469 ($dff) from module spark_chip.
Setting constant 0-bit at position 92 on $flatten\u_core.\u_th0.$procdff$8469 ($dff) from module spark_chip.
Setting constant 0-bit at position 93 on $flatten\u_core.\u_th0.$procdff$8469 ($dff) from module spark_chip.
Setting constant 0-bit at position 94 on $flatten\u_core.\u_th0.$procdff$8469 ($dff) from module spark_chip.
Setting constant 0-bit at position 95 on $flatten\u_core.\u_th0.$procdff$8469 ($dff) from module spark_chip.
Setting constant 1-bit at position 96 on $flatten\u_core.\u_th0.$procdff$8469 ($dff) from module spark_chip.
Setting constant 1-bit at position 97 on $flatten\u_core.\u_th0.$procdff$8469 ($dff) from module spark_chip.
Setting constant 1-bit at position 98 on $flatten\u_core.\u_th0.$procdff$8469 ($dff) from module spark_chip.
Setting constant 1-bit at position 99 on $flatten\u_core.\u_th0.$procdff$8469 ($dff) from module spark_chip.
Setting constant 1-bit at position 100 on $flatten\u_core.\u_th0.$procdff$8469 ($dff) from module spark_chip.
Setting constant 1-bit at position 101 on $flatten\u_core.\u_th0.$procdff$8469 ($dff) from module spark_chip.
Setting constant 1-bit at position 102 on $flatten\u_core.\u_th0.$procdff$8469 ($dff) from module spark_chip.
Setting constant 1-bit at position 103 on $flatten\u_core.\u_th0.$procdff$8469 ($dff) from module spark_chip.
Setting constant 1-bit at position 104 on $flatten\u_core.\u_th0.$procdff$8469 ($dff) from module spark_chip.
Setting constant 1-bit at position 105 on $flatten\u_core.\u_th0.$procdff$8469 ($dff) from module spark_chip.
Setting constant 1-bit at position 106 on $flatten\u_core.\u_th0.$procdff$8469 ($dff) from module spark_chip.
Setting constant 1-bit at position 107 on $flatten\u_core.\u_th0.$procdff$8469 ($dff) from module spark_chip.
Setting constant 1-bit at position 108 on $flatten\u_core.\u_th0.$procdff$8469 ($dff) from module spark_chip.
Setting constant 1-bit at position 109 on $flatten\u_core.\u_th0.$procdff$8469 ($dff) from module spark_chip.
Setting constant 1-bit at position 110 on $flatten\u_core.\u_th0.$procdff$8469 ($dff) from module spark_chip.
Setting constant 1-bit at position 111 on $flatten\u_core.\u_th0.$procdff$8469 ($dff) from module spark_chip.
Setting constant 1-bit at position 112 on $flatten\u_core.\u_th0.$procdff$8469 ($dff) from module spark_chip.
Setting constant 1-bit at position 113 on $flatten\u_core.\u_th0.$procdff$8469 ($dff) from module spark_chip.
Setting constant 1-bit at position 114 on $flatten\u_core.\u_th0.$procdff$8469 ($dff) from module spark_chip.
Setting constant 1-bit at position 115 on $flatten\u_core.\u_th0.$procdff$8469 ($dff) from module spark_chip.
Setting constant 1-bit at position 116 on $flatten\u_core.\u_th0.$procdff$8469 ($dff) from module spark_chip.
Setting constant 0-bit at position 117 on $flatten\u_core.\u_th0.$procdff$8469 ($dff) from module spark_chip.
Setting constant 0-bit at position 118 on $flatten\u_core.\u_th0.$procdff$8469 ($dff) from module spark_chip.
Setting constant 0-bit at position 119 on $flatten\u_core.\u_th0.$procdff$8469 ($dff) from module spark_chip.
Setting constant 0-bit at position 120 on $flatten\u_core.\u_th0.$procdff$8469 ($dff) from module spark_chip.
Setting constant 0-bit at position 121 on $flatten\u_core.\u_th0.$procdff$8469 ($dff) from module spark_chip.
Setting constant 0-bit at position 122 on $flatten\u_core.\u_th0.$procdff$8469 ($dff) from module spark_chip.
Setting constant 0-bit at position 123 on $flatten\u_core.\u_th0.$procdff$8469 ($dff) from module spark_chip.
Setting constant 0-bit at position 124 on $flatten\u_core.\u_th0.$procdff$8469 ($dff) from module spark_chip.
Setting constant 0-bit at position 125 on $flatten\u_core.\u_th0.$procdff$8469 ($dff) from module spark_chip.
Setting constant 0-bit at position 126 on $flatten\u_core.\u_th0.$procdff$8469 ($dff) from module spark_chip.
Setting constant 0-bit at position 127 on $flatten\u_core.\u_th0.$procdff$8469 ($dff) from module spark_chip.

10.18.4. Executing OPT_CLEAN pass (remove unused cells and wires).
Finding unused cells or wires in module \spark_chip..
Removed 115 unused cells and 381 unused wires.
<suppressed ~122 debug messages>

10.18.5. Rerunning OPT passes. (Removed registers in this run.)

10.18.6. Executing OPT_EXPR pass (perform const folding).
Optimizing module spark_chip.
<suppressed ~1 debug messages>

10.18.7. Executing OPT_MERGE pass (detect identical cells).
Finding identical cells in module `\spark_chip'.
Removed a total of 0 cells.

10.18.8. Executing OPT_DFF pass (perform DFF optimizations).
Adding SRST signal on $auto$ff.cc:266:slice$9072 ($dffe) from module spark_chip (D = { \u_core.u_th1.rd [127:117] \u_core.u_th1.rd [95:85] \u_core.u_th1.rd [79:69] \u_core.u_th1.rd [31:20] }, Q = { \u_core.po_th [127:117] \u_core.po_th [95:85] \u_core.po_th [79:69] \u_core.po_th [31:20] }, rval = 45'000000000000000000000000000000000000000000000).
Setting constant 0-bit at position 24 on $auto$ff.cc:266:slice$8937 ($sdffe) from module spark_chip.
Setting constant 0-bit at position 25 on $auto$ff.cc:266:slice$8937 ($sdffe) from module spark_chip.
Setting constant 0-bit at position 26 on $auto$ff.cc:266:slice$8937 ($sdffe) from module spark_chip.
Setting constant 0-bit at position 27 on $auto$ff.cc:266:slice$8937 ($sdffe) from module spark_chip.
Setting constant 0-bit at position 28 on $auto$ff.cc:266:slice$8937 ($sdffe) from module spark_chip.
Setting constant 0-bit at position 29 on $auto$ff.cc:266:slice$8937 ($sdffe) from module spark_chip.
Setting constant 0-bit at position 30 on $auto$ff.cc:266:slice$8937 ($sdffe) from module spark_chip.
Setting constant 0-bit at position 31 on $auto$ff.cc:266:slice$8937 ($sdffe) from module spark_chip.

10.18.9. Executing OPT_CLEAN pass (remove unused cells and wires).
Finding unused cells or wires in module \spark_chip..
Removed 0 unused cells and 9 unused wires.
<suppressed ~1 debug messages>

10.18.10. Rerunning OPT passes. (Removed registers in this run.)

10.18.11. Executing OPT_EXPR pass (perform const folding).
Optimizing module spark_chip.

10.18.12. Executing OPT_MERGE pass (detect identical cells).
Finding identical cells in module `\spark_chip'.
Removed a total of 0 cells.

10.18.13. Executing OPT_DFF pass (perform DFF optimizations).

10.18.14. Executing OPT_CLEAN pass (remove unused cells and wires).
Finding unused cells or wires in module \spark_chip..

10.18.15. Finished fast OPT passes.

10.19. Executing MEMORY_MAP pass (converting memories to logic and flip-flops).
Mapping memory \cfgb in module \spark_chip:
  created 8 $dff cells and 0 static cells of width 8.
Extracted data FF from read port 0 of spark_chip.cfgb: $\cfgb$rdreg[0]
  read interface: 1 $dff and 7 $mux cells.
  write interface: 8 write mux blocks.
Mapping memory \u_core.nzc in module \spark_chip:
  created 4 $dff cells and 0 static cells of width 16.
Extracted addr FF from read port 0 of spark_chip.u_core.nzc: $\u_core.nzc$rdreg[0]
  read interface: 1 $dff and 3 $mux cells.
  write interface: 8 write mux blocks.
Mapping memory \u_core.u_acc0.mem in module \spark_chip:
  created 16 $dff cells and 0 static cells of width 128.
Extracted data FF from read port 0 of spark_chip.u_core.u_acc0.mem: $\u_core.u_acc0.mem$rdreg[0]
  read interface: 1 $dff and 15 $mux cells.
  write interface: 16 write mux blocks.
Mapping memory \u_core.u_acc1.mem in module \spark_chip:
  created 16 $dff cells and 0 static cells of width 128.
Extracted data FF from read port 0 of spark_chip.u_core.u_acc1.mem: $\u_core.u_acc1.mem$rdreg[0]
  read interface: 1 $dff and 15 $mux cells.
  write interface: 16 write mux blocks.
Mapping memory \u_core.u_acc2.mem in module \spark_chip:
  created 32 $dff cells and 0 static cells of width 128.
Extracted data FF from read port 0 of spark_chip.u_core.u_acc2.mem: $\u_core.u_acc2.mem$rdreg[0]
  read interface: 1 $dff and 31 $mux cells.
  write interface: 32 write mux blocks.
Mapping memory \u_core.u_acc3.mem in module \spark_chip:
  created 32 $dff cells and 0 static cells of width 128.
Extracted data FF from read port 0 of spark_chip.u_core.u_acc3.mem: $\u_core.u_acc3.mem$rdreg[0]
  read interface: 1 $dff and 31 $mux cells.
  write interface: 32 write mux blocks.
Mapping memory \u_core.u_h0.mem in module \spark_chip:
  created 16 $dff cells and 0 static cells of width 128.
Extracted data FF from read port 0 of spark_chip.u_core.u_h0.mem: $\u_core.u_h0.mem$rdreg[0]
  read interface: 1 $dff and 15 $mux cells.
  write interface: 16 write mux blocks.
Mapping memory \u_core.u_h1.mem in module \spark_chip:
  created 16 $dff cells and 0 static cells of width 128.
Extracted data FF from read port 0 of spark_chip.u_core.u_h1.mem: $\u_core.u_h1.mem$rdreg[0]
  read interface: 1 $dff and 15 $mux cells.
  write interface: 16 write mux blocks.
Mapping memory \u_core.u_s0.mem in module \spark_chip:
  created 16 $dff cells and 0 static cells of width 32.
Extracted data FF from read port 0 of spark_chip.u_core.u_s0.mem: $\u_core.u_s0.mem$rdreg[0]
  read interface: 1 $dff and 15 $mux cells.
  write interface: 16 write mux blocks.
Mapping memory \u_core.u_s1.mem in module \spark_chip:
  created 16 $dff cells and 0 static cells of width 32.
Extracted data FF from read port 0 of spark_chip.u_core.u_s1.mem: $\u_core.u_s1.mem$rdreg[0]
  read interface: 1 $dff and 15 $mux cells.
  write interface: 16 write mux blocks.
Mapping memory \u_core.u_sn0.mem in module \spark_chip:
  created 24 $dff cells and 0 static cells of width 32.
Extracted data FF from read port 0 of spark_chip.u_core.u_sn0.mem: $\u_core.u_sn0.mem$rdreg[0]
  read interface: 1 $dff and 31 $mux cells.
  write interface: 24 write mux blocks.
Mapping memory \u_core.u_sn1.mem in module \spark_chip:
  created 16 $dff cells and 0 static cells of width 32.
Extracted data FF from read port 0 of spark_chip.u_core.u_sn1.mem: $\u_core.u_sn1.mem$rdreg[0]
  read interface: 1 $dff and 15 $mux cells.
  write interface: 16 write mux blocks.
Mapping memory \u_core.u_sn2.mem in module \spark_chip:
  created 16 $dff cells and 0 static cells of width 32.
Extracted data FF from read port 0 of spark_chip.u_core.u_sn2.mem: $\u_core.u_sn2.mem$rdreg[0]
  read interface: 1 $dff and 15 $mux cells.
  write interface: 16 write mux blocks.
Mapping memory \u_core.u_sn3.mem in module \spark_chip:
  created 16 $dff cells and 0 static cells of width 32.
Extracted data FF from read port 0 of spark_chip.u_core.u_sn3.mem: $\u_core.u_sn3.mem$rdreg[0]
  read interface: 1 $dff and 15 $mux cells.
  write interface: 16 write mux blocks.
Mapping memory \u_core.u_th0.mem in module \spark_chip:
  created 16 $dff cells and 0 static cells of width 83.
Extracted data FF from read port 0 of spark_chip.u_core.u_th0.mem: $\u_core.u_th0.mem$rdreg[0]
  read interface: 1 $dff and 15 $mux cells.
  write interface: 0 write mux blocks.
Mapping memory \u_core.u_th1.mem in module \spark_chip:
  created 16 $dff cells and 0 static cells of width 128.
Extracted data FF from read port 0 of spark_chip.u_core.u_th1.mem: $\u_core.u_th1.mem$rdreg[0]
  read interface: 1 $dff and 15 $mux cells.
  write interface: 0 write mux blocks.

10.20. Executing OPT pass (performing simple optimizations).

10.20.1. Executing OPT_EXPR pass (perform const folding).
Optimizing module spark_chip.
<suppressed ~206 debug messages>

10.20.2. Executing OPT_MERGE pass (detect identical cells).
Finding identical cells in module `\spark_chip'.
<suppressed ~96 debug messages>
Removed a total of 32 cells.

10.20.3. Executing OPT_MUXTREE pass (detect dead branches in mux trees).
Running muxtree optimizer on module \spark_chip..
  Creating internal representation of mux trees.
  Evaluating internal representation of mux trees.
      Replacing known input bits on port B of cell $auto$memory_share.cc:453:consolidate_wr_using_sat$11449: $auto$rtlil.cc:2405:ReduceOr$11443 -> 1'1
  Analyzing evaluation results.
Removed 0 multiplexer ports.
<suppressed ~378 debug messages>

10.20.4. Executing OPT_REDUCE pass (consolidate $*mux and $reduce_* inputs).
  Optimizing cells in module \spark_chip.
    New input vector for $reduce_and cell $auto$opt_dff.cc:220:make_patterns_logic$11679: { $auto$opt_dff.cc:194:make_patterns_logic$11676 $flatten\u_core.$procmux$4563_CMP $flatten\u_core.$procmux$4566_CMP }
    Consolidated identical input bits for $mux cell $memory\u_core.u_th1.mem$rdmux[0][3][4]$14793:
      Old ports: A=128'00000000000001011111111111111100000000000000000100000000000000110000000000000001000000000000000100000000000000011111111111111100, B=128'00000000000000010000000000000011000000000000000011111111111111111111111111111110000000000000001100000000000000010000000000000010, Y=$memory\u_core.u_th1.mem$rdmux[0][2][2]$a$14776
      New ports: A=2'10, B=2'01, Y=$memory\u_core.u_th1.mem$rdmux[0][2][2]$a$14776 [2:1]
      New connections: { $memory\u_core.u_th1.mem$rdmux[0][2][2]$a$14776 [127:3] $memory\u_core.u_th1.mem$rdmux[0][2][2]$a$14776 [0] } = { 13'0000000000000 $memory\u_core.u_th1.mem$rdmux[0][2][2]$a$14776 [2] 2'01 $memory\u_core.u_th1.mem$rdmux[0][2][2]$a$14776 [2] $memory\u_core.u_th1.mem$rdmux[0][2][2]$a$14776 [2] $memory\u_core.u_th1.mem$rdmux[0][2][2]$a$14776 [2] $memory\u_core.u_th1.mem$rdmux[0][2][2]$a$14776 [2] $memory\u_core.u_th1.mem$rdmux[0][2][2]$a$14776 [2] $memory\u_core.u_th1.mem$rdmux[0][2][2]$a$14776 [2] $memory\u_core.u_th1.mem$rdmux[0][2][2]$a$14776 [2] $memory\u_core.u_th1.mem$rdmux[0][2][2]$a$14776 [2] $memory\u_core.u_th1.mem$rdmux[0][2][2]$a$14776 [2] $memory\u_core.u_th1.mem$rdmux[0][2][2]$a$14776 [2] $memory\u_core.u_th1.mem$rdmux[0][2][2]$a$14776 [2] $memory\u_core.u_th1.mem$rdmux[0][2][2]$a$14776 [2] $memory\u_core.u_th1.mem$rdmux[0][2][2]$a$14776 [2] $memory\u_core.u_th1.mem$rdmux[0][2][2]$a$14776 [2:1] $memory\u_core.u_th1.mem$rdmux[0][2][2]$a$14776 [1] 15'000000000000000 $memory\u_core.u_th1.mem$rdmux[0][2][2]$a$14776 [2:1] $memory\u_core.u_th1.mem$rdmux[0][2][2]$a$14776 [1] $memory\u_core.u_th1.mem$rdmux[0][2][2]$a$14776 [1] $memory\u_core.u_th1.mem$rdmux[0][2][2]$a$14776 [1] $memory\u_core.u_th1.mem$rdmux[0][2][2]$a$14776 [1] $memory\u_core.u_th1.mem$rdmux[0][2][2]$a$14776 [1] $memory\u_core.u_th1.mem$rdmux[0][2][2]$a$14776 [1] $memory\u_core.u_th1.mem$rdmux[0][2][2]$a$14776 [1] $memory\u_core.u_th1.mem$rdmux[0][2][2]$a$14776 [1] $memory\u_core.u_th1.mem$rdmux[0][2][2]$a$14776 [1] $memory\u_core.u_th1.mem$rdmux[0][2][2]$a$14776 [1] $memory\u_core.u_th1.mem$rdmux[0][2][2]$a$14776 [1] $memory\u_core.u_th1.mem$rdmux[0][2][2]$a$14776 [1] $memory\u_core.u_th1.mem$rdmux[0][2][2]$a$14776 [1] 2'11 $memory\u_core.u_th1.mem$rdmux[0][2][2]$a$14776 [1] $memory\u_core.u_th1.mem$rdmux[0][2][2]$a$14776 [1] $memory\u_core.u_th1.mem$rdmux[0][2][2]$a$14776 [1] $memory\u_core.u_th1.mem$rdmux[0][2][2]$a$14776 [1] $memory\u_core.u_th1.mem$rdmux[0][2][2]$a$14776 [1] $memory\u_core.u_th1.mem$rdmux[0][2][2]$a$14776 [1] $memory\u_core.u_th1.mem$rdmux[0][2][2]$a$14776 [1] $memory\u_core.u_th1.mem$rdmux[0][2][2]$a$14776 [1] $memory\u_core.u_th1.mem$rdmux[0][2][2]$a$14776 [1] $memory\u_core.u_th1.mem$rdmux[0][2][2]$a$14776 [1] $memory\u_core.u_th1.mem$rdmux[0][2][2]$a$14776 [1] $memory\u_core.u_th1.mem$rdmux[0][2][2]$a$14776 [1] $memory\u_core.u_th1.mem$rdmux[0][2][2]$a$14776 [1] $memory\u_core.u_th1.mem$rdmux[0][2][2]$a$14776 [1] $memory\u_core.u_th1.mem$rdmux[0][2][2]$a$14776 [1] $memory\u_core.u_th1.mem$rdmux[0][2][2]$a$14776 [2] 14'00000000000000 $memory\u_core.u_th1.mem$rdmux[0][2][2]$a$14776 [1] 17'10000000000000001 $memory\u_core.u_th1.mem$rdmux[0][2][2]$a$14776 [2] $memory\u_core.u_th1.mem$rdmux[0][2][2]$a$14776 [2] $memory\u_core.u_th1.mem$rdmux[0][2][2]$a$14776 [2] $memory\u_core.u_th1.mem$rdmux[0][2][2]$a$14776 [2] $memory\u_core.u_th1.mem$rdmux[0][2][2]$a$14776 [2] $memory\u_core.u_th1.mem$rdmux[0][2][2]$a$14776 [2] $memory\u_core.u_th1.mem$rdmux[0][2][2]$a$14776 [2] $memory\u_core.u_th1.mem$rdmux[0][2][2]$a$14776 [2] $memory\u_core.u_th1.mem$rdmux[0][2][2]$a$14776 [2] $memory\u_core.u_th1.mem$rdmux[0][2][2]$a$14776 [2] $memory\u_core.u_th1.mem$rdmux[0][2][2]$a$14776 [2] $memory\u_core.u_th1.mem$rdmux[0][2][2]$a$14776 [2] $memory\u_core.u_th1.mem$rdmux[0][2][2]$a$14776 [2] 1'0 }
    Consolidated identical input bits for $mux cell $memory\u_core.u_th1.mem$rdmux[0][3][5]$14796:
      Old ports: A=128'00000000000000001111111111111110111111111111111011111111111110000000000000000011111111111111111011111111111110100000000000000010, B=128'00000000000000010000000000000001000000000000000111111111111110100000000000000011000000000000000100000000000000110000000000000001, Y=$memory\u_core.u_th1.mem$rdmux[0][2][2]$b$14777
      New ports: A=2'10, B=2'01, Y=$memory\u_core.u_th1.mem$rdmux[0][2][2]$b$14777 [1:0]
      New connections: $memory\u_core.u_th1.mem$rdmux[0][2][2]$b$14777 [127:2] = { 15'000000000000000 $memory\u_core.u_th1.mem$rdmux[0][2][2]$b$14777 [0] $memory\u_core.u_th1.mem$rdmux[0][2][2]$b$14777 [1] $memory\u_core.u_th1.mem$rdmux[0][2][2]$b$14777 [1] $memory\u_core.u_th1.mem$rdmux[0][2][2]$b$14777 [1] $memory\u_core.u_th1.mem$rdmux[0][2][2]$b$14777 [1] $memory\u_core.u_th1.mem$rdmux[0][2][2]$b$14777 [1] $memory\u_core.u_th1.mem$rdmux[0][2][2]$b$14777 [1] $memory\u_core.u_th1.mem$rdmux[0][2][2]$b$14777 [1] $memory\u_core.u_th1.mem$rdmux[0][2][2]$b$14777 [1] $memory\u_core.u_th1.mem$rdmux[0][2][2]$b$14777 [1] $memory\u_core.u_th1.mem$rdmux[0][2][2]$b$14777 [1] $memory\u_core.u_th1.mem$rdmux[0][2][2]$b$14777 [1] $memory\u_core.u_th1.mem$rdmux[0][2][2]$b$14777 [1] $memory\u_core.u_th1.mem$rdmux[0][2][2]$b$14777 [1] $memory\u_core.u_th1.mem$rdmux[0][2][2]$b$14777 [1] $memory\u_core.u_th1.mem$rdmux[0][2][2]$b$14777 [1:0] $memory\u_core.u_th1.mem$rdmux[0][2][2]$b$14777 [1] $memory\u_core.u_th1.mem$rdmux[0][2][2]$b$14777 [1] $memory\u_core.u_th1.mem$rdmux[0][2][2]$b$14777 [1] $memory\u_core.u_th1.mem$rdmux[0][2][2]$b$14777 [1] $memory\u_core.u_th1.mem$rdmux[0][2][2]$b$14777 [1] $memory\u_core.u_th1.mem$rdmux[0][2][2]$b$14777 [1] $memory\u_core.u_th1.mem$rdmux[0][2][2]$b$14777 [1] $memory\u_core.u_th1.mem$rdmux[0][2][2]$b$14777 [1] $memory\u_core.u_th1.mem$rdmux[0][2][2]$b$14777 [1] $memory\u_core.u_th1.mem$rdmux[0][2][2]$b$14777 [1] $memory\u_core.u_th1.mem$rdmux[0][2][2]$b$14777 [1] $memory\u_core.u_th1.mem$rdmux[0][2][2]$b$14777 [1] $memory\u_core.u_th1.mem$rdmux[0][2][2]$b$14777 [1] $memory\u_core.u_th1.mem$rdmux[0][2][2]$b$14777 [1] $memory\u_core.u_th1.mem$rdmux[0][2][2]$b$14777 [1:0] 14'11111111111110 $memory\u_core.u_th1.mem$rdmux[0][2][2]$b$14777 [0] 17'00000000000000011 $memory\u_core.u_th1.mem$rdmux[0][2][2]$b$14777 [1] $memory\u_core.u_th1.mem$rdmux[0][2][2]$b$14777 [1] $memory\u_core.u_th1.mem$rdmux[0][2][2]$b$14777 [1] $memory\u_core.u_th1.mem$rdmux[0][2][2]$b$14777 [1] $memory\u_core.u_th1.mem$rdmux[0][2][2]$b$14777 [1] $memory\u_core.u_th1.mem$rdmux[0][2][2]$b$14777 [1] $memory\u_core.u_th1.mem$rdmux[0][2][2]$b$14777 [1] $memory\u_core.u_th1.mem$rdmux[0][2][2]$b$14777 [1] $memory\u_core.u_th1.mem$rdmux[0][2][2]$b$14777 [1] $memory\u_core.u_th1.mem$rdmux[0][2][2]$b$14777 [1] $memory\u_core.u_th1.mem$rdmux[0][2][2]$b$14777 [1] $memory\u_core.u_th1.mem$rdmux[0][2][2]$b$14777 [1] $memory\u_core.u_th1.mem$rdmux[0][2][2]$b$14777 [1] $memory\u_core.u_th1.mem$rdmux[0][2][2]$b$14777 [1] $memory\u_core.u_th1.mem$rdmux[0][2][2]$b$14777 [1:0] $memory\u_core.u_th1.mem$rdmux[0][2][2]$b$14777 [1] $memory\u_core.u_th1.mem$rdmux[0][2][2]$b$14777 [1] $memory\u_core.u_th1.mem$rdmux[0][2][2]$b$14777 [1] $memory\u_core.u_th1.mem$rdmux[0][2][2]$b$14777 [1] $memory\u_core.u_th1.mem$rdmux[0][2][2]$b$14777 [1] $memory\u_core.u_th1.mem$rdmux[0][2][2]$b$14777 [1] $memory\u_core.u_th1.mem$rdmux[0][2][2]$b$14777 [1] $memory\u_core.u_th1.mem$rdmux[0][2][2]$b$14777 [1] $memory\u_core.u_th1.mem$rdmux[0][2][2]$b$14777 [1] $memory\u_core.u_th1.mem$rdmux[0][2][2]$b$14777 [1] $memory\u_core.u_th1.mem$rdmux[0][2][2]$b$14777 [1] $memory\u_core.u_th1.mem$rdmux[0][2][2]$b$14777 [1] $memory\u_core.u_th1.mem$rdmux[0][2][2]$b$14777 [1] 2'01 $memory\u_core.u_th1.mem$rdmux[0][2][2]$b$14777 [0] 14'00000000000000 }
    Consolidated identical input bits for $mux cell $memory\u_core.u_th1.mem$rdmux[0][3][6]$14799:
      Old ports: A=128'00000000000000010000000000000100000000000000001011111111111111111111111111111111000000000000000111111111111111100000000000000001, B=128'00000000000000011111111111111101000000000000010011111111111111001111111111111111000000000000010000000000000000010000000000001001, Y=$memory\u_core.u_th1.mem$rdmux[0][2][3]$a$14779
      New ports: A=2'10, B=2'01, Y={ $memory\u_core.u_th1.mem$rdmux[0][2][3]$a$14779 [17] $memory\u_core.u_th1.mem$rdmux[0][2][3]$a$14779 [3] }
      New connections: { $memory\u_core.u_th1.mem$rdmux[0][2][3]$a$14779 [127:18] $memory\u_core.u_th1.mem$rdmux[0][2][3]$a$14779 [16:4] $memory\u_core.u_th1.mem$rdmux[0][2][3]$a$14779 [2:0] } = { 16'0000000000000001 $memory\u_core.u_th1.mem$rdmux[0][2][3]$a$14779 [3] $memory\u_core.u_th1.mem$rdmux[0][2][3]$a$14779 [3] $memory\u_core.u_th1.mem$rdmux[0][2][3]$a$14779 [3] $memory\u_core.u_th1.mem$rdmux[0][2][3]$a$14779 [3] $memory\u_core.u_th1.mem$rdmux[0][2][3]$a$14779 [3] $memory\u_core.u_th1.mem$rdmux[0][2][3]$a$14779 [3] $memory\u_core.u_th1.mem$rdmux[0][2][3]$a$14779 [3] $memory\u_core.u_th1.mem$rdmux[0][2][3]$a$14779 [3] $memory\u_core.u_th1.mem$rdmux[0][2][3]$a$14779 [3] $memory\u_core.u_th1.mem$rdmux[0][2][3]$a$14779 [3] $memory\u_core.u_th1.mem$rdmux[0][2][3]$a$14779 [3] $memory\u_core.u_th1.mem$rdmux[0][2][3]$a$14779 [3] $memory\u_core.u_th1.mem$rdmux[0][2][3]$a$14779 [3] 2'10 $memory\u_core.u_th1.mem$rdmux[0][2][3]$a$14779 [3] 13'0000000000000 $memory\u_core.u_th1.mem$rdmux[0][2][3]$a$14779 [3] $memory\u_core.u_th1.mem$rdmux[0][2][3]$a$14779 [17] 15'011111111111111 $memory\u_core.u_th1.mem$rdmux[0][2][3]$a$14779 [17] $memory\u_core.u_th1.mem$rdmux[0][2][3]$a$14779 [17] 29'11111111111111110000000000000 $memory\u_core.u_th1.mem$rdmux[0][2][3]$a$14779 [3] 1'0 $memory\u_core.u_th1.mem$rdmux[0][2][3]$a$14779 [17] $memory\u_core.u_th1.mem$rdmux[0][2][3]$a$14779 [17] $memory\u_core.u_th1.mem$rdmux[0][2][3]$a$14779 [17] $memory\u_core.u_th1.mem$rdmux[0][2][3]$a$14779 [17] $memory\u_core.u_th1.mem$rdmux[0][2][3]$a$14779 [17] $memory\u_core.u_th1.mem$rdmux[0][2][3]$a$14779 [17] $memory\u_core.u_th1.mem$rdmux[0][2][3]$a$14779 [17] $memory\u_core.u_th1.mem$rdmux[0][2][3]$a$14779 [17] $memory\u_core.u_th1.mem$rdmux[0][2][3]$a$14779 [17] $memory\u_core.u_th1.mem$rdmux[0][2][3]$a$14779 [17] $memory\u_core.u_th1.mem$rdmux[0][2][3]$a$14779 [17] $memory\u_core.u_th1.mem$rdmux[0][2][3]$a$14779 [17] $memory\u_core.u_th1.mem$rdmux[0][2][3]$a$14779 [17] $memory\u_core.u_th1.mem$rdmux[0][2][3]$a$14779 [17] $memory\u_core.u_th1.mem$rdmux[0][2][3]$a$14779 [17] $memory\u_core.u_th1.mem$rdmux[0][2][3]$a$14779 [3] 15'000000000000001 }
    Consolidated identical input bits for $mux cell $memory\u_core.u_th0.mem$rdmux[0][3][2]$14742:
      Old ports: A=83'01001000000000000100011011010010000000000000110000000000000011101011111111111001111, B=83'00101000000000000011001001010110000000000001011000000000000110010010000000000001010, Y=$memory\u_core.u_th0.mem$rdmux[0][2][1]$a$14728
      New ports: A=2'01, B=2'10, Y={ $memory\u_core.u_th0.mem$rdmux[0][2][1]$a$14728 [19] $memory\u_core.u_th0.mem$rdmux[0][2][1]$a$14728 [0] }
      New connections: { $memory\u_core.u_th0.mem$rdmux[0][2][1]$a$14728 [82:20] $memory\u_core.u_th0.mem$rdmux[0][2][1]$a$14728 [18:1] } = { 1'0 $memory\u_core.u_th0.mem$rdmux[0][2][1]$a$14728 [0] $memory\u_core.u_th0.mem$rdmux[0][2][1]$a$14728 [19] 14'01000000000000 $memory\u_core.u_th0.mem$rdmux[0][2][1]$a$14728 [0] $memory\u_core.u_th0.mem$rdmux[0][2][1]$a$14728 [19] $memory\u_core.u_th0.mem$rdmux[0][2][1]$a$14728 [19] 1'0 $memory\u_core.u_th0.mem$rdmux[0][2][1]$a$14728 [0] 2'10 $memory\u_core.u_th0.mem$rdmux[0][2][1]$a$14728 [0] 4'1010 $memory\u_core.u_th0.mem$rdmux[0][2][1]$a$14728 [19] 13'1000000000000 $memory\u_core.u_th0.mem$rdmux[0][2][1]$a$14728 [19] $memory\u_core.u_th0.mem$rdmux[0][2][1]$a$14728 [0] 1'1 $memory\u_core.u_th0.mem$rdmux[0][2][1]$a$14728 [19] 12'000000000000 $memory\u_core.u_th0.mem$rdmux[0][2][1]$a$14728 [19] 1'1 $memory\u_core.u_th0.mem$rdmux[0][2][1]$a$14728 [0] $memory\u_core.u_th0.mem$rdmux[0][2][1]$a$14728 [0] $memory\u_core.u_th0.mem$rdmux[0][2][1]$a$14728 [0] 2'01 $memory\u_core.u_th0.mem$rdmux[0][2][1]$a$14728 [0] $memory\u_core.u_th0.mem$rdmux[0][2][1]$a$14728 [0] $memory\u_core.u_th0.mem$rdmux[0][2][1]$a$14728 [0] $memory\u_core.u_th0.mem$rdmux[0][2][1]$a$14728 [0] $memory\u_core.u_th0.mem$rdmux[0][2][1]$a$14728 [0] $memory\u_core.u_th0.mem$rdmux[0][2][1]$a$14728 [0] $memory\u_core.u_th0.mem$rdmux[0][2][1]$a$14728 [0] $memory\u_core.u_th0.mem$rdmux[0][2][1]$a$14728 [0] $memory\u_core.u_th0.mem$rdmux[0][2][1]$a$14728 [0] $memory\u_core.u_th0.mem$rdmux[0][2][1]$a$14728 [0] 3'001 $memory\u_core.u_th0.mem$rdmux[0][2][1]$a$14728 [0] 1'1 }
    Consolidated identical input bits for $mux cell $memory\u_core.u_th0.mem$rdmux[0][3][0]$14736:
      Old ports: A=83'01100000000000000100010001010010000000000001000000000000000101101100000000000001010, B=83'01010000000000000110000110010100000000000001100000000000000011101110000000000010010, Y=$memory\u_core.u_th0.mem$rdmux[0][2][0]$a$14725
      New ports: A=2'01, B=2'10, Y=$memory\u_core.u_th0.mem$rdmux[0][2][0]$a$14725 [4:3]
      New connections: { $memory\u_core.u_th0.mem$rdmux[0][2][0]$a$14725 [82:5] $memory\u_core.u_th0.mem$rdmux[0][2][0]$a$14725 [2:0] } = { 2'01 $memory\u_core.u_th0.mem$rdmux[0][2][0]$a$14725 [3] $memory\u_core.u_th0.mem$rdmux[0][2][0]$a$14725 [4] 14'00000000000001 $memory\u_core.u_th0.mem$rdmux[0][2][0]$a$14725 [4] 2'00 $memory\u_core.u_th0.mem$rdmux[0][2][0]$a$14725 [3] 1'0 $memory\u_core.u_th0.mem$rdmux[0][2][0]$a$14725 [4] $memory\u_core.u_th0.mem$rdmux[0][2][0]$a$14725 [4:3] 3'010 $memory\u_core.u_th0.mem$rdmux[0][2][0]$a$14725 [4:3] 13'0000000000001 $memory\u_core.u_th0.mem$rdmux[0][2][0]$a$14725 [4] 14'00000000000000 $memory\u_core.u_th0.mem$rdmux[0][2][0]$a$14725 [3] $memory\u_core.u_th0.mem$rdmux[0][2][0]$a$14725 [4] 5'11011 $memory\u_core.u_th0.mem$rdmux[0][2][0]$a$14725 [4] 14'00000000000010 }
    Consolidated identical input bits for $mux cell $memory\u_core.u_th1.mem$rdmux[0][3][3]$14790:
      Old ports: A=128'00000000000001010000000000000001000000000000000100000000000000010000000000000000000000000000000000000000000000101111111111111101, B=128'00000000000000010000000000000010111111111111111011111111111111111111111111111111111111111111111100000000000000010000000000000001, Y=$memory\u_core.u_th1.mem$rdmux[0][2][1]$b$14774
      New ports: A=2'01, B=2'10, Y={ $memory\u_core.u_th1.mem$rdmux[0][2][1]$b$14774 [16] $memory\u_core.u_th1.mem$rdmux[0][2][1]$b$14774 [2] }
      New connections: { $memory\u_core.u_th1.mem$rdmux[0][2][1]$b$14774 [127:17] $memory\u_core.u_th1.mem$rdmux[0][2][1]$b$14774 [15:3] $memory\u_core.u_th1.mem$rdmux[0][2][1]$b$14774 [1:0] } = { 13'0000000000000 $memory\u_core.u_th1.mem$rdmux[0][2][1]$b$14774 [2] 16'0100000000000000 $memory\u_core.u_th1.mem$rdmux[0][2][1]$b$14774 [16] $memory\u_core.u_th1.mem$rdmux[0][2][1]$b$14774 [2] $memory\u_core.u_th1.mem$rdmux[0][2][1]$b$14774 [16] $memory\u_core.u_th1.mem$rdmux[0][2][1]$b$14774 [16] $memory\u_core.u_th1.mem$rdmux[0][2][1]$b$14774 [16] $memory\u_core.u_th1.mem$rdmux[0][2][1]$b$14774 [16] $memory\u_core.u_th1.mem$rdmux[0][2][1]$b$14774 [16] $memory\u_core.u_th1.mem$rdmux[0][2][1]$b$14774 [16] $memory\u_core.u_th1.mem$rdmux[0][2][1]$b$14774 [16] $memory\u_core.u_th1.mem$rdmux[0][2][1]$b$14774 [16] $memory\u_core.u_th1.mem$rdmux[0][2][1]$b$14774 [16] $memory\u_core.u_th1.mem$rdmux[0][2][1]$b$14774 [16] $memory\u_core.u_th1.mem$rdmux[0][2][1]$b$14774 [16] $memory\u_core.u_th1.mem$rdmux[0][2][1]$b$14774 [16] $memory\u_core.u_th1.mem$rdmux[0][2][1]$b$14774 [16] $memory\u_core.u_th1.mem$rdmux[0][2][1]$b$14774 [16] $memory\u_core.u_th1.mem$rdmux[0][2][1]$b$14774 [16] $memory\u_core.u_th1.mem$rdmux[0][2][1]$b$14774 [2] $memory\u_core.u_th1.mem$rdmux[0][2][1]$b$14774 [16] $memory\u_core.u_th1.mem$rdmux[0][2][1]$b$14774 [16] $memory\u_core.u_th1.mem$rdmux[0][2][1]$b$14774 [16] $memory\u_core.u_th1.mem$rdmux[0][2][1]$b$14774 [16] $memory\u_core.u_th1.mem$rdmux[0][2][1]$b$14774 [16] $memory\u_core.u_th1.mem$rdmux[0][2][1]$b$14774 [16] $memory\u_core.u_th1.mem$rdmux[0][2][1]$b$14774 [16] $memory\u_core.u_th1.mem$rdmux[0][2][1]$b$14774 [16] $memory\u_core.u_th1.mem$rdmux[0][2][1]$b$14774 [16] $memory\u_core.u_th1.mem$rdmux[0][2][1]$b$14774 [16] $memory\u_core.u_th1.mem$rdmux[0][2][1]$b$14774 [16] $memory\u_core.u_th1.mem$rdmux[0][2][1]$b$14774 [16] $memory\u_core.u_th1.mem$rdmux[0][2][1]$b$14774 [16] $memory\u_core.u_th1.mem$rdmux[0][2][1]$b$14774 [16] $memory\u_core.u_th1.mem$rdmux[0][2][1]$b$14774 [16] 1'1 $memory\u_core.u_th1.mem$rdmux[0][2][1]$b$14774 [16] $memory\u_core.u_th1.mem$rdmux[0][2][1]$b$14774 [16] $memory\u_core.u_th1.mem$rdmux[0][2][1]$b$14774 [16] $memory\u_core.u_th1.mem$rdmux[0][2][1]$b$14774 [16] $memory\u_core.u_th1.mem$rdmux[0][2][1]$b$14774 [16] $memory\u_core.u_th1.mem$rdmux[0][2][1]$b$14774 [16] $memory\u_core.u_th1.mem$rdmux[0][2][1]$b$14774 [16] $memory\u_core.u_th1.mem$rdmux[0][2][1]$b$14774 [16] $memory\u_core.u_th1.mem$rdmux[0][2][1]$b$14774 [16] $memory\u_core.u_th1.mem$rdmux[0][2][1]$b$14774 [16] $memory\u_core.u_th1.mem$rdmux[0][2][1]$b$14774 [16] $memory\u_core.u_th1.mem$rdmux[0][2][1]$b$14774 [16] $memory\u_core.u_th1.mem$rdmux[0][2][1]$b$14774 [16] $memory\u_core.u_th1.mem$rdmux[0][2][1]$b$14774 [16] $memory\u_core.u_th1.mem$rdmux[0][2][1]$b$14774 [16] $memory\u_core.u_th1.mem$rdmux[0][2][1]$b$14774 [16] $memory\u_core.u_th1.mem$rdmux[0][2][1]$b$14774 [16] $memory\u_core.u_th1.mem$rdmux[0][2][1]$b$14774 [16] $memory\u_core.u_th1.mem$rdmux[0][2][1]$b$14774 [16] $memory\u_core.u_th1.mem$rdmux[0][2][1]$b$14774 [16] $memory\u_core.u_th1.mem$rdmux[0][2][1]$b$14774 [16] $memory\u_core.u_th1.mem$rdmux[0][2][1]$b$14774 [16] $memory\u_core.u_th1.mem$rdmux[0][2][1]$b$14774 [16] $memory\u_core.u_th1.mem$rdmux[0][2][1]$b$14774 [16] $memory\u_core.u_th1.mem$rdmux[0][2][1]$b$14774 [16] $memory\u_core.u_th1.mem$rdmux[0][2][1]$b$14774 [16] $memory\u_core.u_th1.mem$rdmux[0][2][1]$b$14774 [16] $memory\u_core.u_th1.mem$rdmux[0][2][1]$b$14774 [16] $memory\u_core.u_th1.mem$rdmux[0][2][1]$b$14774 [16] $memory\u_core.u_th1.mem$rdmux[0][2][1]$b$14774 [16] $memory\u_core.u_th1.mem$rdmux[0][2][1]$b$14774 [16] $memory\u_core.u_th1.mem$rdmux[0][2][1]$b$14774 [16] 14'00000000000000 $memory\u_core.u_th1.mem$rdmux[0][2][1]$b$14774 [2] $memory\u_core.u_th1.mem$rdmux[0][2][1]$b$14774 [2] $memory\u_core.u_th1.mem$rdmux[0][2][1]$b$14774 [2] $memory\u_core.u_th1.mem$rdmux[0][2][1]$b$14774 [2] $memory\u_core.u_th1.mem$rdmux[0][2][1]$b$14774 [2] $memory\u_core.u_th1.mem$rdmux[0][2][1]$b$14774 [2] $memory\u_core.u_th1.mem$rdmux[0][2][1]$b$14774 [2] $memory\u_core.u_th1.mem$rdmux[0][2][1]$b$14774 [2] $memory\u_core.u_th1.mem$rdmux[0][2][1]$b$14774 [2] $memory\u_core.u_th1.mem$rdmux[0][2][1]$b$14774 [2] $memory\u_core.u_th1.mem$rdmux[0][2][1]$b$14774 [2] $memory\u_core.u_th1.mem$rdmux[0][2][1]$b$14774 [2] $memory\u_core.u_th1.mem$rdmux[0][2][1]$b$14774 [2] $memory\u_core.u_th1.mem$rdmux[0][2][1]$b$14774 [2] 2'01 }
    Consolidated identical input bits for $mux cell $memory\u_core.u_th1.mem$rdmux[0][3][2]$14787:
      Old ports: A=128'00000000000000001111111111111110111111111111111111111111111111010000000000000000000000000000001000000000000000011111111111111101, B=128'00000000000000000000000000000000111111111111111111111111111111100000000000000001111111111111111100000000000001001111111111111110, Y=$memory\u_core.u_th1.mem$rdmux[0][2][1]$a$14773
      New ports: A=2'01, B=2'10, Y=$memory\u_core.u_th1.mem$rdmux[0][2][1]$a$14773 [1:0]
      New connections: $memory\u_core.u_th1.mem$rdmux[0][2][1]$a$14773 [127:2] = { 16'0000000000000000 $memory\u_core.u_th1.mem$rdmux[0][2][1]$a$14773 [0] $memory\u_core.u_th1.mem$rdmux[0][2][1]$a$14773 [0] $memory\u_core.u_th1.mem$rdmux[0][2][1]$a$14773 [0] $memory\u_core.u_th1.mem$rdmux[0][2][1]$a$14773 [0] $memory\u_core.u_th1.mem$rdmux[0][2][1]$a$14773 [0] $memory\u_core.u_th1.mem$rdmux[0][2][1]$a$14773 [0] $memory\u_core.u_th1.mem$rdmux[0][2][1]$a$14773 [0] $memory\u_core.u_th1.mem$rdmux[0][2][1]$a$14773 [0] $memory\u_core.u_th1.mem$rdmux[0][2][1]$a$14773 [0] $memory\u_core.u_th1.mem$rdmux[0][2][1]$a$14773 [0] $memory\u_core.u_th1.mem$rdmux[0][2][1]$a$14773 [0] $memory\u_core.u_th1.mem$rdmux[0][2][1]$a$14773 [0] $memory\u_core.u_th1.mem$rdmux[0][2][1]$a$14773 [0] $memory\u_core.u_th1.mem$rdmux[0][2][1]$a$14773 [0] $memory\u_core.u_th1.mem$rdmux[0][2][1]$a$14773 [0] 31'0111111111111111111111111111111 $memory\u_core.u_th1.mem$rdmux[0][2][1]$a$14773 [1:0] 15'000000000000000 $memory\u_core.u_th1.mem$rdmux[0][2][1]$a$14773 [1] $memory\u_core.u_th1.mem$rdmux[0][2][1]$a$14773 [1] $memory\u_core.u_th1.mem$rdmux[0][2][1]$a$14773 [1] $memory\u_core.u_th1.mem$rdmux[0][2][1]$a$14773 [1] $memory\u_core.u_th1.mem$rdmux[0][2][1]$a$14773 [1] $memory\u_core.u_th1.mem$rdmux[0][2][1]$a$14773 [1] $memory\u_core.u_th1.mem$rdmux[0][2][1]$a$14773 [1] $memory\u_core.u_th1.mem$rdmux[0][2][1]$a$14773 [1] $memory\u_core.u_th1.mem$rdmux[0][2][1]$a$14773 [1] $memory\u_core.u_th1.mem$rdmux[0][2][1]$a$14773 [1] $memory\u_core.u_th1.mem$rdmux[0][2][1]$a$14773 [1] $memory\u_core.u_th1.mem$rdmux[0][2][1]$a$14773 [1] $memory\u_core.u_th1.mem$rdmux[0][2][1]$a$14773 [1] $memory\u_core.u_th1.mem$rdmux[0][2][1]$a$14773 [1] $memory\u_core.u_th1.mem$rdmux[0][2][1]$a$14773 [1] 1'1 $memory\u_core.u_th1.mem$rdmux[0][2][1]$a$14773 [1] 13'0000000000000 $memory\u_core.u_th1.mem$rdmux[0][2][1]$a$14773 [1] 1'0 $memory\u_core.u_th1.mem$rdmux[0][2][1]$a$14773 [0] 14'11111111111111 }
    Consolidated identical input bits for $mux cell $memory\u_core.u_th1.mem$rdmux[0][3][1]$14784:
      Old ports: A=128'00000000000001010000000000000001000000000000001011111111111111000000000000000100000000000000000000000000000000100000000000000001, B=128'11111111111111100000000000000000000000000000001011111111111110010000000000000010000000000000000111111111111111010000000000000000, Y=$memory\u_core.u_th1.mem$rdmux[0][2][0]$b$14771
      New ports: A=2'01, B=2'10, Y={ $memory\u_core.u_th1.mem$rdmux[0][2][0]$b$14771 [16] $memory\u_core.u_th1.mem$rdmux[0][2][0]$b$14771 [0] }
      New connections: { $memory\u_core.u_th1.mem$rdmux[0][2][0]$b$14771 [127:17] $memory\u_core.u_th1.mem$rdmux[0][2][0]$b$14771 [15:1] } = { $memory\u_core.u_th1.mem$rdmux[0][2][0]$b$14771 [16] $memory\u_core.u_th1.mem$rdmux[0][2][0]$b$14771 [16] $memory\u_core.u_th1.mem$rdmux[0][2][0]$b$14771 [16] $memory\u_core.u_th1.mem$rdmux[0][2][0]$b$14771 [16] $memory\u_core.u_th1.mem$rdmux[0][2][0]$b$14771 [16] $memory\u_core.u_th1.mem$rdmux[0][2][0]$b$14771 [16] $memory\u_core.u_th1.mem$rdmux[0][2][0]$b$14771 [16] $memory\u_core.u_th1.mem$rdmux[0][2][0]$b$14771 [16] $memory\u_core.u_th1.mem$rdmux[0][2][0]$b$14771 [16] $memory\u_core.u_th1.mem$rdmux[0][2][0]$b$14771 [16] $memory\u_core.u_th1.mem$rdmux[0][2][0]$b$14771 [16] $memory\u_core.u_th1.mem$rdmux[0][2][0]$b$14771 [16] $memory\u_core.u_th1.mem$rdmux[0][2][0]$b$14771 [16] 1'1 $memory\u_core.u_th1.mem$rdmux[0][2][0]$b$14771 [16] $memory\u_core.u_th1.mem$rdmux[0][2][0]$b$14771 [0] 15'000000000000000 $memory\u_core.u_th1.mem$rdmux[0][2][0]$b$14771 [0] 29'00000000000000101111111111111 $memory\u_core.u_th1.mem$rdmux[0][2][0]$b$14771 [0] 1'0 $memory\u_core.u_th1.mem$rdmux[0][2][0]$b$14771 [16] 13'0000000000000 $memory\u_core.u_th1.mem$rdmux[0][2][0]$b$14771 [0] $memory\u_core.u_th1.mem$rdmux[0][2][0]$b$14771 [16] 16'0000000000000000 $memory\u_core.u_th1.mem$rdmux[0][2][0]$b$14771 [16] $memory\u_core.u_th1.mem$rdmux[0][2][0]$b$14771 [16] $memory\u_core.u_th1.mem$rdmux[0][2][0]$b$14771 [16] $memory\u_core.u_th1.mem$rdmux[0][2][0]$b$14771 [16] $memory\u_core.u_th1.mem$rdmux[0][2][0]$b$14771 [16] $memory\u_core.u_th1.mem$rdmux[0][2][0]$b$14771 [16] $memory\u_core.u_th1.mem$rdmux[0][2][0]$b$14771 [16] $memory\u_core.u_th1.mem$rdmux[0][2][0]$b$14771 [16] $memory\u_core.u_th1.mem$rdmux[0][2][0]$b$14771 [16] $memory\u_core.u_th1.mem$rdmux[0][2][0]$b$14771 [16] $memory\u_core.u_th1.mem$rdmux[0][2][0]$b$14771 [16] $memory\u_core.u_th1.mem$rdmux[0][2][0]$b$14771 [16] $memory\u_core.u_th1.mem$rdmux[0][2][0]$b$14771 [16] $memory\u_core.u_th1.mem$rdmux[0][2][0]$b$14771 [16] $memory\u_core.u_th1.mem$rdmux[0][2][0]$b$14771 [16] $memory\u_core.u_th1.mem$rdmux[0][2][0]$b$14771 [0] 15'000000000000000 }
    Consolidated identical input bits for $mux cell $memory\u_core.u_th0.mem$rdmux[0][3][3]$14745:
      Old ports: A=83'01011000000000000010001010010010000000000000111000000000000110110111111111111111011, B=83'01010111111111111010101000001101111111111111111000000000001010101000000000000001001, Y=$memory\u_core.u_th0.mem$rdmux[0][2][1]$b$14729
      New ports: A=2'01, B=2'10, Y={ $memory\u_core.u_th0.mem$rdmux[0][2][1]$b$14729 [18] $memory\u_core.u_th0.mem$rdmux[0][2][1]$b$14729 [1] }
      New connections: { $memory\u_core.u_th0.mem$rdmux[0][2][1]$b$14729 [82:19] $memory\u_core.u_th0.mem$rdmux[0][2][1]$b$14729 [17:2] $memory\u_core.u_th0.mem$rdmux[0][2][1]$b$14729 [0] } = { 4'0101 $memory\u_core.u_th0.mem$rdmux[0][2][1]$b$14729 [1] $memory\u_core.u_th0.mem$rdmux[0][2][1]$b$14729 [18] $memory\u_core.u_th0.mem$rdmux[0][2][1]$b$14729 [18] $memory\u_core.u_th0.mem$rdmux[0][2][1]$b$14729 [18] $memory\u_core.u_th0.mem$rdmux[0][2][1]$b$14729 [18] $memory\u_core.u_th0.mem$rdmux[0][2][1]$b$14729 [18] $memory\u_core.u_th0.mem$rdmux[0][2][1]$b$14729 [18] $memory\u_core.u_th0.mem$rdmux[0][2][1]$b$14729 [18] $memory\u_core.u_th0.mem$rdmux[0][2][1]$b$14729 [18] $memory\u_core.u_th0.mem$rdmux[0][2][1]$b$14729 [18] $memory\u_core.u_th0.mem$rdmux[0][2][1]$b$14729 [18] $memory\u_core.u_th0.mem$rdmux[0][2][1]$b$14729 [18] $memory\u_core.u_th0.mem$rdmux[0][2][1]$b$14729 [18] 3'010 $memory\u_core.u_th0.mem$rdmux[0][2][1]$b$14729 [18] 3'010 $memory\u_core.u_th0.mem$rdmux[0][2][1]$b$14729 [1] 2'00 $memory\u_core.u_th0.mem$rdmux[0][2][1]$b$14729 [1] $memory\u_core.u_th0.mem$rdmux[0][2][1]$b$14729 [18] $memory\u_core.u_th0.mem$rdmux[0][2][1]$b$14729 [18] $memory\u_core.u_th0.mem$rdmux[0][2][1]$b$14729 [1] $memory\u_core.u_th0.mem$rdmux[0][2][1]$b$14729 [18] $memory\u_core.u_th0.mem$rdmux[0][2][1]$b$14729 [18] $memory\u_core.u_th0.mem$rdmux[0][2][1]$b$14729 [18] $memory\u_core.u_th0.mem$rdmux[0][2][1]$b$14729 [18] $memory\u_core.u_th0.mem$rdmux[0][2][1]$b$14729 [18] $memory\u_core.u_th0.mem$rdmux[0][2][1]$b$14729 [18] $memory\u_core.u_th0.mem$rdmux[0][2][1]$b$14729 [18] $memory\u_core.u_th0.mem$rdmux[0][2][1]$b$14729 [18] $memory\u_core.u_th0.mem$rdmux[0][2][1]$b$14729 [18] $memory\u_core.u_th0.mem$rdmux[0][2][1]$b$14729 [18] $memory\u_core.u_th0.mem$rdmux[0][2][1]$b$14729 [18] $memory\u_core.u_th0.mem$rdmux[0][2][1]$b$14729 [18] $memory\u_core.u_th0.mem$rdmux[0][2][1]$b$14729 [18] 14'11100000000000 $memory\u_core.u_th0.mem$rdmux[0][2][1]$b$14729 [18] $memory\u_core.u_th0.mem$rdmux[0][2][1]$b$14729 [1] 3'101 $memory\u_core.u_th0.mem$rdmux[0][2][1]$b$14729 [1] $memory\u_core.u_th0.mem$rdmux[0][2][1]$b$14729 [1] $memory\u_core.u_th0.mem$rdmux[0][2][1]$b$14729 [1] $memory\u_core.u_th0.mem$rdmux[0][2][1]$b$14729 [1] $memory\u_core.u_th0.mem$rdmux[0][2][1]$b$14729 [1] $memory\u_core.u_th0.mem$rdmux[0][2][1]$b$14729 [1] $memory\u_core.u_th0.mem$rdmux[0][2][1]$b$14729 [1] $memory\u_core.u_th0.mem$rdmux[0][2][1]$b$14729 [1] $memory\u_core.u_th0.mem$rdmux[0][2][1]$b$14729 [1] $memory\u_core.u_th0.mem$rdmux[0][2][1]$b$14729 [1] $memory\u_core.u_th0.mem$rdmux[0][2][1]$b$14729 [1] $memory\u_core.u_th0.mem$rdmux[0][2][1]$b$14729 [1] $memory\u_core.u_th0.mem$rdmux[0][2][1]$b$14729 [1] $memory\u_core.u_th0.mem$rdmux[0][2][1]$b$14729 [1] $memory\u_core.u_th0.mem$rdmux[0][2][1]$b$14729 [1] 3'101 }
    Consolidated identical input bits for $mux cell $memory\u_core.u_th0.mem$rdmux[0][3][4]$14748:
      Old ports: A=83'01010000000000000101001001011110000000000000111000000000000101010000000000000000101, B=83'01100000000000000100101000010110000000000001011000000000000100010000000000000001011, Y=$memory\u_core.u_th0.mem$rdmux[0][2][2]$a$14731
      New ports: A=2'10, B=2'01, Y=$memory\u_core.u_th0.mem$rdmux[0][2][2]$a$14731 [2:1]
      New connections: { $memory\u_core.u_th0.mem$rdmux[0][2][2]$a$14731 [82:3] $memory\u_core.u_th0.mem$rdmux[0][2][2]$a$14731 [0] } = { 2'01 $memory\u_core.u_th0.mem$rdmux[0][2][2]$a$14731 [1] $memory\u_core.u_th0.mem$rdmux[0][2][2]$a$14731 [2] 15'000000000000010 $memory\u_core.u_th0.mem$rdmux[0][2][2]$a$14731 [2:1] 4'0100 $memory\u_core.u_th0.mem$rdmux[0][2][2]$a$14731 [2] 2'01 $memory\u_core.u_th0.mem$rdmux[0][2][2]$a$14731 [2] 14'11000000000000 $memory\u_core.u_th0.mem$rdmux[0][2][2]$a$14731 [1] $memory\u_core.u_th0.mem$rdmux[0][2][2]$a$14731 [2] 16'1100000000000010 $memory\u_core.u_th0.mem$rdmux[0][2][2]$a$14731 [2] 17'01000000000000000 $memory\u_core.u_th0.mem$rdmux[0][2][2]$a$14731 [1] 1'1 }
    Consolidated identical input bits for $mux cell $memory\u_core.u_th0.mem$rdmux[0][3][6]$14754:
      Old ports: A=83'01101000000000000100001110100010000000000001000000000000001000001100000000000000110, B=83'00111000000000000110000101010100000000000001000000000000000100100100000000000000001, Y=$memory\u_core.u_th0.mem$rdmux[0][2][3]$a$14734
      New ports: A=2'10, B=2'01, Y=$memory\u_core.u_th0.mem$rdmux[0][2][3]$a$14734 [1:0]
      New connections: $memory\u_core.u_th0.mem$rdmux[0][2][3]$a$14734 [82:2] = { 1'0 $memory\u_core.u_th0.mem$rdmux[0][2][3]$a$14734 [1] 1'1 $memory\u_core.u_th0.mem$rdmux[0][2][3]$a$14734 [0] 14'10000000000001 $memory\u_core.u_th0.mem$rdmux[0][2][3]$a$14734 [0] 3'000 $memory\u_core.u_th0.mem$rdmux[0][2][3]$a$14734 [1] 1'1 $memory\u_core.u_th0.mem$rdmux[0][2][3]$a$14734 [1:0] $memory\u_core.u_th0.mem$rdmux[0][2][3]$a$14734 [1:0] 1'0 $memory\u_core.u_th0.mem$rdmux[0][2][3]$a$14734 [0] $memory\u_core.u_th0.mem$rdmux[0][2][3]$a$14734 [1] 27'000000000000100000000000000 $memory\u_core.u_th0.mem$rdmux[0][2][3]$a$14734 [1:0] 2'00 $memory\u_core.u_th0.mem$rdmux[0][2][3]$a$14734 [0] 1'0 $memory\u_core.u_th0.mem$rdmux[0][2][3]$a$14734 [1] 15'100000000000000 $memory\u_core.u_th0.mem$rdmux[0][2][3]$a$14734 [1] }
    Consolidated identical input bits for $mux cell $memory\u_core.u_th0.mem$rdmux[0][3][1]$14739:
      Old ports: A=83'00110000000000000011101101001010000000000000110000000000000010110110000000000001101, B=83'00101000000000000011101100010110000000000010001000000000000100111000000000000001100, Y=$memory\u_core.u_th0.mem$rdmux[0][2][0]$b$14726
      New ports: A=2'01, B=2'10, Y={ $memory\u_core.u_th0.mem$rdmux[0][2][0]$b$14726 [18] $memory\u_core.u_th0.mem$rdmux[0][2][0]$b$14726 [0] }
      New connections: { $memory\u_core.u_th0.mem$rdmux[0][2][0]$b$14726 [82:19] $memory\u_core.u_th0.mem$rdmux[0][2][0]$b$14726 [17:1] } = { 3'001 $memory\u_core.u_th0.mem$rdmux[0][2][0]$b$14726 [0] $memory\u_core.u_th0.mem$rdmux[0][2][0]$b$14726 [18] 20'00000000000001110110 $memory\u_core.u_th0.mem$rdmux[0][2][0]$b$14726 [0] 1'0 $memory\u_core.u_th0.mem$rdmux[0][2][0]$b$14726 [18] $memory\u_core.u_th0.mem$rdmux[0][2][0]$b$14726 [0] $memory\u_core.u_th0.mem$rdmux[0][2][0]$b$14726 [18] 12'100000000000 $memory\u_core.u_th0.mem$rdmux[0][2][0]$b$14726 [18] 1'0 $memory\u_core.u_th0.mem$rdmux[0][2][0]$b$14726 [0] $memory\u_core.u_th0.mem$rdmux[0][2][0]$b$14726 [0] $memory\u_core.u_th0.mem$rdmux[0][2][0]$b$14726 [18] 12'000000000000 $memory\u_core.u_th0.mem$rdmux[0][2][0]$b$14726 [18] $memory\u_core.u_th0.mem$rdmux[0][2][0]$b$14726 [0] 3'011 $memory\u_core.u_th0.mem$rdmux[0][2][0]$b$14726 [0] $memory\u_core.u_th0.mem$rdmux[0][2][0]$b$14726 [0] 15'000000000000110 }
    Consolidated identical input bits for $mux cell $memory\u_core.u_th0.mem$rdmux[0][3][5]$14751:
      Old ports: A=83'10001000000000000100101000010110000000000000101111111111111110101010000000000001000, B=83'01111000000000000011001010110110000000000001001000000000000110011000000000000001001, Y=$memory\u_core.u_th0.mem$rdmux[0][2][2]$b$14732
      New ports: A=2'10, B=2'01, Y={ $memory\u_core.u_th0.mem$rdmux[0][2][2]$b$14732 [16] $memory\u_core.u_th0.mem$rdmux[0][2][2]$b$14732 [0] }
      New connections: { $memory\u_core.u_th0.mem$rdmux[0][2][2]$b$14732 [82:17] $memory\u_core.u_th0.mem$rdmux[0][2][2]$b$14732 [15:1] } = { $memory\u_core.u_th0.mem$rdmux[0][2][2]$b$14732 [16] $memory\u_core.u_th0.mem$rdmux[0][2][2]$b$14732 [0] $memory\u_core.u_th0.mem$rdmux[0][2][2]$b$14732 [0] $memory\u_core.u_th0.mem$rdmux[0][2][2]$b$14732 [0] 13'1000000000000 $memory\u_core.u_th0.mem$rdmux[0][2][2]$b$14732 [16] $memory\u_core.u_th0.mem$rdmux[0][2][2]$b$14732 [0] $memory\u_core.u_th0.mem$rdmux[0][2][2]$b$14732 [0] $memory\u_core.u_th0.mem$rdmux[0][2][2]$b$14732 [16] 3'010 $memory\u_core.u_th0.mem$rdmux[0][2][2]$b$14732 [0] 1'0 $memory\u_core.u_th0.mem$rdmux[0][2][2]$b$14732 [0] 16'1011000000000000 $memory\u_core.u_th0.mem$rdmux[0][2][2]$b$14732 [0] $memory\u_core.u_th0.mem$rdmux[0][2][2]$b$14732 [16] 2'01 $memory\u_core.u_th0.mem$rdmux[0][2][2]$b$14732 [16] $memory\u_core.u_th0.mem$rdmux[0][2][2]$b$14732 [16] $memory\u_core.u_th0.mem$rdmux[0][2][2]$b$14732 [16] $memory\u_core.u_th0.mem$rdmux[0][2][2]$b$14732 [16] $memory\u_core.u_th0.mem$rdmux[0][2][2]$b$14732 [16] $memory\u_core.u_th0.mem$rdmux[0][2][2]$b$14732 [16] $memory\u_core.u_th0.mem$rdmux[0][2][2]$b$14732 [16] $memory\u_core.u_th0.mem$rdmux[0][2][2]$b$14732 [16] $memory\u_core.u_th0.mem$rdmux[0][2][2]$b$14732 [16] $memory\u_core.u_th0.mem$rdmux[0][2][2]$b$14732 [16] $memory\u_core.u_th0.mem$rdmux[0][2][2]$b$14732 [16] $memory\u_core.u_th0.mem$rdmux[0][2][2]$b$14732 [16] 3'110 $memory\u_core.u_th0.mem$rdmux[0][2][2]$b$14732 [16] $memory\u_core.u_th0.mem$rdmux[0][2][2]$b$14732 [0] 17'10000000000000100 }
    Consolidated identical input bits for $mux cell $memory\u_core.u_th1.mem$rdmux[0][3][0]$14781:
      Old ports: A=128'11111111111111011111111111111111000000000000000000000000000000010000000000000001000000000000000100000000000000010000000000000000, B=128'00000000000000101111111111111110000000000000000111111111111111010000000000000001000000000000000000000000000000010000000000000100, Y=$memory\u_core.u_th1.mem$rdmux[0][2][0]$a$14770
      New ports: A=2'10, B=2'01, Y={ $memory\u_core.u_th1.mem$rdmux[0][2][0]$a$14770 [32] $memory\u_core.u_th1.mem$rdmux[0][2][0]$a$14770 [2] }
      New connections: { $memory\u_core.u_th1.mem$rdmux[0][2][0]$a$14770 [127:33] $memory\u_core.u_th1.mem$rdmux[0][2][0]$a$14770 [31:3] $memory\u_core.u_th1.mem$rdmux[0][2][0]$a$14770 [1:0] } = { $memory\u_core.u_th1.mem$rdmux[0][2][0]$a$14770 [32] $memory\u_core.u_th1.mem$rdmux[0][2][0]$a$14770 [32] $memory\u_core.u_th1.mem$rdmux[0][2][0]$a$14770 [32] $memory\u_core.u_th1.mem$rdmux[0][2][0]$a$14770 [32] $memory\u_core.u_th1.mem$rdmux[0][2][0]$a$14770 [32] $memory\u_core.u_th1.mem$rdmux[0][2][0]$a$14770 [32] $memory\u_core.u_th1.mem$rdmux[0][2][0]$a$14770 [32] $memory\u_core.u_th1.mem$rdmux[0][2][0]$a$14770 [32] $memory\u_core.u_th1.mem$rdmux[0][2][0]$a$14770 [32] $memory\u_core.u_th1.mem$rdmux[0][2][0]$a$14770 [32] $memory\u_core.u_th1.mem$rdmux[0][2][0]$a$14770 [32] $memory\u_core.u_th1.mem$rdmux[0][2][0]$a$14770 [32] $memory\u_core.u_th1.mem$rdmux[0][2][0]$a$14770 [32] $memory\u_core.u_th1.mem$rdmux[0][2][0]$a$14770 [32] $memory\u_core.u_th1.mem$rdmux[0][2][0]$a$14770 [2] $memory\u_core.u_th1.mem$rdmux[0][2][0]$a$14770 [32] 15'111111111111111 $memory\u_core.u_th1.mem$rdmux[0][2][0]$a$14770 [32] 15'000000000000000 $memory\u_core.u_th1.mem$rdmux[0][2][0]$a$14770 [2] $memory\u_core.u_th1.mem$rdmux[0][2][0]$a$14770 [2] $memory\u_core.u_th1.mem$rdmux[0][2][0]$a$14770 [2] $memory\u_core.u_th1.mem$rdmux[0][2][0]$a$14770 [2] $memory\u_core.u_th1.mem$rdmux[0][2][0]$a$14770 [2] $memory\u_core.u_th1.mem$rdmux[0][2][0]$a$14770 [2] $memory\u_core.u_th1.mem$rdmux[0][2][0]$a$14770 [2] $memory\u_core.u_th1.mem$rdmux[0][2][0]$a$14770 [2] $memory\u_core.u_th1.mem$rdmux[0][2][0]$a$14770 [2] $memory\u_core.u_th1.mem$rdmux[0][2][0]$a$14770 [2] $memory\u_core.u_th1.mem$rdmux[0][2][0]$a$14770 [2] $memory\u_core.u_th1.mem$rdmux[0][2][0]$a$14770 [2] $memory\u_core.u_th1.mem$rdmux[0][2][0]$a$14770 [2] $memory\u_core.u_th1.mem$rdmux[0][2][0]$a$14770 [2] $memory\u_core.u_th1.mem$rdmux[0][2][0]$a$14770 [2] 64'0100000000000000010000000000000000000000000000001000000000000000 }
    Consolidated identical input bits for $mux cell $flatten\u_core.$procmux$4489:
      Old ports: A={ 8'00000000 \u_core.ctx_prev [15:0] \in_byte }, B={ 8'00000000 \u_core.ctx [23:0] }, Y=$flatten\u_core.$procmux$4489_Y
      New ports: A={ \u_core.ctx_prev [15:0] \in_byte }, B=\u_core.ctx [23:0], Y=$flatten\u_core.$procmux$4489_Y [23:0]
      New connections: $flatten\u_core.$procmux$4489_Y [31:24] = 8'00000000
    New ctrl vector for $pmux cell $flatten\u_core.$procmux$4565: $flatten\u_core.$procmux$4566_CMP
    Consolidated identical input bits for $mux cell $flatten\u_core.$procmux$4781:
      Old ports: A=4'0101, B=4'1101, Y=$auto$wreduce.cc:461:run$9421 [3:0]
      New ports: A=1'0, B=1'1, Y=$auto$wreduce.cc:461:run$9421 [3]
      New connections: $auto$wreduce.cc:461:run$9421 [2:0] = 3'101
    Consolidated identical input bits for $pmux cell $flatten\u_core.$procmux$4783:
      Old ports: A=5'01101, B={ 6'001010 $auto$wreduce.cc:461:run$9422 [3:0] 1'0 $auto$wreduce.cc:461:run$9421 [3:0] }, Y=$flatten\u_core.$procmux$4783_Y
      New ports: A=4'1101, B={ 4'0101 $auto$wreduce.cc:461:run$9422 [3:0] $auto$wreduce.cc:461:run$9421 [3:0] }, Y=$flatten\u_core.$procmux$4783_Y [3:0]
      New connections: $flatten\u_core.$procmux$4783_Y [4] = 1'0
    Consolidated identical input bits for $mux cell $flatten\u_core.$procmux$4786:
      Old ports: A=4'0101, B=4'1101, Y=$auto$wreduce.cc:461:run$9422 [3:0]
      New ports: A=1'0, B=1'1, Y=$auto$wreduce.cc:461:run$9422 [3]
      New connections: $auto$wreduce.cc:461:run$9422 [2:0] = 3'101
    New ctrl vector for $pmux cell $flatten\u_core.$procmux$4790: { $flatten\u_core.$procmux$3329_CMP $flatten\u_core.$procmux$4835_CMP $flatten\u_core.$1\t_we[0:0] $flatten\u_core.$procmux$4490_CMP $flatten\u_core.$procmux$4573_CMP $flatten\u_core.$procmux$4382_CMP $flatten\u_core.$procmux$4824_CMP $flatten\u_core.$procmux$4287_CMP $flatten\u_core.$procmux$4283_CMP $flatten\u_core.$procmux$4816_CMP $flatten\u_core.$procmux$2383_CMP $auto$opt_reduce.cc:134:opt_pmux$14806 $flatten\u_core.$procmux$4240_CMP $flatten\u_core.$procmux$4800_CMP $flatten\u_core.$procmux$2360_CMP $flatten\u_core.$procmux$3731_CMP $flatten\u_core.$procmux$4278_CMP $flatten\u_core.$procmux$4566_CMP }
    Consolidated identical input bits for $mux cell $flatten\u_core.$procmux$4793:
      Old ports: A=3'011, B=3'100, Y=$auto$wreduce.cc:461:run$9423 [2:0]
      New ports: A=2'01, B=2'10, Y={ $auto$wreduce.cc:461:run$9423 [2] $auto$wreduce.cc:461:run$9423 [0] }
      New connections: $auto$wreduce.cc:461:run$9423 [1] = $auto$wreduce.cc:461:run$9423 [0]
    Consolidated identical input bits for $mux cell $flatten\u_core.$procmux$4802:
      Old ports: A=4'0110, B=4'1011, Y=$auto$wreduce.cc:461:run$9424 [3:0]
      New ports: A=2'10, B=2'01, Y={ $auto$wreduce.cc:461:run$9424 [2] $auto$wreduce.cc:461:run$9424 [0] }
      New connections: { $auto$wreduce.cc:461:run$9424 [3] $auto$wreduce.cc:461:run$9424 [1] } = { $auto$wreduce.cc:461:run$9424 [0] 1'1 }
    Consolidated identical input bits for $mux cell $flatten\u_core.$procmux$4812:
      Old ports: A={ 3'010 $auto$wreduce.cc:461:run$9425 [1:0] }, B=5'01010, Y=$flatten\u_core.$procmux$4812_Y
      New ports: A=$auto$wreduce.cc:461:run$9425 [1:0], B=2'10, Y=$flatten\u_core.$procmux$4812_Y [1:0]
      New connections: $flatten\u_core.$procmux$4812_Y [4:2] = 3'010
    Consolidated identical input bits for $mux cell $flatten\u_core.$procmux$4828:
      Old ports: A=4'0101, B=4'1101, Y=$auto$wreduce.cc:461:run$9426 [3:0]
      New ports: A=1'0, B=1'1, Y=$auto$wreduce.cc:461:run$9426 [3]
      New connections: $auto$wreduce.cc:461:run$9426 [2:0] = 3'101
    Consolidated identical input bits for $mux cell $flatten\u_core.$procmux$4830:
      Old ports: A=5'00101, B={ 1'0 $auto$wreduce.cc:461:run$9426 [3:0] }, Y=$flatten\u_core.$procmux$4830_Y
      New ports: A=4'0101, B=$auto$wreduce.cc:461:run$9426 [3:0], Y=$flatten\u_core.$procmux$4830_Y [3:0]
      New connections: $flatten\u_core.$procmux$4830_Y [4] = 1'0
    Consolidated identical input bits for $mux cell $flatten\u_core.$procmux$4838:
      Old ports: A=3'101, B=3'001, Y=$auto$wreduce.cc:461:run$9427 [2:0]
      New ports: A=1'1, B=1'0, Y=$auto$wreduce.cc:461:run$9427 [2]
      New connections: $auto$wreduce.cc:461:run$9427 [1:0] = 2'01
    Consolidated identical input bits for $mux cell $flatten\u_core.$procmux$4980:
      Old ports: A=2'00, B=2'10, Y=$flatten\u_core.$procmux$4980_Y
      New ports: A=1'0, B=1'1, Y=$flatten\u_core.$procmux$4980_Y [1]
      New connections: $flatten\u_core.$procmux$4980_Y [0] = 1'0
    New ctrl vector for $pmux cell $flatten\u_core.$procmux$6729: $flatten\u_core.$procmux$4300_CMP
    New ctrl vector for $pmux cell $flatten\u_core.$procmux$6734: $flatten\u_core.$procmux$4300_CMP
    New ctrl vector for $pmux cell $flatten\u_core.$procmux$6739: $flatten\u_core.$procmux$4300_CMP
    New ctrl vector for $pmux cell $flatten\u_core.$procmux$6744: $flatten\u_core.$procmux$4300_CMP
    Consolidated identical input bits for $mux cell $flatten\u_core.$procmux$6880:
      Old ports: A={ $auto$alumacc.cc:501:replace_alu$10055 [7:3] \u_core.q [0] 2'01 }, B={ $auto$alumacc.cc:501:replace_alu$10055 [7:3] \u_core.q [0] 2'00 }, Y=$flatten\u_core.$2\nidx[7:0]
      New ports: A=1'1, B=1'0, Y=$flatten\u_core.$2\nidx[7:0] [0]
      New connections: $flatten\u_core.$2\nidx[7:0] [7:1] = { $auto$alumacc.cc:501:replace_alu$10055 [7:3] \u_core.q [0] 1'0 }
    Consolidated identical input bits for $mux cell $flatten\u_core.$procmux$6985:
      Old ports: A=3'000, B=3'111, Y=$auto$wreduce.cc:461:run$9353 [2:0]
      New ports: A=1'0, B=1'1, Y=$auto$wreduce.cc:461:run$9353 [0]
      New connections: $auto$wreduce.cc:461:run$9353 [2:1] = { $auto$wreduce.cc:461:run$9353 [0] $auto$wreduce.cc:461:run$9353 [0] }
    Consolidated identical input bits for $mux cell $flatten\u_core.$ternary$../../rtl/spark_core.v:109$1370:
      Old ports: A=4'0000, B=4'1000, Y=\u_core.nin_ch [3:0]
      New ports: A=1'0, B=1'1, Y=\u_core.nin_ch [3]
      New connections: \u_core.nin_ch [2:0] = 3'000
    Consolidated identical input bits for $mux cell $flatten\u_core.$ternary$../../rtl/spark_core.v:110$1371:
      Old ports: A=6'010000, B=6'100000, Y=\u_core.nc [5:0]
      New ports: A=2'01, B=2'10, Y=\u_core.nc [5:4]
      New connections: \u_core.nc [3:0] = 4'0000
    Consolidated identical input bits for $mux cell $flatten\u_core.$ternary$../../rtl/spark_core.v:411$1994:
      Old ports: A=4'0110, B=4'1110, Y=$auto$wreduce.cc:461:run$9448 [3:0]
      New ports: A=1'0, B=1'1, Y=$auto$wreduce.cc:461:run$9448 [3]
      New connections: $auto$wreduce.cc:461:run$9448 [2:0] = 3'110
    Consolidated identical input bits for $mux cell $flatten\u_core.$ternary$../../rtl/spark_core.v:421$2005:
      Old ports: A=5'10000, B=5'00110, Y=$flatten\u_core.$ternary$../../rtl/spark_core.v:421$2005_Y
      New ports: A=2'10, B=2'01, Y={ $flatten\u_core.$ternary$../../rtl/spark_core.v:421$2005_Y [4] $flatten\u_core.$ternary$../../rtl/spark_core.v:421$2005_Y [1] }
      New connections: { $flatten\u_core.$ternary$../../rtl/spark_core.v:421$2005_Y [3:2] $flatten\u_core.$ternary$../../rtl/spark_core.v:421$2005_Y [0] } = { 1'0 $flatten\u_core.$ternary$../../rtl/spark_core.v:421$2005_Y [1] 1'0 }
    Consolidated identical input bits for $mux cell $flatten\u_rx.$procmux$7214:
      Old ports: A=2'10, B=2'00, Y=$flatten\u_rx.$procmux$7214_Y
      New ports: A=1'1, B=1'0, Y=$flatten\u_rx.$procmux$7214_Y [1]
      New connections: $flatten\u_rx.$procmux$7214_Y [0] = 1'0
    Consolidated identical input bits for $mux cell $flatten\u_tx.$procmux$7039:
      Old ports: A={ 1'1 \tx_data }, B={ 1'1 \u_tx.sh [8:1] }, Y=$flatten\u_tx.$procmux$7039_Y
      New ports: A=\tx_data, B=\u_tx.sh [8:1], Y=$flatten\u_tx.$procmux$7039_Y [7:0]
      New connections: $flatten\u_tx.$procmux$7039_Y [8] = 1'1
    Consolidated identical input bits for $pmux cell $procmux$7982:
      Old ports: A=4'0001, B=12'000100010111, Y=$procmux$7982_Y
      New ports: A=1'0, B=3'001, Y=$procmux$7982_Y [1]
      New connections: { $procmux$7982_Y [3:2] $procmux$7982_Y [0] } = { 1'0 $procmux$7982_Y [1] 1'1 }
    New ctrl vector for $pmux cell $procmux$7982: \state [1]
    New ctrl vector for $pmux cell $procmux$8014: { \state [4:3] \state [5] }
    Consolidated identical input bits for $mux cell $memory\u_core.u_th0.mem$rdmux[0][3][7]$14757:
      Old ports: A=83'00111000000000000010010000011100000000000000110000000000000010110000000000000010111, B=83'01101000000000000101001110011110000000000000111000000000000101110010000000000001001, Y=$memory\u_core.u_th0.mem$rdmux[0][2][3]$b$14735
      New ports: A=2'01, B=2'10, Y={ $memory\u_core.u_th0.mem$rdmux[0][2][3]$b$14735 [3] $memory\u_core.u_th0.mem$rdmux[0][2][3]$b$14735 [1] }
      New connections: { $memory\u_core.u_th0.mem$rdmux[0][2][3]$b$14735 [82:4] $memory\u_core.u_th0.mem$rdmux[0][2][3]$b$14735 [2] $memory\u_core.u_th0.mem$rdmux[0][2][3]$b$14735 [0] } = { 1'0 $memory\u_core.u_th0.mem$rdmux[0][2][3]$b$14735 [3] 1'1 $memory\u_core.u_th0.mem$rdmux[0][2][3]$b$14735 [1] 13'1000000000000 $memory\u_core.u_th0.mem$rdmux[0][2][3]$b$14735 [3] $memory\u_core.u_th0.mem$rdmux[0][2][3]$b$14735 [1] $memory\u_core.u_th0.mem$rdmux[0][2][3]$b$14735 [3] 1'0 $memory\u_core.u_th0.mem$rdmux[0][2][3]$b$14735 [1] $memory\u_core.u_th0.mem$rdmux[0][2][3]$b$14735 [3] $memory\u_core.u_th0.mem$rdmux[0][2][3]$b$14735 [3] $memory\u_core.u_th0.mem$rdmux[0][2][3]$b$14735 [3] 5'00111 $memory\u_core.u_th0.mem$rdmux[0][2][3]$b$14735 [3] 15'000000000000011 $memory\u_core.u_th0.mem$rdmux[0][2][3]$b$14735 [3] 12'000000000000 $memory\u_core.u_th0.mem$rdmux[0][2][3]$b$14735 [3] $memory\u_core.u_th0.mem$rdmux[0][2][3]$b$14735 [1] $memory\u_core.u_th0.mem$rdmux[0][2][3]$b$14735 [3] 4'1100 $memory\u_core.u_th0.mem$rdmux[0][2][3]$b$14735 [3] 11'00000000000 $memory\u_core.u_th0.mem$rdmux[0][2][3]$b$14735 [1] $memory\u_core.u_th0.mem$rdmux[0][2][3]$b$14735 [1] 1'1 }
    Consolidated identical input bits for $mux cell $memory\u_core.u_th1.mem$rdmux[0][3][7]$14802:
      Old ports: A=128'00000000000001010000000000000010000000000000000100000000000000010000000000000010111111111111111000000000000000100000000000000001, B=128'11111111111111101111111111111111000000000000001000000000000000010000000000000001000000000000000011111111111111100000000000000010, Y=$memory\u_core.u_th1.mem$rdmux[0][2][3]$b$14780
      New ports: A=2'01, B=2'10, Y=$memory\u_core.u_th1.mem$rdmux[0][2][3]$b$14780 [1:0]
      New connections: $memory\u_core.u_th1.mem$rdmux[0][2][3]$b$14780 [127:2] = { $memory\u_core.u_th1.mem$rdmux[0][2][3]$b$14780 [1] $memory\u_core.u_th1.mem$rdmux[0][2][3]$b$14780 [1] $memory\u_core.u_th1.mem$rdmux[0][2][3]$b$14780 [1] $memory\u_core.u_th1.mem$rdmux[0][2][3]$b$14780 [1] $memory\u_core.u_th1.mem$rdmux[0][2][3]$b$14780 [1] $memory\u_core.u_th1.mem$rdmux[0][2][3]$b$14780 [1] $memory\u_core.u_th1.mem$rdmux[0][2][3]$b$14780 [1] $memory\u_core.u_th1.mem$rdmux[0][2][3]$b$14780 [1] $memory\u_core.u_th1.mem$rdmux[0][2][3]$b$14780 [1] $memory\u_core.u_th1.mem$rdmux[0][2][3]$b$14780 [1] $memory\u_core.u_th1.mem$rdmux[0][2][3]$b$14780 [1] $memory\u_core.u_th1.mem$rdmux[0][2][3]$b$14780 [1] $memory\u_core.u_th1.mem$rdmux[0][2][3]$b$14780 [1] 1'1 $memory\u_core.u_th1.mem$rdmux[0][2][3]$b$14780 [1:0] $memory\u_core.u_th1.mem$rdmux[0][2][3]$b$14780 [1] $memory\u_core.u_th1.mem$rdmux[0][2][3]$b$14780 [1] $memory\u_core.u_th1.mem$rdmux[0][2][3]$b$14780 [1] $memory\u_core.u_th1.mem$rdmux[0][2][3]$b$14780 [1] $memory\u_core.u_th1.mem$rdmux[0][2][3]$b$14780 [1] $memory\u_core.u_th1.mem$rdmux[0][2][3]$b$14780 [1] $memory\u_core.u_th1.mem$rdmux[0][2][3]$b$14780 [1] $memory\u_core.u_th1.mem$rdmux[0][2][3]$b$14780 [1] $memory\u_core.u_th1.mem$rdmux[0][2][3]$b$14780 [1] $memory\u_core.u_th1.mem$rdmux[0][2][3]$b$14780 [1] $memory\u_core.u_th1.mem$rdmux[0][2][3]$b$14780 [1] $memory\u_core.u_th1.mem$rdmux[0][2][3]$b$14780 [1] $memory\u_core.u_th1.mem$rdmux[0][2][3]$b$14780 [1] $memory\u_core.u_th1.mem$rdmux[0][2][3]$b$14780 [1] 1'1 $memory\u_core.u_th1.mem$rdmux[0][2][3]$b$14780 [1] 14'00000000000000 $memory\u_core.u_th1.mem$rdmux[0][2][3]$b$14780 [1:0] 30'000000000000000100000000000000 $memory\u_core.u_th1.mem$rdmux[0][2][3]$b$14780 [0] $memory\u_core.u_th1.mem$rdmux[0][2][3]$b$14780 [1:0] $memory\u_core.u_th1.mem$rdmux[0][2][3]$b$14780 [0] $memory\u_core.u_th1.mem$rdmux[0][2][3]$b$14780 [0] $memory\u_core.u_th1.mem$rdmux[0][2][3]$b$14780 [0] $memory\u_core.u_th1.mem$rdmux[0][2][3]$b$14780 [0] $memory\u_core.u_th1.mem$rdmux[0][2][3]$b$14780 [0] $memory\u_core.u_th1.mem$rdmux[0][2][3]$b$14780 [0] $memory\u_core.u_th1.mem$rdmux[0][2][3]$b$14780 [0] $memory\u_core.u_th1.mem$rdmux[0][2][3]$b$14780 [0] $memory\u_core.u_th1.mem$rdmux[0][2][3]$b$14780 [0] $memory\u_core.u_th1.mem$rdmux[0][2][3]$b$14780 [0] $memory\u_core.u_th1.mem$rdmux[0][2][3]$b$14780 [0] $memory\u_core.u_th1.mem$rdmux[0][2][3]$b$14780 [0] $memory\u_core.u_th1.mem$rdmux[0][2][3]$b$14780 [0] $memory\u_core.u_th1.mem$rdmux[0][2][3]$b$14780 [0] 1'0 $memory\u_core.u_th1.mem$rdmux[0][2][3]$b$14780 [1] $memory\u_core.u_th1.mem$rdmux[0][2][3]$b$14780 [1] $memory\u_core.u_th1.mem$rdmux[0][2][3]$b$14780 [1] $memory\u_core.u_th1.mem$rdmux[0][2][3]$b$14780 [1] $memory\u_core.u_th1.mem$rdmux[0][2][3]$b$14780 [1] $memory\u_core.u_th1.mem$rdmux[0][2][3]$b$14780 [1] $memory\u_core.u_th1.mem$rdmux[0][2][3]$b$14780 [1] $memory\u_core.u_th1.mem$rdmux[0][2][3]$b$14780 [1] $memory\u_core.u_th1.mem$rdmux[0][2][3]$b$14780 [1] $memory\u_core.u_th1.mem$rdmux[0][2][3]$b$14780 [1] $memory\u_core.u_th1.mem$rdmux[0][2][3]$b$14780 [1] $memory\u_core.u_th1.mem$rdmux[0][2][3]$b$14780 [1] $memory\u_core.u_th1.mem$rdmux[0][2][3]$b$14780 [1] $memory\u_core.u_th1.mem$rdmux[0][2][3]$b$14780 [1] 16'1000000000000000 }
  Optimizing cells in module \spark_chip.
    Consolidated identical input bits for $mux cell $memory\u_core.u_th1.mem$rdmux[0][2][1]$14772:
      Old ports: A=$memory\u_core.u_th1.mem$rdmux[0][2][1]$a$14773, B=$memory\u_core.u_th1.mem$rdmux[0][2][1]$b$14774, Y=$memory\u_core.u_th1.mem$rdmux[0][1][0]$b$14765
      New ports: A={ 1'0 $memory\u_core.u_th1.mem$rdmux[0][2][1]$a$14773 [0] 2'01 $memory\u_core.u_th1.mem$rdmux[0][2][1]$a$14773 [1] 1'0 $memory\u_core.u_th1.mem$rdmux[0][2][1]$a$14773 [0] 1'1 $memory\u_core.u_th1.mem$rdmux[0][2][1]$a$14773 [1:0] }, B={ 2'10 $memory\u_core.u_th1.mem$rdmux[0][2][1]$b$14774 [16] $memory\u_core.u_th1.mem$rdmux[0][2][1]$b$14774 [16] $memory\u_core.u_th1.mem$rdmux[0][2][1]$b$14774 [16] $memory\u_core.u_th1.mem$rdmux[0][2][1]$b$14774 [2] $memory\u_core.u_th1.mem$rdmux[0][2][1]$b$14774 [16] $memory\u_core.u_th1.mem$rdmux[0][2][1]$b$14774 [2] 2'01 }, Y={ $memory\u_core.u_th1.mem$rdmux[0][1][0]$b$14765 [112] $memory\u_core.u_th1.mem$rdmux[0][1][0]$b$14765 [98] $memory\u_core.u_th1.mem$rdmux[0][1][0]$b$14765 [49] $memory\u_core.u_th1.mem$rdmux[0][1][0]$b$14765 [33:32] $memory\u_core.u_th1.mem$rdmux[0][1][0]$b$14765 [17:16] $memory\u_core.u_th1.mem$rdmux[0][1][0]$b$14765 [2:0] }
      New connections: { $memory\u_core.u_th1.mem$rdmux[0][1][0]$b$14765 [127:113] $memory\u_core.u_th1.mem$rdmux[0][1][0]$b$14765 [111:99] $memory\u_core.u_th1.mem$rdmux[0][1][0]$b$14765 [97:50] $memory\u_core.u_th1.mem$rdmux[0][1][0]$b$14765 [48:34] $memory\u_core.u_th1.mem$rdmux[0][1][0]$b$14765 [31:18] $memory\u_core.u_th1.mem$rdmux[0][1][0]$b$14765 [15:3] } = { 13'0000000000000 $memory\u_core.u_th1.mem$rdmux[0][1][0]$b$14765 [17] 1'0 $memory\u_core.u_th1.mem$rdmux[0][1][0]$b$14765 [98] $memory\u_core.u_th1.mem$rdmux[0][1][0]$b$14765 [98] $memory\u_core.u_th1.mem$rdmux[0][1][0]$b$14765 [98] $memory\u_core.u_th1.mem$rdmux[0][1][0]$b$14765 [98] $memory\u_core.u_th1.mem$rdmux[0][1][0]$b$14765 [98] $memory\u_core.u_th1.mem$rdmux[0][1][0]$b$14765 [98] $memory\u_core.u_th1.mem$rdmux[0][1][0]$b$14765 [98] $memory\u_core.u_th1.mem$rdmux[0][1][0]$b$14765 [98] $memory\u_core.u_th1.mem$rdmux[0][1][0]$b$14765 [98] $memory\u_core.u_th1.mem$rdmux[0][1][0]$b$14765 [98] $memory\u_core.u_th1.mem$rdmux[0][1][0]$b$14765 [98] $memory\u_core.u_th1.mem$rdmux[0][1][0]$b$14765 [98] $memory\u_core.u_th1.mem$rdmux[0][1][0]$b$14765 [98] $memory\u_core.u_th1.mem$rdmux[0][1][0]$b$14765 [16] $memory\u_core.u_th1.mem$rdmux[0][1][0]$b$14765 [17] $memory\u_core.u_th1.mem$rdmux[0][1][0]$b$14765 [33] $memory\u_core.u_th1.mem$rdmux[0][1][0]$b$14765 [33] $memory\u_core.u_th1.mem$rdmux[0][1][0]$b$14765 [33] $memory\u_core.u_th1.mem$rdmux[0][1][0]$b$14765 [33] $memory\u_core.u_th1.mem$rdmux[0][1][0]$b$14765 [33] $memory\u_core.u_th1.mem$rdmux[0][1][0]$b$14765 [33] $memory\u_core.u_th1.mem$rdmux[0][1][0]$b$14765 [33] $memory\u_core.u_th1.mem$rdmux[0][1][0]$b$14765 [33] $memory\u_core.u_th1.mem$rdmux[0][1][0]$b$14765 [33] $memory\u_core.u_th1.mem$rdmux[0][1][0]$b$14765 [33] $memory\u_core.u_th1.mem$rdmux[0][1][0]$b$14765 [33] $memory\u_core.u_th1.mem$rdmux[0][1][0]$b$14765 [33] $memory\u_core.u_th1.mem$rdmux[0][1][0]$b$14765 [33] $memory\u_core.u_th1.mem$rdmux[0][1][0]$b$14765 [33] $memory\u_core.u_th1.mem$rdmux[0][1][0]$b$14765 [33] $memory\u_core.u_th1.mem$rdmux[0][1][0]$b$14765 [2] $memory\u_core.u_th1.mem$rdmux[0][1][0]$b$14765 [33] $memory\u_core.u_th1.mem$rdmux[0][1][0]$b$14765 [33] $memory\u_core.u_th1.mem$rdmux[0][1][0]$b$14765 [33] $memory\u_core.u_th1.mem$rdmux[0][1][0]$b$14765 [33] $memory\u_core.u_th1.mem$rdmux[0][1][0]$b$14765 [33] $memory\u_core.u_th1.mem$rdmux[0][1][0]$b$14765 [33] $memory\u_core.u_th1.mem$rdmux[0][1][0]$b$14765 [33] $memory\u_core.u_th1.mem$rdmux[0][1][0]$b$14765 [33] $memory\u_core.u_th1.mem$rdmux[0][1][0]$b$14765 [33] $memory\u_core.u_th1.mem$rdmux[0][1][0]$b$14765 [33] $memory\u_core.u_th1.mem$rdmux[0][1][0]$b$14765 [33] $memory\u_core.u_th1.mem$rdmux[0][1][0]$b$14765 [33] $memory\u_core.u_th1.mem$rdmux[0][1][0]$b$14765 [33] $memory\u_core.u_th1.mem$rdmux[0][1][0]$b$14765 [33:32] $memory\u_core.u_th1.mem$rdmux[0][1][0]$b$14765 [0] $memory\u_core.u_th1.mem$rdmux[0][1][0]$b$14765 [49] $memory\u_core.u_th1.mem$rdmux[0][1][0]$b$14765 [49] $memory\u_core.u_th1.mem$rdmux[0][1][0]$b$14765 [49] $memory\u_core.u_th1.mem$rdmux[0][1][0]$b$14765 [49] $memory\u_core.u_th1.mem$rdmux[0][1][0]$b$14765 [49] $memory\u_core.u_th1.mem$rdmux[0][1][0]$b$14765 [49] $memory\u_core.u_th1.mem$rdmux[0][1][0]$b$14765 [49] $memory\u_core.u_th1.mem$rdmux[0][1][0]$b$14765 [49] $memory\u_core.u_th1.mem$rdmux[0][1][0]$b$14765 [49] $memory\u_core.u_th1.mem$rdmux[0][1][0]$b$14765 [49] $memory\u_core.u_th1.mem$rdmux[0][1][0]$b$14765 [49] $memory\u_core.u_th1.mem$rdmux[0][1][0]$b$14765 [49] $memory\u_core.u_th1.mem$rdmux[0][1][0]$b$14765 [49] $memory\u_core.u_th1.mem$rdmux[0][1][0]$b$14765 [49] $memory\u_core.u_th1.mem$rdmux[0][1][0]$b$14765 [32] $memory\u_core.u_th1.mem$rdmux[0][1][0]$b$14765 [32] $memory\u_core.u_th1.mem$rdmux[0][1][0]$b$14765 [32] $memory\u_core.u_th1.mem$rdmux[0][1][0]$b$14765 [32] $memory\u_core.u_th1.mem$rdmux[0][1][0]$b$14765 [32] $memory\u_core.u_th1.mem$rdmux[0][1][0]$b$14765 [32] $memory\u_core.u_th1.mem$rdmux[0][1][0]$b$14765 [32] $memory\u_core.u_th1.mem$rdmux[0][1][0]$b$14765 [32] $memory\u_core.u_th1.mem$rdmux[0][1][0]$b$14765 [32] $memory\u_core.u_th1.mem$rdmux[0][1][0]$b$14765 [32] $memory\u_core.u_th1.mem$rdmux[0][1][0]$b$14765 [32] $memory\u_core.u_th1.mem$rdmux[0][1][0]$b$14765 [32] $memory\u_core.u_th1.mem$rdmux[0][1][0]$b$14765 [32] $memory\u_core.u_th1.mem$rdmux[0][1][0]$b$14765 [32] $memory\u_core.u_th1.mem$rdmux[0][1][0]$b$14765 [32] 13'0000000000000 $memory\u_core.u_th1.mem$rdmux[0][1][0]$b$14765 [1] $memory\u_core.u_th1.mem$rdmux[0][1][0]$b$14765 [2] $memory\u_core.u_th1.mem$rdmux[0][1][0]$b$14765 [2] $memory\u_core.u_th1.mem$rdmux[0][1][0]$b$14765 [2] $memory\u_core.u_th1.mem$rdmux[0][1][0]$b$14765 [2] $memory\u_core.u_th1.mem$rdmux[0][1][0]$b$14765 [2] $memory\u_core.u_th1.mem$rdmux[0][1][0]$b$14765 [2] $memory\u_core.u_th1.mem$rdmux[0][1][0]$b$14765 [2] $memory\u_core.u_th1.mem$rdmux[0][1][0]$b$14765 [2] $memory\u_core.u_th1.mem$rdmux[0][1][0]$b$14765 [2] $memory\u_core.u_th1.mem$rdmux[0][1][0]$b$14765 [2] $memory\u_core.u_th1.mem$rdmux[0][1][0]$b$14765 [2] $memory\u_core.u_th1.mem$rdmux[0][1][0]$b$14765 [2] $memory\u_core.u_th1.mem$rdmux[0][1][0]$b$14765 [2] }
    Consolidated identical input bits for $mux cell $memory\u_core.u_th1.mem$rdmux[0][2][0]$14769:
      Old ports: A=$memory\u_core.u_th1.mem$rdmux[0][2][0]$a$14770, B=$memory\u_core.u_th1.mem$rdmux[0][2][0]$b$14771, Y=$memory\u_core.u_th1.mem$rdmux[0][1][0]$a$14764
      New ports: A={ $memory\u_core.u_th1.mem$rdmux[0][2][0]$a$14770 [32] $memory\u_core.u_th1.mem$rdmux[0][2][0]$a$14770 [2] $memory\u_core.u_th1.mem$rdmux[0][2][0]$a$14770 [32] 1'0 $memory\u_core.u_th1.mem$rdmux[0][2][0]$a$14770 [2] $memory\u_core.u_th1.mem$rdmux[0][2][0]$a$14770 [2] 1'1 $memory\u_core.u_th1.mem$rdmux[0][2][0]$a$14770 [32] 2'01 $memory\u_core.u_th1.mem$rdmux[0][2][0]$a$14770 [2] 1'0 }, B={ 1'1 $memory\u_core.u_th1.mem$rdmux[0][2][0]$b$14771 [16] $memory\u_core.u_th1.mem$rdmux[0][2][0]$b$14771 [0] 2'11 $memory\u_core.u_th1.mem$rdmux[0][2][0]$b$14771 [0] 1'0 $memory\u_core.u_th1.mem$rdmux[0][2][0]$b$14771 [16] $memory\u_core.u_th1.mem$rdmux[0][2][0]$b$14771 [16] $memory\u_core.u_th1.mem$rdmux[0][2][0]$b$14771 [16] 1'0 $memory\u_core.u_th1.mem$rdmux[0][2][0]$b$14771 [0] }, Y={ $memory\u_core.u_th1.mem$rdmux[0][1][0]$a$14764 [114:113] $memory\u_core.u_th1.mem$rdmux[0][1][0]$a$14764 [96] $memory\u_core.u_th1.mem$rdmux[0][1][0]$a$14764 [81] $memory\u_core.u_th1.mem$rdmux[0][1][0]$a$14764 [67:66] $memory\u_core.u_th1.mem$rdmux[0][1][0]$a$14764 [48] $memory\u_core.u_th1.mem$rdmux[0][1][0]$a$14764 [32] $memory\u_core.u_th1.mem$rdmux[0][1][0]$a$14764 [18] $memory\u_core.u_th1.mem$rdmux[0][1][0]$a$14764 [16] $memory\u_core.u_th1.mem$rdmux[0][1][0]$a$14764 [2] $memory\u_core.u_th1.mem$rdmux[0][1][0]$a$14764 [0] }
      New connections: { $memory\u_core.u_th1.mem$rdmux[0][1][0]$a$14764 [127:115] $memory\u_core.u_th1.mem$rdmux[0][1][0]$a$14764 [112:97] $memory\u_core.u_th1.mem$rdmux[0][1][0]$a$14764 [95:82] $memory\u_core.u_th1.mem$rdmux[0][1][0]$a$14764 [80:68] $memory\u_core.u_th1.mem$rdmux[0][1][0]$a$14764 [65:49] $memory\u_core.u_th1.mem$rdmux[0][1][0]$a$14764 [47:33] $memory\u_core.u_th1.mem$rdmux[0][1][0]$a$14764 [31:19] $memory\u_core.u_th1.mem$rdmux[0][1][0]$a$14764 [17] $memory\u_core.u_th1.mem$rdmux[0][1][0]$a$14764 [15:3] $memory\u_core.u_th1.mem$rdmux[0][1][0]$a$14764 [1] } = { $memory\u_core.u_th1.mem$rdmux[0][1][0]$a$14764 [32] $memory\u_core.u_th1.mem$rdmux[0][1][0]$a$14764 [32] $memory\u_core.u_th1.mem$rdmux[0][1][0]$a$14764 [32] $memory\u_core.u_th1.mem$rdmux[0][1][0]$a$14764 [32] $memory\u_core.u_th1.mem$rdmux[0][1][0]$a$14764 [32] $memory\u_core.u_th1.mem$rdmux[0][1][0]$a$14764 [32] $memory\u_core.u_th1.mem$rdmux[0][1][0]$a$14764 [32] $memory\u_core.u_th1.mem$rdmux[0][1][0]$a$14764 [32] $memory\u_core.u_th1.mem$rdmux[0][1][0]$a$14764 [32] $memory\u_core.u_th1.mem$rdmux[0][1][0]$a$14764 [32] $memory\u_core.u_th1.mem$rdmux[0][1][0]$a$14764 [32] $memory\u_core.u_th1.mem$rdmux[0][1][0]$a$14764 [32] $memory\u_core.u_th1.mem$rdmux[0][1][0]$a$14764 [32] $memory\u_core.u_th1.mem$rdmux[0][1][0]$a$14764 [96] $memory\u_core.u_th1.mem$rdmux[0][1][0]$a$14764 [48] $memory\u_core.u_th1.mem$rdmux[0][1][0]$a$14764 [48] $memory\u_core.u_th1.mem$rdmux[0][1][0]$a$14764 [48] $memory\u_core.u_th1.mem$rdmux[0][1][0]$a$14764 [48] $memory\u_core.u_th1.mem$rdmux[0][1][0]$a$14764 [48] $memory\u_core.u_th1.mem$rdmux[0][1][0]$a$14764 [48] $memory\u_core.u_th1.mem$rdmux[0][1][0]$a$14764 [48] $memory\u_core.u_th1.mem$rdmux[0][1][0]$a$14764 [48] $memory\u_core.u_th1.mem$rdmux[0][1][0]$a$14764 [48] $memory\u_core.u_th1.mem$rdmux[0][1][0]$a$14764 [48] $memory\u_core.u_th1.mem$rdmux[0][1][0]$a$14764 [48] $memory\u_core.u_th1.mem$rdmux[0][1][0]$a$14764 [48] $memory\u_core.u_th1.mem$rdmux[0][1][0]$a$14764 [48] $memory\u_core.u_th1.mem$rdmux[0][1][0]$a$14764 [48] $memory\u_core.u_th1.mem$rdmux[0][1][0]$a$14764 [48] 14'00000000000000 $memory\u_core.u_th1.mem$rdmux[0][1][0]$a$14764 [2] $memory\u_core.u_th1.mem$rdmux[0][1][0]$a$14764 [67] $memory\u_core.u_th1.mem$rdmux[0][1][0]$a$14764 [67] $memory\u_core.u_th1.mem$rdmux[0][1][0]$a$14764 [67] $memory\u_core.u_th1.mem$rdmux[0][1][0]$a$14764 [67] $memory\u_core.u_th1.mem$rdmux[0][1][0]$a$14764 [67] $memory\u_core.u_th1.mem$rdmux[0][1][0]$a$14764 [67] $memory\u_core.u_th1.mem$rdmux[0][1][0]$a$14764 [67] $memory\u_core.u_th1.mem$rdmux[0][1][0]$a$14764 [67] $memory\u_core.u_th1.mem$rdmux[0][1][0]$a$14764 [67] $memory\u_core.u_th1.mem$rdmux[0][1][0]$a$14764 [67] $memory\u_core.u_th1.mem$rdmux[0][1][0]$a$14764 [67] $memory\u_core.u_th1.mem$rdmux[0][1][0]$a$14764 [67] 1'0 $memory\u_core.u_th1.mem$rdmux[0][1][0]$a$14764 [16] 13'0000000000000 $memory\u_core.u_th1.mem$rdmux[0][1][0]$a$14764 [0] $memory\u_core.u_th1.mem$rdmux[0][1][0]$a$14764 [18] 15'000000000000000 $memory\u_core.u_th1.mem$rdmux[0][1][0]$a$14764 [18] $memory\u_core.u_th1.mem$rdmux[0][1][0]$a$14764 [18] $memory\u_core.u_th1.mem$rdmux[0][1][0]$a$14764 [18] $memory\u_core.u_th1.mem$rdmux[0][1][0]$a$14764 [18] $memory\u_core.u_th1.mem$rdmux[0][1][0]$a$14764 [18] $memory\u_core.u_th1.mem$rdmux[0][1][0]$a$14764 [18] $memory\u_core.u_th1.mem$rdmux[0][1][0]$a$14764 [18] $memory\u_core.u_th1.mem$rdmux[0][1][0]$a$14764 [18] $memory\u_core.u_th1.mem$rdmux[0][1][0]$a$14764 [18] $memory\u_core.u_th1.mem$rdmux[0][1][0]$a$14764 [18] $memory\u_core.u_th1.mem$rdmux[0][1][0]$a$14764 [18] $memory\u_core.u_th1.mem$rdmux[0][1][0]$a$14764 [18] $memory\u_core.u_th1.mem$rdmux[0][1][0]$a$14764 [18] $memory\u_core.u_th1.mem$rdmux[0][1][0]$a$14764 [0] 14'00000000000000 }
    Consolidated identical input bits for $mux cell $memory\u_core.u_th0.mem$rdmux[0][2][0]$14724:
      Old ports: A=$memory\u_core.u_th0.mem$rdmux[0][2][0]$a$14725, B=$memory\u_core.u_th0.mem$rdmux[0][2][0]$b$14726, Y=$memory\u_core.u_th0.mem$rdmux[0][1][0]$a$14719
      New ports: A={ $memory\u_core.u_th0.mem$rdmux[0][2][0]$a$14725 [3] $memory\u_core.u_th0.mem$rdmux[0][2][0]$a$14725 [4:3] $memory\u_core.u_th0.mem$rdmux[0][2][0]$a$14725 [4] 1'0 $memory\u_core.u_th0.mem$rdmux[0][2][0]$a$14725 [3] 2'11 $memory\u_core.u_th0.mem$rdmux[0][2][0]$a$14725 [4] $memory\u_core.u_th0.mem$rdmux[0][2][0]$a$14725 [4:3] 3'010 }, B={ 2'01 $memory\u_core.u_th0.mem$rdmux[0][2][0]$b$14726 [0] $memory\u_core.u_th0.mem$rdmux[0][2][0]$b$14726 [18] $memory\u_core.u_th0.mem$rdmux[0][2][0]$b$14726 [18] $memory\u_core.u_th0.mem$rdmux[0][2][0]$b$14726 [18] $memory\u_core.u_th0.mem$rdmux[0][2][0]$b$14726 [18] $memory\u_core.u_th0.mem$rdmux[0][2][0]$b$14726 [0] $memory\u_core.u_th0.mem$rdmux[0][2][0]$b$14726 [0] 4'0110 $memory\u_core.u_th0.mem$rdmux[0][2][0]$b$14726 [0] }, Y={ $memory\u_core.u_th0.mem$rdmux[0][1][0]$a$14719 [61] $memory\u_core.u_th0.mem$rdmux[0][1][0]$a$14719 [59] $memory\u_core.u_th0.mem$rdmux[0][1][0]$a$14719 [57] $memory\u_core.u_th0.mem$rdmux[0][1][0]$a$14719 [53] $memory\u_core.u_th0.mem$rdmux[0][1][0]$a$14719 [36] $memory\u_core.u_th0.mem$rdmux[0][1][0]$a$14719 [23] $memory\u_core.u_th0.mem$rdmux[0][1][0]$a$14719 [18:16] $memory\u_core.u_th0.mem$rdmux[0][1][0]$a$14719 [4:0] }
      New connections: { $memory\u_core.u_th0.mem$rdmux[0][1][0]$a$14719 [82:62] $memory\u_core.u_th0.mem$rdmux[0][1][0]$a$14719 [60] $memory\u_core.u_th0.mem$rdmux[0][1][0]$a$14719 [58] $memory\u_core.u_th0.mem$rdmux[0][1][0]$a$14719 [56:54] $memory\u_core.u_th0.mem$rdmux[0][1][0]$a$14719 [52:37] $memory\u_core.u_th0.mem$rdmux[0][1][0]$a$14719 [35:24] $memory\u_core.u_th0.mem$rdmux[0][1][0]$a$14719 [22:19] $memory\u_core.u_th0.mem$rdmux[0][1][0]$a$14719 [15:5] } = { 1'0 $memory\u_core.u_th0.mem$rdmux[0][1][0]$a$14719 [1] $memory\u_core.u_th0.mem$rdmux[0][1][0]$a$14719 [3] $memory\u_core.u_th0.mem$rdmux[0][1][0]$a$14719 [16] $memory\u_core.u_th0.mem$rdmux[0][1][0]$a$14719 [36] 12'000000000000 $memory\u_core.u_th0.mem$rdmux[0][1][0]$a$14719 [1] $memory\u_core.u_th0.mem$rdmux[0][1][0]$a$14719 [59] $memory\u_core.u_th0.mem$rdmux[0][1][0]$a$14719 [2] $memory\u_core.u_th0.mem$rdmux[0][1][0]$a$14719 [2] $memory\u_core.u_th0.mem$rdmux[0][1][0]$a$14719 [2] $memory\u_core.u_th0.mem$rdmux[0][1][0]$a$14719 [4] 1'0 $memory\u_core.u_th0.mem$rdmux[0][1][0]$a$14719 [18] $memory\u_core.u_th0.mem$rdmux[0][1][0]$a$14719 [0] $memory\u_core.u_th0.mem$rdmux[0][1][0]$a$14719 [3] 11'00000000000 $memory\u_core.u_th0.mem$rdmux[0][1][0]$a$14719 [36] $memory\u_core.u_th0.mem$rdmux[0][1][0]$a$14719 [1] $memory\u_core.u_th0.mem$rdmux[0][1][0]$a$14719 [16] $memory\u_core.u_th0.mem$rdmux[0][1][0]$a$14719 [0] 12'000000000000 $memory\u_core.u_th0.mem$rdmux[0][1][0]$a$14719 [16] $memory\u_core.u_th0.mem$rdmux[0][1][0]$a$14719 [1] 1'1 $memory\u_core.u_th0.mem$rdmux[0][1][0]$a$14719 [2] 11'00000000000 }
    Consolidated identical input bits for $mux cell $memory\u_core.u_th0.mem$rdmux[0][2][3]$14733:
      Old ports: A=$memory\u_core.u_th0.mem$rdmux[0][2][3]$a$14734, B=$memory\u_core.u_th0.mem$rdmux[0][2][3]$b$14735, Y=$memory\u_core.u_th0.mem$rdmux[0][1][1]$b$14723
      New ports: A={ $memory\u_core.u_th0.mem$rdmux[0][2][3]$a$14734 [0] 1'1 $memory\u_core.u_th0.mem$rdmux[0][2][3]$a$14734 [0] $memory\u_core.u_th0.mem$rdmux[0][2][3]$a$14734 [1:0] 1'0 $memory\u_core.u_th0.mem$rdmux[0][2][3]$a$14734 [1] 3'100 $memory\u_core.u_th0.mem$rdmux[0][2][3]$a$14734 [1:0] }, B={ $memory\u_core.u_th0.mem$rdmux[0][2][3]$b$14735 [1] $memory\u_core.u_th0.mem$rdmux[0][2][3]$b$14735 [3] 1'0 $memory\u_core.u_th0.mem$rdmux[0][2][3]$b$14735 [3] $memory\u_core.u_th0.mem$rdmux[0][2][3]$b$14735 [3] 3'100 $memory\u_core.u_th0.mem$rdmux[0][2][3]$b$14735 [1] $memory\u_core.u_th0.mem$rdmux[0][2][3]$b$14735 [3] $memory\u_core.u_th0.mem$rdmux[0][2][3]$b$14735 [1] 1'1 }, Y={ $memory\u_core.u_th0.mem$rdmux[0][1][1]$b$14723 [64] $memory\u_core.u_th0.mem$rdmux[0][1][1]$b$14723 [59] $memory\u_core.u_th0.mem$rdmux[0][1][1]$b$14723 [57] $memory\u_core.u_th0.mem$rdmux[0][1][1]$b$14723 [52] $memory\u_core.u_th0.mem$rdmux[0][1][1]$b$14723 [23] $memory\u_core.u_th0.mem$rdmux[0][1][1]$b$14723 [19:17] $memory\u_core.u_th0.mem$rdmux[0][1][1]$b$14723 [4:3] $memory\u_core.u_th0.mem$rdmux[0][1][1]$b$14723 [1:0] }
      New connections: { $memory\u_core.u_th0.mem$rdmux[0][1][1]$b$14723 [82:65] $memory\u_core.u_th0.mem$rdmux[0][1][1]$b$14723 [63:60] $memory\u_core.u_th0.mem$rdmux[0][1][1]$b$14723 [58] $memory\u_core.u_th0.mem$rdmux[0][1][1]$b$14723 [56:53] $memory\u_core.u_th0.mem$rdmux[0][1][1]$b$14723 [51:24] $memory\u_core.u_th0.mem$rdmux[0][1][1]$b$14723 [22:20] $memory\u_core.u_th0.mem$rdmux[0][1][1]$b$14723 [16:5] $memory\u_core.u_th0.mem$rdmux[0][1][1]$b$14723 [2] } = { 1'0 $memory\u_core.u_th0.mem$rdmux[0][1][1]$b$14723 [52] 1'1 $memory\u_core.u_th0.mem$rdmux[0][1][1]$b$14723 [64] 13'1000000000000 $memory\u_core.u_th0.mem$rdmux[0][1][1]$b$14723 [59] $memory\u_core.u_th0.mem$rdmux[0][1][1]$b$14723 [3] 1'0 $memory\u_core.u_th0.mem$rdmux[0][1][1]$b$14723 [4] $memory\u_core.u_th0.mem$rdmux[0][1][1]$b$14723 [52] $memory\u_core.u_th0.mem$rdmux[0][1][1]$b$14723 [52] $memory\u_core.u_th0.mem$rdmux[0][1][1]$b$14723 [18] $memory\u_core.u_th0.mem$rdmux[0][1][1]$b$14723 [0] $memory\u_core.u_th0.mem$rdmux[0][1][1]$b$14723 [19] $memory\u_core.u_th0.mem$rdmux[0][1][1]$b$14723 [0] 12'000000000000 $memory\u_core.u_th0.mem$rdmux[0][1][1]$b$14723 [17] $memory\u_core.u_th0.mem$rdmux[0][1][1]$b$14723 [19] $memory\u_core.u_th0.mem$rdmux[0][1][1]$b$14723 [19] $memory\u_core.u_th0.mem$rdmux[0][1][1]$b$14723 [3] 11'00000000000 $memory\u_core.u_th0.mem$rdmux[0][1][1]$b$14723 [18] $memory\u_core.u_th0.mem$rdmux[0][1][1]$b$14723 [4:3] $memory\u_core.u_th0.mem$rdmux[0][1][1]$b$14723 [0] $memory\u_core.u_th0.mem$rdmux[0][1][1]$b$14723 [3] 11'00000000000 $memory\u_core.u_th0.mem$rdmux[0][1][1]$b$14723 [1] }
    Consolidated identical input bits for $mux cell $memory\u_core.u_th0.mem$rdmux[0][2][2]$14730:
      Old ports: A=$memory\u_core.u_th0.mem$rdmux[0][2][2]$a$14731, B=$memory\u_core.u_th0.mem$rdmux[0][2][2]$b$14732, Y=$memory\u_core.u_th0.mem$rdmux[0][1][1]$a$14722
      New ports: A={ 1'1 $memory\u_core.u_th0.mem$rdmux[0][2][2]$a$14731 [2:1] 1'0 $memory\u_core.u_th0.mem$rdmux[0][2][2]$a$14731 [1] $memory\u_core.u_th0.mem$rdmux[0][2][2]$a$14731 [2] 3'100 $memory\u_core.u_th0.mem$rdmux[0][2][2]$a$14731 [1] $memory\u_core.u_th0.mem$rdmux[0][2][2]$a$14731 [2:1] 1'1 }, B={ $memory\u_core.u_th0.mem$rdmux[0][2][2]$b$14732 [16] $memory\u_core.u_th0.mem$rdmux[0][2][2]$b$14732 [0] $memory\u_core.u_th0.mem$rdmux[0][2][2]$b$14732 [16] $memory\u_core.u_th0.mem$rdmux[0][2][2]$b$14732 [0] $memory\u_core.u_th0.mem$rdmux[0][2][2]$b$14732 [0] $memory\u_core.u_th0.mem$rdmux[0][2][2]$b$14732 [16] 2'01 $memory\u_core.u_th0.mem$rdmux[0][2][2]$b$14732 [16] 3'100 $memory\u_core.u_th0.mem$rdmux[0][2][2]$b$14732 [0] }, Y={ $memory\u_core.u_th0.mem$rdmux[0][1][1]$a$14722 [65] $memory\u_core.u_th0.mem$rdmux[0][1][1]$a$14722 [63:62] $memory\u_core.u_th0.mem$rdmux[0][1][1]$a$14722 [56] $memory\u_core.u_th0.mem$rdmux[0][1][1]$a$14722 [39:37] $memory\u_core.u_th0.mem$rdmux[0][1][1]$a$14722 [18] $memory\u_core.u_th0.mem$rdmux[0][1][1]$a$14722 [16] $memory\u_core.u_th0.mem$rdmux[0][1][1]$a$14722 [3:0] }
      New connections: { $memory\u_core.u_th0.mem$rdmux[0][1][1]$a$14722 [82:66] $memory\u_core.u_th0.mem$rdmux[0][1][1]$a$14722 [64] $memory\u_core.u_th0.mem$rdmux[0][1][1]$a$14722 [61:57] $memory\u_core.u_th0.mem$rdmux[0][1][1]$a$14722 [55:40] $memory\u_core.u_th0.mem$rdmux[0][1][1]$a$14722 [36:19] $memory\u_core.u_th0.mem$rdmux[0][1][1]$a$14722 [17] $memory\u_core.u_th0.mem$rdmux[0][1][1]$a$14722 [15:4] } = { $memory\u_core.u_th0.mem$rdmux[0][1][1]$a$14722 [16] $memory\u_core.u_th0.mem$rdmux[0][1][1]$a$14722 [0] $memory\u_core.u_th0.mem$rdmux[0][1][1]$a$14722 [39] $memory\u_core.u_th0.mem$rdmux[0][1][1]$a$14722 [63] $memory\u_core.u_th0.mem$rdmux[0][1][1]$a$14722 [18] 12'000000000000 $memory\u_core.u_th0.mem$rdmux[0][1][1]$a$14722 [56] 3'010 $memory\u_core.u_th0.mem$rdmux[0][1][1]$a$14722 [56] $memory\u_core.u_th0.mem$rdmux[0][1][1]$a$14722 [2] 1'1 $memory\u_core.u_th0.mem$rdmux[0][1][1]$a$14722 [2] 15'110000000000001 $memory\u_core.u_th0.mem$rdmux[0][1][1]$a$14722 [16] $memory\u_core.u_th0.mem$rdmux[0][1][1]$a$14722 [16] $memory\u_core.u_th0.mem$rdmux[0][1][1]$a$14722 [16] $memory\u_core.u_th0.mem$rdmux[0][1][1]$a$14722 [16] $memory\u_core.u_th0.mem$rdmux[0][1][1]$a$14722 [16] $memory\u_core.u_th0.mem$rdmux[0][1][1]$a$14722 [16] $memory\u_core.u_th0.mem$rdmux[0][1][1]$a$14722 [16] $memory\u_core.u_th0.mem$rdmux[0][1][1]$a$14722 [16] $memory\u_core.u_th0.mem$rdmux[0][1][1]$a$14722 [16] $memory\u_core.u_th0.mem$rdmux[0][1][1]$a$14722 [16] $memory\u_core.u_th0.mem$rdmux[0][1][1]$a$14722 [16] $memory\u_core.u_th0.mem$rdmux[0][1][1]$a$14722 [16] 1'1 $memory\u_core.u_th0.mem$rdmux[0][1][1]$a$14722 [18] $memory\u_core.u_th0.mem$rdmux[0][1][1]$a$14722 [2] $memory\u_core.u_th0.mem$rdmux[0][1][1]$a$14722 [16] $memory\u_core.u_th0.mem$rdmux[0][1][1]$a$14722 [0] 13'0000000000000 }
    Consolidated identical input bits for $mux cell $memory\u_core.u_th1.mem$rdmux[0][2][3]$14778:
      Old ports: A=$memory\u_core.u_th1.mem$rdmux[0][2][3]$a$14779, B=$memory\u_core.u_th1.mem$rdmux[0][2][3]$b$14780, Y=$memory\u_core.u_th1.mem$rdmux[0][1][1]$b$14768
      New ports: A={ 1'0 $memory\u_core.u_th1.mem$rdmux[0][2][3]$a$14779 [3] 2'11 $memory\u_core.u_th1.mem$rdmux[0][2][3]$a$14779 [3] 1'0 $memory\u_core.u_th1.mem$rdmux[0][2][3]$a$14779 [17] $memory\u_core.u_th1.mem$rdmux[0][2][3]$a$14779 [17] $memory\u_core.u_th1.mem$rdmux[0][2][3]$a$14779 [17] $memory\u_core.u_th1.mem$rdmux[0][2][3]$a$14779 [3] 2'01 }, B={ 1'1 $memory\u_core.u_th1.mem$rdmux[0][2][3]$b$14780 [1] 1'0 $memory\u_core.u_th1.mem$rdmux[0][2][3]$b$14780 [1:0] $memory\u_core.u_th1.mem$rdmux[0][2][3]$b$14780 [0] 1'0 $memory\u_core.u_th1.mem$rdmux[0][2][3]$b$14780 [1] 2'10 $memory\u_core.u_th1.mem$rdmux[0][2][3]$b$14780 [1:0] }, Y={ $memory\u_core.u_th1.mem$rdmux[0][1][1]$b$14768 [97:96] $memory\u_core.u_th1.mem$rdmux[0][1][1]$b$14768 [50] $memory\u_core.u_th1.mem$rdmux[0][1][1]$b$14768 [48] $memory\u_core.u_th1.mem$rdmux[0][1][1]$b$14768 [34:32] $memory\u_core.u_th1.mem$rdmux[0][1][1]$b$14768 [18:17] $memory\u_core.u_th1.mem$rdmux[0][1][1]$b$14768 [3] $memory\u_core.u_th1.mem$rdmux[0][1][1]$b$14768 [1:0] }
      New connections: { $memory\u_core.u_th1.mem$rdmux[0][1][1]$b$14768 [127:98] $memory\u_core.u_th1.mem$rdmux[0][1][1]$b$14768 [95:51] $memory\u_core.u_th1.mem$rdmux[0][1][1]$b$14768 [49] $memory\u_core.u_th1.mem$rdmux[0][1][1]$b$14768 [47:35] $memory\u_core.u_th1.mem$rdmux[0][1][1]$b$14768 [31:19] $memory\u_core.u_th1.mem$rdmux[0][1][1]$b$14768 [16:4] $memory\u_core.u_th1.mem$rdmux[0][1][1]$b$14768 [2] } = { $memory\u_core.u_th1.mem$rdmux[0][1][1]$b$14768 [1] $memory\u_core.u_th1.mem$rdmux[0][1][1]$b$14768 [1] $memory\u_core.u_th1.mem$rdmux[0][1][1]$b$14768 [1] $memory\u_core.u_th1.mem$rdmux[0][1][1]$b$14768 [1] $memory\u_core.u_th1.mem$rdmux[0][1][1]$b$14768 [1] $memory\u_core.u_th1.mem$rdmux[0][1][1]$b$14768 [1] $memory\u_core.u_th1.mem$rdmux[0][1][1]$b$14768 [1] $memory\u_core.u_th1.mem$rdmux[0][1][1]$b$14768 [1] $memory\u_core.u_th1.mem$rdmux[0][1][1]$b$14768 [1] $memory\u_core.u_th1.mem$rdmux[0][1][1]$b$14768 [1] $memory\u_core.u_th1.mem$rdmux[0][1][1]$b$14768 [1] $memory\u_core.u_th1.mem$rdmux[0][1][1]$b$14768 [1] $memory\u_core.u_th1.mem$rdmux[0][1][1]$b$14768 [1] $memory\u_core.u_th1.mem$rdmux[0][1][1]$b$14768 [97] $memory\u_core.u_th1.mem$rdmux[0][1][1]$b$14768 [1:0] $memory\u_core.u_th1.mem$rdmux[0][1][1]$b$14768 [96] $memory\u_core.u_th1.mem$rdmux[0][1][1]$b$14768 [96] $memory\u_core.u_th1.mem$rdmux[0][1][1]$b$14768 [96] $memory\u_core.u_th1.mem$rdmux[0][1][1]$b$14768 [96] $memory\u_core.u_th1.mem$rdmux[0][1][1]$b$14768 [96] $memory\u_core.u_th1.mem$rdmux[0][1][1]$b$14768 [96] $memory\u_core.u_th1.mem$rdmux[0][1][1]$b$14768 [96] $memory\u_core.u_th1.mem$rdmux[0][1][1]$b$14768 [96] $memory\u_core.u_th1.mem$rdmux[0][1][1]$b$14768 [96] $memory\u_core.u_th1.mem$rdmux[0][1][1]$b$14768 [96] $memory\u_core.u_th1.mem$rdmux[0][1][1]$b$14768 [96] $memory\u_core.u_th1.mem$rdmux[0][1][1]$b$14768 [96] $memory\u_core.u_th1.mem$rdmux[0][1][1]$b$14768 [96] $memory\u_core.u_th1.mem$rdmux[0][1][1]$b$14768 [48] 13'0000000000000 $memory\u_core.u_th1.mem$rdmux[0][1][1]$b$14768 [3] $memory\u_core.u_th1.mem$rdmux[0][1][1]$b$14768 [18] $memory\u_core.u_th1.mem$rdmux[0][1][1]$b$14768 [33] $memory\u_core.u_th1.mem$rdmux[0][1][1]$b$14768 [50] $memory\u_core.u_th1.mem$rdmux[0][1][1]$b$14768 [50] $memory\u_core.u_th1.mem$rdmux[0][1][1]$b$14768 [50] $memory\u_core.u_th1.mem$rdmux[0][1][1]$b$14768 [50] $memory\u_core.u_th1.mem$rdmux[0][1][1]$b$14768 [50] $memory\u_core.u_th1.mem$rdmux[0][1][1]$b$14768 [50] $memory\u_core.u_th1.mem$rdmux[0][1][1]$b$14768 [50] $memory\u_core.u_th1.mem$rdmux[0][1][1]$b$14768 [50] $memory\u_core.u_th1.mem$rdmux[0][1][1]$b$14768 [50] $memory\u_core.u_th1.mem$rdmux[0][1][1]$b$14768 [50] $memory\u_core.u_th1.mem$rdmux[0][1][1]$b$14768 [50] $memory\u_core.u_th1.mem$rdmux[0][1][1]$b$14768 [50] $memory\u_core.u_th1.mem$rdmux[0][1][1]$b$14768 [50] $memory\u_core.u_th1.mem$rdmux[0][1][1]$b$14768 [50] $memory\u_core.u_th1.mem$rdmux[0][1][1]$b$14768 [32] $memory\u_core.u_th1.mem$rdmux[0][1][1]$b$14768 [17] $memory\u_core.u_th1.mem$rdmux[0][1][1]$b$14768 [50] $memory\u_core.u_th1.mem$rdmux[0][1][1]$b$14768 [50] $memory\u_core.u_th1.mem$rdmux[0][1][1]$b$14768 [50] $memory\u_core.u_th1.mem$rdmux[0][1][1]$b$14768 [50] $memory\u_core.u_th1.mem$rdmux[0][1][1]$b$14768 [50] $memory\u_core.u_th1.mem$rdmux[0][1][1]$b$14768 [50] $memory\u_core.u_th1.mem$rdmux[0][1][1]$b$14768 [50] $memory\u_core.u_th1.mem$rdmux[0][1][1]$b$14768 [50] $memory\u_core.u_th1.mem$rdmux[0][1][1]$b$14768 [50] $memory\u_core.u_th1.mem$rdmux[0][1][1]$b$14768 [50] $memory\u_core.u_th1.mem$rdmux[0][1][1]$b$14768 [50] $memory\u_core.u_th1.mem$rdmux[0][1][1]$b$14768 [50] $memory\u_core.u_th1.mem$rdmux[0][1][1]$b$14768 [50] $memory\u_core.u_th1.mem$rdmux[0][1][1]$b$14768 [0] $memory\u_core.u_th1.mem$rdmux[0][1][1]$b$14768 [33] $memory\u_core.u_th1.mem$rdmux[0][1][1]$b$14768 [33] $memory\u_core.u_th1.mem$rdmux[0][1][1]$b$14768 [33] $memory\u_core.u_th1.mem$rdmux[0][1][1]$b$14768 [33] $memory\u_core.u_th1.mem$rdmux[0][1][1]$b$14768 [33] $memory\u_core.u_th1.mem$rdmux[0][1][1]$b$14768 [33] $memory\u_core.u_th1.mem$rdmux[0][1][1]$b$14768 [33] $memory\u_core.u_th1.mem$rdmux[0][1][1]$b$14768 [33] $memory\u_core.u_th1.mem$rdmux[0][1][1]$b$14768 [33] $memory\u_core.u_th1.mem$rdmux[0][1][1]$b$14768 [33] $memory\u_core.u_th1.mem$rdmux[0][1][1]$b$14768 [33] $memory\u_core.u_th1.mem$rdmux[0][1][1]$b$14768 [33] $memory\u_core.u_th1.mem$rdmux[0][1][1]$b$14768 [33] $memory\u_core.u_th1.mem$rdmux[0][1][1]$b$14768 [18] $memory\u_core.u_th1.mem$rdmux[0][1][1]$b$14768 [18] $memory\u_core.u_th1.mem$rdmux[0][1][1]$b$14768 [18] $memory\u_core.u_th1.mem$rdmux[0][1][1]$b$14768 [18] $memory\u_core.u_th1.mem$rdmux[0][1][1]$b$14768 [18] $memory\u_core.u_th1.mem$rdmux[0][1][1]$b$14768 [18] $memory\u_core.u_th1.mem$rdmux[0][1][1]$b$14768 [18] $memory\u_core.u_th1.mem$rdmux[0][1][1]$b$14768 [18] $memory\u_core.u_th1.mem$rdmux[0][1][1]$b$14768 [18] $memory\u_core.u_th1.mem$rdmux[0][1][1]$b$14768 [18] $memory\u_core.u_th1.mem$rdmux[0][1][1]$b$14768 [18] $memory\u_core.u_th1.mem$rdmux[0][1][1]$b$14768 [18] $memory\u_core.u_th1.mem$rdmux[0][1][1]$b$14768 [18] $memory\u_core.u_th1.mem$rdmux[0][1][1]$b$14768 [3] 13'0000000000000 }
    Consolidated identical input bits for $mux cell $memory\u_core.u_th1.mem$rdmux[0][2][2]$14775:
      Old ports: A=$memory\u_core.u_th1.mem$rdmux[0][2][2]$a$14776, B=$memory\u_core.u_th1.mem$rdmux[0][2][2]$b$14777, Y=$memory\u_core.u_th1.mem$rdmux[0][1][1]$a$14767
      New ports: A={ $memory\u_core.u_th1.mem$rdmux[0][2][2]$a$14776 [2:1] $memory\u_core.u_th1.mem$rdmux[0][2][2]$a$14776 [2] 1'1 $memory\u_core.u_th1.mem$rdmux[0][2][2]$a$14776 [1] $memory\u_core.u_th1.mem$rdmux[0][2][2]$a$14776 [1] $memory\u_core.u_th1.mem$rdmux[0][2][2]$a$14776 [2] 3'001 $memory\u_core.u_th1.mem$rdmux[0][2][2]$a$14776 [2:1] 1'0 }, B={ $memory\u_core.u_th1.mem$rdmux[0][2][2]$b$14777 [1:0] $memory\u_core.u_th1.mem$rdmux[0][2][2]$b$14777 [0] 4'0011 $memory\u_core.u_th1.mem$rdmux[0][2][2]$b$14777 [1] 1'1 $memory\u_core.u_th1.mem$rdmux[0][2][2]$b$14777 [0] 1'0 $memory\u_core.u_th1.mem$rdmux[0][2][2]$b$14777 [1:0] }, Y={ $memory\u_core.u_th1.mem$rdmux[0][1][1]$a$14767 [98] $memory\u_core.u_th1.mem$rdmux[0][1][1]$a$14767 [96] $memory\u_core.u_th1.mem$rdmux[0][1][1]$a$14767 [80] $memory\u_core.u_th1.mem$rdmux[0][1][1]$a$14767 [64] $memory\u_core.u_th1.mem$rdmux[0][1][1]$a$14767 [50:48] $memory\u_core.u_th1.mem$rdmux[0][1][1]$a$14767 [19] $memory\u_core.u_th1.mem$rdmux[0][1][1]$a$14767 [17:16] $memory\u_core.u_th1.mem$rdmux[0][1][1]$a$14767 [2:0] }
      New connections: { $memory\u_core.u_th1.mem$rdmux[0][1][1]$a$14767 [127:99] $memory\u_core.u_th1.mem$rdmux[0][1][1]$a$14767 [97] $memory\u_core.u_th1.mem$rdmux[0][1][1]$a$14767 [95:81] $memory\u_core.u_th1.mem$rdmux[0][1][1]$a$14767 [79:65] $memory\u_core.u_th1.mem$rdmux[0][1][1]$a$14767 [63:51] $memory\u_core.u_th1.mem$rdmux[0][1][1]$a$14767 [47:20] $memory\u_core.u_th1.mem$rdmux[0][1][1]$a$14767 [18] $memory\u_core.u_th1.mem$rdmux[0][1][1]$a$14767 [15:3] } = { 13'0000000000000 $memory\u_core.u_th1.mem$rdmux[0][1][1]$a$14767 [2] 1'0 $memory\u_core.u_th1.mem$rdmux[0][1][1]$a$14767 [16] $memory\u_core.u_th1.mem$rdmux[0][1][1]$a$14767 [98] $memory\u_core.u_th1.mem$rdmux[0][1][1]$a$14767 [98] $memory\u_core.u_th1.mem$rdmux[0][1][1]$a$14767 [98] $memory\u_core.u_th1.mem$rdmux[0][1][1]$a$14767 [98] $memory\u_core.u_th1.mem$rdmux[0][1][1]$a$14767 [98] $memory\u_core.u_th1.mem$rdmux[0][1][1]$a$14767 [98] $memory\u_core.u_th1.mem$rdmux[0][1][1]$a$14767 [98] $memory\u_core.u_th1.mem$rdmux[0][1][1]$a$14767 [98] $memory\u_core.u_th1.mem$rdmux[0][1][1]$a$14767 [98] $memory\u_core.u_th1.mem$rdmux[0][1][1]$a$14767 [98] $memory\u_core.u_th1.mem$rdmux[0][1][1]$a$14767 [98] $memory\u_core.u_th1.mem$rdmux[0][1][1]$a$14767 [98] $memory\u_core.u_th1.mem$rdmux[0][1][1]$a$14767 [98] $memory\u_core.u_th1.mem$rdmux[0][1][1]$a$14767 [1] $memory\u_core.u_th1.mem$rdmux[0][1][1]$a$14767 [19] $memory\u_core.u_th1.mem$rdmux[0][1][1]$a$14767 [19] $memory\u_core.u_th1.mem$rdmux[0][1][1]$a$14767 [19] $memory\u_core.u_th1.mem$rdmux[0][1][1]$a$14767 [19] $memory\u_core.u_th1.mem$rdmux[0][1][1]$a$14767 [19] $memory\u_core.u_th1.mem$rdmux[0][1][1]$a$14767 [19] $memory\u_core.u_th1.mem$rdmux[0][1][1]$a$14767 [19] $memory\u_core.u_th1.mem$rdmux[0][1][1]$a$14767 [19] $memory\u_core.u_th1.mem$rdmux[0][1][1]$a$14767 [19] $memory\u_core.u_th1.mem$rdmux[0][1][1]$a$14767 [19] $memory\u_core.u_th1.mem$rdmux[0][1][1]$a$14767 [19] $memory\u_core.u_th1.mem$rdmux[0][1][1]$a$14767 [19] $memory\u_core.u_th1.mem$rdmux[0][1][1]$a$14767 [19] $memory\u_core.u_th1.mem$rdmux[0][1][1]$a$14767 [19] $memory\u_core.u_th1.mem$rdmux[0][1][1]$a$14767 [19] $memory\u_core.u_th1.mem$rdmux[0][1][1]$a$14767 [49] $memory\u_core.u_th1.mem$rdmux[0][1][1]$a$14767 [49] $memory\u_core.u_th1.mem$rdmux[0][1][1]$a$14767 [49] $memory\u_core.u_th1.mem$rdmux[0][1][1]$a$14767 [49] $memory\u_core.u_th1.mem$rdmux[0][1][1]$a$14767 [49] $memory\u_core.u_th1.mem$rdmux[0][1][1]$a$14767 [49] $memory\u_core.u_th1.mem$rdmux[0][1][1]$a$14767 [49] $memory\u_core.u_th1.mem$rdmux[0][1][1]$a$14767 [49] $memory\u_core.u_th1.mem$rdmux[0][1][1]$a$14767 [49] $memory\u_core.u_th1.mem$rdmux[0][1][1]$a$14767 [49] $memory\u_core.u_th1.mem$rdmux[0][1][1]$a$14767 [49] $memory\u_core.u_th1.mem$rdmux[0][1][1]$a$14767 [49] $memory\u_core.u_th1.mem$rdmux[0][1][1]$a$14767 [49] $memory\u_core.u_th1.mem$rdmux[0][1][1]$a$14767 [50] $memory\u_core.u_th1.mem$rdmux[0][1][1]$a$14767 [16] $memory\u_core.u_th1.mem$rdmux[0][1][1]$a$14767 [50] $memory\u_core.u_th1.mem$rdmux[0][1][1]$a$14767 [50] $memory\u_core.u_th1.mem$rdmux[0][1][1]$a$14767 [50] $memory\u_core.u_th1.mem$rdmux[0][1][1]$a$14767 [50] $memory\u_core.u_th1.mem$rdmux[0][1][1]$a$14767 [50] $memory\u_core.u_th1.mem$rdmux[0][1][1]$a$14767 [50] $memory\u_core.u_th1.mem$rdmux[0][1][1]$a$14767 [50] $memory\u_core.u_th1.mem$rdmux[0][1][1]$a$14767 [50] $memory\u_core.u_th1.mem$rdmux[0][1][1]$a$14767 [50] $memory\u_core.u_th1.mem$rdmux[0][1][1]$a$14767 [50] $memory\u_core.u_th1.mem$rdmux[0][1][1]$a$14767 [50] $memory\u_core.u_th1.mem$rdmux[0][1][1]$a$14767 [50] $memory\u_core.u_th1.mem$rdmux[0][1][1]$a$14767 [50] $memory\u_core.u_th1.mem$rdmux[0][1][1]$a$14767 [19] $memory\u_core.u_th1.mem$rdmux[0][1][1]$a$14767 [19] $memory\u_core.u_th1.mem$rdmux[0][1][1]$a$14767 [19] $memory\u_core.u_th1.mem$rdmux[0][1][1]$a$14767 [19] $memory\u_core.u_th1.mem$rdmux[0][1][1]$a$14767 [19] $memory\u_core.u_th1.mem$rdmux[0][1][1]$a$14767 [19] $memory\u_core.u_th1.mem$rdmux[0][1][1]$a$14767 [19] $memory\u_core.u_th1.mem$rdmux[0][1][1]$a$14767 [19] $memory\u_core.u_th1.mem$rdmux[0][1][1]$a$14767 [19] $memory\u_core.u_th1.mem$rdmux[0][1][1]$a$14767 [19] $memory\u_core.u_th1.mem$rdmux[0][1][1]$a$14767 [19] $memory\u_core.u_th1.mem$rdmux[0][1][1]$a$14767 [19] $memory\u_core.u_th1.mem$rdmux[0][1][1]$a$14767 [19] $memory\u_core.u_th1.mem$rdmux[0][1][1]$a$14767 [19] $memory\u_core.u_th1.mem$rdmux[0][1][1]$a$14767 [1] $memory\u_core.u_th1.mem$rdmux[0][1][1]$a$14767 [16] $memory\u_core.u_th1.mem$rdmux[0][1][1]$a$14767 [19] $memory\u_core.u_th1.mem$rdmux[0][1][1]$a$14767 [19] $memory\u_core.u_th1.mem$rdmux[0][1][1]$a$14767 [19] $memory\u_core.u_th1.mem$rdmux[0][1][1]$a$14767 [19] $memory\u_core.u_th1.mem$rdmux[0][1][1]$a$14767 [19] $memory\u_core.u_th1.mem$rdmux[0][1][1]$a$14767 [19] $memory\u_core.u_th1.mem$rdmux[0][1][1]$a$14767 [19] $memory\u_core.u_th1.mem$rdmux[0][1][1]$a$14767 [19] $memory\u_core.u_th1.mem$rdmux[0][1][1]$a$14767 [19] $memory\u_core.u_th1.mem$rdmux[0][1][1]$a$14767 [19] $memory\u_core.u_th1.mem$rdmux[0][1][1]$a$14767 [19] $memory\u_core.u_th1.mem$rdmux[0][1][1]$a$14767 [19] 1'0 $memory\u_core.u_th1.mem$rdmux[0][1][1]$a$14767 [2] $memory\u_core.u_th1.mem$rdmux[0][1][1]$a$14767 [2] $memory\u_core.u_th1.mem$rdmux[0][1][1]$a$14767 [2] $memory\u_core.u_th1.mem$rdmux[0][1][1]$a$14767 [2] $memory\u_core.u_th1.mem$rdmux[0][1][1]$a$14767 [2] $memory\u_core.u_th1.mem$rdmux[0][1][1]$a$14767 [2] $memory\u_core.u_th1.mem$rdmux[0][1][1]$a$14767 [2] $memory\u_core.u_th1.mem$rdmux[0][1][1]$a$14767 [2] $memory\u_core.u_th1.mem$rdmux[0][1][1]$a$14767 [2] $memory\u_core.u_th1.mem$rdmux[0][1][1]$a$14767 [2] $memory\u_core.u_th1.mem$rdmux[0][1][1]$a$14767 [2] $memory\u_core.u_th1.mem$rdmux[0][1][1]$a$14767 [2] $memory\u_core.u_th1.mem$rdmux[0][1][1]$a$14767 [2] }
    Consolidated identical input bits for $mux cell $memory\u_core.u_th0.mem$rdmux[0][2][1]$14727:
      Old ports: A=$memory\u_core.u_th0.mem$rdmux[0][2][1]$a$14728, B=$memory\u_core.u_th0.mem$rdmux[0][2][1]$b$14729, Y=$memory\u_core.u_th0.mem$rdmux[0][1][0]$b$14720
      New ports: A={ 1'0 $memory\u_core.u_th0.mem$rdmux[0][2][1]$a$14728 [19] 1'1 $memory\u_core.u_th0.mem$rdmux[0][2][1]$a$14728 [19] $memory\u_core.u_th0.mem$rdmux[0][2][1]$a$14728 [19] 1'0 $memory\u_core.u_th0.mem$rdmux[0][2][1]$a$14728 [19] $memory\u_core.u_th0.mem$rdmux[0][2][1]$a$14728 [0] $memory\u_core.u_th0.mem$rdmux[0][2][1]$a$14728 [0] 1'0 $memory\u_core.u_th0.mem$rdmux[0][2][1]$a$14728 [0] 1'1 $memory\u_core.u_th0.mem$rdmux[0][2][1]$a$14728 [0] }, B={ 3'100 $memory\u_core.u_th0.mem$rdmux[0][2][1]$b$14729 [18] 1'1 $memory\u_core.u_th0.mem$rdmux[0][2][1]$b$14729 [18] $memory\u_core.u_th0.mem$rdmux[0][2][1]$b$14729 [1] $memory\u_core.u_th0.mem$rdmux[0][2][1]$b$14729 [18] $memory\u_core.u_th0.mem$rdmux[0][2][1]$b$14729 [1] $memory\u_core.u_th0.mem$rdmux[0][2][1]$b$14729 [1] 1'0 $memory\u_core.u_th0.mem$rdmux[0][2][1]$b$14729 [1] 1'1 }, Y={ $memory\u_core.u_th0.mem$rdmux[0][1][0]$b$14720 [79] $memory\u_core.u_th0.mem$rdmux[0][1][0]$b$14720 [63] $memory\u_core.u_th0.mem$rdmux[0][1][0]$b$14720 [57] $memory\u_core.u_th0.mem$rdmux[0][1][0]$b$14720 [39] $memory\u_core.u_th0.mem$rdmux[0][1][0]$b$14720 [36] $memory\u_core.u_th0.mem$rdmux[0][1][0]$b$14720 [24] $memory\u_core.u_th0.mem$rdmux[0][1][0]$b$14720 [19:18] $memory\u_core.u_th0.mem$rdmux[0][1][0]$b$14720 [6] $memory\u_core.u_th0.mem$rdmux[0][1][0]$b$14720 [4] $memory\u_core.u_th0.mem$rdmux[0][1][0]$b$14720 [2:0] }
      New connections: { $memory\u_core.u_th0.mem$rdmux[0][1][0]$b$14720 [82:80] $memory\u_core.u_th0.mem$rdmux[0][1][0]$b$14720 [78:64] $memory\u_core.u_th0.mem$rdmux[0][1][0]$b$14720 [62:58] $memory\u_core.u_th0.mem$rdmux[0][1][0]$b$14720 [56:40] $memory\u_core.u_th0.mem$rdmux[0][1][0]$b$14720 [38:37] $memory\u_core.u_th0.mem$rdmux[0][1][0]$b$14720 [35:25] $memory\u_core.u_th0.mem$rdmux[0][1][0]$b$14720 [23:20] $memory\u_core.u_th0.mem$rdmux[0][1][0]$b$14720 [17:7] $memory\u_core.u_th0.mem$rdmux[0][1][0]$b$14720 [5] $memory\u_core.u_th0.mem$rdmux[0][1][0]$b$14720 [3] } = { 1'0 $memory\u_core.u_th0.mem$rdmux[0][1][0]$b$14720 [0] $memory\u_core.u_th0.mem$rdmux[0][1][0]$b$14720 [63] $memory\u_core.u_th0.mem$rdmux[0][1][0]$b$14720 [1] $memory\u_core.u_th0.mem$rdmux[0][1][0]$b$14720 [24] $memory\u_core.u_th0.mem$rdmux[0][1][0]$b$14720 [24] $memory\u_core.u_th0.mem$rdmux[0][1][0]$b$14720 [24] $memory\u_core.u_th0.mem$rdmux[0][1][0]$b$14720 [24] $memory\u_core.u_th0.mem$rdmux[0][1][0]$b$14720 [24] $memory\u_core.u_th0.mem$rdmux[0][1][0]$b$14720 [24] $memory\u_core.u_th0.mem$rdmux[0][1][0]$b$14720 [24] $memory\u_core.u_th0.mem$rdmux[0][1][0]$b$14720 [24] $memory\u_core.u_th0.mem$rdmux[0][1][0]$b$14720 [24] $memory\u_core.u_th0.mem$rdmux[0][1][0]$b$14720 [24] $memory\u_core.u_th0.mem$rdmux[0][1][0]$b$14720 [24] $memory\u_core.u_th0.mem$rdmux[0][1][0]$b$14720 [24] $memory\u_core.u_th0.mem$rdmux[0][1][0]$b$14720 [2] $memory\u_core.u_th0.mem$rdmux[0][1][0]$b$14720 [36] $memory\u_core.u_th0.mem$rdmux[0][1][0]$b$14720 [24] $memory\u_core.u_th0.mem$rdmux[0][1][0]$b$14720 [2] 2'10 $memory\u_core.u_th0.mem$rdmux[0][1][0]$b$14720 [6] 1'0 $memory\u_core.u_th0.mem$rdmux[0][1][0]$b$14720 [1] $memory\u_core.u_th0.mem$rdmux[0][1][0]$b$14720 [24] $memory\u_core.u_th0.mem$rdmux[0][1][0]$b$14720 [39] $memory\u_core.u_th0.mem$rdmux[0][1][0]$b$14720 [1] $memory\u_core.u_th0.mem$rdmux[0][1][0]$b$14720 [24] $memory\u_core.u_th0.mem$rdmux[0][1][0]$b$14720 [24] $memory\u_core.u_th0.mem$rdmux[0][1][0]$b$14720 [24] $memory\u_core.u_th0.mem$rdmux[0][1][0]$b$14720 [24] $memory\u_core.u_th0.mem$rdmux[0][1][0]$b$14720 [24] $memory\u_core.u_th0.mem$rdmux[0][1][0]$b$14720 [24] $memory\u_core.u_th0.mem$rdmux[0][1][0]$b$14720 [24] $memory\u_core.u_th0.mem$rdmux[0][1][0]$b$14720 [24] $memory\u_core.u_th0.mem$rdmux[0][1][0]$b$14720 [24] $memory\u_core.u_th0.mem$rdmux[0][1][0]$b$14720 [24] $memory\u_core.u_th0.mem$rdmux[0][1][0]$b$14720 [24] $memory\u_core.u_th0.mem$rdmux[0][1][0]$b$14720 [24] $memory\u_core.u_th0.mem$rdmux[0][1][0]$b$14720 [0] 12'100000000000 $memory\u_core.u_th0.mem$rdmux[0][1][0]$b$14720 [19] 1'1 $memory\u_core.u_th0.mem$rdmux[0][1][0]$b$14720 [2] $memory\u_core.u_th0.mem$rdmux[0][1][0]$b$14720 [0] $memory\u_core.u_th0.mem$rdmux[0][1][0]$b$14720 [4] $memory\u_core.u_th0.mem$rdmux[0][1][0]$b$14720 [1] $memory\u_core.u_th0.mem$rdmux[0][1][0]$b$14720 [6] $memory\u_core.u_th0.mem$rdmux[0][1][0]$b$14720 [6] $memory\u_core.u_th0.mem$rdmux[0][1][0]$b$14720 [6] $memory\u_core.u_th0.mem$rdmux[0][1][0]$b$14720 [6] $memory\u_core.u_th0.mem$rdmux[0][1][0]$b$14720 [6] $memory\u_core.u_th0.mem$rdmux[0][1][0]$b$14720 [6] $memory\u_core.u_th0.mem$rdmux[0][1][0]$b$14720 [6] $memory\u_core.u_th0.mem$rdmux[0][1][0]$b$14720 [6] $memory\u_core.u_th0.mem$rdmux[0][1][0]$b$14720 [6] $memory\u_core.u_th0.mem$rdmux[0][1][0]$b$14720 [4] 1'1 }
    Consolidated identical input bits for $pmux cell $flatten\u_core.$procmux$4783:
      Old ports: A=4'1101, B={ 4'0101 $auto$wreduce.cc:461:run$9422 [3:0] $auto$wreduce.cc:461:run$9421 [3:0] }, Y=$flatten\u_core.$procmux$4783_Y [3:0]
      New ports: A=1'1, B={ 1'0 $auto$wreduce.cc:461:run$9422 [3] $auto$wreduce.cc:461:run$9421 [3] }, Y=$flatten\u_core.$procmux$4783_Y [3]
      New connections: $flatten\u_core.$procmux$4783_Y [2:0] = 3'101
    Consolidated identical input bits for $mux cell $flatten\u_core.$procmux$4821:
      Old ports: A=5'01110, B=$flatten\u_core.$ternary$../../rtl/spark_core.v:421$2005_Y, Y=$flatten\u_core.$procmux$4821_Y
      New ports: A=3'011, B={ $flatten\u_core.$ternary$../../rtl/spark_core.v:421$2005_Y [4] 1'0 $flatten\u_core.$ternary$../../rtl/spark_core.v:421$2005_Y [1] }, Y={ $flatten\u_core.$procmux$4821_Y [4:3] $flatten\u_core.$procmux$4821_Y [1] }
      New connections: { $flatten\u_core.$procmux$4821_Y [2] $flatten\u_core.$procmux$4821_Y [0] } = { $flatten\u_core.$procmux$4821_Y [1] 1'0 }
    Consolidated identical input bits for $mux cell $flatten\u_core.$procmux$4830:
      Old ports: A=4'0101, B=$auto$wreduce.cc:461:run$9426 [3:0], Y=$flatten\u_core.$procmux$4830_Y [3:0]
      New ports: A=1'0, B=$auto$wreduce.cc:461:run$9426 [3], Y=$flatten\u_core.$procmux$4830_Y [3]
      New connections: $flatten\u_core.$procmux$4830_Y [2:0] = 3'101
    Consolidated identical input bits for $mux cell $flatten\u_core.$procmux$6865:
      Old ports: A={ $auto$alumacc.cc:501:replace_alu$10055 [7:3] \u_core.q [0] 2'10 }, B=$flatten\u_core.$2\nidx[7:0], Y=$flatten\u_core.$3\nidx[7:0]
      New ports: A=2'10, B={ 1'0 $flatten\u_core.$2\nidx[7:0] [0] }, Y=$flatten\u_core.$3\nidx[7:0] [1:0]
      New connections: $flatten\u_core.$3\nidx[7:0] [7:2] = { $auto$alumacc.cc:501:replace_alu$10055 [7:3] \u_core.q [0] }
    Consolidated identical input bits for $mux cell $flatten\u_core.$procmux$6982:
      Old ports: A=$auto$wreduce.cc:461:run$9353 [2:0], B=3'110, Y=$auto$wreduce.cc:461:run$9375 [2:0]
      New ports: A={ $auto$wreduce.cc:461:run$9353 [0] $auto$wreduce.cc:461:run$9353 [0] }, B=2'10, Y=$auto$wreduce.cc:461:run$9375 [1:0]
      New connections: $auto$wreduce.cc:461:run$9375 [2] = $auto$wreduce.cc:461:run$9375 [1]
  Optimizing cells in module \spark_chip.
    Consolidated identical input bits for $mux cell $memory\u_core.u_th0.mem$rdmux[0][1][0]$14718:
      Old ports: A=$memory\u_core.u_th0.mem$rdmux[0][1][0]$a$14719, B=$memory\u_core.u_th0.mem$rdmux[0][1][0]$b$14720, Y=$memory\u_core.u_th0.mem$rdmux[0][0][0]$a$14716
      New ports: A={ $memory\u_core.u_th0.mem$rdmux[0][1][0]$a$14719 [1] $memory\u_core.u_th0.mem$rdmux[0][1][0]$a$14719 [3] $memory\u_core.u_th0.mem$rdmux[0][1][0]$a$14719 [16] $memory\u_core.u_th0.mem$rdmux[0][1][0]$a$14719 [36] $memory\u_core.u_th0.mem$rdmux[0][1][0]$a$14719 [59] $memory\u_core.u_th0.mem$rdmux[0][1][0]$a$14719 [2] $memory\u_core.u_th0.mem$rdmux[0][1][0]$a$14719 [2] $memory\u_core.u_th0.mem$rdmux[0][1][0]$a$14719 [61] $memory\u_core.u_th0.mem$rdmux[0][1][0]$a$14719 [2] $memory\u_core.u_th0.mem$rdmux[0][1][0]$a$14719 [59] $memory\u_core.u_th0.mem$rdmux[0][1][0]$a$14719 [4] $memory\u_core.u_th0.mem$rdmux[0][1][0]$a$14719 [57] $memory\u_core.u_th0.mem$rdmux[0][1][0]$a$14719 [18] $memory\u_core.u_th0.mem$rdmux[0][1][0]$a$14719 [0] $memory\u_core.u_th0.mem$rdmux[0][1][0]$a$14719 [53] $memory\u_core.u_th0.mem$rdmux[0][1][0]$a$14719 [3] $memory\u_core.u_th0.mem$rdmux[0][1][0]$a$14719 [36] $memory\u_core.u_th0.mem$rdmux[0][1][0]$a$14719 [1] $memory\u_core.u_th0.mem$rdmux[0][1][0]$a$14719 [16] $memory\u_core.u_th0.mem$rdmux[0][1][0]$a$14719 [0] $memory\u_core.u_th0.mem$rdmux[0][1][0]$a$14719 [36] 1'0 $memory\u_core.u_th0.mem$rdmux[0][1][0]$a$14719 [23] $memory\u_core.u_th0.mem$rdmux[0][1][0]$a$14719 [16] $memory\u_core.u_th0.mem$rdmux[0][1][0]$a$14719 [1] 1'1 $memory\u_core.u_th0.mem$rdmux[0][1][0]$a$14719 [2] $memory\u_core.u_th0.mem$rdmux[0][1][0]$a$14719 [18:16] 2'00 $memory\u_core.u_th0.mem$rdmux[0][1][0]$a$14719 [4:0] }, B={ $memory\u_core.u_th0.mem$rdmux[0][1][0]$b$14720 [0] $memory\u_core.u_th0.mem$rdmux[0][1][0]$b$14720 [63] $memory\u_core.u_th0.mem$rdmux[0][1][0]$b$14720 [79] $memory\u_core.u_th0.mem$rdmux[0][1][0]$b$14720 [1] $memory\u_core.u_th0.mem$rdmux[0][1][0]$b$14720 [36] $memory\u_core.u_th0.mem$rdmux[0][1][0]$b$14720 [63] $memory\u_core.u_th0.mem$rdmux[0][1][0]$b$14720 [24] $memory\u_core.u_th0.mem$rdmux[0][1][0]$b$14720 [2] 2'10 $memory\u_core.u_th0.mem$rdmux[0][1][0]$b$14720 [6] $memory\u_core.u_th0.mem$rdmux[0][1][0]$b$14720 [57] $memory\u_core.u_th0.mem$rdmux[0][1][0]$b$14720 [1] $memory\u_core.u_th0.mem$rdmux[0][1][0]$b$14720 [24] $memory\u_core.u_th0.mem$rdmux[0][1][0]$b$14720 [39] $memory\u_core.u_th0.mem$rdmux[0][1][0]$b$14720 [1] $memory\u_core.u_th0.mem$rdmux[0][1][0]$b$14720 [24] $memory\u_core.u_th0.mem$rdmux[0][1][0]$b$14720 [39] $memory\u_core.u_th0.mem$rdmux[0][1][0]$b$14720 [0] 1'1 $memory\u_core.u_th0.mem$rdmux[0][1][0]$b$14720 [36] $memory\u_core.u_th0.mem$rdmux[0][1][0]$b$14720 [24] $memory\u_core.u_th0.mem$rdmux[0][1][0]$b$14720 [19] 1'1 $memory\u_core.u_th0.mem$rdmux[0][1][0]$b$14720 [2] $memory\u_core.u_th0.mem$rdmux[0][1][0]$b$14720 [0] $memory\u_core.u_th0.mem$rdmux[0][1][0]$b$14720 [19:18] $memory\u_core.u_th0.mem$rdmux[0][1][0]$b$14720 [4] $memory\u_core.u_th0.mem$rdmux[0][1][0]$b$14720 [1] $memory\u_core.u_th0.mem$rdmux[0][1][0]$b$14720 [6] $memory\u_core.u_th0.mem$rdmux[0][1][0]$b$14720 [4] $memory\u_core.u_th0.mem$rdmux[0][1][0]$b$14720 [4] 1'1 $memory\u_core.u_th0.mem$rdmux[0][1][0]$b$14720 [2:0] }, Y={ $memory\u_core.u_th0.mem$rdmux[0][0][0]$a$14716 [81:78] $memory\u_core.u_th0.mem$rdmux[0][0][0]$a$14716 [64:57] $memory\u_core.u_th0.mem$rdmux[0][0][0]$a$14716 [55:52] $memory\u_core.u_th0.mem$rdmux[0][0][0]$a$14716 [40:36] $memory\u_core.u_th0.mem$rdmux[0][0][0]$a$14716 [24:16] $memory\u_core.u_th0.mem$rdmux[0][0][0]$a$14716 [6:0] }
      New connections: { $memory\u_core.u_th0.mem$rdmux[0][0][0]$a$14716 [82] $memory\u_core.u_th0.mem$rdmux[0][0][0]$a$14716 [77:65] $memory\u_core.u_th0.mem$rdmux[0][0][0]$a$14716 [56] $memory\u_core.u_th0.mem$rdmux[0][0][0]$a$14716 [51:41] $memory\u_core.u_th0.mem$rdmux[0][0][0]$a$14716 [35:25] $memory\u_core.u_th0.mem$rdmux[0][0][0]$a$14716 [15:7] } = { 1'0 $memory\u_core.u_th0.mem$rdmux[0][0][0]$a$14716 [24] $memory\u_core.u_th0.mem$rdmux[0][0][0]$a$14716 [24] $memory\u_core.u_th0.mem$rdmux[0][0][0]$a$14716 [24] $memory\u_core.u_th0.mem$rdmux[0][0][0]$a$14716 [24] $memory\u_core.u_th0.mem$rdmux[0][0][0]$a$14716 [24] $memory\u_core.u_th0.mem$rdmux[0][0][0]$a$14716 [24] $memory\u_core.u_th0.mem$rdmux[0][0][0]$a$14716 [24] $memory\u_core.u_th0.mem$rdmux[0][0][0]$a$14716 [24] $memory\u_core.u_th0.mem$rdmux[0][0][0]$a$14716 [24] $memory\u_core.u_th0.mem$rdmux[0][0][0]$a$14716 [24] $memory\u_core.u_th0.mem$rdmux[0][0][0]$a$14716 [24] $memory\u_core.u_th0.mem$rdmux[0][0][0]$a$14716 [24] $memory\u_core.u_th0.mem$rdmux[0][0][0]$a$14716 [21] 1'0 $memory\u_core.u_th0.mem$rdmux[0][0][0]$a$14716 [24] $memory\u_core.u_th0.mem$rdmux[0][0][0]$a$14716 [24] $memory\u_core.u_th0.mem$rdmux[0][0][0]$a$14716 [24] $memory\u_core.u_th0.mem$rdmux[0][0][0]$a$14716 [24] $memory\u_core.u_th0.mem$rdmux[0][0][0]$a$14716 [24] $memory\u_core.u_th0.mem$rdmux[0][0][0]$a$14716 [24] $memory\u_core.u_th0.mem$rdmux[0][0][0]$a$14716 [24] $memory\u_core.u_th0.mem$rdmux[0][0][0]$a$14716 [24] $memory\u_core.u_th0.mem$rdmux[0][0][0]$a$14716 [24] $memory\u_core.u_th0.mem$rdmux[0][0][0]$a$14716 [24] $memory\u_core.u_th0.mem$rdmux[0][0][0]$a$14716 [24] 11'00000000000 $memory\u_core.u_th0.mem$rdmux[0][0][0]$a$14716 [6] $memory\u_core.u_th0.mem$rdmux[0][0][0]$a$14716 [6] $memory\u_core.u_th0.mem$rdmux[0][0][0]$a$14716 [6] $memory\u_core.u_th0.mem$rdmux[0][0][0]$a$14716 [6] $memory\u_core.u_th0.mem$rdmux[0][0][0]$a$14716 [6] $memory\u_core.u_th0.mem$rdmux[0][0][0]$a$14716 [6] $memory\u_core.u_th0.mem$rdmux[0][0][0]$a$14716 [6] $memory\u_core.u_th0.mem$rdmux[0][0][0]$a$14716 [6] $memory\u_core.u_th0.mem$rdmux[0][0][0]$a$14716 [6] }
    Consolidated identical input bits for $mux cell $memory\u_core.u_th1.mem$rdmux[0][1][1]$14766:
      Old ports: A=$memory\u_core.u_th1.mem$rdmux[0][1][1]$a$14767, B=$memory\u_core.u_th1.mem$rdmux[0][1][1]$b$14768, Y=$memory\u_core.u_th1.mem$rdmux[0][0][0]$b$14762
      New ports: A={ $memory\u_core.u_th1.mem$rdmux[0][1][1]$a$14767 [2] 1'0 $memory\u_core.u_th1.mem$rdmux[0][1][1]$a$14767 [16] $memory\u_core.u_th1.mem$rdmux[0][1][1]$a$14767 [98] $memory\u_core.u_th1.mem$rdmux[0][1][1]$a$14767 [98] $memory\u_core.u_th1.mem$rdmux[0][1][1]$a$14767 [1] $memory\u_core.u_th1.mem$rdmux[0][1][1]$a$14767 [96] $memory\u_core.u_th1.mem$rdmux[0][1][1]$a$14767 [19] $memory\u_core.u_th1.mem$rdmux[0][1][1]$a$14767 [19] $memory\u_core.u_th1.mem$rdmux[0][1][1]$a$14767 [80] $memory\u_core.u_th1.mem$rdmux[0][1][1]$a$14767 [49] $memory\u_core.u_th1.mem$rdmux[0][1][1]$a$14767 [64] $memory\u_core.u_th1.mem$rdmux[0][1][1]$a$14767 [50:48] $memory\u_core.u_th1.mem$rdmux[0][1][1]$a$14767 [19] $memory\u_core.u_th1.mem$rdmux[0][1][1]$a$14767 [19] $memory\u_core.u_th1.mem$rdmux[0][1][1]$a$14767 [1] $memory\u_core.u_th1.mem$rdmux[0][1][1]$a$14767 [16] $memory\u_core.u_th1.mem$rdmux[0][1][1]$a$14767 [19] 1'0 $memory\u_core.u_th1.mem$rdmux[0][1][1]$a$14767 [17:16] $memory\u_core.u_th1.mem$rdmux[0][1][1]$a$14767 [2] $memory\u_core.u_th1.mem$rdmux[0][1][1]$a$14767 [2:0] }, B={ $memory\u_core.u_th1.mem$rdmux[0][1][1]$b$14768 [97] $memory\u_core.u_th1.mem$rdmux[0][1][1]$b$14768 [1:0] $memory\u_core.u_th1.mem$rdmux[0][1][1]$b$14768 [96] $memory\u_core.u_th1.mem$rdmux[0][1][1]$b$14768 [48] $memory\u_core.u_th1.mem$rdmux[0][1][1]$b$14768 [97:96] 1'0 $memory\u_core.u_th1.mem$rdmux[0][1][1]$b$14768 [3] $memory\u_core.u_th1.mem$rdmux[0][1][1]$b$14768 [33] $memory\u_core.u_th1.mem$rdmux[0][1][1]$b$14768 [50] $memory\u_core.u_th1.mem$rdmux[0][1][1]$b$14768 [17] $memory\u_core.u_th1.mem$rdmux[0][1][1]$b$14768 [50] $memory\u_core.u_th1.mem$rdmux[0][1][1]$b$14768 [0] $memory\u_core.u_th1.mem$rdmux[0][1][1]$b$14768 [48] $memory\u_core.u_th1.mem$rdmux[0][1][1]$b$14768 [33] $memory\u_core.u_th1.mem$rdmux[0][1][1]$b$14768 [34:32] $memory\u_core.u_th1.mem$rdmux[0][1][1]$b$14768 [18] $memory\u_core.u_th1.mem$rdmux[0][1][1]$b$14768 [18:17] $memory\u_core.u_th1.mem$rdmux[0][1][1]$b$14768 [3] $memory\u_core.u_th1.mem$rdmux[0][1][1]$b$14768 [3] 1'0 $memory\u_core.u_th1.mem$rdmux[0][1][1]$b$14768 [1:0] }, Y={ $memory\u_core.u_th1.mem$rdmux[0][0][0]$b$14762 [114:112] $memory\u_core.u_th1.mem$rdmux[0][0][0]$b$14762 [99:96] $memory\u_core.u_th1.mem$rdmux[0][0][0]$b$14762 [83:82] $memory\u_core.u_th1.mem$rdmux[0][0][0]$b$14762 [80] $memory\u_core.u_th1.mem$rdmux[0][0][0]$b$14762 [67] $memory\u_core.u_th1.mem$rdmux[0][0][0]$b$14762 [64] $memory\u_core.u_th1.mem$rdmux[0][0][0]$b$14762 [50:48] $memory\u_core.u_th1.mem$rdmux[0][0][0]$b$14762 [35:32] $memory\u_core.u_th1.mem$rdmux[0][0][0]$b$14762 [19:16] $memory\u_core.u_th1.mem$rdmux[0][0][0]$b$14762 [3:0] }
      New connections: { $memory\u_core.u_th1.mem$rdmux[0][0][0]$b$14762 [127:115] $memory\u_core.u_th1.mem$rdmux[0][0][0]$b$14762 [111:100] $memory\u_core.u_th1.mem$rdmux[0][0][0]$b$14762 [95:84] $memory\u_core.u_th1.mem$rdmux[0][0][0]$b$14762 [81] $memory\u_core.u_th1.mem$rdmux[0][0][0]$b$14762 [79:68] $memory\u_core.u_th1.mem$rdmux[0][0][0]$b$14762 [66:65] $memory\u_core.u_th1.mem$rdmux[0][0][0]$b$14762 [63:51] $memory\u_core.u_th1.mem$rdmux[0][0][0]$b$14762 [47:36] $memory\u_core.u_th1.mem$rdmux[0][0][0]$b$14762 [31:20] $memory\u_core.u_th1.mem$rdmux[0][0][0]$b$14762 [15:4] } = { $memory\u_core.u_th1.mem$rdmux[0][0][0]$b$14762 [113] $memory\u_core.u_th1.mem$rdmux[0][0][0]$b$14762 [113] $memory\u_core.u_th1.mem$rdmux[0][0][0]$b$14762 [113] $memory\u_core.u_th1.mem$rdmux[0][0][0]$b$14762 [113] $memory\u_core.u_th1.mem$rdmux[0][0][0]$b$14762 [113] $memory\u_core.u_th1.mem$rdmux[0][0][0]$b$14762 [113] $memory\u_core.u_th1.mem$rdmux[0][0][0]$b$14762 [113] $memory\u_core.u_th1.mem$rdmux[0][0][0]$b$14762 [113] $memory\u_core.u_th1.mem$rdmux[0][0][0]$b$14762 [113] $memory\u_core.u_th1.mem$rdmux[0][0][0]$b$14762 [113] $memory\u_core.u_th1.mem$rdmux[0][0][0]$b$14762 [113] $memory\u_core.u_th1.mem$rdmux[0][0][0]$b$14762 [113] $memory\u_core.u_th1.mem$rdmux[0][0][0]$b$14762 [113] $memory\u_core.u_th1.mem$rdmux[0][0][0]$b$14762 [99] $memory\u_core.u_th1.mem$rdmux[0][0][0]$b$14762 [99] $memory\u_core.u_th1.mem$rdmux[0][0][0]$b$14762 [99] $memory\u_core.u_th1.mem$rdmux[0][0][0]$b$14762 [99] $memory\u_core.u_th1.mem$rdmux[0][0][0]$b$14762 [99] $memory\u_core.u_th1.mem$rdmux[0][0][0]$b$14762 [99] $memory\u_core.u_th1.mem$rdmux[0][0][0]$b$14762 [99] $memory\u_core.u_th1.mem$rdmux[0][0][0]$b$14762 [99] $memory\u_core.u_th1.mem$rdmux[0][0][0]$b$14762 [99] $memory\u_core.u_th1.mem$rdmux[0][0][0]$b$14762 [99] $memory\u_core.u_th1.mem$rdmux[0][0][0]$b$14762 [99] $memory\u_core.u_th1.mem$rdmux[0][0][0]$b$14762 [99] $memory\u_core.u_th1.mem$rdmux[0][0][0]$b$14762 [83] $memory\u_core.u_th1.mem$rdmux[0][0][0]$b$14762 [83] $memory\u_core.u_th1.mem$rdmux[0][0][0]$b$14762 [83] $memory\u_core.u_th1.mem$rdmux[0][0][0]$b$14762 [83] $memory\u_core.u_th1.mem$rdmux[0][0][0]$b$14762 [83] $memory\u_core.u_th1.mem$rdmux[0][0][0]$b$14762 [83] $memory\u_core.u_th1.mem$rdmux[0][0][0]$b$14762 [83] $memory\u_core.u_th1.mem$rdmux[0][0][0]$b$14762 [83] $memory\u_core.u_th1.mem$rdmux[0][0][0]$b$14762 [83] $memory\u_core.u_th1.mem$rdmux[0][0][0]$b$14762 [83] $memory\u_core.u_th1.mem$rdmux[0][0][0]$b$14762 [83] $memory\u_core.u_th1.mem$rdmux[0][0][0]$b$14762 [83] $memory\u_core.u_th1.mem$rdmux[0][0][0]$b$14762 [19] $memory\u_core.u_th1.mem$rdmux[0][0][0]$b$14762 [67] $memory\u_core.u_th1.mem$rdmux[0][0][0]$b$14762 [67] $memory\u_core.u_th1.mem$rdmux[0][0][0]$b$14762 [67] $memory\u_core.u_th1.mem$rdmux[0][0][0]$b$14762 [67] $memory\u_core.u_th1.mem$rdmux[0][0][0]$b$14762 [67] $memory\u_core.u_th1.mem$rdmux[0][0][0]$b$14762 [67] $memory\u_core.u_th1.mem$rdmux[0][0][0]$b$14762 [67] $memory\u_core.u_th1.mem$rdmux[0][0][0]$b$14762 [67] $memory\u_core.u_th1.mem$rdmux[0][0][0]$b$14762 [67] $memory\u_core.u_th1.mem$rdmux[0][0][0]$b$14762 [67] $memory\u_core.u_th1.mem$rdmux[0][0][0]$b$14762 [67] $memory\u_core.u_th1.mem$rdmux[0][0][0]$b$14762 [67] $memory\u_core.u_th1.mem$rdmux[0][0][0]$b$14762 [50] $memory\u_core.u_th1.mem$rdmux[0][0][0]$b$14762 [32] $memory\u_core.u_th1.mem$rdmux[0][0][0]$b$14762 [50] $memory\u_core.u_th1.mem$rdmux[0][0][0]$b$14762 [50] $memory\u_core.u_th1.mem$rdmux[0][0][0]$b$14762 [50] $memory\u_core.u_th1.mem$rdmux[0][0][0]$b$14762 [50] $memory\u_core.u_th1.mem$rdmux[0][0][0]$b$14762 [50] $memory\u_core.u_th1.mem$rdmux[0][0][0]$b$14762 [50] $memory\u_core.u_th1.mem$rdmux[0][0][0]$b$14762 [50] $memory\u_core.u_th1.mem$rdmux[0][0][0]$b$14762 [50] $memory\u_core.u_th1.mem$rdmux[0][0][0]$b$14762 [50] $memory\u_core.u_th1.mem$rdmux[0][0][0]$b$14762 [50] $memory\u_core.u_th1.mem$rdmux[0][0][0]$b$14762 [50] $memory\u_core.u_th1.mem$rdmux[0][0][0]$b$14762 [50] $memory\u_core.u_th1.mem$rdmux[0][0][0]$b$14762 [50] $memory\u_core.u_th1.mem$rdmux[0][0][0]$b$14762 [35] $memory\u_core.u_th1.mem$rdmux[0][0][0]$b$14762 [35] $memory\u_core.u_th1.mem$rdmux[0][0][0]$b$14762 [35] $memory\u_core.u_th1.mem$rdmux[0][0][0]$b$14762 [35] $memory\u_core.u_th1.mem$rdmux[0][0][0]$b$14762 [35] $memory\u_core.u_th1.mem$rdmux[0][0][0]$b$14762 [35] $memory\u_core.u_th1.mem$rdmux[0][0][0]$b$14762 [35] $memory\u_core.u_th1.mem$rdmux[0][0][0]$b$14762 [35] $memory\u_core.u_th1.mem$rdmux[0][0][0]$b$14762 [35] $memory\u_core.u_th1.mem$rdmux[0][0][0]$b$14762 [35] $memory\u_core.u_th1.mem$rdmux[0][0][0]$b$14762 [35] $memory\u_core.u_th1.mem$rdmux[0][0][0]$b$14762 [35] $memory\u_core.u_th1.mem$rdmux[0][0][0]$b$14762 [19] $memory\u_core.u_th1.mem$rdmux[0][0][0]$b$14762 [19] $memory\u_core.u_th1.mem$rdmux[0][0][0]$b$14762 [19] $memory\u_core.u_th1.mem$rdmux[0][0][0]$b$14762 [19] $memory\u_core.u_th1.mem$rdmux[0][0][0]$b$14762 [19] $memory\u_core.u_th1.mem$rdmux[0][0][0]$b$14762 [19] $memory\u_core.u_th1.mem$rdmux[0][0][0]$b$14762 [19] $memory\u_core.u_th1.mem$rdmux[0][0][0]$b$14762 [19] $memory\u_core.u_th1.mem$rdmux[0][0][0]$b$14762 [19] $memory\u_core.u_th1.mem$rdmux[0][0][0]$b$14762 [19] $memory\u_core.u_th1.mem$rdmux[0][0][0]$b$14762 [19] $memory\u_core.u_th1.mem$rdmux[0][0][0]$b$14762 [19] $memory\u_core.u_th1.mem$rdmux[0][0][0]$b$14762 [2] $memory\u_core.u_th1.mem$rdmux[0][0][0]$b$14762 [2] $memory\u_core.u_th1.mem$rdmux[0][0][0]$b$14762 [2] $memory\u_core.u_th1.mem$rdmux[0][0][0]$b$14762 [2] $memory\u_core.u_th1.mem$rdmux[0][0][0]$b$14762 [2] $memory\u_core.u_th1.mem$rdmux[0][0][0]$b$14762 [2] $memory\u_core.u_th1.mem$rdmux[0][0][0]$b$14762 [2] $memory\u_core.u_th1.mem$rdmux[0][0][0]$b$14762 [2] $memory\u_core.u_th1.mem$rdmux[0][0][0]$b$14762 [2] $memory\u_core.u_th1.mem$rdmux[0][0][0]$b$14762 [2] $memory\u_core.u_th1.mem$rdmux[0][0][0]$b$14762 [2] $memory\u_core.u_th1.mem$rdmux[0][0][0]$b$14762 [2] }
    Consolidated identical input bits for $mux cell $memory\u_core.u_th0.mem$rdmux[0][1][1]$14721:
      Old ports: A=$memory\u_core.u_th0.mem$rdmux[0][1][1]$a$14722, B=$memory\u_core.u_th0.mem$rdmux[0][1][1]$b$14723, Y=$memory\u_core.u_th0.mem$rdmux[0][0][0]$b$14717
      New ports: A={ $memory\u_core.u_th0.mem$rdmux[0][1][1]$a$14722 [0] $memory\u_core.u_th0.mem$rdmux[0][1][1]$a$14722 [39] $memory\u_core.u_th0.mem$rdmux[0][1][1]$a$14722 [63] $memory\u_core.u_th0.mem$rdmux[0][1][1]$a$14722 [18] $memory\u_core.u_th0.mem$rdmux[0][1][1]$a$14722 [65] $memory\u_core.u_th0.mem$rdmux[0][1][1]$a$14722 [56] $memory\u_core.u_th0.mem$rdmux[0][1][1]$a$14722 [63:62] 1'0 $memory\u_core.u_th0.mem$rdmux[0][1][1]$a$14722 [56] $memory\u_core.u_th0.mem$rdmux[0][1][1]$a$14722 [2] $memory\u_core.u_th0.mem$rdmux[0][1][1]$a$14722 [56] $memory\u_core.u_th0.mem$rdmux[0][1][1]$a$14722 [2] 2'11 $memory\u_core.u_th0.mem$rdmux[0][1][1]$a$14722 [39:37] 1'1 $memory\u_core.u_th0.mem$rdmux[0][1][1]$a$14722 [16] $memory\u_core.u_th0.mem$rdmux[0][1][1]$a$14722 [16] 1'1 $memory\u_core.u_th0.mem$rdmux[0][1][1]$a$14722 [18] $memory\u_core.u_th0.mem$rdmux[0][1][1]$a$14722 [2] $memory\u_core.u_th0.mem$rdmux[0][1][1]$a$14722 [16] $memory\u_core.u_th0.mem$rdmux[0][1][1]$a$14722 [0] $memory\u_core.u_th0.mem$rdmux[0][1][1]$a$14722 [18] 1'0 $memory\u_core.u_th0.mem$rdmux[0][1][1]$a$14722 [16] 1'0 $memory\u_core.u_th0.mem$rdmux[0][1][1]$a$14722 [3:0] }, B={ $memory\u_core.u_th0.mem$rdmux[0][1][1]$b$14723 [52] 1'1 $memory\u_core.u_th0.mem$rdmux[0][1][1]$b$14723 [64] 1'1 $memory\u_core.u_th0.mem$rdmux[0][1][1]$b$14723 [59] $memory\u_core.u_th0.mem$rdmux[0][1][1]$b$14723 [64] $memory\u_core.u_th0.mem$rdmux[0][1][1]$b$14723 [3] 1'0 $memory\u_core.u_th0.mem$rdmux[0][1][1]$b$14723 [59] $memory\u_core.u_th0.mem$rdmux[0][1][1]$b$14723 [52] $memory\u_core.u_th0.mem$rdmux[0][1][1]$b$14723 [57] $memory\u_core.u_th0.mem$rdmux[0][1][1]$b$14723 [18] $memory\u_core.u_th0.mem$rdmux[0][1][1]$b$14723 [19] $memory\u_core.u_th0.mem$rdmux[0][1][1]$b$14723 [0] $memory\u_core.u_th0.mem$rdmux[0][1][1]$b$14723 [52] $memory\u_core.u_th0.mem$rdmux[0][1][1]$b$14723 [17] $memory\u_core.u_th0.mem$rdmux[0][1][1]$b$14723 [19] $memory\u_core.u_th0.mem$rdmux[0][1][1]$b$14723 [19] $memory\u_core.u_th0.mem$rdmux[0][1][1]$b$14723 [3] 1'0 $memory\u_core.u_th0.mem$rdmux[0][1][1]$b$14723 [18] $memory\u_core.u_th0.mem$rdmux[0][1][1]$b$14723 [23] $memory\u_core.u_th0.mem$rdmux[0][1][1]$b$14723 [4:3] $memory\u_core.u_th0.mem$rdmux[0][1][1]$b$14723 [0] $memory\u_core.u_th0.mem$rdmux[0][1][1]$b$14723 [19:17] $memory\u_core.u_th0.mem$rdmux[0][1][1]$b$14723 [3] $memory\u_core.u_th0.mem$rdmux[0][1][1]$b$14723 [4:3] $memory\u_core.u_th0.mem$rdmux[0][1][1]$b$14723 [1] $memory\u_core.u_th0.mem$rdmux[0][1][1]$b$14723 [1:0] }, Y={ $memory\u_core.u_th0.mem$rdmux[0][0][0]$b$14717 [81:78] $memory\u_core.u_th0.mem$rdmux[0][0][0]$b$14717 [65:62] $memory\u_core.u_th0.mem$rdmux[0][0][0]$b$14717 [59:56] $memory\u_core.u_th0.mem$rdmux[0][0][0]$b$14717 [54:52] $memory\u_core.u_th0.mem$rdmux[0][0][0]$b$14717 [39:36] $memory\u_core.u_th0.mem$rdmux[0][0][0]$b$14717 [25:16] $memory\u_core.u_th0.mem$rdmux[0][0][0]$b$14717 [4:0] }
      New connections: { $memory\u_core.u_th0.mem$rdmux[0][0][0]$b$14717 [82] $memory\u_core.u_th0.mem$rdmux[0][0][0]$b$14717 [77:66] $memory\u_core.u_th0.mem$rdmux[0][0][0]$b$14717 [61:60] $memory\u_core.u_th0.mem$rdmux[0][0][0]$b$14717 [55] $memory\u_core.u_th0.mem$rdmux[0][0][0]$b$14717 [51:40] $memory\u_core.u_th0.mem$rdmux[0][0][0]$b$14717 [35:26] $memory\u_core.u_th0.mem$rdmux[0][0][0]$b$14717 [15:5] } = { $memory\u_core.u_th0.mem$rdmux[0][0][0]$b$14717 [25] 12'000000000000 $memory\u_core.u_th0.mem$rdmux[0][0][0]$b$14717 [4] $memory\u_core.u_th0.mem$rdmux[0][0][0]$b$14717 [52] $memory\u_core.u_th0.mem$rdmux[0][0][0]$b$14717 [53] 12'000000000000 $memory\u_core.u_th0.mem$rdmux[0][0][0]$b$14717 [25] $memory\u_core.u_th0.mem$rdmux[0][0][0]$b$14717 [25] $memory\u_core.u_th0.mem$rdmux[0][0][0]$b$14717 [25] $memory\u_core.u_th0.mem$rdmux[0][0][0]$b$14717 [25] $memory\u_core.u_th0.mem$rdmux[0][0][0]$b$14717 [25] $memory\u_core.u_th0.mem$rdmux[0][0][0]$b$14717 [25] $memory\u_core.u_th0.mem$rdmux[0][0][0]$b$14717 [25] $memory\u_core.u_th0.mem$rdmux[0][0][0]$b$14717 [25] $memory\u_core.u_th0.mem$rdmux[0][0][0]$b$14717 [25] $memory\u_core.u_th0.mem$rdmux[0][0][0]$b$14717 [25] 11'00000000000 }
    Consolidated identical input bits for $mux cell $memory\u_core.u_th1.mem$rdmux[0][1][0]$14763:
      Old ports: A=$memory\u_core.u_th1.mem$rdmux[0][1][0]$a$14764, B=$memory\u_core.u_th1.mem$rdmux[0][1][0]$b$14765, Y=$memory\u_core.u_th1.mem$rdmux[0][0][0]$a$14761
      New ports: A={ $memory\u_core.u_th1.mem$rdmux[0][1][0]$a$14764 [32] $memory\u_core.u_th1.mem$rdmux[0][1][0]$a$14764 [114:113] $memory\u_core.u_th1.mem$rdmux[0][1][0]$a$14764 [96] $memory\u_core.u_th1.mem$rdmux[0][1][0]$a$14764 [48] $memory\u_core.u_th1.mem$rdmux[0][1][0]$a$14764 [48] $memory\u_core.u_th1.mem$rdmux[0][1][0]$a$14764 [96] $memory\u_core.u_th1.mem$rdmux[0][1][0]$a$14764 [81] $memory\u_core.u_th1.mem$rdmux[0][1][0]$a$14764 [67:66] $memory\u_core.u_th1.mem$rdmux[0][1][0]$a$14764 [16] 1'0 $memory\u_core.u_th1.mem$rdmux[0][1][0]$a$14764 [0] $memory\u_core.u_th1.mem$rdmux[0][1][0]$a$14764 [18] $memory\u_core.u_th1.mem$rdmux[0][1][0]$a$14764 [48] 2'00 $memory\u_core.u_th1.mem$rdmux[0][1][0]$a$14764 [32] $memory\u_core.u_th1.mem$rdmux[0][1][0]$a$14764 [18] $memory\u_core.u_th1.mem$rdmux[0][1][0]$a$14764 [18] $memory\u_core.u_th1.mem$rdmux[0][1][0]$a$14764 [0] $memory\u_core.u_th1.mem$rdmux[0][1][0]$a$14764 [16] 1'0 $memory\u_core.u_th1.mem$rdmux[0][1][0]$a$14764 [2] 1'0 $memory\u_core.u_th1.mem$rdmux[0][1][0]$a$14764 [0] }, B={ 1'0 $memory\u_core.u_th1.mem$rdmux[0][1][0]$b$14765 [17] 1'0 $memory\u_core.u_th1.mem$rdmux[0][1][0]$b$14765 [112] $memory\u_core.u_th1.mem$rdmux[0][1][0]$b$14765 [98] $memory\u_core.u_th1.mem$rdmux[0][1][0]$b$14765 [16] $memory\u_core.u_th1.mem$rdmux[0][1][0]$b$14765 [17] $memory\u_core.u_th1.mem$rdmux[0][1][0]$b$14765 [33] $memory\u_core.u_th1.mem$rdmux[0][1][0]$b$14765 [33] $memory\u_core.u_th1.mem$rdmux[0][1][0]$b$14765 [33] $memory\u_core.u_th1.mem$rdmux[0][1][0]$b$14765 [0] $memory\u_core.u_th1.mem$rdmux[0][1][0]$b$14765 [49] $memory\u_core.u_th1.mem$rdmux[0][1][0]$b$14765 [49] $memory\u_core.u_th1.mem$rdmux[0][1][0]$b$14765 [49] $memory\u_core.u_th1.mem$rdmux[0][1][0]$b$14765 [32] $memory\u_core.u_th1.mem$rdmux[0][1][0]$b$14765 [32] $memory\u_core.u_th1.mem$rdmux[0][1][0]$b$14765 [33:32] 1'0 $memory\u_core.u_th1.mem$rdmux[0][1][0]$b$14765 [1] $memory\u_core.u_th1.mem$rdmux[0][1][0]$b$14765 [17:16] $memory\u_core.u_th1.mem$rdmux[0][1][0]$b$14765 [2] $memory\u_core.u_th1.mem$rdmux[0][1][0]$b$14765 [2:0] }, Y={ $memory\u_core.u_th1.mem$rdmux[0][0][0]$a$14761 [115:112] $memory\u_core.u_th1.mem$rdmux[0][0][0]$a$14761 [98:96] $memory\u_core.u_th1.mem$rdmux[0][0][0]$a$14761 [81] $memory\u_core.u_th1.mem$rdmux[0][0][0]$a$14761 [67:66] $memory\u_core.u_th1.mem$rdmux[0][0][0]$a$14761 [64] $memory\u_core.u_th1.mem$rdmux[0][0][0]$a$14761 [51:48] $memory\u_core.u_th1.mem$rdmux[0][0][0]$a$14761 [34:32] $memory\u_core.u_th1.mem$rdmux[0][0][0]$a$14761 [19:16] $memory\u_core.u_th1.mem$rdmux[0][0][0]$a$14761 [3:0] }
      New connections: { $memory\u_core.u_th1.mem$rdmux[0][0][0]$a$14761 [127:116] $memory\u_core.u_th1.mem$rdmux[0][0][0]$a$14761 [111:99] $memory\u_core.u_th1.mem$rdmux[0][0][0]$a$14761 [95:82] $memory\u_core.u_th1.mem$rdmux[0][0][0]$a$14761 [80:68] $memory\u_core.u_th1.mem$rdmux[0][0][0]$a$14761 [65] $memory\u_core.u_th1.mem$rdmux[0][0][0]$a$14761 [63:52] $memory\u_core.u_th1.mem$rdmux[0][0][0]$a$14761 [47:35] $memory\u_core.u_th1.mem$rdmux[0][0][0]$a$14761 [31:20] $memory\u_core.u_th1.mem$rdmux[0][0][0]$a$14761 [15:4] } = { $memory\u_core.u_th1.mem$rdmux[0][0][0]$a$14761 [115] $memory\u_core.u_th1.mem$rdmux[0][0][0]$a$14761 [115] $memory\u_core.u_th1.mem$rdmux[0][0][0]$a$14761 [115] $memory\u_core.u_th1.mem$rdmux[0][0][0]$a$14761 [115] $memory\u_core.u_th1.mem$rdmux[0][0][0]$a$14761 [115] $memory\u_core.u_th1.mem$rdmux[0][0][0]$a$14761 [115] $memory\u_core.u_th1.mem$rdmux[0][0][0]$a$14761 [115] $memory\u_core.u_th1.mem$rdmux[0][0][0]$a$14761 [115] $memory\u_core.u_th1.mem$rdmux[0][0][0]$a$14761 [115] $memory\u_core.u_th1.mem$rdmux[0][0][0]$a$14761 [115] $memory\u_core.u_th1.mem$rdmux[0][0][0]$a$14761 [115] $memory\u_core.u_th1.mem$rdmux[0][0][0]$a$14761 [115] $memory\u_core.u_th1.mem$rdmux[0][0][0]$a$14761 [98] $memory\u_core.u_th1.mem$rdmux[0][0][0]$a$14761 [98] $memory\u_core.u_th1.mem$rdmux[0][0][0]$a$14761 [98] $memory\u_core.u_th1.mem$rdmux[0][0][0]$a$14761 [98] $memory\u_core.u_th1.mem$rdmux[0][0][0]$a$14761 [98] $memory\u_core.u_th1.mem$rdmux[0][0][0]$a$14761 [98] $memory\u_core.u_th1.mem$rdmux[0][0][0]$a$14761 [98] $memory\u_core.u_th1.mem$rdmux[0][0][0]$a$14761 [98] $memory\u_core.u_th1.mem$rdmux[0][0][0]$a$14761 [98] $memory\u_core.u_th1.mem$rdmux[0][0][0]$a$14761 [98] $memory\u_core.u_th1.mem$rdmux[0][0][0]$a$14761 [98] $memory\u_core.u_th1.mem$rdmux[0][0][0]$a$14761 [98] $memory\u_core.u_th1.mem$rdmux[0][0][0]$a$14761 [98] $memory\u_core.u_th1.mem$rdmux[0][0][0]$a$14761 [33] $memory\u_core.u_th1.mem$rdmux[0][0][0]$a$14761 [33] $memory\u_core.u_th1.mem$rdmux[0][0][0]$a$14761 [33] $memory\u_core.u_th1.mem$rdmux[0][0][0]$a$14761 [33] $memory\u_core.u_th1.mem$rdmux[0][0][0]$a$14761 [33] $memory\u_core.u_th1.mem$rdmux[0][0][0]$a$14761 [33] $memory\u_core.u_th1.mem$rdmux[0][0][0]$a$14761 [33] $memory\u_core.u_th1.mem$rdmux[0][0][0]$a$14761 [33] $memory\u_core.u_th1.mem$rdmux[0][0][0]$a$14761 [33] $memory\u_core.u_th1.mem$rdmux[0][0][0]$a$14761 [33] $memory\u_core.u_th1.mem$rdmux[0][0][0]$a$14761 [33] $memory\u_core.u_th1.mem$rdmux[0][0][0]$a$14761 [33] $memory\u_core.u_th1.mem$rdmux[0][0][0]$a$14761 [33] $memory\u_core.u_th1.mem$rdmux[0][0][0]$a$14761 [33] $memory\u_core.u_th1.mem$rdmux[0][0][0]$a$14761 [2] $memory\u_core.u_th1.mem$rdmux[0][0][0]$a$14761 [67] $memory\u_core.u_th1.mem$rdmux[0][0][0]$a$14761 [67] $memory\u_core.u_th1.mem$rdmux[0][0][0]$a$14761 [67] $memory\u_core.u_th1.mem$rdmux[0][0][0]$a$14761 [67] $memory\u_core.u_th1.mem$rdmux[0][0][0]$a$14761 [67] $memory\u_core.u_th1.mem$rdmux[0][0][0]$a$14761 [67] $memory\u_core.u_th1.mem$rdmux[0][0][0]$a$14761 [67] $memory\u_core.u_th1.mem$rdmux[0][0][0]$a$14761 [67] $memory\u_core.u_th1.mem$rdmux[0][0][0]$a$14761 [67] $memory\u_core.u_th1.mem$rdmux[0][0][0]$a$14761 [67] $memory\u_core.u_th1.mem$rdmux[0][0][0]$a$14761 [67] $memory\u_core.u_th1.mem$rdmux[0][0][0]$a$14761 [67] $memory\u_core.u_th1.mem$rdmux[0][0][0]$a$14761 [34] $memory\u_core.u_th1.mem$rdmux[0][0][0]$a$14761 [51] $memory\u_core.u_th1.mem$rdmux[0][0][0]$a$14761 [51] $memory\u_core.u_th1.mem$rdmux[0][0][0]$a$14761 [51] $memory\u_core.u_th1.mem$rdmux[0][0][0]$a$14761 [51] $memory\u_core.u_th1.mem$rdmux[0][0][0]$a$14761 [51] $memory\u_core.u_th1.mem$rdmux[0][0][0]$a$14761 [51] $memory\u_core.u_th1.mem$rdmux[0][0][0]$a$14761 [51] $memory\u_core.u_th1.mem$rdmux[0][0][0]$a$14761 [51] $memory\u_core.u_th1.mem$rdmux[0][0][0]$a$14761 [51] $memory\u_core.u_th1.mem$rdmux[0][0][0]$a$14761 [51] $memory\u_core.u_th1.mem$rdmux[0][0][0]$a$14761 [51] $memory\u_core.u_th1.mem$rdmux[0][0][0]$a$14761 [51] $memory\u_core.u_th1.mem$rdmux[0][0][0]$a$14761 [34] $memory\u_core.u_th1.mem$rdmux[0][0][0]$a$14761 [34] $memory\u_core.u_th1.mem$rdmux[0][0][0]$a$14761 [34] $memory\u_core.u_th1.mem$rdmux[0][0][0]$a$14761 [34] $memory\u_core.u_th1.mem$rdmux[0][0][0]$a$14761 [34] $memory\u_core.u_th1.mem$rdmux[0][0][0]$a$14761 [34] $memory\u_core.u_th1.mem$rdmux[0][0][0]$a$14761 [34] $memory\u_core.u_th1.mem$rdmux[0][0][0]$a$14761 [34] $memory\u_core.u_th1.mem$rdmux[0][0][0]$a$14761 [34] $memory\u_core.u_th1.mem$rdmux[0][0][0]$a$14761 [34] $memory\u_core.u_th1.mem$rdmux[0][0][0]$a$14761 [34] $memory\u_core.u_th1.mem$rdmux[0][0][0]$a$14761 [34] $memory\u_core.u_th1.mem$rdmux[0][0][0]$a$14761 [34] $memory\u_core.u_th1.mem$rdmux[0][0][0]$a$14761 [19] $memory\u_core.u_th1.mem$rdmux[0][0][0]$a$14761 [19] $memory\u_core.u_th1.mem$rdmux[0][0][0]$a$14761 [19] $memory\u_core.u_th1.mem$rdmux[0][0][0]$a$14761 [19] $memory\u_core.u_th1.mem$rdmux[0][0][0]$a$14761 [19] $memory\u_core.u_th1.mem$rdmux[0][0][0]$a$14761 [19] $memory\u_core.u_th1.mem$rdmux[0][0][0]$a$14761 [19] $memory\u_core.u_th1.mem$rdmux[0][0][0]$a$14761 [19] $memory\u_core.u_th1.mem$rdmux[0][0][0]$a$14761 [19] $memory\u_core.u_th1.mem$rdmux[0][0][0]$a$14761 [19] $memory\u_core.u_th1.mem$rdmux[0][0][0]$a$14761 [19] $memory\u_core.u_th1.mem$rdmux[0][0][0]$a$14761 [19] $memory\u_core.u_th1.mem$rdmux[0][0][0]$a$14761 [3] $memory\u_core.u_th1.mem$rdmux[0][0][0]$a$14761 [3] $memory\u_core.u_th1.mem$rdmux[0][0][0]$a$14761 [3] $memory\u_core.u_th1.mem$rdmux[0][0][0]$a$14761 [3] $memory\u_core.u_th1.mem$rdmux[0][0][0]$a$14761 [3] $memory\u_core.u_th1.mem$rdmux[0][0][0]$a$14761 [3] $memory\u_core.u_th1.mem$rdmux[0][0][0]$a$14761 [3] $memory\u_core.u_th1.mem$rdmux[0][0][0]$a$14761 [3] $memory\u_core.u_th1.mem$rdmux[0][0][0]$a$14761 [3] $memory\u_core.u_th1.mem$rdmux[0][0][0]$a$14761 [3] $memory\u_core.u_th1.mem$rdmux[0][0][0]$a$14761 [3] $memory\u_core.u_th1.mem$rdmux[0][0][0]$a$14761 [3] }
    Consolidated identical input bits for $mux cell $flatten\u_core.$procmux$6850:
      Old ports: A={ $auto$alumacc.cc:501:replace_alu$10055 [7:3] \u_core.q [0] 2'11 }, B=$flatten\u_core.$3\nidx[7:0], Y=\u_core.nidx
      New ports: A=2'11, B=$flatten\u_core.$3\nidx[7:0] [1:0], Y=\u_core.nidx [1:0]
      New connections: \u_core.nidx [7:2] = { $auto$alumacc.cc:501:replace_alu$10055 [7:3] \u_core.q [0] }
  Optimizing cells in module \spark_chip.
    Consolidated identical input bits for $mux cell $memory\u_core.u_th0.mem$rdmux[0][0][0]$14715:
      Old ports: A=$memory\u_core.u_th0.mem$rdmux[0][0][0]$a$14716, B=$memory\u_core.u_th0.mem$rdmux[0][0][0]$b$14717, Y=$\u_core.u_th0.mem$rdreg[0]$d
      New ports: A={ $memory\u_core.u_th0.mem$rdmux[0][0][0]$a$14716 [81:78] $memory\u_core.u_th0.mem$rdmux[0][0][0]$a$14716 [21] $memory\u_core.u_th0.mem$rdmux[0][0][0]$a$14716 [64:57] 1'0 $memory\u_core.u_th0.mem$rdmux[0][0][0]$a$14716 [55:52] $memory\u_core.u_th0.mem$rdmux[0][0][0]$a$14716 [24] $memory\u_core.u_th0.mem$rdmux[0][0][0]$a$14716 [40:36] 1'0 $memory\u_core.u_th0.mem$rdmux[0][0][0]$a$14716 [24:16] $memory\u_core.u_th0.mem$rdmux[0][0][0]$a$14716 [6:0] }, B={ $memory\u_core.u_th0.mem$rdmux[0][0][0]$b$14717 [81:78] $memory\u_core.u_th0.mem$rdmux[0][0][0]$b$14717 [65:62] $memory\u_core.u_th0.mem$rdmux[0][0][0]$b$14717 [4] $memory\u_core.u_th0.mem$rdmux[0][0][0]$b$14717 [52] $memory\u_core.u_th0.mem$rdmux[0][0][0]$b$14717 [59:56] $memory\u_core.u_th0.mem$rdmux[0][0][0]$b$14717 [53] $memory\u_core.u_th0.mem$rdmux[0][0][0]$b$14717 [54:52] 2'00 $memory\u_core.u_th0.mem$rdmux[0][0][0]$b$14717 [39:36] $memory\u_core.u_th0.mem$rdmux[0][0][0]$b$14717 [25:16] 2'00 $memory\u_core.u_th0.mem$rdmux[0][0][0]$b$14717 [4:0] }, Y={ $\u_core.u_th0.mem$rdreg[0]$d [81:78] $\u_core.u_th0.mem$rdreg[0]$d [65:52] $\u_core.u_th0.mem$rdreg[0]$d [41:36] $\u_core.u_th0.mem$rdreg[0]$d [25:16] $\u_core.u_th0.mem$rdreg[0]$d [6:0] }
      New connections: { $\u_core.u_th0.mem$rdreg[0]$d [82] $\u_core.u_th0.mem$rdreg[0]$d [77:66] $\u_core.u_th0.mem$rdreg[0]$d [51:42] $\u_core.u_th0.mem$rdreg[0]$d [35:26] $\u_core.u_th0.mem$rdreg[0]$d [15:7] } = { $\u_core.u_th0.mem$rdreg[0]$d [25] $\u_core.u_th0.mem$rdreg[0]$d [41] $\u_core.u_th0.mem$rdreg[0]$d [41] $\u_core.u_th0.mem$rdreg[0]$d [41] $\u_core.u_th0.mem$rdreg[0]$d [41] $\u_core.u_th0.mem$rdreg[0]$d [41] $\u_core.u_th0.mem$rdreg[0]$d [41] $\u_core.u_th0.mem$rdreg[0]$d [41] $\u_core.u_th0.mem$rdreg[0]$d [41] $\u_core.u_th0.mem$rdreg[0]$d [41] $\u_core.u_th0.mem$rdreg[0]$d [41] $\u_core.u_th0.mem$rdreg[0]$d [41] $\u_core.u_th0.mem$rdreg[0]$d [41] $\u_core.u_th0.mem$rdreg[0]$d [41] $\u_core.u_th0.mem$rdreg[0]$d [41] $\u_core.u_th0.mem$rdreg[0]$d [41] $\u_core.u_th0.mem$rdreg[0]$d [41] $\u_core.u_th0.mem$rdreg[0]$d [41] $\u_core.u_th0.mem$rdreg[0]$d [41] $\u_core.u_th0.mem$rdreg[0]$d [41] $\u_core.u_th0.mem$rdreg[0]$d [41] $\u_core.u_th0.mem$rdreg[0]$d [41] $\u_core.u_th0.mem$rdreg[0]$d [41] $\u_core.u_th0.mem$rdreg[0]$d [25] $\u_core.u_th0.mem$rdreg[0]$d [25] $\u_core.u_th0.mem$rdreg[0]$d [25] $\u_core.u_th0.mem$rdreg[0]$d [25] $\u_core.u_th0.mem$rdreg[0]$d [25] $\u_core.u_th0.mem$rdreg[0]$d [25] $\u_core.u_th0.mem$rdreg[0]$d [25] $\u_core.u_th0.mem$rdreg[0]$d [25] $\u_core.u_th0.mem$rdreg[0]$d [25] $\u_core.u_th0.mem$rdreg[0]$d [25] $\u_core.u_th0.mem$rdreg[0]$d [6] $\u_core.u_th0.mem$rdreg[0]$d [6] $\u_core.u_th0.mem$rdreg[0]$d [6] $\u_core.u_th0.mem$rdreg[0]$d [6] $\u_core.u_th0.mem$rdreg[0]$d [6] $\u_core.u_th0.mem$rdreg[0]$d [6] $\u_core.u_th0.mem$rdreg[0]$d [6] $\u_core.u_th0.mem$rdreg[0]$d [6] $\u_core.u_th0.mem$rdreg[0]$d [6] }
    Consolidated identical input bits for $mux cell $memory\u_core.u_th1.mem$rdmux[0][0][0]$14760:
      Old ports: A=$memory\u_core.u_th1.mem$rdmux[0][0][0]$a$14761, B=$memory\u_core.u_th1.mem$rdmux[0][0][0]$b$14762, Y=$\u_core.u_th1.mem$rdreg[0]$d
      New ports: A={ $memory\u_core.u_th1.mem$rdmux[0][0][0]$a$14761 [115:112] $memory\u_core.u_th1.mem$rdmux[0][0][0]$a$14761 [98] $memory\u_core.u_th1.mem$rdmux[0][0][0]$a$14761 [98:96] $memory\u_core.u_th1.mem$rdmux[0][0][0]$a$14761 [33] $memory\u_core.u_th1.mem$rdmux[0][0][0]$a$14761 [33] $memory\u_core.u_th1.mem$rdmux[0][0][0]$a$14761 [81] $memory\u_core.u_th1.mem$rdmux[0][0][0]$a$14761 [2] $memory\u_core.u_th1.mem$rdmux[0][0][0]$a$14761 [67:66] $memory\u_core.u_th1.mem$rdmux[0][0][0]$a$14761 [34] $memory\u_core.u_th1.mem$rdmux[0][0][0]$a$14761 [64] $memory\u_core.u_th1.mem$rdmux[0][0][0]$a$14761 [51:48] $memory\u_core.u_th1.mem$rdmux[0][0][0]$a$14761 [34] $memory\u_core.u_th1.mem$rdmux[0][0][0]$a$14761 [34:32] $memory\u_core.u_th1.mem$rdmux[0][0][0]$a$14761 [19:16] $memory\u_core.u_th1.mem$rdmux[0][0][0]$a$14761 [3] $memory\u_core.u_th1.mem$rdmux[0][0][0]$a$14761 [3:0] }, B={ $memory\u_core.u_th1.mem$rdmux[0][0][0]$b$14762 [113] $memory\u_core.u_th1.mem$rdmux[0][0][0]$b$14762 [114:112] $memory\u_core.u_th1.mem$rdmux[0][0][0]$b$14762 [99:96] $memory\u_core.u_th1.mem$rdmux[0][0][0]$b$14762 [83:82] $memory\u_core.u_th1.mem$rdmux[0][0][0]$b$14762 [19] $memory\u_core.u_th1.mem$rdmux[0][0][0]$b$14762 [80] $memory\u_core.u_th1.mem$rdmux[0][0][0]$b$14762 [67] $memory\u_core.u_th1.mem$rdmux[0][0][0]$b$14762 [50] $memory\u_core.u_th1.mem$rdmux[0][0][0]$b$14762 [32] $memory\u_core.u_th1.mem$rdmux[0][0][0]$b$14762 [64] $memory\u_core.u_th1.mem$rdmux[0][0][0]$b$14762 [50] $memory\u_core.u_th1.mem$rdmux[0][0][0]$b$14762 [50:48] $memory\u_core.u_th1.mem$rdmux[0][0][0]$b$14762 [35:32] $memory\u_core.u_th1.mem$rdmux[0][0][0]$b$14762 [19:16] $memory\u_core.u_th1.mem$rdmux[0][0][0]$b$14762 [2] $memory\u_core.u_th1.mem$rdmux[0][0][0]$b$14762 [3:0] }, Y={ $\u_core.u_th1.mem$rdreg[0]$d [115:112] $\u_core.u_th1.mem$rdreg[0]$d [99:96] $\u_core.u_th1.mem$rdreg[0]$d [83:80] $\u_core.u_th1.mem$rdreg[0]$d [67:64] $\u_core.u_th1.mem$rdreg[0]$d [51:48] $\u_core.u_th1.mem$rdreg[0]$d [35:32] $\u_core.u_th1.mem$rdreg[0]$d [19:16] $\u_core.u_th1.mem$rdreg[0]$d [4:0] }
      New connections: { $\u_core.u_th1.mem$rdreg[0]$d [127:116] $\u_core.u_th1.mem$rdreg[0]$d [111:100] $\u_core.u_th1.mem$rdreg[0]$d [95:84] $\u_core.u_th1.mem$rdreg[0]$d [79:68] $\u_core.u_th1.mem$rdreg[0]$d [63:52] $\u_core.u_th1.mem$rdreg[0]$d [47:36] $\u_core.u_th1.mem$rdreg[0]$d [31:20] $\u_core.u_th1.mem$rdreg[0]$d [15:5] } = { $\u_core.u_th1.mem$rdreg[0]$d [115] $\u_core.u_th1.mem$rdreg[0]$d [115] $\u_core.u_th1.mem$rdreg[0]$d [115] $\u_core.u_th1.mem$rdreg[0]$d [115] $\u_core.u_th1.mem$rdreg[0]$d [115] $\u_core.u_th1.mem$rdreg[0]$d [115] $\u_core.u_th1.mem$rdreg[0]$d [115] $\u_core.u_th1.mem$rdreg[0]$d [115] $\u_core.u_th1.mem$rdreg[0]$d [115] $\u_core.u_th1.mem$rdreg[0]$d [115] $\u_core.u_th1.mem$rdreg[0]$d [115] $\u_core.u_th1.mem$rdreg[0]$d [115] $\u_core.u_th1.mem$rdreg[0]$d [99] $\u_core.u_th1.mem$rdreg[0]$d [99] $\u_core.u_th1.mem$rdreg[0]$d [99] $\u_core.u_th1.mem$rdreg[0]$d [99] $\u_core.u_th1.mem$rdreg[0]$d [99] $\u_core.u_th1.mem$rdreg[0]$d [99] $\u_core.u_th1.mem$rdreg[0]$d [99] $\u_core.u_th1.mem$rdreg[0]$d [99] $\u_core.u_th1.mem$rdreg[0]$d [99] $\u_core.u_th1.mem$rdreg[0]$d [99] $\u_core.u_th1.mem$rdreg[0]$d [99] $\u_core.u_th1.mem$rdreg[0]$d [99] $\u_core.u_th1.mem$rdreg[0]$d [83] $\u_core.u_th1.mem$rdreg[0]$d [83] $\u_core.u_th1.mem$rdreg[0]$d [83] $\u_core.u_th1.mem$rdreg[0]$d [83] $\u_core.u_th1.mem$rdreg[0]$d [83] $\u_core.u_th1.mem$rdreg[0]$d [83] $\u_core.u_th1.mem$rdreg[0]$d [83] $\u_core.u_th1.mem$rdreg[0]$d [83] $\u_core.u_th1.mem$rdreg[0]$d [83] $\u_core.u_th1.mem$rdreg[0]$d [83] $\u_core.u_th1.mem$rdreg[0]$d [83] $\u_core.u_th1.mem$rdreg[0]$d [83] $\u_core.u_th1.mem$rdreg[0]$d [67] $\u_core.u_th1.mem$rdreg[0]$d [67] $\u_core.u_th1.mem$rdreg[0]$d [67] $\u_core.u_th1.mem$rdreg[0]$d [67] $\u_core.u_th1.mem$rdreg[0]$d [67] $\u_core.u_th1.mem$rdreg[0]$d [67] $\u_core.u_th1.mem$rdreg[0]$d [67] $\u_core.u_th1.mem$rdreg[0]$d [67] $\u_core.u_th1.mem$rdreg[0]$d [67] $\u_core.u_th1.mem$rdreg[0]$d [67] $\u_core.u_th1.mem$rdreg[0]$d [67] $\u_core.u_th1.mem$rdreg[0]$d [67] $\u_core.u_th1.mem$rdreg[0]$d [51] $\u_core.u_th1.mem$rdreg[0]$d [51] $\u_core.u_th1.mem$rdreg[0]$d [51] $\u_core.u_th1.mem$rdreg[0]$d [51] $\u_core.u_th1.mem$rdreg[0]$d [51] $\u_core.u_th1.mem$rdreg[0]$d [51] $\u_core.u_th1.mem$rdreg[0]$d [51] $\u_core.u_th1.mem$rdreg[0]$d [51] $\u_core.u_th1.mem$rdreg[0]$d [51] $\u_core.u_th1.mem$rdreg[0]$d [51] $\u_core.u_th1.mem$rdreg[0]$d [51] $\u_core.u_th1.mem$rdreg[0]$d [51] $\u_core.u_th1.mem$rdreg[0]$d [35] $\u_core.u_th1.mem$rdreg[0]$d [35] $\u_core.u_th1.mem$rdreg[0]$d [35] $\u_core.u_th1.mem$rdreg[0]$d [35] $\u_core.u_th1.mem$rdreg[0]$d [35] $\u_core.u_th1.mem$rdreg[0]$d [35] $\u_core.u_th1.mem$rdreg[0]$d [35] $\u_core.u_th1.mem$rdreg[0]$d [35] $\u_core.u_th1.mem$rdreg[0]$d [35] $\u_core.u_th1.mem$rdreg[0]$d [35] $\u_core.u_th1.mem$rdreg[0]$d [35] $\u_core.u_th1.mem$rdreg[0]$d [35] $\u_core.u_th1.mem$rdreg[0]$d [19] $\u_core.u_th1.mem$rdreg[0]$d [19] $\u_core.u_th1.mem$rdreg[0]$d [19] $\u_core.u_th1.mem$rdreg[0]$d [19] $\u_core.u_th1.mem$rdreg[0]$d [19] $\u_core.u_th1.mem$rdreg[0]$d [19] $\u_core.u_th1.mem$rdreg[0]$d [19] $\u_core.u_th1.mem$rdreg[0]$d [19] $\u_core.u_th1.mem$rdreg[0]$d [19] $\u_core.u_th1.mem$rdreg[0]$d [19] $\u_core.u_th1.mem$rdreg[0]$d [19] $\u_core.u_th1.mem$rdreg[0]$d [19] $\u_core.u_th1.mem$rdreg[0]$d [4] $\u_core.u_th1.mem$rdreg[0]$d [4] $\u_core.u_th1.mem$rdreg[0]$d [4] $\u_core.u_th1.mem$rdreg[0]$d [4] $\u_core.u_th1.mem$rdreg[0]$d [4] $\u_core.u_th1.mem$rdreg[0]$d [4] $\u_core.u_th1.mem$rdreg[0]$d [4] $\u_core.u_th1.mem$rdreg[0]$d [4] $\u_core.u_th1.mem$rdreg[0]$d [4] $\u_core.u_th1.mem$rdreg[0]$d [4] $\u_core.u_th1.mem$rdreg[0]$d [4] }
  Optimizing cells in module \spark_chip.
Performed a total of 65 changes.

10.20.5. Executing OPT_MERGE pass (detect identical cells).
Finding identical cells in module `\spark_chip'.
<suppressed ~42 debug messages>
Removed a total of 14 cells.

10.20.6. Executing OPT_SHARE pass.
    Found cells that share an operand and can be merged by moving the $pmux $flatten\u_core.$procmux$6769 in front of them:
        $flatten\u_core.$procmux$5546
        $flatten\u_core.$procmux$6144

    Found cells that share an operand and can be merged by moving the $pmux $flatten\u_core.$procmux$6774 in front of them:
        $flatten\u_core.$procmux$5552
        $flatten\u_core.$procmux$6154

    Found cells that share an operand and can be merged by moving the $pmux $flatten\u_core.$procmux$6779 in front of them:
        $flatten\u_core.$procmux$5558
        $flatten\u_core.$procmux$6164

    Found cells that share an operand and can be merged by moving the $pmux $flatten\u_core.$procmux$6784 in front of them:
        $flatten\u_core.$procmux$5564
        $flatten\u_core.$procmux$6174

    Found cells that share an operand and can be merged by moving the $pmux $flatten\u_core.$procmux$7012 in front of them:
        $flatten\u_core.\u_w2.\u.$shiftx$../spark_mem_sky130.v:0$2270
        $flatten\u_core.\u_w3.\u.$shiftx$../spark_mem_sky130.v:0$2270

10.20.7. Executing OPT_DFF pass (perform DFF optimizations).
Adding SRST signal on $\u_core.nzc$rdreg[0] ($dff) from module spark_chip (D = $auto$rtlil.cc:2498:Mux$11430, Q = $\u_core.nzc$rdreg[0]$q, rval = 2'00).
Adding SRST signal on $\u_core.u_th0.mem$rdreg[0] ($dff) from module spark_chip (D = $memory\u_core.u_th0.mem$rdmux[0][1][0]$b$14720 [4], Q = \u_core.u_th0.rd [5], rval = 1'0).
Adding SRST signal on $\u_core.u_th0.mem$rdreg[0] ($dff) from module spark_chip (D = $memory\u_core.u_th0.mem$rdmux[0][0][0]$b$14717 [56], Q = \u_core.u_th0.rd [68], rval = 1'0).
Adding SRST signal on $\u_core.u_th0.mem$rdreg[0] ($dff) from module spark_chip (D = $memory\u_core.u_th0.mem$rdmux[0][0][0]$a$14716 [40], Q = \u_core.u_th0.rd [52], rval = 1'0).

10.20.8. Executing OPT_CLEAN pass (remove unused cells and wires).
Finding unused cells or wires in module \spark_chip..
Removed 7 unused cells and 670 unused wires.
<suppressed ~17 debug messages>

10.20.9. Executing OPT_EXPR pass (perform const folding).
Optimizing module spark_chip.
<suppressed ~18 debug messages>

10.20.10. Rerunning OPT passes. (Maybe there is more to do..)

10.20.11. Executing OPT_MUXTREE pass (detect dead branches in mux trees).
Running muxtree optimizer on module \spark_chip..
  Creating internal representation of mux trees.
  Evaluating internal representation of mux trees.
  Analyzing evaluation results.
Removed 0 multiplexer ports.
<suppressed ~384 debug messages>

10.20.12. Executing OPT_REDUCE pass (consolidate $*mux and $reduce_* inputs).
  Optimizing cells in module \spark_chip.
    New ctrl vector for $pmux cell $flatten\u_core.$procmux$6769: { $flatten\u_core.$procmux$4283_CMP $auto$opt_reduce.cc:134:opt_pmux$14832 }
    New ctrl vector for $pmux cell $flatten\u_core.$procmux$6774: { $flatten\u_core.$procmux$4283_CMP $auto$opt_reduce.cc:134:opt_pmux$14834 }
    New ctrl vector for $pmux cell $flatten\u_core.$procmux$6779: { $flatten\u_core.$procmux$4283_CMP $auto$opt_reduce.cc:134:opt_pmux$14836 }
    New ctrl vector for $pmux cell $flatten\u_core.$procmux$6784: { $flatten\u_core.$procmux$4283_CMP $auto$opt_reduce.cc:134:opt_pmux$14838 }
    New ctrl vector for $pmux cell $flatten\u_core.$procmux$7012: { $flatten\u_core.$eq$../../rtl/spark_core.v:109$1369_Y $flatten\u_core.$procmux$4559_CMP }
    Consolidated identical input bits for $mux cell $memory\u_core.u_th0.mem$rdmux[0][2][0]$14724:
      Old ports: A={ $memory\u_core.u_th0.mem$rdmux[0][2][0]$a$14725 [80:79] $memory\u_core.u_th0.mem$rdmux[0][2][0]$a$14725 [80:79] 1'0 $memory\u_core.u_th0.mem$rdmux[0][2][0]$a$14725 [80] 2'11 $memory\u_core.u_th0.mem$rdmux[0][2][0]$a$14725 [79] $memory\u_core.u_th0.mem$rdmux[0][2][0]$a$14725 [79] $memory\u_core.u_th0.mem$rdmux[0][2][0]$a$14725 [80] 3'010 }, B={ 2'01 $memory\u_core.u_th0.mem$rdmux[0][2][0]$a$14725 [80:79] $memory\u_core.u_th0.mem$rdmux[0][2][0]$a$14725 [79] $memory\u_core.u_th0.mem$rdmux[0][2][0]$a$14725 [79] $memory\u_core.u_th0.mem$rdmux[0][2][0]$a$14725 [79] $memory\u_core.u_th0.mem$rdmux[0][2][0]$a$14725 [80] $memory\u_core.u_th0.mem$rdmux[0][2][0]$a$14725 [80] 4'0110 $memory\u_core.u_th0.mem$rdmux[0][2][0]$a$14725 [80] }, Y={ $memory\u_core.u_th0.mem$rdmux[0][1][0]$a$14719 [61] $memory\u_core.u_th0.mem$rdmux[0][1][0]$a$14719 [64] $memory\u_core.u_th0.mem$rdmux[0][1][0]$a$14719 [57] $memory\u_core.u_th0.mem$rdmux[0][1][0]$a$14719 [53] $memory\u_core.u_th0.mem$rdmux[0][1][0]$a$14719 [78] $memory\u_core.u_th0.mem$rdmux[0][1][0]$a$14719 [23] $memory\u_core.u_th0.mem$rdmux[0][1][0]$a$14719 [55] $memory\u_core.u_th0.mem$rdmux[0][1][0]$a$14719 [17] $memory\u_core.u_th0.mem$rdmux[0][1][0]$a$14719 [79] $memory\u_core.u_th0.mem$rdmux[0][1][0]$a$14719 [58] $memory\u_core.u_th0.mem$rdmux[0][1][0]$a$14719 [80] $memory\u_core.u_th0.mem$rdmux[0][1][0]$a$14719 [63] $memory\u_core.u_th0.mem$rdmux[0][1][0]$a$14719 [81] $memory\u_core.u_th0.mem$rdmux[0][1][0]$a$14719 [54] }
      New ports: A={ $memory\u_core.u_th0.mem$rdmux[0][2][0]$a$14725 [80:79] 1'0 $memory\u_core.u_th0.mem$rdmux[0][2][0]$a$14725 [80] 2'11 $memory\u_core.u_th0.mem$rdmux[0][2][0]$a$14725 [79] $memory\u_core.u_th0.mem$rdmux[0][2][0]$a$14725 [79] $memory\u_core.u_th0.mem$rdmux[0][2][0]$a$14725 [80] 3'010 }, B={ 2'01 $memory\u_core.u_th0.mem$rdmux[0][2][0]$a$14725 [79] $memory\u_core.u_th0.mem$rdmux[0][2][0]$a$14725 [79] $memory\u_core.u_th0.mem$rdmux[0][2][0]$a$14725 [79] $memory\u_core.u_th0.mem$rdmux[0][2][0]$a$14725 [80] $memory\u_core.u_th0.mem$rdmux[0][2][0]$a$14725 [80] 4'0110 $memory\u_core.u_th0.mem$rdmux[0][2][0]$a$14725 [80] }, Y={ $memory\u_core.u_th0.mem$rdmux[0][1][0]$a$14719 [61] $memory\u_core.u_th0.mem$rdmux[0][1][0]$a$14719 [64] $memory\u_core.u_th0.mem$rdmux[0][1][0]$a$14719 [78] $memory\u_core.u_th0.mem$rdmux[0][1][0]$a$14719 [23] $memory\u_core.u_th0.mem$rdmux[0][1][0]$a$14719 [55] $memory\u_core.u_th0.mem$rdmux[0][1][0]$a$14719 [17] $memory\u_core.u_th0.mem$rdmux[0][1][0]$a$14719 [79] $memory\u_core.u_th0.mem$rdmux[0][1][0]$a$14719 [58] $memory\u_core.u_th0.mem$rdmux[0][1][0]$a$14719 [80] $memory\u_core.u_th0.mem$rdmux[0][1][0]$a$14719 [63] $memory\u_core.u_th0.mem$rdmux[0][1][0]$a$14719 [81] $memory\u_core.u_th0.mem$rdmux[0][1][0]$a$14719 [54] }
      New connections: { $memory\u_core.u_th0.mem$rdmux[0][1][0]$a$14719 [57] $memory\u_core.u_th0.mem$rdmux[0][1][0]$a$14719 [53] } = $memory\u_core.u_th0.mem$rdmux[0][2][0]$a$14725 [80:79]
    Consolidated identical input bits for $mux cell $memory\u_core.u_th0.mem$rdmux[0][2][1]$14727:
      Old ports: A={ 1'0 $memory\u_core.u_th0.mem$rdmux[0][2][0]$a$14725 [79] 1'1 $memory\u_core.u_th0.mem$rdmux[0][2][0]$a$14725 [79] $memory\u_core.u_th0.mem$rdmux[0][2][0]$a$14725 [79] 1'0 $memory\u_core.u_th0.mem$rdmux[0][2][0]$a$14725 [79] $memory\u_core.u_th0.mem$rdmux[0][2][0]$a$14725 [80] $memory\u_core.u_th0.mem$rdmux[0][2][0]$a$14725 [80] 1'0 $memory\u_core.u_th0.mem$rdmux[0][2][0]$a$14725 [80] 1'1 $memory\u_core.u_th0.mem$rdmux[0][2][0]$a$14725 [80] }, B={ 3'100 $memory\u_core.u_th0.mem$rdmux[0][2][0]$a$14725 [79] 1'1 $memory\u_core.u_th0.mem$rdmux[0][2][0]$a$14725 [79] $memory\u_core.u_th0.mem$rdmux[0][2][0]$a$14725 [80:79] $memory\u_core.u_th0.mem$rdmux[0][2][0]$a$14725 [80] $memory\u_core.u_th0.mem$rdmux[0][2][0]$a$14725 [80] 1'0 $memory\u_core.u_th0.mem$rdmux[0][2][0]$a$14725 [80] 1'1 }, Y={ $memory\u_core.u_th0.mem$rdmux[0][1][0]$b$14720 [79] $memory\u_core.u_th0.mem$rdmux[0][1][0]$b$14720 [80] $memory\u_core.u_th0.mem$rdmux[0][1][0]$b$14720 [57] $memory\u_core.u_th0.mem$rdmux[0][1][0]$b$14720 [53] $memory\u_core.u_th0.mem$rdmux[0][1][0]$b$14720 [64] $memory\u_core.u_th0.mem$rdmux[0][1][0]$b$14720 [77] $memory\u_core.u_th0.mem$rdmux[0][1][0]$b$14720 [23] $memory\u_core.u_th0.mem$rdmux[0][1][0]$b$14720 [18] $memory\u_core.u_th0.mem$rdmux[0][1][0]$b$14720 [58] $memory\u_core.u_th0.mem$rdmux[0][1][0]$b$14720 [17] $memory\u_core.u_th0.mem$rdmux[0][1][0]$b$14720 [65] $memory\u_core.u_th0.mem$rdmux[0][1][0]$b$14720 [78] $memory\u_core.u_th0.mem$rdmux[0][1][0]$b$14720 [81] }
      New ports: A={ 1'0 $memory\u_core.u_th0.mem$rdmux[0][2][0]$a$14725 [79] 1'1 $memory\u_core.u_th0.mem$rdmux[0][2][0]$a$14725 [79] 1'0 $memory\u_core.u_th0.mem$rdmux[0][2][0]$a$14725 [79] $memory\u_core.u_th0.mem$rdmux[0][2][0]$a$14725 [80] 1'0 $memory\u_core.u_th0.mem$rdmux[0][2][0]$a$14725 [80] 1'1 $memory\u_core.u_th0.mem$rdmux[0][2][0]$a$14725 [80] }, B={ 4'1001 $memory\u_core.u_th0.mem$rdmux[0][2][0]$a$14725 [79] $memory\u_core.u_th0.mem$rdmux[0][2][0]$a$14725 [80:79] $memory\u_core.u_th0.mem$rdmux[0][2][0]$a$14725 [80] 1'0 $memory\u_core.u_th0.mem$rdmux[0][2][0]$a$14725 [80] 1'1 }, Y={ $memory\u_core.u_th0.mem$rdmux[0][1][0]$b$14720 [79] $memory\u_core.u_th0.mem$rdmux[0][1][0]$b$14720 [80] $memory\u_core.u_th0.mem$rdmux[0][1][0]$b$14720 [57] $memory\u_core.u_th0.mem$rdmux[0][1][0]$b$14720 [64] $memory\u_core.u_th0.mem$rdmux[0][1][0]$b$14720 [77] $memory\u_core.u_th0.mem$rdmux[0][1][0]$b$14720 [23] $memory\u_core.u_th0.mem$rdmux[0][1][0]$b$14720 [18:17] $memory\u_core.u_th0.mem$rdmux[0][1][0]$b$14720 [65] $memory\u_core.u_th0.mem$rdmux[0][1][0]$b$14720 [78] $memory\u_core.u_th0.mem$rdmux[0][1][0]$b$14720 [81] }
      New connections: { $memory\u_core.u_th0.mem$rdmux[0][1][0]$b$14720 [53] $memory\u_core.u_th0.mem$rdmux[0][1][0]$b$14720 [58] } = { $memory\u_core.u_th0.mem$rdmux[0][2][0]$a$14725 [79] $memory\u_core.u_th0.mem$rdmux[0][2][0]$a$14725 [80] }
    Consolidated identical input bits for $mux cell $memory\u_core.u_th0.mem$rdmux[0][2][2]$14730:
      Old ports: A={ 1'1 $memory\u_core.u_th0.mem$rdmux[0][2][2]$a$14731 [79] $memory\u_core.u_th0.mem$rdmux[0][2][2]$a$14731 [80] 1'0 $memory\u_core.u_th0.mem$rdmux[0][2][2]$a$14731 [80:79] 3'100 $memory\u_core.u_th0.mem$rdmux[0][2][2]$a$14731 [80:79] $memory\u_core.u_th0.mem$rdmux[0][2][2]$a$14731 [80] 1'1 }, B={ $memory\u_core.u_th0.mem$rdmux[0][2][2]$a$14731 [79] $memory\u_core.u_th0.mem$rdmux[0][2][2]$a$14731 [80:79] $memory\u_core.u_th0.mem$rdmux[0][2][2]$a$14731 [80] $memory\u_core.u_th0.mem$rdmux[0][2][2]$a$14731 [80:79] 2'01 $memory\u_core.u_th0.mem$rdmux[0][2][2]$a$14731 [79] 3'100 $memory\u_core.u_th0.mem$rdmux[0][2][2]$a$14731 [80] }, Y={ $memory\u_core.u_th0.mem$rdmux[0][1][1]$a$14722 [65] $memory\u_core.u_th0.mem$rdmux[0][1][1]$a$14722 [79] $memory\u_core.u_th0.mem$rdmux[0][1][1]$a$14722 [62] $memory\u_core.u_th0.mem$rdmux[0][1][1]$a$14722 [64] $memory\u_core.u_th0.mem$rdmux[0][1][1]$a$14722 [80] $memory\u_core.u_th0.mem$rdmux[0][1][1]$a$14722 [38:37] $memory\u_core.u_th0.mem$rdmux[0][1][1]$a$14722 [78] $memory\u_core.u_th0.mem$rdmux[0][1][1]$a$14722 [82] $memory\u_core.u_th0.mem$rdmux[0][1][1]$a$14722 [3] $memory\u_core.u_th0.mem$rdmux[0][1][1]$a$14722 [57] $memory\u_core.u_th0.mem$rdmux[0][1][1]$a$14722 [1] $memory\u_core.u_th0.mem$rdmux[0][1][1]$a$14722 [81] }
      New ports: A={ 1'1 $memory\u_core.u_th0.mem$rdmux[0][2][2]$a$14731 [79] $memory\u_core.u_th0.mem$rdmux[0][2][2]$a$14731 [80] 4'0100 $memory\u_core.u_th0.mem$rdmux[0][2][2]$a$14731 [80:79] $memory\u_core.u_th0.mem$rdmux[0][2][2]$a$14731 [80] 1'1 }, B={ $memory\u_core.u_th0.mem$rdmux[0][2][2]$a$14731 [79] $memory\u_core.u_th0.mem$rdmux[0][2][2]$a$14731 [80:79] $memory\u_core.u_th0.mem$rdmux[0][2][2]$a$14731 [80] 2'01 $memory\u_core.u_th0.mem$rdmux[0][2][2]$a$14731 [79] 3'100 $memory\u_core.u_th0.mem$rdmux[0][2][2]$a$14731 [80] }, Y={ $memory\u_core.u_th0.mem$rdmux[0][1][1]$a$14722 [65] $memory\u_core.u_th0.mem$rdmux[0][1][1]$a$14722 [79] $memory\u_core.u_th0.mem$rdmux[0][1][1]$a$14722 [62] $memory\u_core.u_th0.mem$rdmux[0][1][1]$a$14722 [64] $memory\u_core.u_th0.mem$rdmux[0][1][1]$a$14722 [37] $memory\u_core.u_th0.mem$rdmux[0][1][1]$a$14722 [78] $memory\u_core.u_th0.mem$rdmux[0][1][1]$a$14722 [82] $memory\u_core.u_th0.mem$rdmux[0][1][1]$a$14722 [3] $memory\u_core.u_th0.mem$rdmux[0][1][1]$a$14722 [57] $memory\u_core.u_th0.mem$rdmux[0][1][1]$a$14722 [1] $memory\u_core.u_th0.mem$rdmux[0][1][1]$a$14722 [81] }
      New connections: { $memory\u_core.u_th0.mem$rdmux[0][1][1]$a$14722 [80] $memory\u_core.u_th0.mem$rdmux[0][1][1]$a$14722 [38] } = $memory\u_core.u_th0.mem$rdmux[0][2][2]$a$14731 [80:79]
    Consolidated identical input bits for $mux cell $memory\u_core.u_th1.mem$rdmux[0][2][1]$14772:
      Old ports: A={ 1'0 $memory\u_core.u_th0.mem$rdmux[0][2][0]$a$14725 [80] 2'01 $memory\u_core.u_th0.mem$rdmux[0][2][0]$a$14725 [79] 1'0 $memory\u_core.u_th0.mem$rdmux[0][2][0]$a$14725 [80] 1'1 $memory\u_core.u_th0.mem$rdmux[0][2][0]$a$14725 [79] $memory\u_core.u_th0.mem$rdmux[0][2][0]$a$14725 [80] }, B={ 2'10 $memory\u_core.u_th0.mem$rdmux[0][2][0]$a$14725 [79] $memory\u_core.u_th0.mem$rdmux[0][2][0]$a$14725 [79] $memory\u_core.u_th0.mem$rdmux[0][2][0]$a$14725 [79] $memory\u_core.u_th0.mem$rdmux[0][2][0]$a$14725 [80:79] $memory\u_core.u_th0.mem$rdmux[0][2][0]$a$14725 [80] 2'01 }, Y={ $memory\u_core.u_th1.mem$rdmux[0][1][0]$b$14765 [112:111] $memory\u_core.u_th1.mem$rdmux[0][1][0]$b$14765 [63] $memory\u_core.u_th1.mem$rdmux[0][1][0]$b$14765 [95] $memory\u_core.u_th1.mem$rdmux[0][1][0]$b$14765 [65] $memory\u_core.u_th1.mem$rdmux[0][1][0]$b$14765 [114] $memory\u_core.u_th1.mem$rdmux[0][1][0]$b$14765 [97] $memory\u_core.u_th1.mem$rdmux[0][1][0]$b$14765 [80] $memory\u_core.u_th1.mem$rdmux[0][1][0]$b$14765 [18] $memory\u_core.u_th1.mem$rdmux[0][1][0]$b$14765 [64] }
      New ports: A={ 1'0 $memory\u_core.u_th0.mem$rdmux[0][2][0]$a$14725 [80] 3'010 $memory\u_core.u_th0.mem$rdmux[0][2][0]$a$14725 [80] 1'1 $memory\u_core.u_th0.mem$rdmux[0][2][0]$a$14725 [79] $memory\u_core.u_th0.mem$rdmux[0][2][0]$a$14725 [80] }, B={ 2'10 $memory\u_core.u_th0.mem$rdmux[0][2][0]$a$14725 [79] $memory\u_core.u_th0.mem$rdmux[0][2][0]$a$14725 [79] $memory\u_core.u_th0.mem$rdmux[0][2][0]$a$14725 [80:79] $memory\u_core.u_th0.mem$rdmux[0][2][0]$a$14725 [80] 2'01 }, Y={ $memory\u_core.u_th1.mem$rdmux[0][1][0]$b$14765 [112:111] $memory\u_core.u_th1.mem$rdmux[0][1][0]$b$14765 [63] $memory\u_core.u_th1.mem$rdmux[0][1][0]$b$14765 [95] $memory\u_core.u_th1.mem$rdmux[0][1][0]$b$14765 [114] $memory\u_core.u_th1.mem$rdmux[0][1][0]$b$14765 [97] $memory\u_core.u_th1.mem$rdmux[0][1][0]$b$14765 [80] $memory\u_core.u_th1.mem$rdmux[0][1][0]$b$14765 [18] $memory\u_core.u_th1.mem$rdmux[0][1][0]$b$14765 [64] }
      New connections: $memory\u_core.u_th1.mem$rdmux[0][1][0]$b$14765 [65] = $memory\u_core.u_th0.mem$rdmux[0][2][0]$a$14725 [79]
    Consolidated identical input bits for $mux cell $memory\u_core.u_th1.mem$rdmux[0][2][2]$14775:
      Old ports: A={ $memory\u_core.u_th0.mem$rdmux[0][2][2]$a$14731 [79] $memory\u_core.u_th0.mem$rdmux[0][2][2]$a$14731 [80:79] 1'1 $memory\u_core.u_th0.mem$rdmux[0][2][2]$a$14731 [80] $memory\u_core.u_th0.mem$rdmux[0][2][2]$a$14731 [80:79] 3'001 $memory\u_core.u_th0.mem$rdmux[0][2][2]$a$14731 [79] $memory\u_core.u_th0.mem$rdmux[0][2][2]$a$14731 [80] 1'0 }, B={ $memory\u_core.u_th0.mem$rdmux[0][2][2]$a$14731 [79] $memory\u_core.u_th0.mem$rdmux[0][2][2]$a$14731 [80] $memory\u_core.u_th0.mem$rdmux[0][2][2]$a$14731 [80] 4'0011 $memory\u_core.u_th0.mem$rdmux[0][2][2]$a$14731 [79] 1'1 $memory\u_core.u_th0.mem$rdmux[0][2][2]$a$14731 [80] 1'0 $memory\u_core.u_th0.mem$rdmux[0][2][2]$a$14731 [79] $memory\u_core.u_th0.mem$rdmux[0][2][2]$a$14731 [80] }, Y={ $memory\u_core.u_th1.mem$rdmux[0][1][1]$a$14767 [111] $memory\u_core.u_th1.mem$rdmux[0][1][1]$a$14767 [96] $memory\u_core.u_th1.mem$rdmux[0][1][1]$a$14767 [80] $memory\u_core.u_th1.mem$rdmux[0][1][1]$a$14767 [64] $memory\u_core.u_th1.mem$rdmux[0][1][1]$a$14767 [66] $memory\u_core.u_th1.mem$rdmux[0][1][1]$a$14767 [79] $memory\u_core.u_th1.mem$rdmux[0][1][1]$a$14767 [48] $memory\u_core.u_th1.mem$rdmux[0][1][1]$a$14767 [95] $memory\u_core.u_th1.mem$rdmux[0][1][1]$a$14767 [17] $memory\u_core.u_th1.mem$rdmux[0][1][1]$a$14767 [112] $memory\u_core.u_th1.mem$rdmux[0][1][1]$a$14767 [114] $memory\u_core.u_th1.mem$rdmux[0][1][1]$a$14767 [97] $memory\u_core.u_th1.mem$rdmux[0][1][1]$a$14767 [0] }
      New ports: A={ $memory\u_core.u_th0.mem$rdmux[0][2][2]$a$14731 [79] 1'1 $memory\u_core.u_th0.mem$rdmux[0][2][2]$a$14731 [80] $memory\u_core.u_th0.mem$rdmux[0][2][2]$a$14731 [80:79] 3'001 $memory\u_core.u_th0.mem$rdmux[0][2][2]$a$14731 [79] $memory\u_core.u_th0.mem$rdmux[0][2][2]$a$14731 [80] 1'0 }, B={ $memory\u_core.u_th0.mem$rdmux[0][2][2]$a$14731 [80] 4'0011 $memory\u_core.u_th0.mem$rdmux[0][2][2]$a$14731 [79] 1'1 $memory\u_core.u_th0.mem$rdmux[0][2][2]$a$14731 [80] 1'0 $memory\u_core.u_th0.mem$rdmux[0][2][2]$a$14731 [79] $memory\u_core.u_th0.mem$rdmux[0][2][2]$a$14731 [80] }, Y={ $memory\u_core.u_th1.mem$rdmux[0][1][1]$a$14767 [80] $memory\u_core.u_th1.mem$rdmux[0][1][1]$a$14767 [64] $memory\u_core.u_th1.mem$rdmux[0][1][1]$a$14767 [66] $memory\u_core.u_th1.mem$rdmux[0][1][1]$a$14767 [79] $memory\u_core.u_th1.mem$rdmux[0][1][1]$a$14767 [48] $memory\u_core.u_th1.mem$rdmux[0][1][1]$a$14767 [95] $memory\u_core.u_th1.mem$rdmux[0][1][1]$a$14767 [17] $memory\u_core.u_th1.mem$rdmux[0][1][1]$a$14767 [112] $memory\u_core.u_th1.mem$rdmux[0][1][1]$a$14767 [114] $memory\u_core.u_th1.mem$rdmux[0][1][1]$a$14767 [97] $memory\u_core.u_th1.mem$rdmux[0][1][1]$a$14767 [0] }
      New connections: { $memory\u_core.u_th1.mem$rdmux[0][1][1]$a$14767 [111] $memory\u_core.u_th1.mem$rdmux[0][1][1]$a$14767 [96] } = { $memory\u_core.u_th0.mem$rdmux[0][2][2]$a$14731 [79] $memory\u_core.u_th0.mem$rdmux[0][2][2]$a$14731 [80] }
  Optimizing cells in module \spark_chip.
    Consolidated identical input bits for $mux cell $memory\u_core.u_th0.mem$rdmux[0][1][0]$14718:
      Old ports: A={ $memory\u_core.u_th0.mem$rdmux[0][1][0]$a$14719 [81:78] $memory\u_core.u_th0.mem$rdmux[0][1][0]$a$14719 [64:63] $memory\u_core.u_th0.mem$rdmux[0][1][0]$a$14719 [63] $memory\u_core.u_th0.mem$rdmux[0][1][0]$a$14719 [61] $memory\u_core.u_th0.mem$rdmux[0][1][0]$a$14719 [63] $memory\u_core.u_th0.mem$rdmux[0][1][0]$a$14719 [64] $memory\u_core.u_th0.mem$rdmux[0][1][0]$a$14719 [58:57] $memory\u_core.u_th0.mem$rdmux[0][1][0]$a$14719 [55:53] $memory\u_core.u_th0.mem$rdmux[0][1][0]$a$14719 [80] $memory\u_core.u_th0.mem$rdmux[0][1][0]$a$14719 [78] $memory\u_core.u_th0.mem$rdmux[0][1][0]$a$14719 [81] $memory\u_core.u_th0.mem$rdmux[0][1][0]$a$14719 [79] $memory\u_core.u_th0.mem$rdmux[0][1][0]$a$14719 [54] $memory\u_core.u_th0.mem$rdmux[0][1][0]$a$14719 [78] 1'0 $memory\u_core.u_th0.mem$rdmux[0][1][0]$a$14719 [23] $memory\u_core.u_th0.mem$rdmux[0][1][0]$a$14719 [79] $memory\u_core.u_th0.mem$rdmux[0][1][0]$a$14719 [81] 1'1 $memory\u_core.u_th0.mem$rdmux[0][1][0]$a$14719 [63] $memory\u_core.u_th0.mem$rdmux[0][1][0]$a$14719 [55] $memory\u_core.u_th0.mem$rdmux[0][1][0]$a$14719 [17] $memory\u_core.u_th0.mem$rdmux[0][1][0]$a$14719 [79] 2'00 $memory\u_core.u_th0.mem$rdmux[0][1][0]$a$14719 [58] $memory\u_core.u_th0.mem$rdmux[0][1][0]$a$14719 [80] $memory\u_core.u_th0.mem$rdmux[0][1][0]$a$14719 [63] $memory\u_core.u_th0.mem$rdmux[0][1][0]$a$14719 [81] $memory\u_core.u_th0.mem$rdmux[0][1][0]$a$14719 [54] }, B={ $memory\u_core.u_th0.mem$rdmux[0][1][0]$b$14720 [81:78] $memory\u_core.u_th0.mem$rdmux[0][1][0]$b$14720 [64] $memory\u_core.u_th0.mem$rdmux[0][1][0]$b$14720 [80] $memory\u_core.u_th0.mem$rdmux[0][1][0]$b$14720 [77] $memory\u_core.u_th0.mem$rdmux[0][1][0]$b$14720 [65] 2'10 $memory\u_core.u_th0.mem$rdmux[0][1][0]$b$14720 [58:57] $memory\u_core.u_th0.mem$rdmux[0][1][0]$b$14720 [78:77] $memory\u_core.u_th0.mem$rdmux[0][1][0]$b$14720 [53] $memory\u_core.u_th0.mem$rdmux[0][1][0]$b$14720 [78:77] $memory\u_core.u_th0.mem$rdmux[0][1][0]$b$14720 [53] $memory\u_core.u_th0.mem$rdmux[0][1][0]$b$14720 [81] 1'1 $memory\u_core.u_th0.mem$rdmux[0][1][0]$b$14720 [64] $memory\u_core.u_th0.mem$rdmux[0][1][0]$b$14720 [77] $memory\u_core.u_th0.mem$rdmux[0][1][0]$b$14720 [23] 1'1 $memory\u_core.u_th0.mem$rdmux[0][1][0]$b$14720 [65] $memory\u_core.u_th0.mem$rdmux[0][1][0]$b$14720 [81] $memory\u_core.u_th0.mem$rdmux[0][1][0]$b$14720 [23] $memory\u_core.u_th0.mem$rdmux[0][1][0]$b$14720 [18:17] $memory\u_core.u_th0.mem$rdmux[0][1][0]$b$14720 [78] $memory\u_core.u_th0.mem$rdmux[0][1][0]$b$14720 [58] $memory\u_core.u_th0.mem$rdmux[0][1][0]$b$14720 [17] $memory\u_core.u_th0.mem$rdmux[0][1][0]$b$14720 [17] 1'1 $memory\u_core.u_th0.mem$rdmux[0][1][0]$b$14720 [65] $memory\u_core.u_th0.mem$rdmux[0][1][0]$b$14720 [78] $memory\u_core.u_th0.mem$rdmux[0][1][0]$b$14720 [81] }, Y={ $memory\u_core.u_th0.mem$rdmux[0][0][0]$a$14716 [81:78] $memory\u_core.u_th0.mem$rdmux[0][0][0]$a$14716 [64:57] $memory\u_core.u_th0.mem$rdmux[0][0][0]$a$14716 [55:52] $memory\u_core.u_th0.mem$rdmux[0][0][0]$a$14716 [40:36] $memory\u_core.u_th0.mem$rdmux[0][0][0]$a$14716 [77] $memory\u_core.u_th0.mem$rdmux[0][0][0]$a$14716 [23:22] $memory\u_core.u_th0.mem$rdmux[0][0][0]$a$14716 [65] $memory\u_core.u_th0.mem$rdmux[0][0][0]$a$14716 [20:15] $memory\u_core.u_th0.mem$rdmux[0][0][0]$a$14716 [5:0] }
      New ports: A={ $memory\u_core.u_th0.mem$rdmux[0][1][0]$a$14719 [81:78] $memory\u_core.u_th0.mem$rdmux[0][1][0]$a$14719 [64:63] $memory\u_core.u_th0.mem$rdmux[0][1][0]$a$14719 [63] $memory\u_core.u_th0.mem$rdmux[0][1][0]$a$14719 [61] $memory\u_core.u_th0.mem$rdmux[0][1][0]$a$14719 [63] $memory\u_core.u_th0.mem$rdmux[0][1][0]$a$14719 [64] $memory\u_core.u_th0.mem$rdmux[0][1][0]$a$14719 [58] $memory\u_core.u_th0.mem$rdmux[0][2][0]$a$14725 [80] $memory\u_core.u_th0.mem$rdmux[0][1][0]$a$14719 [55:54] $memory\u_core.u_th0.mem$rdmux[0][1][0]$a$14719 [80] $memory\u_core.u_th0.mem$rdmux[0][1][0]$a$14719 [78] $memory\u_core.u_th0.mem$rdmux[0][1][0]$a$14719 [81] $memory\u_core.u_th0.mem$rdmux[0][1][0]$a$14719 [79] $memory\u_core.u_th0.mem$rdmux[0][1][0]$a$14719 [54] $memory\u_core.u_th0.mem$rdmux[0][1][0]$a$14719 [78] 1'0 $memory\u_core.u_th0.mem$rdmux[0][1][0]$a$14719 [23] $memory\u_core.u_th0.mem$rdmux[0][1][0]$a$14719 [79] $memory\u_core.u_th0.mem$rdmux[0][1][0]$a$14719 [81] 1'1 $memory\u_core.u_th0.mem$rdmux[0][1][0]$a$14719 [63] $memory\u_core.u_th0.mem$rdmux[0][1][0]$a$14719 [55] $memory\u_core.u_th0.mem$rdmux[0][1][0]$a$14719 [17] $memory\u_core.u_th0.mem$rdmux[0][1][0]$a$14719 [79] 2'00 $memory\u_core.u_th0.mem$rdmux[0][1][0]$a$14719 [58] $memory\u_core.u_th0.mem$rdmux[0][1][0]$a$14719 [80] $memory\u_core.u_th0.mem$rdmux[0][1][0]$a$14719 [63] $memory\u_core.u_th0.mem$rdmux[0][1][0]$a$14719 [81] $memory\u_core.u_th0.mem$rdmux[0][1][0]$a$14719 [54] }, B={ $memory\u_core.u_th0.mem$rdmux[0][1][0]$b$14720 [81:78] $memory\u_core.u_th0.mem$rdmux[0][1][0]$b$14720 [64] $memory\u_core.u_th0.mem$rdmux[0][1][0]$b$14720 [80] $memory\u_core.u_th0.mem$rdmux[0][1][0]$b$14720 [77] $memory\u_core.u_th0.mem$rdmux[0][1][0]$b$14720 [65] 2'10 $memory\u_core.u_th0.mem$rdmux[0][2][0]$a$14725 [80] $memory\u_core.u_th0.mem$rdmux[0][1][0]$b$14720 [57] $memory\u_core.u_th0.mem$rdmux[0][1][0]$b$14720 [78:77] $memory\u_core.u_th0.mem$rdmux[0][1][0]$b$14720 [78:77] $memory\u_core.u_th0.mem$rdmux[0][2][0]$a$14725 [79] $memory\u_core.u_th0.mem$rdmux[0][1][0]$b$14720 [81] 1'1 $memory\u_core.u_th0.mem$rdmux[0][1][0]$b$14720 [64] $memory\u_core.u_th0.mem$rdmux[0][1][0]$b$14720 [77] $memory\u_core.u_th0.mem$rdmux[0][1][0]$b$14720 [23] 1'1 $memory\u_core.u_th0.mem$rdmux[0][1][0]$b$14720 [65] $memory\u_core.u_th0.mem$rdmux[0][1][0]$b$14720 [81] $memory\u_core.u_th0.mem$rdmux[0][1][0]$b$14720 [23] $memory\u_core.u_th0.mem$rdmux[0][1][0]$b$14720 [18:17] $memory\u_core.u_th0.mem$rdmux[0][1][0]$b$14720 [78] $memory\u_core.u_th0.mem$rdmux[0][2][0]$a$14725 [80] $memory\u_core.u_th0.mem$rdmux[0][1][0]$b$14720 [17] $memory\u_core.u_th0.mem$rdmux[0][1][0]$b$14720 [17] 1'1 $memory\u_core.u_th0.mem$rdmux[0][1][0]$b$14720 [65] $memory\u_core.u_th0.mem$rdmux[0][1][0]$b$14720 [78] $memory\u_core.u_th0.mem$rdmux[0][1][0]$b$14720 [81] }, Y={ $memory\u_core.u_th0.mem$rdmux[0][0][0]$a$14716 [81:78] $memory\u_core.u_th0.mem$rdmux[0][0][0]$a$14716 [64:57] $memory\u_core.u_th0.mem$rdmux[0][0][0]$a$14716 [55:54] $memory\u_core.u_th0.mem$rdmux[0][0][0]$a$14716 [52] $memory\u_core.u_th0.mem$rdmux[0][0][0]$a$14716 [40:36] $memory\u_core.u_th0.mem$rdmux[0][0][0]$a$14716 [77] $memory\u_core.u_th0.mem$rdmux[0][0][0]$a$14716 [23:22] $memory\u_core.u_th0.mem$rdmux[0][0][0]$a$14716 [65] $memory\u_core.u_th0.mem$rdmux[0][0][0]$a$14716 [20:15] $memory\u_core.u_th0.mem$rdmux[0][0][0]$a$14716 [5:0] }
      New connections: $memory\u_core.u_th0.mem$rdmux[0][0][0]$a$14716 [53] = $memory\u_core.u_th0.mem$rdmux[0][2][0]$a$14725 [79]
  Optimizing cells in module \spark_chip.
Performed a total of 11 changes.

10.20.13. Executing OPT_MERGE pass (detect identical cells).
Finding identical cells in module `\spark_chip'.
<suppressed ~21 debug messages>
Removed a total of 7 cells.

10.20.14. Executing OPT_SHARE pass.

10.20.15. Executing OPT_DFF pass (perform DFF optimizations).
Adding EN signal on $memory\u_core.u_sn3.mem[9]$14528 ($dff) from module spark_chip (D = \u_core.u_sn0.wd, Q = \u_core.u_sn3.mem[9]).
Adding EN signal on $memory\u_core.u_sn3.mem[8]$14526 ($dff) from module spark_chip (D = \u_core.u_sn0.wd, Q = \u_core.u_sn3.mem[8]).
Adding EN signal on $memory\u_core.u_sn3.mem[7]$14524 ($dff) from module spark_chip (D = \u_core.u_sn0.wd, Q = \u_core.u_sn3.mem[7]).
Adding EN signal on $memory\u_core.u_sn3.mem[6]$14522 ($dff) from module spark_chip (D = \u_core.u_sn0.wd, Q = \u_core.u_sn3.mem[6]).
Adding EN signal on $memory\u_core.u_sn3.mem[5]$14520 ($dff) from module spark_chip (D = \u_core.u_sn0.wd, Q = \u_core.u_sn3.mem[5]).
Adding EN signal on $memory\u_core.u_sn3.mem[4]$14518 ($dff) from module spark_chip (D = \u_core.u_sn0.wd, Q = \u_core.u_sn3.mem[4]).
Adding EN signal on $memory\u_core.u_sn3.mem[3]$14516 ($dff) from module spark_chip (D = \u_core.u_sn0.wd, Q = \u_core.u_sn3.mem[3]).
Adding EN signal on $memory\u_core.u_sn3.mem[2]$14514 ($dff) from module spark_chip (D = \u_core.u_sn0.wd, Q = \u_core.u_sn3.mem[2]).
Adding EN signal on $memory\u_core.u_sn3.mem[1]$14512 ($dff) from module spark_chip (D = \u_core.u_sn0.wd, Q = \u_core.u_sn3.mem[1]).
Adding EN signal on $memory\u_core.u_sn3.mem[15]$14540 ($dff) from module spark_chip (D = \u_core.u_sn0.wd, Q = \u_core.u_sn3.mem[15]).
Adding EN signal on $memory\u_core.u_sn3.mem[14]$14538 ($dff) from module spark_chip (D = \u_core.u_sn0.wd, Q = \u_core.u_sn3.mem[14]).
Adding EN signal on $memory\u_core.u_sn3.mem[13]$14536 ($dff) from module spark_chip (D = \u_core.u_sn0.wd, Q = \u_core.u_sn3.mem[13]).
Adding EN signal on $memory\u_core.u_sn3.mem[12]$14534 ($dff) from module spark_chip (D = \u_core.u_sn0.wd, Q = \u_core.u_sn3.mem[12]).
Adding EN signal on $memory\u_core.u_sn3.mem[11]$14532 ($dff) from module spark_chip (D = \u_core.u_sn0.wd, Q = \u_core.u_sn3.mem[11]).
Adding EN signal on $memory\u_core.u_sn3.mem[10]$14530 ($dff) from module spark_chip (D = \u_core.u_sn0.wd, Q = \u_core.u_sn3.mem[10]).
Adding EN signal on $memory\u_core.u_sn3.mem[0]$14510 ($dff) from module spark_chip (D = \u_core.u_sn0.wd, Q = \u_core.u_sn3.mem[0]).
Adding EN signal on $memory\u_core.u_sn2.mem[9]$14323 ($dff) from module spark_chip (D = \u_core.u_sn0.wd, Q = \u_core.u_sn2.mem[9]).
Adding EN signal on $memory\u_core.u_sn2.mem[8]$14321 ($dff) from module spark_chip (D = \u_core.u_sn0.wd, Q = \u_core.u_sn2.mem[8]).
Adding EN signal on $memory\u_core.u_sn2.mem[7]$14319 ($dff) from module spark_chip (D = \u_core.u_sn0.wd, Q = \u_core.u_sn2.mem[7]).
Adding EN signal on $memory\u_core.u_sn2.mem[6]$14317 ($dff) from module spark_chip (D = \u_core.u_sn0.wd, Q = \u_core.u_sn2.mem[6]).
Adding EN signal on $memory\u_core.u_sn2.mem[5]$14315 ($dff) from module spark_chip (D = \u_core.u_sn0.wd, Q = \u_core.u_sn2.mem[5]).
Adding EN signal on $memory\u_core.u_sn2.mem[4]$14313 ($dff) from module spark_chip (D = \u_core.u_sn0.wd, Q = \u_core.u_sn2.mem[4]).
Adding EN signal on $memory\u_core.u_sn2.mem[3]$14311 ($dff) from module spark_chip (D = \u_core.u_sn0.wd, Q = \u_core.u_sn2.mem[3]).
Adding EN signal on $memory\u_core.u_sn2.mem[2]$14309 ($dff) from module spark_chip (D = \u_core.u_sn0.wd, Q = \u_core.u_sn2.mem[2]).
Adding EN signal on $memory\u_core.u_sn2.mem[1]$14307 ($dff) from module spark_chip (D = \u_core.u_sn0.wd, Q = \u_core.u_sn2.mem[1]).
Adding EN signal on $memory\u_core.u_sn2.mem[15]$14335 ($dff) from module spark_chip (D = \u_core.u_sn0.wd, Q = \u_core.u_sn2.mem[15]).
Adding EN signal on $memory\u_core.u_sn2.mem[14]$14333 ($dff) from module spark_chip (D = \u_core.u_sn0.wd, Q = \u_core.u_sn2.mem[14]).
Adding EN signal on $memory\u_core.u_sn2.mem[13]$14331 ($dff) from module spark_chip (D = \u_core.u_sn0.wd, Q = \u_core.u_sn2.mem[13]).
Adding EN signal on $memory\u_core.u_sn2.mem[12]$14329 ($dff) from module spark_chip (D = \u_core.u_sn0.wd, Q = \u_core.u_sn2.mem[12]).
Adding EN signal on $memory\u_core.u_sn2.mem[11]$14327 ($dff) from module spark_chip (D = \u_core.u_sn0.wd, Q = \u_core.u_sn2.mem[11]).
Adding EN signal on $memory\u_core.u_sn2.mem[10]$14325 ($dff) from module spark_chip (D = \u_core.u_sn0.wd, Q = \u_core.u_sn2.mem[10]).
Adding EN signal on $memory\u_core.u_sn2.mem[0]$14305 ($dff) from module spark_chip (D = \u_core.u_sn0.wd, Q = \u_core.u_sn2.mem[0]).
Adding EN signal on $memory\u_core.u_sn1.mem[9]$14118 ($dff) from module spark_chip (D = \u_core.u_sn0.wd, Q = \u_core.u_sn1.mem[9]).
Adding EN signal on $memory\u_core.u_sn1.mem[8]$14116 ($dff) from module spark_chip (D = \u_core.u_sn0.wd, Q = \u_core.u_sn1.mem[8]).
Adding EN signal on $memory\u_core.u_sn1.mem[7]$14114 ($dff) from module spark_chip (D = \u_core.u_sn0.wd, Q = \u_core.u_sn1.mem[7]).
Adding EN signal on $memory\u_core.u_sn1.mem[6]$14112 ($dff) from module spark_chip (D = \u_core.u_sn0.wd, Q = \u_core.u_sn1.mem[6]).
Adding EN signal on $memory\u_core.u_sn1.mem[5]$14110 ($dff) from module spark_chip (D = \u_core.u_sn0.wd, Q = \u_core.u_sn1.mem[5]).
Adding EN signal on $memory\u_core.u_sn1.mem[4]$14108 ($dff) from module spark_chip (D = \u_core.u_sn0.wd, Q = \u_core.u_sn1.mem[4]).
Adding EN signal on $memory\u_core.u_sn1.mem[3]$14106 ($dff) from module spark_chip (D = \u_core.u_sn0.wd, Q = \u_core.u_sn1.mem[3]).
Adding EN signal on $memory\u_core.u_sn1.mem[2]$14104 ($dff) from module spark_chip (D = \u_core.u_sn0.wd, Q = \u_core.u_sn1.mem[2]).
Adding EN signal on $memory\u_core.u_sn1.mem[1]$14102 ($dff) from module spark_chip (D = \u_core.u_sn0.wd, Q = \u_core.u_sn1.mem[1]).
Adding EN signal on $memory\u_core.u_sn1.mem[15]$14130 ($dff) from module spark_chip (D = \u_core.u_sn0.wd, Q = \u_core.u_sn1.mem[15]).
Adding EN signal on $memory\u_core.u_sn1.mem[14]$14128 ($dff) from module spark_chip (D = \u_core.u_sn0.wd, Q = \u_core.u_sn1.mem[14]).
Adding EN signal on $memory\u_core.u_sn1.mem[13]$14126 ($dff) from module spark_chip (D = \u_core.u_sn0.wd, Q = \u_core.u_sn1.mem[13]).
Adding EN signal on $memory\u_core.u_sn1.mem[12]$14124 ($dff) from module spark_chip (D = \u_core.u_sn0.wd, Q = \u_core.u_sn1.mem[12]).
Adding EN signal on $memory\u_core.u_sn1.mem[11]$14122 ($dff) from module spark_chip (D = \u_core.u_sn0.wd, Q = \u_core.u_sn1.mem[11]).
Adding EN signal on $memory\u_core.u_sn1.mem[10]$14120 ($dff) from module spark_chip (D = \u_core.u_sn0.wd, Q = \u_core.u_sn1.mem[10]).
Adding EN signal on $memory\u_core.u_sn1.mem[0]$14100 ($dff) from module spark_chip (D = \u_core.u_sn0.wd, Q = \u_core.u_sn1.mem[0]).
Adding EN signal on $memory\u_core.u_sn0.mem[9]$13787 ($dff) from module spark_chip (D = \u_core.u_sn0.wd, Q = \u_core.u_sn0.mem[9]).
Adding EN signal on $memory\u_core.u_sn0.mem[8]$13785 ($dff) from module spark_chip (D = \u_core.u_sn0.wd, Q = \u_core.u_sn0.mem[8]).
Adding EN signal on $memory\u_core.u_sn0.mem[7]$13783 ($dff) from module spark_chip (D = \u_core.u_sn0.wd, Q = \u_core.u_sn0.mem[7]).
Adding EN signal on $memory\u_core.u_sn0.mem[6]$13781 ($dff) from module spark_chip (D = \u_core.u_sn0.wd, Q = \u_core.u_sn0.mem[6]).
Adding EN signal on $memory\u_core.u_sn0.mem[5]$13779 ($dff) from module spark_chip (D = \u_core.u_sn0.wd, Q = \u_core.u_sn0.mem[5]).
Adding EN signal on $memory\u_core.u_sn0.mem[4]$13777 ($dff) from module spark_chip (D = \u_core.u_sn0.wd, Q = \u_core.u_sn0.mem[4]).
Adding EN signal on $memory\u_core.u_sn0.mem[3]$13775 ($dff) from module spark_chip (D = \u_core.u_sn0.wd, Q = \u_core.u_sn0.mem[3]).
Adding EN signal on $memory\u_core.u_sn0.mem[2]$13773 ($dff) from module spark_chip (D = \u_core.u_sn0.wd, Q = \u_core.u_sn0.mem[2]).
Adding EN signal on $memory\u_core.u_sn0.mem[23]$13815 ($dff) from module spark_chip (D = \u_core.u_sn0.wd, Q = \u_core.u_sn0.mem[23]).
Adding EN signal on $memory\u_core.u_sn0.mem[22]$13813 ($dff) from module spark_chip (D = \u_core.u_sn0.wd, Q = \u_core.u_sn0.mem[22]).
Adding EN signal on $memory\u_core.u_sn0.mem[21]$13811 ($dff) from module spark_chip (D = \u_core.u_sn0.wd, Q = \u_core.u_sn0.mem[21]).
Adding EN signal on $memory\u_core.u_sn0.mem[20]$13809 ($dff) from module spark_chip (D = \u_core.u_sn0.wd, Q = \u_core.u_sn0.mem[20]).
Adding EN signal on $memory\u_core.u_sn0.mem[1]$13771 ($dff) from module spark_chip (D = \u_core.u_sn0.wd, Q = \u_core.u_sn0.mem[1]).
Adding EN signal on $memory\u_core.u_sn0.mem[19]$13807 ($dff) from module spark_chip (D = \u_core.u_sn0.wd, Q = \u_core.u_sn0.mem[19]).
Adding EN signal on $memory\u_core.u_sn0.mem[18]$13805 ($dff) from module spark_chip (D = \u_core.u_sn0.wd, Q = \u_core.u_sn0.mem[18]).
Adding EN signal on $memory\u_core.u_sn0.mem[17]$13803 ($dff) from module spark_chip (D = \u_core.u_sn0.wd, Q = \u_core.u_sn0.mem[17]).
Adding EN signal on $memory\u_core.u_sn0.mem[16]$13801 ($dff) from module spark_chip (D = \u_core.u_sn0.wd, Q = \u_core.u_sn0.mem[16]).
Adding EN signal on $memory\u_core.u_sn0.mem[15]$13799 ($dff) from module spark_chip (D = \u_core.u_sn0.wd, Q = \u_core.u_sn0.mem[15]).
Adding EN signal on $memory\u_core.u_sn0.mem[14]$13797 ($dff) from module spark_chip (D = \u_core.u_sn0.wd, Q = \u_core.u_sn0.mem[14]).
Adding EN signal on $memory\u_core.u_sn0.mem[13]$13795 ($dff) from module spark_chip (D = \u_core.u_sn0.wd, Q = \u_core.u_sn0.mem[13]).
Adding EN signal on $memory\u_core.u_sn0.mem[12]$13793 ($dff) from module spark_chip (D = \u_core.u_sn0.wd, Q = \u_core.u_sn0.mem[12]).
Adding EN signal on $memory\u_core.u_sn0.mem[11]$13791 ($dff) from module spark_chip (D = \u_core.u_sn0.wd, Q = \u_core.u_sn0.mem[11]).
Adding EN signal on $memory\u_core.u_sn0.mem[10]$13789 ($dff) from module spark_chip (D = \u_core.u_sn0.wd, Q = \u_core.u_sn0.mem[10]).
Adding EN signal on $memory\u_core.u_sn0.mem[0]$13769 ($dff) from module spark_chip (D = \u_core.u_sn0.wd, Q = \u_core.u_sn0.mem[0]).
Adding EN signal on $memory\u_core.u_s1.mem[9]$13646 ($dff) from module spark_chip (D = \u_core.u_s0.wd, Q = \u_core.u_s1.mem[9]).
Adding EN signal on $memory\u_core.u_s1.mem[8]$13644 ($dff) from module spark_chip (D = \u_core.u_s0.wd, Q = \u_core.u_s1.mem[8]).
Adding EN signal on $memory\u_core.u_s1.mem[7]$13642 ($dff) from module spark_chip (D = \u_core.u_s0.wd, Q = \u_core.u_s1.mem[7]).
Adding EN signal on $memory\u_core.u_s1.mem[6]$13640 ($dff) from module spark_chip (D = \u_core.u_s0.wd, Q = \u_core.u_s1.mem[6]).
Adding EN signal on $memory\u_core.u_s1.mem[5]$13638 ($dff) from module spark_chip (D = \u_core.u_s0.wd, Q = \u_core.u_s1.mem[5]).
Adding EN signal on $memory\u_core.u_s1.mem[4]$13636 ($dff) from module spark_chip (D = \u_core.u_s0.wd, Q = \u_core.u_s1.mem[4]).
Adding EN signal on $memory\u_core.u_s1.mem[3]$13634 ($dff) from module spark_chip (D = \u_core.u_s0.wd, Q = \u_core.u_s1.mem[3]).
Adding EN signal on $memory\u_core.u_s1.mem[2]$13632 ($dff) from module spark_chip (D = \u_core.u_s0.wd, Q = \u_core.u_s1.mem[2]).
Adding EN signal on $memory\u_core.u_s1.mem[1]$13630 ($dff) from module spark_chip (D = \u_core.u_s0.wd, Q = \u_core.u_s1.mem[1]).
Adding EN signal on $memory\u_core.u_s1.mem[15]$13658 ($dff) from module spark_chip (D = \u_core.u_s0.wd, Q = \u_core.u_s1.mem[15]).
Adding EN signal on $memory\u_core.u_s1.mem[14]$13656 ($dff) from module spark_chip (D = \u_core.u_s0.wd, Q = \u_core.u_s1.mem[14]).
Adding EN signal on $memory\u_core.u_s1.mem[13]$13654 ($dff) from module spark_chip (D = \u_core.u_s0.wd, Q = \u_core.u_s1.mem[13]).
Adding EN signal on $memory\u_core.u_s1.mem[12]$13652 ($dff) from module spark_chip (D = \u_core.u_s0.wd, Q = \u_core.u_s1.mem[12]).
Adding EN signal on $memory\u_core.u_s1.mem[11]$13650 ($dff) from module spark_chip (D = \u_core.u_s0.wd, Q = \u_core.u_s1.mem[11]).
Adding EN signal on $memory\u_core.u_s1.mem[10]$13648 ($dff) from module spark_chip (D = \u_core.u_s0.wd, Q = \u_core.u_s1.mem[10]).
Adding EN signal on $memory\u_core.u_s1.mem[0]$13628 ($dff) from module spark_chip (D = \u_core.u_s0.wd, Q = \u_core.u_s1.mem[0]).
Adding EN signal on $memory\u_core.u_s0.mem[9]$13505 ($dff) from module spark_chip (D = \u_core.u_s0.wd, Q = \u_core.u_s0.mem[9]).
Adding EN signal on $memory\u_core.u_s0.mem[8]$13503 ($dff) from module spark_chip (D = \u_core.u_s0.wd, Q = \u_core.u_s0.mem[8]).
Adding EN signal on $memory\u_core.u_s0.mem[7]$13501 ($dff) from module spark_chip (D = \u_core.u_s0.wd, Q = \u_core.u_s0.mem[7]).
Adding EN signal on $memory\u_core.u_s0.mem[6]$13499 ($dff) from module spark_chip (D = \u_core.u_s0.wd, Q = \u_core.u_s0.mem[6]).
Adding EN signal on $memory\u_core.u_s0.mem[5]$13497 ($dff) from module spark_chip (D = \u_core.u_s0.wd, Q = \u_core.u_s0.mem[5]).
Adding EN signal on $memory\u_core.u_s0.mem[4]$13495 ($dff) from module spark_chip (D = \u_core.u_s0.wd, Q = \u_core.u_s0.mem[4]).
Adding EN signal on $memory\u_core.u_s0.mem[3]$13493 ($dff) from module spark_chip (D = \u_core.u_s0.wd, Q = \u_core.u_s0.mem[3]).
Adding EN signal on $memory\u_core.u_s0.mem[2]$13491 ($dff) from module spark_chip (D = \u_core.u_s0.wd, Q = \u_core.u_s0.mem[2]).
Adding EN signal on $memory\u_core.u_s0.mem[1]$13489 ($dff) from module spark_chip (D = \u_core.u_s0.wd, Q = \u_core.u_s0.mem[1]).
Adding EN signal on $memory\u_core.u_s0.mem[15]$13517 ($dff) from module spark_chip (D = \u_core.u_s0.wd, Q = \u_core.u_s0.mem[15]).
Adding EN signal on $memory\u_core.u_s0.mem[14]$13515 ($dff) from module spark_chip (D = \u_core.u_s0.wd, Q = \u_core.u_s0.mem[14]).
Adding EN signal on $memory\u_core.u_s0.mem[13]$13513 ($dff) from module spark_chip (D = \u_core.u_s0.wd, Q = \u_core.u_s0.mem[13]).
Adding EN signal on $memory\u_core.u_s0.mem[12]$13511 ($dff) from module spark_chip (D = \u_core.u_s0.wd, Q = \u_core.u_s0.mem[12]).
Adding EN signal on $memory\u_core.u_s0.mem[11]$13509 ($dff) from module spark_chip (D = \u_core.u_s0.wd, Q = \u_core.u_s0.mem[11]).
Adding EN signal on $memory\u_core.u_s0.mem[10]$13507 ($dff) from module spark_chip (D = \u_core.u_s0.wd, Q = \u_core.u_s0.mem[10]).
Adding EN signal on $memory\u_core.u_s0.mem[0]$13487 ($dff) from module spark_chip (D = \u_core.u_s0.wd, Q = \u_core.u_s0.mem[0]).
Adding EN signal on $memory\u_core.u_h1.mem[9]$13300 ($dff) from module spark_chip (D = \u_core.u_h0.wd, Q = \u_core.u_h1.mem[9]).
Adding EN signal on $memory\u_core.u_h1.mem[8]$13298 ($dff) from module spark_chip (D = \u_core.u_h0.wd, Q = \u_core.u_h1.mem[8]).
Adding EN signal on $memory\u_core.u_h1.mem[7]$13296 ($dff) from module spark_chip (D = \u_core.u_h0.wd, Q = \u_core.u_h1.mem[7]).
Adding EN signal on $memory\u_core.u_h1.mem[6]$13294 ($dff) from module spark_chip (D = \u_core.u_h0.wd, Q = \u_core.u_h1.mem[6]).
Adding EN signal on $memory\u_core.u_h1.mem[5]$13292 ($dff) from module spark_chip (D = \u_core.u_h0.wd, Q = \u_core.u_h1.mem[5]).
Adding EN signal on $memory\u_core.u_h1.mem[4]$13290 ($dff) from module spark_chip (D = \u_core.u_h0.wd, Q = \u_core.u_h1.mem[4]).
Adding EN signal on $memory\u_core.u_h1.mem[3]$13288 ($dff) from module spark_chip (D = \u_core.u_h0.wd, Q = \u_core.u_h1.mem[3]).
Adding EN signal on $memory\u_core.u_h1.mem[2]$13286 ($dff) from module spark_chip (D = \u_core.u_h0.wd, Q = \u_core.u_h1.mem[2]).
Adding EN signal on $memory\u_core.u_h1.mem[1]$13284 ($dff) from module spark_chip (D = \u_core.u_h0.wd, Q = \u_core.u_h1.mem[1]).
Adding EN signal on $memory\u_core.u_h1.mem[15]$13312 ($dff) from module spark_chip (D = \u_core.u_h0.wd, Q = \u_core.u_h1.mem[15]).
Adding EN signal on $memory\u_core.u_h1.mem[14]$13310 ($dff) from module spark_chip (D = \u_core.u_h0.wd, Q = \u_core.u_h1.mem[14]).
Adding EN signal on $memory\u_core.u_h1.mem[13]$13308 ($dff) from module spark_chip (D = \u_core.u_h0.wd, Q = \u_core.u_h1.mem[13]).
Adding EN signal on $memory\u_core.u_h1.mem[12]$13306 ($dff) from module spark_chip (D = \u_core.u_h0.wd, Q = \u_core.u_h1.mem[12]).
Adding EN signal on $memory\u_core.u_h1.mem[11]$13304 ($dff) from module spark_chip (D = \u_core.u_h0.wd, Q = \u_core.u_h1.mem[11]).
Adding EN signal on $memory\u_core.u_h1.mem[10]$13302 ($dff) from module spark_chip (D = \u_core.u_h0.wd, Q = \u_core.u_h1.mem[10]).
Adding EN signal on $memory\u_core.u_h1.mem[0]$13282 ($dff) from module spark_chip (D = \u_core.u_h0.wd, Q = \u_core.u_h1.mem[0]).
Adding EN signal on $memory\u_core.u_h0.mem[9]$13095 ($dff) from module spark_chip (D = \u_core.u_h0.wd, Q = \u_core.u_h0.mem[9]).
Adding EN signal on $memory\u_core.u_h0.mem[8]$13093 ($dff) from module spark_chip (D = \u_core.u_h0.wd, Q = \u_core.u_h0.mem[8]).
Adding EN signal on $memory\u_core.u_h0.mem[7]$13091 ($dff) from module spark_chip (D = \u_core.u_h0.wd, Q = \u_core.u_h0.mem[7]).
Adding EN signal on $memory\u_core.u_h0.mem[6]$13089 ($dff) from module spark_chip (D = \u_core.u_h0.wd, Q = \u_core.u_h0.mem[6]).
Adding EN signal on $memory\u_core.u_h0.mem[5]$13087 ($dff) from module spark_chip (D = \u_core.u_h0.wd, Q = \u_core.u_h0.mem[5]).
Adding EN signal on $memory\u_core.u_h0.mem[4]$13085 ($dff) from module spark_chip (D = \u_core.u_h0.wd, Q = \u_core.u_h0.mem[4]).
Adding EN signal on $memory\u_core.u_h0.mem[3]$13083 ($dff) from module spark_chip (D = \u_core.u_h0.wd, Q = \u_core.u_h0.mem[3]).
Adding EN signal on $memory\u_core.u_h0.mem[2]$13081 ($dff) from module spark_chip (D = \u_core.u_h0.wd, Q = \u_core.u_h0.mem[2]).
Adding EN signal on $memory\u_core.u_h0.mem[1]$13079 ($dff) from module spark_chip (D = \u_core.u_h0.wd, Q = \u_core.u_h0.mem[1]).
Adding EN signal on $memory\u_core.u_h0.mem[15]$13107 ($dff) from module spark_chip (D = \u_core.u_h0.wd, Q = \u_core.u_h0.mem[15]).
Adding EN signal on $memory\u_core.u_h0.mem[14]$13105 ($dff) from module spark_chip (D = \u_core.u_h0.wd, Q = \u_core.u_h0.mem[14]).
Adding EN signal on $memory\u_core.u_h0.mem[13]$13103 ($dff) from module spark_chip (D = \u_core.u_h0.wd, Q = \u_core.u_h0.mem[13]).
Adding EN signal on $memory\u_core.u_h0.mem[12]$13101 ($dff) from module spark_chip (D = \u_core.u_h0.wd, Q = \u_core.u_h0.mem[12]).
Adding EN signal on $memory\u_core.u_h0.mem[11]$13099 ($dff) from module spark_chip (D = \u_core.u_h0.wd, Q = \u_core.u_h0.mem[11]).
Adding EN signal on $memory\u_core.u_h0.mem[10]$13097 ($dff) from module spark_chip (D = \u_core.u_h0.wd, Q = \u_core.u_h0.mem[10]).
Adding EN signal on $memory\u_core.u_h0.mem[0]$13077 ($dff) from module spark_chip (D = \u_core.u_h0.wd, Q = \u_core.u_h0.mem[0]).
Adding EN signal on $memory\u_core.u_acc3.mem[9]$12694 ($dff) from module spark_chip (D = \u_core.u_acc3.wd, Q = \u_core.u_acc3.mem[9]).
Adding EN signal on $memory\u_core.u_acc3.mem[8]$12692 ($dff) from module spark_chip (D = \u_core.u_acc3.wd, Q = \u_core.u_acc3.mem[8]).
Adding EN signal on $memory\u_core.u_acc3.mem[7]$12690 ($dff) from module spark_chip (D = \u_core.u_acc3.wd, Q = \u_core.u_acc3.mem[7]).
Adding EN signal on $memory\u_core.u_acc3.mem[6]$12688 ($dff) from module spark_chip (D = \u_core.u_acc3.wd, Q = \u_core.u_acc3.mem[6]).
Adding EN signal on $memory\u_core.u_acc3.mem[5]$12686 ($dff) from module spark_chip (D = \u_core.u_acc3.wd, Q = \u_core.u_acc3.mem[5]).
Adding EN signal on $memory\u_core.u_acc3.mem[4]$12684 ($dff) from module spark_chip (D = \u_core.u_acc3.wd, Q = \u_core.u_acc3.mem[4]).
Adding EN signal on $memory\u_core.u_acc3.mem[3]$12682 ($dff) from module spark_chip (D = \u_core.u_acc3.wd, Q = \u_core.u_acc3.mem[3]).
Adding EN signal on $memory\u_core.u_acc3.mem[31]$12738 ($dff) from module spark_chip (D = \u_core.u_acc3.wd, Q = \u_core.u_acc3.mem[31]).
Adding EN signal on $memory\u_core.u_acc3.mem[30]$12736 ($dff) from module spark_chip (D = \u_core.u_acc3.wd, Q = \u_core.u_acc3.mem[30]).
Adding EN signal on $memory\u_core.u_acc3.mem[2]$12680 ($dff) from module spark_chip (D = \u_core.u_acc3.wd, Q = \u_core.u_acc3.mem[2]).
Adding EN signal on $memory\u_core.u_acc3.mem[29]$12734 ($dff) from module spark_chip (D = \u_core.u_acc3.wd, Q = \u_core.u_acc3.mem[29]).
Adding EN signal on $memory\u_core.u_acc3.mem[28]$12732 ($dff) from module spark_chip (D = \u_core.u_acc3.wd, Q = \u_core.u_acc3.mem[28]).
Adding EN signal on $memory\u_core.u_acc3.mem[27]$12730 ($dff) from module spark_chip (D = \u_core.u_acc3.wd, Q = \u_core.u_acc3.mem[27]).
Adding EN signal on $memory\u_core.u_acc3.mem[26]$12728 ($dff) from module spark_chip (D = \u_core.u_acc3.wd, Q = \u_core.u_acc3.mem[26]).
Adding EN signal on $memory\u_core.u_acc3.mem[25]$12726 ($dff) from module spark_chip (D = \u_core.u_acc3.wd, Q = \u_core.u_acc3.mem[25]).
Adding EN signal on $memory\u_core.u_acc3.mem[24]$12724 ($dff) from module spark_chip (D = \u_core.u_acc3.wd, Q = \u_core.u_acc3.mem[24]).
Adding EN signal on $memory\u_core.u_acc3.mem[23]$12722 ($dff) from module spark_chip (D = \u_core.u_acc3.wd, Q = \u_core.u_acc3.mem[23]).
Adding EN signal on $memory\u_core.u_acc3.mem[22]$12720 ($dff) from module spark_chip (D = \u_core.u_acc3.wd, Q = \u_core.u_acc3.mem[22]).
Adding EN signal on $memory\u_core.u_acc3.mem[21]$12718 ($dff) from module spark_chip (D = \u_core.u_acc3.wd, Q = \u_core.u_acc3.mem[21]).
Adding EN signal on $memory\u_core.u_acc3.mem[20]$12716 ($dff) from module spark_chip (D = \u_core.u_acc3.wd, Q = \u_core.u_acc3.mem[20]).
Adding EN signal on $memory\u_core.u_acc3.mem[1]$12678 ($dff) from module spark_chip (D = \u_core.u_acc3.wd, Q = \u_core.u_acc3.mem[1]).
Adding EN signal on $memory\u_core.u_acc3.mem[19]$12714 ($dff) from module spark_chip (D = \u_core.u_acc3.wd, Q = \u_core.u_acc3.mem[19]).
Adding EN signal on $memory\u_core.u_acc3.mem[18]$12712 ($dff) from module spark_chip (D = \u_core.u_acc3.wd, Q = \u_core.u_acc3.mem[18]).
Adding EN signal on $memory\u_core.u_acc3.mem[17]$12710 ($dff) from module spark_chip (D = \u_core.u_acc3.wd, Q = \u_core.u_acc3.mem[17]).
Adding EN signal on $memory\u_core.u_acc3.mem[16]$12708 ($dff) from module spark_chip (D = \u_core.u_acc3.wd, Q = \u_core.u_acc3.mem[16]).
Adding EN signal on $memory\u_core.u_acc3.mem[15]$12706 ($dff) from module spark_chip (D = \u_core.u_acc3.wd, Q = \u_core.u_acc3.mem[15]).
Adding EN signal on $memory\u_core.u_acc3.mem[14]$12704 ($dff) from module spark_chip (D = \u_core.u_acc3.wd, Q = \u_core.u_acc3.mem[14]).
Adding EN signal on $memory\u_core.u_acc3.mem[13]$12702 ($dff) from module spark_chip (D = \u_core.u_acc3.wd, Q = \u_core.u_acc3.mem[13]).
Adding EN signal on $memory\u_core.u_acc3.mem[12]$12700 ($dff) from module spark_chip (D = \u_core.u_acc3.wd, Q = \u_core.u_acc3.mem[12]).
Adding EN signal on $memory\u_core.u_acc3.mem[11]$12698 ($dff) from module spark_chip (D = \u_core.u_acc3.wd, Q = \u_core.u_acc3.mem[11]).
Adding EN signal on $memory\u_core.u_acc3.mem[10]$12696 ($dff) from module spark_chip (D = \u_core.u_acc3.wd, Q = \u_core.u_acc3.mem[10]).
Adding EN signal on $memory\u_core.u_acc3.mem[0]$12676 ($dff) from module spark_chip (D = \u_core.u_acc3.wd, Q = \u_core.u_acc3.mem[0]).
Adding EN signal on $memory\u_core.u_acc2.mem[9]$12293 ($dff) from module spark_chip (D = \u_core.u_acc2.wd, Q = \u_core.u_acc2.mem[9]).
Adding EN signal on $memory\u_core.u_acc2.mem[8]$12291 ($dff) from module spark_chip (D = \u_core.u_acc2.wd, Q = \u_core.u_acc2.mem[8]).
Adding EN signal on $memory\u_core.u_acc2.mem[7]$12289 ($dff) from module spark_chip (D = \u_core.u_acc2.wd, Q = \u_core.u_acc2.mem[7]).
Adding EN signal on $memory\u_core.u_acc2.mem[6]$12287 ($dff) from module spark_chip (D = \u_core.u_acc2.wd, Q = \u_core.u_acc2.mem[6]).
Adding EN signal on $memory\u_core.u_acc2.mem[5]$12285 ($dff) from module spark_chip (D = \u_core.u_acc2.wd, Q = \u_core.u_acc2.mem[5]).
Adding EN signal on $memory\u_core.u_acc2.mem[4]$12283 ($dff) from module spark_chip (D = \u_core.u_acc2.wd, Q = \u_core.u_acc2.mem[4]).
Adding EN signal on $memory\u_core.u_acc2.mem[3]$12281 ($dff) from module spark_chip (D = \u_core.u_acc2.wd, Q = \u_core.u_acc2.mem[3]).
Adding EN signal on $memory\u_core.u_acc2.mem[31]$12337 ($dff) from module spark_chip (D = \u_core.u_acc2.wd, Q = \u_core.u_acc2.mem[31]).
Adding EN signal on $memory\u_core.u_acc2.mem[30]$12335 ($dff) from module spark_chip (D = \u_core.u_acc2.wd, Q = \u_core.u_acc2.mem[30]).
Adding EN signal on $memory\u_core.u_acc2.mem[2]$12279 ($dff) from module spark_chip (D = \u_core.u_acc2.wd, Q = \u_core.u_acc2.mem[2]).
Adding EN signal on $memory\u_core.u_acc2.mem[29]$12333 ($dff) from module spark_chip (D = \u_core.u_acc2.wd, Q = \u_core.u_acc2.mem[29]).
Adding EN signal on $memory\u_core.u_acc2.mem[28]$12331 ($dff) from module spark_chip (D = \u_core.u_acc2.wd, Q = \u_core.u_acc2.mem[28]).
Adding EN signal on $memory\u_core.u_acc2.mem[27]$12329 ($dff) from module spark_chip (D = \u_core.u_acc2.wd, Q = \u_core.u_acc2.mem[27]).
Adding EN signal on $memory\u_core.u_acc2.mem[26]$12327 ($dff) from module spark_chip (D = \u_core.u_acc2.wd, Q = \u_core.u_acc2.mem[26]).
Adding EN signal on $memory\u_core.u_acc2.mem[25]$12325 ($dff) from module spark_chip (D = \u_core.u_acc2.wd, Q = \u_core.u_acc2.mem[25]).
Adding EN signal on $memory\u_core.u_acc2.mem[24]$12323 ($dff) from module spark_chip (D = \u_core.u_acc2.wd, Q = \u_core.u_acc2.mem[24]).
Adding EN signal on $memory\u_core.u_acc2.mem[23]$12321 ($dff) from module spark_chip (D = \u_core.u_acc2.wd, Q = \u_core.u_acc2.mem[23]).
Adding EN signal on $memory\u_core.u_acc2.mem[22]$12319 ($dff) from module spark_chip (D = \u_core.u_acc2.wd, Q = \u_core.u_acc2.mem[22]).
Adding EN signal on $memory\u_core.u_acc2.mem[21]$12317 ($dff) from module spark_chip (D = \u_core.u_acc2.wd, Q = \u_core.u_acc2.mem[21]).
Adding EN signal on $memory\u_core.u_acc2.mem[20]$12315 ($dff) from module spark_chip (D = \u_core.u_acc2.wd, Q = \u_core.u_acc2.mem[20]).
Adding EN signal on $memory\u_core.u_acc2.mem[1]$12277 ($dff) from module spark_chip (D = \u_core.u_acc2.wd, Q = \u_core.u_acc2.mem[1]).
Adding EN signal on $memory\u_core.u_acc2.mem[19]$12313 ($dff) from module spark_chip (D = \u_core.u_acc2.wd, Q = \u_core.u_acc2.mem[19]).
Adding EN signal on $memory\u_core.u_acc2.mem[18]$12311 ($dff) from module spark_chip (D = \u_core.u_acc2.wd, Q = \u_core.u_acc2.mem[18]).
Adding EN signal on $memory\u_core.u_acc2.mem[17]$12309 ($dff) from module spark_chip (D = \u_core.u_acc2.wd, Q = \u_core.u_acc2.mem[17]).
Adding EN signal on $memory\u_core.u_acc2.mem[16]$12307 ($dff) from module spark_chip (D = \u_core.u_acc2.wd, Q = \u_core.u_acc2.mem[16]).
Adding EN signal on $memory\u_core.u_acc2.mem[15]$12305 ($dff) from module spark_chip (D = \u_core.u_acc2.wd, Q = \u_core.u_acc2.mem[15]).
Adding EN signal on $memory\u_core.u_acc2.mem[14]$12303 ($dff) from module spark_chip (D = \u_core.u_acc2.wd, Q = \u_core.u_acc2.mem[14]).
Adding EN signal on $memory\u_core.u_acc2.mem[13]$12301 ($dff) from module spark_chip (D = \u_core.u_acc2.wd, Q = \u_core.u_acc2.mem[13]).
Adding EN signal on $memory\u_core.u_acc2.mem[12]$12299 ($dff) from module spark_chip (D = \u_core.u_acc2.wd, Q = \u_core.u_acc2.mem[12]).
Adding EN signal on $memory\u_core.u_acc2.mem[11]$12297 ($dff) from module spark_chip (D = \u_core.u_acc2.wd, Q = \u_core.u_acc2.mem[11]).
Adding EN signal on $memory\u_core.u_acc2.mem[10]$12295 ($dff) from module spark_chip (D = \u_core.u_acc2.wd, Q = \u_core.u_acc2.mem[10]).
Adding EN signal on $memory\u_core.u_acc2.mem[0]$12275 ($dff) from module spark_chip (D = \u_core.u_acc2.wd, Q = \u_core.u_acc2.mem[0]).
Adding EN signal on $memory\u_core.u_acc1.mem[9]$12088 ($dff) from module spark_chip (D = \u_core.u_acc1.wd, Q = \u_core.u_acc1.mem[9]).
Adding EN signal on $memory\u_core.u_acc1.mem[8]$12086 ($dff) from module spark_chip (D = \u_core.u_acc1.wd, Q = \u_core.u_acc1.mem[8]).
Adding EN signal on $memory\u_core.u_acc1.mem[7]$12084 ($dff) from module spark_chip (D = \u_core.u_acc1.wd, Q = \u_core.u_acc1.mem[7]).
Adding EN signal on $memory\u_core.u_acc1.mem[6]$12082 ($dff) from module spark_chip (D = \u_core.u_acc1.wd, Q = \u_core.u_acc1.mem[6]).
Adding EN signal on $memory\u_core.u_acc1.mem[5]$12080 ($dff) from module spark_chip (D = \u_core.u_acc1.wd, Q = \u_core.u_acc1.mem[5]).
Adding EN signal on $memory\u_core.u_acc1.mem[4]$12078 ($dff) from module spark_chip (D = \u_core.u_acc1.wd, Q = \u_core.u_acc1.mem[4]).
Adding EN signal on $memory\u_core.u_acc1.mem[3]$12076 ($dff) from module spark_chip (D = \u_core.u_acc1.wd, Q = \u_core.u_acc1.mem[3]).
Adding EN signal on $memory\u_core.u_acc1.mem[2]$12074 ($dff) from module spark_chip (D = \u_core.u_acc1.wd, Q = \u_core.u_acc1.mem[2]).
Adding EN signal on $memory\u_core.u_acc1.mem[1]$12072 ($dff) from module spark_chip (D = \u_core.u_acc1.wd, Q = \u_core.u_acc1.mem[1]).
Adding EN signal on $memory\u_core.u_acc1.mem[15]$12100 ($dff) from module spark_chip (D = \u_core.u_acc1.wd, Q = \u_core.u_acc1.mem[15]).
Adding EN signal on $memory\u_core.u_acc1.mem[14]$12098 ($dff) from module spark_chip (D = \u_core.u_acc1.wd, Q = \u_core.u_acc1.mem[14]).
Adding EN signal on $memory\u_core.u_acc1.mem[13]$12096 ($dff) from module spark_chip (D = \u_core.u_acc1.wd, Q = \u_core.u_acc1.mem[13]).
Adding EN signal on $memory\u_core.u_acc1.mem[12]$12094 ($dff) from module spark_chip (D = \u_core.u_acc1.wd, Q = \u_core.u_acc1.mem[12]).
Adding EN signal on $memory\u_core.u_acc1.mem[11]$12092 ($dff) from module spark_chip (D = \u_core.u_acc1.wd, Q = \u_core.u_acc1.mem[11]).
Adding EN signal on $memory\u_core.u_acc1.mem[10]$12090 ($dff) from module spark_chip (D = \u_core.u_acc1.wd, Q = \u_core.u_acc1.mem[10]).
Adding EN signal on $memory\u_core.u_acc1.mem[0]$12070 ($dff) from module spark_chip (D = \u_core.u_acc1.wd, Q = \u_core.u_acc1.mem[0]).
Adding EN signal on $memory\u_core.u_acc0.mem[9]$11883 ($dff) from module spark_chip (D = \u_core.u_acc0.wd, Q = \u_core.u_acc0.mem[9]).
Adding EN signal on $memory\u_core.u_acc0.mem[8]$11881 ($dff) from module spark_chip (D = \u_core.u_acc0.wd, Q = \u_core.u_acc0.mem[8]).
Adding EN signal on $memory\u_core.u_acc0.mem[7]$11879 ($dff) from module spark_chip (D = \u_core.u_acc0.wd, Q = \u_core.u_acc0.mem[7]).
Adding EN signal on $memory\u_core.u_acc0.mem[6]$11877 ($dff) from module spark_chip (D = \u_core.u_acc0.wd, Q = \u_core.u_acc0.mem[6]).
Adding EN signal on $memory\u_core.u_acc0.mem[5]$11875 ($dff) from module spark_chip (D = \u_core.u_acc0.wd, Q = \u_core.u_acc0.mem[5]).
Adding EN signal on $memory\u_core.u_acc0.mem[4]$11873 ($dff) from module spark_chip (D = \u_core.u_acc0.wd, Q = \u_core.u_acc0.mem[4]).
Adding EN signal on $memory\u_core.u_acc0.mem[3]$11871 ($dff) from module spark_chip (D = \u_core.u_acc0.wd, Q = \u_core.u_acc0.mem[3]).
Adding EN signal on $memory\u_core.u_acc0.mem[2]$11869 ($dff) from module spark_chip (D = \u_core.u_acc0.wd, Q = \u_core.u_acc0.mem[2]).
Adding EN signal on $memory\u_core.u_acc0.mem[1]$11867 ($dff) from module spark_chip (D = \u_core.u_acc0.wd, Q = \u_core.u_acc0.mem[1]).
Adding EN signal on $memory\u_core.u_acc0.mem[15]$11895 ($dff) from module spark_chip (D = \u_core.u_acc0.wd, Q = \u_core.u_acc0.mem[15]).
Adding EN signal on $memory\u_core.u_acc0.mem[14]$11893 ($dff) from module spark_chip (D = \u_core.u_acc0.wd, Q = \u_core.u_acc0.mem[14]).
Adding EN signal on $memory\u_core.u_acc0.mem[13]$11891 ($dff) from module spark_chip (D = \u_core.u_acc0.wd, Q = \u_core.u_acc0.mem[13]).
Adding EN signal on $memory\u_core.u_acc0.mem[12]$11889 ($dff) from module spark_chip (D = \u_core.u_acc0.wd, Q = \u_core.u_acc0.mem[12]).
Adding EN signal on $memory\u_core.u_acc0.mem[11]$11887 ($dff) from module spark_chip (D = \u_core.u_acc0.wd, Q = \u_core.u_acc0.mem[11]).
Adding EN signal on $memory\u_core.u_acc0.mem[10]$11885 ($dff) from module spark_chip (D = \u_core.u_acc0.wd, Q = \u_core.u_acc0.mem[10]).
Adding EN signal on $memory\u_core.u_acc0.mem[0]$11865 ($dff) from module spark_chip (D = \u_core.u_acc0.wd, Q = \u_core.u_acc0.mem[0]).
Adding EN signal on $memory\u_core.nzc[3]$11804 ($dff) from module spark_chip (D = $auto$rtlil.cc:2498:Mux$11447, Q = \u_core.nzc[3]).
Adding EN signal on $memory\u_core.nzc[2]$11802 ($dff) from module spark_chip (D = $memory\u_core.nzc$wrmux[2][1][0]$y$11854, Q = \u_core.nzc[2]).
Adding EN signal on $memory\u_core.nzc[1]$11800 ($dff) from module spark_chip (D = $memory\u_core.nzc$wrmux[1][1][0]$y$11842, Q = \u_core.nzc[1]).
Adding EN signal on $memory\u_core.nzc[0]$11798 ($dff) from module spark_chip (D = $memory\u_core.nzc$wrmux[0][1][0]$y$11830, Q = \u_core.nzc[0]).
Adding EN signal on $memory\cfgb[6]$11702 ($dff) from module spark_chip (D = \u_rx.data, Q = \cfgb[6]).
Adding EN signal on $memory\cfgb[5]$11700 ($dff) from module spark_chip (D = \u_rx.data, Q = \cfgb[5]).
Adding EN signal on $memory\cfgb[4]$11698 ($dff) from module spark_chip (D = \u_rx.data, Q = \cfgb[4]).
Adding EN signal on $memory\cfgb[3]$11696 ($dff) from module spark_chip (D = \u_rx.data, Q = \cfgb[3]).
Adding EN signal on $memory\cfgb[2]$11694 ($dff) from module spark_chip (D = \u_rx.data, Q = \cfgb[2]).
Adding EN signal on $memory\cfgb[1]$11692 ($dff) from module spark_chip (D = \u_rx.data, Q = \cfgb[1]).
Adding EN signal on $memory\cfgb[0]$11690 ($dff) from module spark_chip (D = \u_rx.data, Q = \cfgb[0]).
Setting constant 0-bit at position 3 on $auto$ff.cc:266:slice$8847 ($sdffe) from module spark_chip.
Setting constant 1-bit at position 8 on $auto$ff.cc:266:slice$8966 ($dffe) from module spark_chip.
Setting constant 0-bit at position 24 on $auto$ff.cc:266:slice$9209 ($sdffe) from module spark_chip.
Setting constant 0-bit at position 25 on $auto$ff.cc:266:slice$9209 ($sdffe) from module spark_chip.
Setting constant 0-bit at position 26 on $auto$ff.cc:266:slice$9209 ($sdffe) from module spark_chip.
Setting constant 0-bit at position 27 on $auto$ff.cc:266:slice$9209 ($sdffe) from module spark_chip.
Setting constant 0-bit at position 28 on $auto$ff.cc:266:slice$9209 ($sdffe) from module spark_chip.
Setting constant 0-bit at position 29 on $auto$ff.cc:266:slice$9209 ($sdffe) from module spark_chip.
Setting constant 0-bit at position 30 on $auto$ff.cc:266:slice$9209 ($sdffe) from module spark_chip.
Setting constant 0-bit at position 31 on $auto$ff.cc:266:slice$9209 ($sdffe) from module spark_chip.

10.20.16. Executing OPT_CLEAN pass (remove unused cells and wires).
Finding unused cells or wires in module \spark_chip..
Removed 240 unused cells and 258 unused wires.
<suppressed ~241 debug messages>

10.20.17. Executing OPT_EXPR pass (perform const folding).
Optimizing module spark_chip.
<suppressed ~6 debug messages>

10.20.18. Rerunning OPT passes. (Maybe there is more to do..)

10.20.19. Executing OPT_MUXTREE pass (detect dead branches in mux trees).
Running muxtree optimizer on module \spark_chip..
  Creating internal representation of mux trees.
  Evaluating internal representation of mux trees.
  Analyzing evaluation results.
Removed 0 multiplexer ports.
<suppressed ~141 debug messages>

10.20.20. Executing OPT_REDUCE pass (consolidate $*mux and $reduce_* inputs).
  Optimizing cells in module \spark_chip.
    Consolidated identical input bits for $mux cell $flatten\u_core.$procmux$6795:
      Old ports: A=43'0000000000000000000000000000000000000000000, B={ 9'100000000 \u_core.ctx_prev [23:0] \u_core.byte_r $auto$wreduce.cc:461:run$9380 [1:0] }, Y=$flatten\u_core.$1\t_wd[42:0]
      New ports: A=35'00000000000000000000000000000000000, B={ 1'1 \u_core.ctx_prev [23:0] \u_core.byte_r $auto$wreduce.cc:461:run$9380 [1:0] }, Y={ $flatten\u_core.$1\t_wd[42:0] [42] $flatten\u_core.$1\t_wd[42:0] [33:0] }
      New connections: $flatten\u_core.$1\t_wd[42:0] [41:34] = 8'00000000
  Optimizing cells in module \spark_chip.
    Consolidated identical input bits for $mux cell $flatten\u_core.$procmux$5054:
      Old ports: A=$flatten\u_core.$1\t_wd[42:0], B=43'0000000000000000000000000000000000000000000, Y=\u_core.t_wd
      New ports: A={ $flatten\u_core.$1\t_wd[42:0] [42] $flatten\u_core.$1\t_wd[42:0] [33:0] }, B=35'00000000000000000000000000000000000, Y={ \u_core.t_wd [42] \u_core.t_wd [33:0] }
      New connections: \u_core.t_wd [41:34] = 8'00000000
  Optimizing cells in module \spark_chip.
Performed a total of 2 changes.

10.20.21. Executing OPT_MERGE pass (detect identical cells).
Finding identical cells in module `\spark_chip'.
Removed a total of 0 cells.

10.20.22. Executing OPT_SHARE pass.

10.20.23. Executing OPT_DFF pass (perform DFF optimizations).
Adding SRST signal on $auto$ff.cc:266:slice$15089 ($dffe) from module spark_chip (D = \tx_data [7], Q = \u_tx.sh [7], rval = 1'1).
Adding SRST signal on $auto$ff.cc:266:slice$15078 ($dffe) from module spark_chip (D = $auto$rtlil.cc:2498:Mux$11447, Q = \u_core.nzc[0], rval = 16'0000000000000000).
Adding SRST signal on $auto$ff.cc:266:slice$15075 ($dffe) from module spark_chip (D = $auto$rtlil.cc:2498:Mux$11447, Q = \u_core.nzc[1], rval = 16'0000000000000000).
Adding SRST signal on $auto$ff.cc:266:slice$15072 ($dffe) from module spark_chip (D = $auto$rtlil.cc:2498:Mux$11447, Q = \u_core.nzc[2], rval = 16'0000000000000000).

10.20.24. Executing OPT_CLEAN pass (remove unused cells and wires).
Finding unused cells or wires in module \spark_chip..
Removed 3 unused cells and 6 unused wires.
<suppressed ~4 debug messages>

10.20.25. Executing OPT_EXPR pass (perform const folding).
Optimizing module spark_chip.

10.20.26. Rerunning OPT passes. (Maybe there is more to do..)

10.20.27. Executing OPT_MUXTREE pass (detect dead branches in mux trees).
Running muxtree optimizer on module \spark_chip..
  Creating internal representation of mux trees.
  Evaluating internal representation of mux trees.
  Analyzing evaluation results.
Removed 0 multiplexer ports.
<suppressed ~138 debug messages>

10.20.28. Executing OPT_REDUCE pass (consolidate $*mux and $reduce_* inputs).
  Optimizing cells in module \spark_chip.
Performed a total of 0 changes.

10.20.29. Executing OPT_MERGE pass (detect identical cells).
Finding identical cells in module `\spark_chip'.
Removed a total of 0 cells.

10.20.30. Executing OPT_SHARE pass.

10.20.31. Executing OPT_DFF pass (perform DFF optimizations).

10.20.32. Executing OPT_CLEAN pass (remove unused cells and wires).
Finding unused cells or wires in module \spark_chip..

10.20.33. Executing OPT_EXPR pass (perform const folding).
Optimizing module spark_chip.

10.20.34. Finished OPT passes. (There is nothing left to do.)

10.21. Executing TECHMAP pass (map to technology primitives).

10.21.1. Executing Verilog-2005 frontend: /usr/bin/../share/yosys/techmap.v
Parsing Verilog input from `/usr/bin/../share/yosys/techmap.v' to AST representation.
Generating RTLIL representation for module `\_90_simplemap_bool_ops'.
Generating RTLIL representation for module `\_90_simplemap_reduce_ops'.
Generating RTLIL representation for module `\_90_simplemap_logic_ops'.
Generating RTLIL representation for module `\_90_simplemap_compare_ops'.
Generating RTLIL representation for module `\_90_simplemap_various'.
Generating RTLIL representation for module `\_90_simplemap_registers'.
Generating RTLIL representation for module `\_90_shift_ops_shr_shl_sshl_sshr'.
Generating RTLIL representation for module `\_90_shift_shiftx'.
Generating RTLIL representation for module `\_90_fa'.
Generating RTLIL representation for module `\_90_lcu'.
Generating RTLIL representation for module `\_90_alu'.
Generating RTLIL representation for module `\_90_macc'.
Generating RTLIL representation for module `\_90_alumacc'.
Generating RTLIL representation for module `\$__div_mod_u'.
Generating RTLIL representation for module `\$__div_mod_trunc'.
Generating RTLIL representation for module `\_90_div'.
Generating RTLIL representation for module `\_90_mod'.
Generating RTLIL representation for module `\$__div_mod_floor'.
Generating RTLIL representation for module `\_90_divfloor'.
Generating RTLIL representation for module `\_90_modfloor'.
Generating RTLIL representation for module `\_90_pow'.
Generating RTLIL representation for module `\_90_pmux'.
Generating RTLIL representation for module `\_90_demux'.
Generating RTLIL representation for module `\_90_lut'.
Successfully finished Verilog frontend.

10.21.2. Continuing TECHMAP pass.
Using extmapper simplemap for cells of type $mux.
Using extmapper simplemap for cells of type $and.
Using extmapper simplemap for cells of type $xor.
Using extmapper simplemap for cells of type $or.
Using extmapper simplemap for cells of type $reduce_and.
Using extmapper simplemap for cells of type $eq.
Using extmapper simplemap for cells of type $dffe.
Using extmapper simplemap for cells of type $sdffce.
Using extmapper simplemap for cells of type $not.
Using extmapper simplemap for cells of type $logic_not.
Using extmapper simplemap for cells of type $logic_and.
Using template $paramod$1d1e68f77481583066c6d429218f48ea9d5739b3\_90_alu for cells of type $alu.
Using extmapper simplemap for cells of type $logic_or.
Using template $paramod$e830d104b5de63a966ae948f6aff012e63986700\_90_pmux for cells of type $pmux.
Using extmapper simplemap for cells of type $reduce_or.
Using template $paramod$645fe0cc96ae5edb83bff90cc2c78f4a20ca3e3c\_90_pmux for cells of type $pmux.
Using template $paramod$32a7b7b86c07519b7537abc18e96f0331f97914d\_90_alu for cells of type $alu.
Using template $paramod$c2e415ef15bc3ccd2723772353a6b450d3d76206\_90_pmux for cells of type $pmux.
Using extmapper simplemap for cells of type $adff.
Using extmapper simplemap for cells of type $sdff.
Using extmapper simplemap for cells of type $sdffe.
Using extmapper simplemap for cells of type $dff.
Using extmapper simplemap for cells of type $ne.
Using extmapper simplemap for cells of type $reduce_bool.
Using extmapper maccmap for cells of type $macc.
  add \u_core.hl * 8'01110011 (16x8 bits, signed)
Using template $paramod$2653f68ddb8eab7b1907b4a20767b72a824a7a36\_90_alu for cells of type $alu.
Using template $paramod$f2a3337f8be4f72f12f086eac58a9f6d30e48135\_90_alu for cells of type $alu.
Using template $paramod$constmap:bb9358e85f16c33ff42a48744b6c99b5a55857e8$paramod$e3fc5f9ed32b8b797df1dd5c8305580723c073f9\_90_shift_shiftx for cells of type $shiftx.
Using template $paramod$constmap:3bdc95c4f04e65274b3e6dc55283868d18a06f33$paramod$c5ca872e30a8bfd4b384efaeaba043435182e24e\_90_shift_shiftx for cells of type $shiftx.
Using template $paramod$constmap:d52fb5c79053939d5dc2a6fa996717194549edb4$paramod$958f67b8481f0085798c73d1b2b5ba0ce4c14c1f\_90_shift_shiftx for cells of type $shiftx.
Using template $paramod$constmap:8d725965b4345b93a463cf613bda6b40f5fc4212$paramod$9a5e85de2634293e098361b0804876bff8c5a36f\_90_shift_shiftx for cells of type $shiftx.
Using template $paramod$constmap:f94352283e3b2c9fa1d11d87b8386e759cec56c1$paramod$38a90700d8cd9d1651fba6a872f3c2bcd7e28883\_90_shift_shiftx for cells of type $shiftx.
Using template $paramod$8fabc56b80a569262acfc42757a02ca0b8e91278\_90_pmux for cells of type $pmux.
Using template $paramod$54d740639e1393b22262823179ff783ea9f17a35\_90_pmux for cells of type $pmux.
Using template $paramod$e95b69d3115bf069a0763f3951e78119084acbbc\_90_pmux for cells of type $pmux.
Using template $paramod$c5c783b17ab1d780abfad8cfe6563a0a7b47a3b0\_90_pmux for cells of type $pmux.
Using template $paramod$fedb90247e1daaa8b0af86a595f377181f141d27\_90_pmux for cells of type $pmux.
Using template $paramod$bf2533632d512eac76dd186c0da49367e29b8e98\_90_pmux for cells of type $pmux.
Using template $paramod$70d30c21ff772b34d0d1da2801fbd781dc3c70e4\_90_pmux for cells of type $pmux.
Using template $paramod$fc16b9f758000d363d24f130038bd99b46b4fa1b\_90_pmux for cells of type $pmux.
Using template $paramod$521ce43182eecb9f60c72393a788160d2c356bf5\_90_pmux for cells of type $pmux.
Using template $paramod$d629d85c8826a74239b9178d1930215a43b0ceb0\_90_pmux for cells of type $pmux.
Using template $paramod$ee6aae96ac61c94691bfe8c461d15653a85f16ef\_90_pmux for cells of type $pmux.
Using template $paramod$f28fc3f2e267d7716249e826e8c90c34ca9542c1\_90_alu for cells of type $alu.
Using template $paramod$ed0bb9616228df1e6c226f91f8133e751815f1b1\_90_pmux for cells of type $pmux.
Using template $paramod$ae63dc3b50d8e8327f3f28c91126b1f0b8c3a12c\_90_pmux for cells of type $pmux.
Using template $paramod$c4905825bb8ecc38b98eb4167e8b007447af7884\_90_alu for cells of type $alu.
Using template $paramod$117a422dd91271f31dcbd629d7b52dc0eb1e49ab\_90_alu for cells of type $alu.
Using template $paramod$6df0329addda9228fcc2546de2aaf14ad26c98e1\_90_alu for cells of type $alu.
Using template $paramod$d4c0c20b0ee59f495e14575c4397dc0a6dd9e8e6\_90_alu for cells of type $alu.
Using template $paramod$3ef7d3dd227da7627a99c5e5a6a4deb817573e39\_90_alu for cells of type $alu.
Using template $paramod$3ef274a4ad1e446c08416d1cf6cb5ab03146d407\_90_alu for cells of type $alu.
Using template $paramod$constmap:a2331dc0813356c8f6f6d65ef5f409e965f54919$paramod$ce55a091b10898838ad26aade7b445d84ab9783a\_90_shift_shiftx for cells of type $shift.
Analyzing pattern of constant bits for this cell:
  Constant input on bit 0 of port A: 1'1
  Constant input on bit 1 of port A: 1'1
  Constant input on bit 2 of port A: 1'1
  Constant input on bit 3 of port A: 1'1
  Constant input on bit 4 of port A: 1'1
  Constant input on bit 5 of port A: 1'1
  Constant input on bit 6 of port A: 1'1
  Constant input on bit 7 of port A: 1'1
  Constant input on bit 8 of port A: 1'1
  Constant input on bit 9 of port A: 1'1
  Constant input on bit 10 of port A: 1'1
  Constant input on bit 11 of port A: 1'1
  Constant input on bit 12 of port A: 1'1
  Constant input on bit 13 of port A: 1'1
  Constant input on bit 14 of port A: 1'1
  Constant input on bit 15 of port A: 1'1
Creating constmapped module `$paramod$constmap:ed500a28162eec6329bdc0ffa60bfac8c5883157$paramod$ce55a091b10898838ad26aade7b445d84ab9783a\_90_shift_shiftx'.

10.21.87. Executing OPT_MUXTREE pass (detect dead branches in mux trees).
Running muxtree optimizer on module $paramod$constmap:ed500a28162eec6329bdc0ffa60bfac8c5883157$paramod$ce55a091b10898838ad26aade7b445d84ab9783a\_90_shift_shiftx..
  Creating internal representation of mux trees.
  Evaluating internal representation of mux trees.
  Analyzing evaluation results.
    dead port 2/2 on $mux $procmux$63206.
    dead port 2/2 on $mux $procmux$63200.
    dead port 2/2 on $mux $procmux$63194.
    dead port 2/2 on $mux $procmux$63188.
    dead port 2/2 on $mux $procmux$63182.
    dead port 2/2 on $mux $procmux$63176.
Removed 6 multiplexer ports.
<suppressed ~3470 debug messages>

10.21.88. Executing OPT_EXPR pass (perform const folding).
Optimizing module $paramod$constmap:ed500a28162eec6329bdc0ffa60bfac8c5883157$paramod$ce55a091b10898838ad26aade7b445d84ab9783a\_90_shift_shiftx.
<suppressed ~28 debug messages>
Removed 0 unused cells and 11 unused wires.
Using template $paramod$constmap:ed500a28162eec6329bdc0ffa60bfac8c5883157$paramod$ce55a091b10898838ad26aade7b445d84ab9783a\_90_shift_shiftx for cells of type $shift.
Using template $paramod$dcb69476c4ea50ae33010ee411a8318aa586292f\_90_alu for cells of type $alu.
Using template $paramod$b8a7a49af93c9972e4faced050a7ddb2a5968b70\_90_alu for cells of type $alu.
Using template $paramod$328330d437327b1770eb4f7a48b5592faae794c6\_90_alu for cells of type $alu.
Using template $paramod$constmap:fe85ff9f5578ad4f77221d4960347efe47d3e528$paramod$9c26dffc1f26fbb5e41a0e9b38f441f6f7e95103\_90_shift_shiftx for cells of type $shift.
Analyzing pattern of constant bits for this cell:
  Constant input on bit 0 of port A: 1'1
  Constant input on bit 1 of port A: 1'1
  Constant input on bit 2 of port A: 1'1
  Constant input on bit 3 of port A: 1'1
  Constant input on bit 4 of port A: 1'1
  Constant input on bit 5 of port A: 1'1
  Constant input on bit 6 of port A: 1'1
  Constant input on bit 7 of port A: 1'1
  Constant input on bit 8 of port A: 1'1
  Constant input on bit 9 of port A: 1'1
  Constant input on bit 10 of port A: 1'1
  Constant input on bit 11 of port A: 1'1
  Constant input on bit 12 of port A: 1'1
  Constant input on bit 13 of port A: 1'1
  Constant input on bit 14 of port A: 1'1
  Constant input on bit 15 of port A: 1'1
  Constant input on bit 16 of port A: 1'1
  Constant input on bit 17 of port A: 1'1
  Constant input on bit 18 of port A: 1'1
  Constant input on bit 19 of port A: 1'1
  Constant input on bit 20 of port A: 1'1
  Constant input on bit 21 of port A: 1'1
  Constant input on bit 22 of port A: 1'1
  Constant input on bit 23 of port A: 1'1
  Constant input on bit 24 of port A: 1'1
  Constant input on bit 25 of port A: 1'1
  Constant input on bit 26 of port A: 1'1
  Constant input on bit 27 of port A: 1'1
  Constant input on bit 28 of port A: 1'1
  Constant input on bit 29 of port A: 1'1
  Constant input on bit 30 of port A: 1'1
  Constant input on bit 31 of port A: 1'1
  Constant input on bit 32 of port A: 1'1
  Constant input on bit 33 of port A: 1'1
  Constant input on bit 34 of port A: 1'1
  Constant input on bit 35 of port A: 1'1
  Constant input on bit 36 of port A: 1'1
  Constant input on bit 37 of port A: 1'1
  Constant input on bit 38 of port A: 1'1
  Constant input on bit 39 of port A: 1'1
  Constant input on bit 40 of port A: 1'1
  Constant input on bit 41 of port A: 1'1
  Constant input on bit 42 of port A: 1'1
  Constant input on bit 43 of port A: 1'1
  Constant input on bit 44 of port A: 1'1
  Constant input on bit 45 of port A: 1'1
  Constant input on bit 46 of port A: 1'1
  Constant input on bit 47 of port A: 1'1
  Constant input on bit 48 of port A: 1'1
  Constant input on bit 49 of port A: 1'1
  Constant input on bit 50 of port A: 1'1
  Constant input on bit 51 of port A: 1'1
  Constant input on bit 52 of port A: 1'1
  Constant input on bit 53 of port A: 1'1
  Constant input on bit 54 of port A: 1'1
  Constant input on bit 55 of port A: 1'1
  Constant input on bit 56 of port A: 1'1
  Constant input on bit 57 of port A: 1'1
  Constant input on bit 58 of port A: 1'1
  Constant input on bit 59 of port A: 1'1
  Constant input on bit 60 of port A: 1'1
  Constant input on bit 61 of port A: 1'1
  Constant input on bit 62 of port A: 1'1
  Constant input on bit 63 of port A: 1'1
Creating constmapped module `$paramod$constmap:cc961cae736138edb535fa40add44575f0357d44$paramod$9c26dffc1f26fbb5e41a0e9b38f441f6f7e95103\_90_shift_shiftx'.

10.21.100. Executing OPT_MUXTREE pass (detect dead branches in mux trees).
Running muxtree optimizer on module $paramod$constmap:cc961cae736138edb535fa40add44575f0357d44$paramod$9c26dffc1f26fbb5e41a0e9b38f441f6f7e95103\_90_shift_shiftx..
  Creating internal representation of mux trees.
  Evaluating internal representation of mux trees.
  Analyzing evaluation results.
    dead port 2/2 on $mux $procmux$63767.
    dead port 2/2 on $mux $procmux$63761.
    dead port 2/2 on $mux $procmux$63755.
    dead port 2/2 on $mux $procmux$63749.
    dead port 2/2 on $mux $procmux$63743.
    dead port 2/2 on $mux $procmux$63737.
    dead port 2/2 on $mux $procmux$63731.
    dead port 2/2 on $mux $procmux$63725.
Removed 8 multiplexer ports.
<suppressed ~328 debug messages>

10.21.101. Executing OPT_EXPR pass (perform const folding).
Optimizing module $paramod$constmap:cc961cae736138edb535fa40add44575f0357d44$paramod$9c26dffc1f26fbb5e41a0e9b38f441f6f7e95103\_90_shift_shiftx.
<suppressed ~26 debug messages>
Removed 0 unused cells and 13 unused wires.
Using template $paramod$constmap:cc961cae736138edb535fa40add44575f0357d44$paramod$9c26dffc1f26fbb5e41a0e9b38f441f6f7e95103\_90_shift_shiftx for cells of type $shift.
Using template $paramod$175e67c02b86e96b1288b9dc100122520d7240d8\_90_alu for cells of type $alu.
Using template $paramod$constmap:9b2bb9f3fd8e611fc0be4fdd30a9b22674ada952$paramod$d50b24baafc5b9e1f981e0c2062b98c049aa49eb\_90_shift_shiftx for cells of type $shiftx.
Using template $paramod$2470b7ea32c975a55c3ab8b283381b72d09e16d3\_90_alu for cells of type $alu.
Using template $paramod$bbdca6511838b4dd7a0f812c948877d0129b9ffa\_90_alu for cells of type $alu.
Using template $paramod$821d2886e47353e724eaca46af4992e9c3e6ac1d\_90_alu for cells of type $alu.
Using template $paramod$constmap:5bb736f28100a66674c02e4dcb544fb4c600c498$paramod$038383553253758e8f741c3dc0591b3c7e80f6b8\_90_shift_shiftx for cells of type $shiftx.
Using template $paramod$98fdd47e93ebd6ee7b239851ea6e44b4909054e6\_90_alu for cells of type $alu.
Using template $paramod$constmap:96db1c8882733f290d4b3012b59af5a420ef500e$paramod$d26ceb004b1c92f0df605bf9b3fc829369ac4a34\_90_shift_shiftx for cells of type $shift.
Analyzing pattern of constant bits for this cell:
  Constant input on bit 0 of port A: 1'1
  Constant input on bit 1 of port A: 1'1
  Constant input on bit 2 of port A: 1'1
  Constant input on bit 3 of port A: 1'1
Creating constmapped module `$paramod$constmap:79ee240afdfd622112cdf973c4ee8d97acf4a125$paramod$d26ceb004b1c92f0df605bf9b3fc829369ac4a34\_90_shift_shiftx'.

10.21.127. Executing OPT_MUXTREE pass (detect dead branches in mux trees).
Running muxtree optimizer on module $paramod$constmap:79ee240afdfd622112cdf973c4ee8d97acf4a125$paramod$d26ceb004b1c92f0df605bf9b3fc829369ac4a34\_90_shift_shiftx..
  Creating internal representation of mux trees.
  Evaluating internal representation of mux trees.
  Analyzing evaluation results.
    dead port 2/2 on $mux $procmux$64364.
    dead port 2/2 on $mux $procmux$64358.
    dead port 2/2 on $mux $procmux$64352.
    dead port 2/2 on $mux $procmux$64346.
    dead port 2/2 on $mux $procmux$64340.
    dead port 2/2 on $mux $procmux$64334.
Removed 6 multiplexer ports.
<suppressed ~703 debug messages>

10.21.128. Executing OPT_EXPR pass (perform const folding).
Optimizing module $paramod$constmap:79ee240afdfd622112cdf973c4ee8d97acf4a125$paramod$d26ceb004b1c92f0df605bf9b3fc829369ac4a34\_90_shift_shiftx.
<suppressed ~28 debug messages>
Removed 0 unused cells and 11 unused wires.
Using template $paramod$constmap:79ee240afdfd622112cdf973c4ee8d97acf4a125$paramod$d26ceb004b1c92f0df605bf9b3fc829369ac4a34\_90_shift_shiftx for cells of type $shift.
Using template $paramod$constmap:fef2dea0d08d3b0491c1bdccaa8a1b8243d36a83$paramod$21dee603dc19e4530a14795556c80eafcc4f26b8\_90_shift_shiftx for cells of type $shift.
Analyzing pattern of constant bits for this cell:
  Constant input on bit 0 of port A: 1'1
Creating constmapped module `$paramod$constmap:53f81d327ce76cbf6a8a98434119a90a4847620f$paramod$21dee603dc19e4530a14795556c80eafcc4f26b8\_90_shift_shiftx'.

10.21.134. Executing OPT_MUXTREE pass (detect dead branches in mux trees).
Running muxtree optimizer on module $paramod$constmap:53f81d327ce76cbf6a8a98434119a90a4847620f$paramod$21dee603dc19e4530a14795556c80eafcc4f26b8\_90_shift_shiftx..
  Creating internal representation of mux trees.
  Evaluating internal representation of mux trees.
  Analyzing evaluation results.
    dead port 2/2 on $mux $procmux$64562.
    dead port 2/2 on $mux $procmux$64556.
    dead port 2/2 on $mux $procmux$64550.
    dead port 2/2 on $mux $procmux$64544.
Removed 4 multiplexer ports.
<suppressed ~242 debug messages>

10.21.135. Executing OPT_EXPR pass (perform const folding).
Optimizing module $paramod$constmap:53f81d327ce76cbf6a8a98434119a90a4847620f$paramod$21dee603dc19e4530a14795556c80eafcc4f26b8\_90_shift_shiftx.
<suppressed ~29 debug messages>
Removed 0 unused cells and 9 unused wires.
Using template $paramod$constmap:53f81d327ce76cbf6a8a98434119a90a4847620f$paramod$21dee603dc19e4530a14795556c80eafcc4f26b8\_90_shift_shiftx for cells of type $shift.
Using template $paramod$2af30114e9bd4ccb04dad757b3f0a8f6bf0615b0\_90_alu for cells of type $alu.
Using template $paramod$7e708ae28ab761f11d0fb59d3ffc72f6a4baf5d9\_90_alu for cells of type $alu.
Using template $paramod$bee2d9b174e5d569acba3e70eed4e815564102b5\_90_alu for cells of type $alu.
  add \u_core.n_dl (8 bits, unsigned)
  add $auto$wreduce.cc:461:run$9404 [1:0] (2 bits, unsigned)
  add bits { \u_core.chg_rd [2] \u_core.chg_rd [3] \u_core.chg_rd [4] \u_core.chg_rd [5] \u_core.chg_rd [6] \u_core.chg_rd [7] } (6 bits)
  packed 3 (3) bits / 3 words into adder tree
  add { 8'00000000 \u_core.ctx_prev [23:0] } * 32'10011110001101110111100110110001 (32x32 bits, unsigned)
Using template $paramod$0a77e3c00010cb33e399decd813a7380c6e25cba\_90_alu for cells of type $alu.
Using template $paramod$adbaf76fa5a3091a329503792521395f8ff4d1a4\_90_alu for cells of type $alu.
Using template $paramod$6a42b6fefed750f8a1c58eab59479d960557103c\_90_alu for cells of type $alu.
Using template $paramod$103b4016182df467cceab67bcf3e18e6361ec0fd\_90_alu for cells of type $alu.
Using template $paramod$754650b284649a026620fc6856e5b6886cbfe794\_90_alu for cells of type $alu.
Using template $paramod$e82bc780abe45b949d821aa3d0d92433ac3b9e09\_90_alu for cells of type $alu.
  add \u_core.ev_v * \u_core.w_rd [3:0] (5x4 bits, signed)
Using template $paramod$fa8d9e4c2749d63ae521a69564d54ead1ad1232d\_90_alu for cells of type $alu.
  add 32'10011110001101110111100110110001 * \u_core.ctx [23:0] (32x24 bits, unsigned)
Using template $paramod$constmap:100c7a537617e70a5ea2c19346202cad4aa0c0ce$paramod$562ec6d6a69b56f57f5064f60993430f2dca6795\_90_shift_shiftx for cells of type $shiftx.
Using template $paramod$constmap:c81ca6220226ba63c49fdaa5cf7e24282dc50fc1$paramod$57a5f1a272e0827b84978429ccca4556ff24617e\_90_shift_shiftx for cells of type $shiftx.
Using template $paramod$constmap:491a332f3f1e0ffc589976a5f135d2ae965cbaa0$paramod$92bdcd5cc7a56d910078f9ff33586896cd725f39\_90_shift_shiftx for cells of type $shiftx.
Using template $paramod$18182f1e6654f3565ccaca8ae55e911ad72397ee\_90_alu for cells of type $alu.
Using template $paramod$3a2994e7fb2bb40f4f276dbd9a2c73466b1c6a8f\_90_alu for cells of type $alu.
Using template $paramod$bd91b1311a7e26328ec7b35acb363a89aa87e033\_90_alu for cells of type $alu.
Using template $paramod$3ace65afedd5f6a6849996376b6c02262a5f23eb\_90_alu for cells of type $alu.
Using template $paramod$f05836d85e1860e75a2ae13f8f5d94b1462396f8\_90_alu for cells of type $alu.
Using template $paramod$672c22484b44e0408ee981dbe2b7113511883732\_90_alu for cells of type $alu.
Using template $paramod$a7484d8e632daaa55385ba6c07492b56f14fc153\_90_alu for cells of type $alu.
Using template $paramod$958ce0e0aa199c3dc84773be7e605163a9a47c02\_90_alu for cells of type $alu.
Using template $paramod$672a140277c71df8314410f22acc08d55222c3c7\_90_alu for cells of type $alu.
  add \u_core.n_nz (8 bits, unsigned)
  add $auto$wreduce.cc:461:run$9403 [1:0] (2 bits, unsigned)
  add bits { \u_core.srcnz_rd [2] \u_core.srcnz_rd [3] \u_core.srcnz_rd [4] \u_core.srcnz_rd [5] \u_core.srcnz_rd [6] \u_core.srcnz_rd [7] } (6 bits)
  packed 3 (3) bits / 3 words into adder tree
  add $auto$wreduce.cc:461:run$9430 * 8'01110011 (16x8 bits, signed)
Using template $paramod$a1bc51c02ce12ac21eb18988e83292af48ed7d72\_90_alu for cells of type $alu.
  add $auto$wreduce.cc:461:run$9428 * 8'01110011 (16x8 bits, signed)
  add $flatten\u_core.$shiftx$../../rtl/spark_core.v:0$1495_Y * 8'01110011 (16x8 bits, signed)
  add \u_core.ev_v * \u_core.w_rd [31:28] (5x4 bits, signed)
  add \u_core.ev_v * \u_core.w_rd [27:24] (5x4 bits, signed)
  add \u_core.ev_v * \u_core.w_rd [23:20] (5x4 bits, signed)
  add \u_core.ev_v * \u_core.w_rd [19:16] (5x4 bits, signed)
  add \u_core.ev_v * \u_core.w_rd [15:12] (5x4 bits, signed)
  add \u_core.ev_v * \u_core.w_rd [11:8] (5x4 bits, signed)
  add \u_core.ev_v * \u_core.w_rd [7:4] (5x4 bits, signed)
Using template $paramod$dc04b7d98e503a7bab16fce2df70e6e2c5ca34d6\_90_alu for cells of type $alu.
Using template $paramod$1a3a0c35c4a4896fbfd612699525c057298e72d2\_90_alu for cells of type $alu.
Using template $paramod$740b056ede97228d3eae64ea2fdc81f0a33e0fe7\_90_alu for cells of type $alu.
Using template $paramod$97565c3687be688407d1272a293bd9d0ae6852dc\_90_pmux for cells of type $pmux.
Using template $paramod$0d149ffe75563ef6fcc1a3dddc59d00af28651a7\_90_pmux for cells of type $pmux.
