
 /----------------------------------------------------------------------------\
 |                                                                            |
 |  yosys -- Yosys Open SYnthesis Suite                                       |
 |                                                                            |
 |  Copyright (C) 2012 - 2020  Claire Xenia Wolf <claire@yosyshq.com>         |
 |                                                                            |
 |  Permission to use, copy, modify, and/or distribute this software for any  |
 |  purpose with or without fee is hereby granted, provided that the above    |
 |  copyright notice and this permission notice appear in all copies.         |
 |                                                                            |
 |  THE SOFTWARE IS PROVIDED "AS IS" AND THE AUTHOR DISCLAIMS ALL WARRANTIES  |
 |  WITH REGARD TO THIS SOFTWARE INCLUDING ALL IMPLIED WARRANTIES OF          |
 |  MERCHANTABILITY AND FITNESS. IN NO EVENT SHALL THE AUTHOR BE LIABLE FOR   |
 |  ANY SPECIAL, DIRECT, INDIRECT, OR CONSEQUENTIAL DAMAGES OR ANY DAMAGES    |
 |  WHATSOEVER RESULTING FROM LOSS OF USE, DATA OR PROFITS, WHETHER IN AN     |
 |  ACTION OF CONTRACT, NEGLIGENCE OR OTHER TORTIOUS ACTION, ARISING OUT OF   |
 |  OR IN CONNECTION WITH THE USE OR PERFORMANCE OF THIS SOFTWARE.            |
 |                                                                            |
 \----------------------------------------------------------------------------/

 Yosys 0.33 (git sha1 2584903a060)


-- Executing script file `synth.ys' --

1. Executing Liberty frontend: /opt/sky130_sram_macros/sky130_sram_2kbyte_1rw1r_32x512_8/sky130_sram_2kbyte_1rw1r_32x512_8_TT_1p8V_25C.lib
Imported 1 cell types from liberty file.

2. Executing Verilog-2005 frontend: ../../rtl/spark_core.v
Parsing SystemVerilog input from `../../rtl/spark_core.v' to AST representation.
Generating RTLIL representation for module `\spark_core'.
Warning: Replacing memory \s_ra with list of registers. See ../../rtl/spark_core.v:291
Warning: Replacing memory \s_wd with list of registers. See ../../rtl/spark_core.v:291
Warning: Replacing memory \s_wa with list of registers. See ../../rtl/spark_core.v:291
Warning: Replacing memory \s_we with list of registers. See ../../rtl/spark_core.v:291
Warning: Replacing memory \h_ra with list of registers. See ../../rtl/spark_core.v:290
Warning: Replacing memory \h_wd with list of registers. See ../../rtl/spark_core.v:290
Warning: Replacing memory \h_wa with list of registers. See ../../rtl/spark_core.v:290
Warning: Replacing memory \h_we with list of registers. See ../../rtl/spark_core.v:290
Warning: Replacing memory \sn_ra with list of registers. See ../../rtl/spark_core.v:287
Warning: Replacing memory \sn_wd with list of registers. See ../../rtl/spark_core.v:287
Warning: Replacing memory \sn_wa with list of registers. See ../../rtl/spark_core.v:287
Warning: Replacing memory \sn_we with list of registers. See ../../rtl/spark_core.v:287
Warning: Replacing memory \acc_ra with list of registers. See ../../rtl/spark_core.v:286
Warning: Replacing memory \acc_wd with list of registers. See ../../rtl/spark_core.v:286
Warning: Replacing memory \acc_wa with list of registers. See ../../rtl/spark_core.v:286
Warning: Replacing memory \acc_we with list of registers. See ../../rtl/spark_core.v:286
Warning: Replacing memory \vlat with list of registers. See ../../rtl/spark_core.v:209
Successfully finished Verilog frontend.

3. Executing Verilog-2005 frontend: ../../rtl/spark_chip.v
Parsing SystemVerilog input from `../../rtl/spark_chip.v' to AST representation.
Generating RTLIL representation for module `\spark_chip'.
Warning: Replacing memory \rbuf with list of registers. See ../../rtl/spark_chip.v:77
Successfully finished Verilog frontend.

4. Executing Verilog-2005 frontend: ../../board/uart_rx.v
Parsing SystemVerilog input from `../../board/uart_rx.v' to AST representation.
Generating RTLIL representation for module `\uart_rx'.
Successfully finished Verilog frontend.

5. Executing Verilog-2005 frontend: ../../board/uart_tx.v
Parsing SystemVerilog input from `../../board/uart_tx.v' to AST representation.
Generating RTLIL representation for module `\uart_tx'.
Successfully finished Verilog frontend.

6. Executing Verilog-2005 frontend: ../spark_mem_sky130.v
Parsing SystemVerilog input from `../spark_mem_sky130.v' to AST representation.
Generating RTLIL representation for module `\sram_array'.
Generating RTLIL representation for module `\spark_bram'.
Generating RTLIL representation for module `\spark_spram'.
Successfully finished Verilog frontend.

7. Executing Verilog-2005 frontend: ../spark_ram_asic.v
Parsing SystemVerilog input from `../spark_ram_asic.v' to AST representation.
Generating RTLIL representation for module `\spark_ram'.
Successfully finished Verilog frontend.

8. Executing HIERARCHY pass (managing design hierarchy).

8.1. Analyzing design hierarchy..
Top module:  \spark_chip
Used module:     \spark_core
Used module:         \spark_spram
Used module:             \sram_array
Used module:         \spark_ram
Used module:         \spark_bram
Used module:     \uart_tx
Used module:     \uart_rx
Parameter 1 (\W) = 10
Parameter 2 (\DEPTH) = 1024
Parameter 3 (\AW) = 10

8.2. Executing AST frontend in derive mode using pre-parsed AST for module `\spark_spram'.
Parameter 1 (\W) = 10
Parameter 2 (\DEPTH) = 1024
Parameter 3 (\AW) = 10
Generating RTLIL representation for module `$paramod$4d3c4ff6ab1be9973e955659d38e203320f28619\spark_spram'.
Parameter 1 (\W) = 33
Parameter 2 (\DEPTH) = 1024
Parameter 3 (\AW) = 10

8.3. Executing AST frontend in derive mode using pre-parsed AST for module `\spark_spram'.
Parameter 1 (\W) = 33
Parameter 2 (\DEPTH) = 1024
Parameter 3 (\AW) = 10
Generating RTLIL representation for module `$paramod$8f93e5a50923ff060caee78116dfcb18e6d470aa\spark_spram'.
Parameter 1 (\W) = 32
Parameter 2 (\DEPTH) = 16
Parameter 3 (\AW) = 6

8.4. Executing AST frontend in derive mode using pre-parsed AST for module `\spark_ram'.
Parameter 1 (\W) = 32
Parameter 2 (\DEPTH) = 16
Parameter 3 (\AW) = 6
Generating RTLIL representation for module `$paramod$bcf365f4146dd7b8dd7973b9792131c6e19538bf\spark_ram'.
Parameter 1 (\W) = 32
Parameter 2 (\DEPTH) = 16
Parameter 3 (\AW) = 6
Found cached RTLIL representation for module `$paramod$bcf365f4146dd7b8dd7973b9792131c6e19538bf\spark_ram'.
Parameter 1 (\W) = 32
Parameter 2 (\DEPTH) = 16
Parameter 3 (\AW) = 6
Found cached RTLIL representation for module `$paramod$bcf365f4146dd7b8dd7973b9792131c6e19538bf\spark_ram'.
Parameter 1 (\W) = 32
Parameter 2 (\DEPTH) = 24
Parameter 3 (\AW) = 6

8.5. Executing AST frontend in derive mode using pre-parsed AST for module `\spark_ram'.
Parameter 1 (\W) = 32
Parameter 2 (\DEPTH) = 24
Parameter 3 (\AW) = 6
Generating RTLIL representation for module `$paramod$5ef048927887dab421ae4d77be9d31047db88ca2\spark_ram'.
Parameter 1 (\W) = 32
Parameter 2 (\DEPTH) = 16
Parameter 3 (\AW) = 6
Found cached RTLIL representation for module `$paramod$bcf365f4146dd7b8dd7973b9792131c6e19538bf\spark_ram'.
Parameter 1 (\W) = 32
Parameter 2 (\DEPTH) = 16
Parameter 3 (\AW) = 6
Found cached RTLIL representation for module `$paramod$bcf365f4146dd7b8dd7973b9792131c6e19538bf\spark_ram'.
Parameter 1 (\W) = 128
Parameter 2 (\DEPTH) = 16
Parameter 3 (\AW) = 6

8.6. Executing AST frontend in derive mode using pre-parsed AST for module `\spark_ram'.
Parameter 1 (\W) = 128
Parameter 2 (\DEPTH) = 16
Parameter 3 (\AW) = 6
Generating RTLIL representation for module `$paramod$b60b308f1fe104c2737e410a4ba6465ac6270627\spark_ram'.
Parameter 1 (\W) = 128
Parameter 2 (\DEPTH) = 16
Parameter 3 (\AW) = 6
Found cached RTLIL representation for module `$paramod$b60b308f1fe104c2737e410a4ba6465ac6270627\spark_ram'.
Parameter 1 (\W) = 128
Parameter 2 (\DEPTH) = 32
Parameter 3 (\AW) = 6

8.7. Executing AST frontend in derive mode using pre-parsed AST for module `\spark_ram'.
Parameter 1 (\W) = 128
Parameter 2 (\DEPTH) = 32
Parameter 3 (\AW) = 6
Generating RTLIL representation for module `$paramod$3cd4f12c67766e10179630e6778f5a719138134d\spark_ram'.
Parameter 1 (\W) = 128
Parameter 2 (\DEPTH) = 32
Parameter 3 (\AW) = 6
Found cached RTLIL representation for module `$paramod$3cd4f12c67766e10179630e6778f5a719138134d\spark_ram'.
Parameter 1 (\W) = 128
Parameter 2 (\DEPTH) = 16
Parameter 3 (\AW) = 6
Found cached RTLIL representation for module `$paramod$b60b308f1fe104c2737e410a4ba6465ac6270627\spark_ram'.
Parameter 1 (\W) = 128
Parameter 2 (\DEPTH) = 16
Parameter 3 (\AW) = 6
Found cached RTLIL representation for module `$paramod$b60b308f1fe104c2737e410a4ba6465ac6270627\spark_ram'.
Parameter 1 (\W) = 32
Parameter 2 (\DEPTH) = 4096
Parameter 3 (\AW) = 12
Parameter 4 (\INIT) = 48'011101110011001100101110011010000110010101111000

8.8. Executing AST frontend in derive mode using pre-parsed AST for module `\spark_bram'.
Parameter 1 (\W) = 32
Parameter 2 (\DEPTH) = 4096
Parameter 3 (\AW) = 12
Parameter 4 (\INIT) = 48'011101110011001100101110011010000110010101111000
Generating RTLIL representation for module `$paramod$65bb511039255751eac159e7db0d031ba93508a5\spark_bram'.
Parameter 1 (\W) = 32
Parameter 2 (\DEPTH) = 4096
Parameter 3 (\AW) = 12
Parameter 4 (\INIT) = 48'011101110011001000101110011010000110010101111000

8.9. Executing AST frontend in derive mode using pre-parsed AST for module `\spark_bram'.
Parameter 1 (\W) = 32
Parameter 2 (\DEPTH) = 4096
Parameter 3 (\AW) = 12
Parameter 4 (\INIT) = 48'011101110011001000101110011010000110010101111000
Generating RTLIL representation for module `$paramod$dbbf05626a65085e653cdb145c977d1230a96f2f\spark_bram'.
Parameter 1 (\W) = 32
Parameter 2 (\DEPTH) = 2048
Parameter 3 (\AW) = 12
Parameter 4 (\INIT) = 48'011101110011000100101110011010000110010101111000

8.10. Executing AST frontend in derive mode using pre-parsed AST for module `\spark_bram'.
Parameter 1 (\W) = 32
Parameter 2 (\DEPTH) = 2048
Parameter 3 (\AW) = 12
Parameter 4 (\INIT) = 48'011101110011000100101110011010000110010101111000
Generating RTLIL representation for module `$paramod$d9ab2efa7eea0d192502537985c8f7561002c9b0\spark_bram'.
Parameter 1 (\W) = 128
Parameter 2 (\DEPTH) = 16
Parameter 3 (\AW) = 6
Parameter 4 (\INIT) = 56'01110100011010000011000100101110011010000110010101111000

8.11. Executing AST frontend in derive mode using pre-parsed AST for module `\spark_ram'.
Parameter 1 (\W) = 128
Parameter 2 (\DEPTH) = 16
Parameter 3 (\AW) = 6
Parameter 4 (\INIT) = 56'01110100011010000011000100101110011010000110010101111000
Generating RTLIL representation for module `$paramod$429c1f82066657abfcb96a496d5ead908f1f3b7c\spark_ram'.
Parameter 1 (\W) = 128
Parameter 2 (\DEPTH) = 16
Parameter 3 (\AW) = 6
Parameter 4 (\INIT) = 56'01110100011010000011000000101110011010000110010101111000

8.12. Executing AST frontend in derive mode using pre-parsed AST for module `\spark_ram'.
Parameter 1 (\W) = 128
Parameter 2 (\DEPTH) = 16
Parameter 3 (\AW) = 6
Parameter 4 (\INIT) = 56'01110100011010000011000000101110011010000110010101111000
Generating RTLIL representation for module `$paramod$a80fd39dadfcac33f5f91ba005c92717acda455a\spark_ram'.
Parameter 1 (\W) = 32
Parameter 2 (\DEPTH) = 3072
Parameter 3 (\AW) = 12
Parameter 4 (\INIT) = 48'011101110011000000101110011010000110010101111000

8.13. Executing AST frontend in derive mode using pre-parsed AST for module `\spark_bram'.
Parameter 1 (\W) = 32
Parameter 2 (\DEPTH) = 3072
Parameter 3 (\AW) = 12
Parameter 4 (\INIT) = 48'011101110011000000101110011010000110010101111000
Generating RTLIL representation for module `$paramod$6af0f02836453051d3d8ffed61fa77235a0a147a\spark_bram'.
Parameter 1 (\W) = 32
Parameter 2 (\DEPTH) = 2048
Parameter 3 (\AW) = 12
Parameter 4 (\INIT) = 64'0110010101101101011000100011001000101110011010000110010101111000

8.14. Executing AST frontend in derive mode using pre-parsed AST for module `\spark_bram'.
Parameter 1 (\W) = 32
Parameter 2 (\DEPTH) = 2048
Parameter 3 (\AW) = 12
Parameter 4 (\INIT) = 64'0110010101101101011000100011001000101110011010000110010101111000
Generating RTLIL representation for module `$paramod$c400bcddbad704c723253f185e204a10552e06d7\spark_bram'.
Parameter 1 (\W) = 32
Parameter 2 (\DEPTH) = 2048
Parameter 3 (\AW) = 12
Parameter 4 (\INIT) = 64'0110010101101101011000100011000100101110011010000110010101111000

8.15. Executing AST frontend in derive mode using pre-parsed AST for module `\spark_bram'.
Parameter 1 (\W) = 32
Parameter 2 (\DEPTH) = 2048
Parameter 3 (\AW) = 12
Parameter 4 (\INIT) = 64'0110010101101101011000100011000100101110011010000110010101111000
Generating RTLIL representation for module `$paramod$5ee7912e9d6f13c8ac6d054bdcd9f41199fbdf36\spark_bram'.
Parameter 1 (\W) = 32
Parameter 2 (\DEPTH) = 2048
Parameter 3 (\AW) = 12
Parameter 4 (\INIT) = 56'01100101011011010110001000101110011010000110010101111000

8.16. Executing AST frontend in derive mode using pre-parsed AST for module `\spark_bram'.
Parameter 1 (\W) = 32
Parameter 2 (\DEPTH) = 2048
Parameter 3 (\AW) = 12
Parameter 4 (\INIT) = 56'01100101011011010110001000101110011010000110010101111000
Generating RTLIL representation for module `$paramod$993060fb790aecc93c4c127468665a67bf1ba400\spark_bram'.
Reprocessing module spark_core because instantiated module spark_ram has become available.
Generating RTLIL representation for module `\spark_core'.
Warning: Replacing memory \s_ra with list of registers. See ../../rtl/spark_core.v:291
Warning: Replacing memory \s_wd with list of registers. See ../../rtl/spark_core.v:291
Warning: Replacing memory \s_wa with list of registers. See ../../rtl/spark_core.v:291
Warning: Replacing memory \s_we with list of registers. See ../../rtl/spark_core.v:291
Warning: Replacing memory \h_ra with list of registers. See ../../rtl/spark_core.v:290
Warning: Replacing memory \h_wd with list of registers. See ../../rtl/spark_core.v:290
Warning: Replacing memory \h_wa with list of registers. See ../../rtl/spark_core.v:290
Warning: Replacing memory \h_we with list of registers. See ../../rtl/spark_core.v:290
Warning: Replacing memory \sn_ra with list of registers. See ../../rtl/spark_core.v:287
Warning: Replacing memory \sn_wd with list of registers. See ../../rtl/spark_core.v:287
Warning: Replacing memory \sn_wa with list of registers. See ../../rtl/spark_core.v:287
Warning: Replacing memory \sn_we with list of registers. See ../../rtl/spark_core.v:287
Warning: Replacing memory \acc_ra with list of registers. See ../../rtl/spark_core.v:286
Warning: Replacing memory \acc_wd with list of registers. See ../../rtl/spark_core.v:286
Warning: Replacing memory \acc_wa with list of registers. See ../../rtl/spark_core.v:286
Warning: Replacing memory \acc_we with list of registers. See ../../rtl/spark_core.v:286
Warning: Replacing memory \vlat with list of registers. See ../../rtl/spark_core.v:209
Parameter \W = 64
Parameter \DEPTH = 16
Parameter \AW = 4

8.17. Executing AST frontend in derive mode using pre-parsed AST for module `\sram_array'.
Parameter \W = 64
Parameter \DEPTH = 16
Parameter \AW = 4
Generating RTLIL representation for module `$paramod$2ca8776e02014a553182cc1bde0189fec6e4293e\sram_array'.
../spark_mem_sky130.v:29: Warning: Range [8:0] select out of bounds on signal `\wa': Setting 5 MSB bits to undef.
../spark_mem_sky130.v:30: Warning: Range [8:0] select out of bounds on signal `\ra': Setting 5 MSB bits to undef.
../spark_mem_sky130.v:29: Warning: Range [8:0] select out of bounds on signal `\wa': Setting 5 MSB bits to undef.
../spark_mem_sky130.v:30: Warning: Range [8:0] select out of bounds on signal `\ra': Setting 5 MSB bits to undef.
Parameter \W = 64
Parameter \DEPTH = 16
Parameter \AW = 4
Found cached RTLIL representation for module `$paramod$2ca8776e02014a553182cc1bde0189fec6e4293e\sram_array'.
Parameter \CLK_HZ = 27000000
Parameter \BAUD = 115200

8.18. Executing AST frontend in derive mode using pre-parsed AST for module `\uart_tx'.
Parameter \CLK_HZ = 27000000
Parameter \BAUD = 115200
Generating RTLIL representation for module `$paramod$2c77d4c76d086e54f07b14b3885789884f559221\uart_tx'.
Parameter \CLK_HZ = 27000000
Parameter \BAUD = 115200

8.19. Executing AST frontend in derive mode using pre-parsed AST for module `\uart_rx'.
Parameter \CLK_HZ = 27000000
Parameter \BAUD = 115200
Generating RTLIL representation for module `$paramod$2c77d4c76d086e54f07b14b3885789884f559221\uart_rx'.

8.20. Analyzing design hierarchy..
Top module:  \spark_chip
Used module:     \spark_core
Used module:         \spark_spram
Used module:             $paramod$2ca8776e02014a553182cc1bde0189fec6e4293e\sram_array
Used module:         \spark_ram
Used module:         \spark_bram
Used module:     $paramod$2c77d4c76d086e54f07b14b3885789884f559221\uart_tx
Used module:     $paramod$2c77d4c76d086e54f07b14b3885789884f559221\uart_rx
Parameter 1 (\W) = 10
Parameter 2 (\DEPTH) = 1024
Parameter 3 (\AW) = 10
Found cached RTLIL representation for module `$paramod$4d3c4ff6ab1be9973e955659d38e203320f28619\spark_spram'.
Parameter 1 (\W) = 33
Parameter 2 (\DEPTH) = 1024
Parameter 3 (\AW) = 10
Found cached RTLIL representation for module `$paramod$8f93e5a50923ff060caee78116dfcb18e6d470aa\spark_spram'.
Parameter 1 (\W) = 32
Parameter 2 (\DEPTH) = 16
Parameter 3 (\AW) = 6
Found cached RTLIL representation for module `$paramod$bcf365f4146dd7b8dd7973b9792131c6e19538bf\spark_ram'.
Parameter 1 (\W) = 32
Parameter 2 (\DEPTH) = 16
Parameter 3 (\AW) = 6
Found cached RTLIL representation for module `$paramod$bcf365f4146dd7b8dd7973b9792131c6e19538bf\spark_ram'.
Parameter 1 (\W) = 32
Parameter 2 (\DEPTH) = 16
Parameter 3 (\AW) = 6
Found cached RTLIL representation for module `$paramod$bcf365f4146dd7b8dd7973b9792131c6e19538bf\spark_ram'.
Parameter 1 (\W) = 32
Parameter 2 (\DEPTH) = 24
Parameter 3 (\AW) = 6
Found cached RTLIL representation for module `$paramod$5ef048927887dab421ae4d77be9d31047db88ca2\spark_ram'.
Parameter 1 (\W) = 32
Parameter 2 (\DEPTH) = 16
Parameter 3 (\AW) = 6
Found cached RTLIL representation for module `$paramod$bcf365f4146dd7b8dd7973b9792131c6e19538bf\spark_ram'.
Parameter 1 (\W) = 32
Parameter 2 (\DEPTH) = 16
Parameter 3 (\AW) = 6
Found cached RTLIL representation for module `$paramod$bcf365f4146dd7b8dd7973b9792131c6e19538bf\spark_ram'.
Parameter 1 (\W) = 128
Parameter 2 (\DEPTH) = 16
Parameter 3 (\AW) = 6
Found cached RTLIL representation for module `$paramod$b60b308f1fe104c2737e410a4ba6465ac6270627\spark_ram'.
Parameter 1 (\W) = 128
Parameter 2 (\DEPTH) = 16
Parameter 3 (\AW) = 6
Found cached RTLIL representation for module `$paramod$b60b308f1fe104c2737e410a4ba6465ac6270627\spark_ram'.
Parameter 1 (\W) = 128
Parameter 2 (\DEPTH) = 32
Parameter 3 (\AW) = 6
Found cached RTLIL representation for module `$paramod$3cd4f12c67766e10179630e6778f5a719138134d\spark_ram'.
Parameter 1 (\W) = 128
Parameter 2 (\DEPTH) = 32
Parameter 3 (\AW) = 6
Found cached RTLIL representation for module `$paramod$3cd4f12c67766e10179630e6778f5a719138134d\spark_ram'.
Parameter 1 (\W) = 128
Parameter 2 (\DEPTH) = 16
Parameter 3 (\AW) = 6
Found cached RTLIL representation for module `$paramod$b60b308f1fe104c2737e410a4ba6465ac6270627\spark_ram'.
Parameter 1 (\W) = 128
Parameter 2 (\DEPTH) = 16
Parameter 3 (\AW) = 6
Found cached RTLIL representation for module `$paramod$b60b308f1fe104c2737e410a4ba6465ac6270627\spark_ram'.
Parameter 1 (\W) = 32
Parameter 2 (\DEPTH) = 4096
Parameter 3 (\AW) = 12
Parameter 4 (\INIT) = 48'011101110011001100101110011010000110010101111000
Found cached RTLIL representation for module `$paramod$65bb511039255751eac159e7db0d031ba93508a5\spark_bram'.
Parameter 1 (\W) = 32
Parameter 2 (\DEPTH) = 4096
Parameter 3 (\AW) = 12
Parameter 4 (\INIT) = 48'011101110011001000101110011010000110010101111000
Found cached RTLIL representation for module `$paramod$dbbf05626a65085e653cdb145c977d1230a96f2f\spark_bram'.
Parameter 1 (\W) = 32
Parameter 2 (\DEPTH) = 2048
Parameter 3 (\AW) = 12
Parameter 4 (\INIT) = 48'011101110011000100101110011010000110010101111000
Found cached RTLIL representation for module `$paramod$d9ab2efa7eea0d192502537985c8f7561002c9b0\spark_bram'.
Parameter 1 (\W) = 128
Parameter 2 (\DEPTH) = 16
Parameter 3 (\AW) = 6
Parameter 4 (\INIT) = 56'01110100011010000011000100101110011010000110010101111000
Found cached RTLIL representation for module `$paramod$429c1f82066657abfcb96a496d5ead908f1f3b7c\spark_ram'.
Parameter 1 (\W) = 128
Parameter 2 (\DEPTH) = 16
Parameter 3 (\AW) = 6
Parameter 4 (\INIT) = 56'01110100011010000011000000101110011010000110010101111000
Found cached RTLIL representation for module `$paramod$a80fd39dadfcac33f5f91ba005c92717acda455a\spark_ram'.
Parameter 1 (\W) = 32
Parameter 2 (\DEPTH) = 3072
Parameter 3 (\AW) = 12
Parameter 4 (\INIT) = 48'011101110011000000101110011010000110010101111000
Found cached RTLIL representation for module `$paramod$6af0f02836453051d3d8ffed61fa77235a0a147a\spark_bram'.
Parameter 1 (\W) = 32
Parameter 2 (\DEPTH) = 2048
Parameter 3 (\AW) = 12
Parameter 4 (\INIT) = 64'0110010101101101011000100011001000101110011010000110010101111000
Found cached RTLIL representation for module `$paramod$c400bcddbad704c723253f185e204a10552e06d7\spark_bram'.
Parameter 1 (\W) = 32
Parameter 2 (\DEPTH) = 2048
Parameter 3 (\AW) = 12
Parameter 4 (\INIT) = 64'0110010101101101011000100011000100101110011010000110010101111000
Found cached RTLIL representation for module `$paramod$5ee7912e9d6f13c8ac6d054bdcd9f41199fbdf36\spark_bram'.
Parameter 1 (\W) = 32
Parameter 2 (\DEPTH) = 2048
Parameter 3 (\AW) = 12
Parameter 4 (\INIT) = 56'01100101011011010110001000101110011010000110010101111000
Found cached RTLIL representation for module `$paramod$993060fb790aecc93c4c127468665a67bf1ba400\spark_bram'.

8.21. Analyzing design hierarchy..
Top module:  \spark_chip
Used module:     \spark_core
Used module:         $paramod$4d3c4ff6ab1be9973e955659d38e203320f28619\spark_spram
Used module:             \sram_array
Used module:         $paramod$8f93e5a50923ff060caee78116dfcb18e6d470aa\spark_spram
Used module:         $paramod$bcf365f4146dd7b8dd7973b9792131c6e19538bf\spark_ram
Used module:         $paramod$5ef048927887dab421ae4d77be9d31047db88ca2\spark_ram
Used module:         $paramod$b60b308f1fe104c2737e410a4ba6465ac6270627\spark_ram
Used module:         $paramod$3cd4f12c67766e10179630e6778f5a719138134d\spark_ram
Used module:         $paramod$65bb511039255751eac159e7db0d031ba93508a5\spark_bram
Used module:         $paramod$dbbf05626a65085e653cdb145c977d1230a96f2f\spark_bram
Used module:         $paramod$d9ab2efa7eea0d192502537985c8f7561002c9b0\spark_bram
Used module:         $paramod$429c1f82066657abfcb96a496d5ead908f1f3b7c\spark_ram
Used module:         $paramod$a80fd39dadfcac33f5f91ba005c92717acda455a\spark_ram
Used module:         $paramod$6af0f02836453051d3d8ffed61fa77235a0a147a\spark_bram
Used module:         $paramod$c400bcddbad704c723253f185e204a10552e06d7\spark_bram
Used module:         $paramod$5ee7912e9d6f13c8ac6d054bdcd9f41199fbdf36\spark_bram
Used module:         $paramod$993060fb790aecc93c4c127468665a67bf1ba400\spark_bram
Used module:     $paramod$2c77d4c76d086e54f07b14b3885789884f559221\uart_tx
Used module:     $paramod$2c77d4c76d086e54f07b14b3885789884f559221\uart_rx
Parameter \W = 10
Parameter \DEPTH = 1024
Parameter \AW = 10

8.22. Executing AST frontend in derive mode using pre-parsed AST for module `\sram_array'.
Parameter \W = 10
Parameter \DEPTH = 1024
Parameter \AW = 10
Generating RTLIL representation for module `$paramod$4d3c4ff6ab1be9973e955659d38e203320f28619\sram_array'.
Parameter \W = 33
Parameter \DEPTH = 1024
Parameter \AW = 10

8.23. Executing AST frontend in derive mode using pre-parsed AST for module `\sram_array'.
Parameter \W = 33
Parameter \DEPTH = 1024
Parameter \AW = 10
Generating RTLIL representation for module `$paramod$8f93e5a50923ff060caee78116dfcb18e6d470aa\sram_array'.
Parameter \W = 32
Parameter \DEPTH = 4096
Parameter \AW = 12

8.24. Executing AST frontend in derive mode using pre-parsed AST for module `\sram_array'.
Parameter \W = 32
Parameter \DEPTH = 4096
Parameter \AW = 12
Generating RTLIL representation for module `$paramod$0d0377702b2925ff4e344b2b32674ab0e09676c9\sram_array'.
Parameter \W = 32
Parameter \DEPTH = 4096
Parameter \AW = 12
Found cached RTLIL representation for module `$paramod$0d0377702b2925ff4e344b2b32674ab0e09676c9\sram_array'.
Parameter \W = 32
Parameter \DEPTH = 2048
Parameter \AW = 12

8.25. Executing AST frontend in derive mode using pre-parsed AST for module `\sram_array'.
Parameter \W = 32
Parameter \DEPTH = 2048
Parameter \AW = 12
Generating RTLIL representation for module `$paramod$a28ce1f40a247108f5837ac3d099bee74b2b0a07\sram_array'.
Parameter \W = 32
Parameter \DEPTH = 3072
Parameter \AW = 12

8.26. Executing AST frontend in derive mode using pre-parsed AST for module `\sram_array'.
Parameter \W = 32
Parameter \DEPTH = 3072
Parameter \AW = 12
Generating RTLIL representation for module `$paramod$5991bf1e7dfda537268c11f0f2f1f92d0f7b6ab2\sram_array'.
Parameter \W = 32
Parameter \DEPTH = 2048
Parameter \AW = 12
Found cached RTLIL representation for module `$paramod$a28ce1f40a247108f5837ac3d099bee74b2b0a07\sram_array'.
Parameter \W = 32
Parameter \DEPTH = 2048
Parameter \AW = 12
Found cached RTLIL representation for module `$paramod$a28ce1f40a247108f5837ac3d099bee74b2b0a07\sram_array'.
Parameter \W = 32
Parameter \DEPTH = 2048
Parameter \AW = 12
Found cached RTLIL representation for module `$paramod$a28ce1f40a247108f5837ac3d099bee74b2b0a07\sram_array'.

8.27. Analyzing design hierarchy..
Top module:  \spark_chip
Used module:     \spark_core
Used module:         $paramod$4d3c4ff6ab1be9973e955659d38e203320f28619\spark_spram
Used module:             $paramod$4d3c4ff6ab1be9973e955659d38e203320f28619\sram_array
Used module:         $paramod$8f93e5a50923ff060caee78116dfcb18e6d470aa\spark_spram
Used module:             $paramod$8f93e5a50923ff060caee78116dfcb18e6d470aa\sram_array
Used module:         $paramod$bcf365f4146dd7b8dd7973b9792131c6e19538bf\spark_ram
Used module:         $paramod$5ef048927887dab421ae4d77be9d31047db88ca2\spark_ram
Used module:         $paramod$b60b308f1fe104c2737e410a4ba6465ac6270627\spark_ram
Used module:         $paramod$3cd4f12c67766e10179630e6778f5a719138134d\spark_ram
Used module:         $paramod$65bb511039255751eac159e7db0d031ba93508a5\spark_bram
Used module:             $paramod$0d0377702b2925ff4e344b2b32674ab0e09676c9\sram_array
Used module:         $paramod$dbbf05626a65085e653cdb145c977d1230a96f2f\spark_bram
Used module:         $paramod$d9ab2efa7eea0d192502537985c8f7561002c9b0\spark_bram
Used module:             $paramod$a28ce1f40a247108f5837ac3d099bee74b2b0a07\sram_array
Used module:         $paramod$429c1f82066657abfcb96a496d5ead908f1f3b7c\spark_ram
Used module:         $paramod$a80fd39dadfcac33f5f91ba005c92717acda455a\spark_ram
Used module:         $paramod$6af0f02836453051d3d8ffed61fa77235a0a147a\spark_bram
Used module:             $paramod$5991bf1e7dfda537268c11f0f2f1f92d0f7b6ab2\sram_array
Used module:         $paramod$c400bcddbad704c723253f185e204a10552e06d7\spark_bram
Used module:         $paramod$5ee7912e9d6f13c8ac6d054bdcd9f41199fbdf36\spark_bram
Used module:         $paramod$993060fb790aecc93c4c127468665a67bf1ba400\spark_bram
Used module:     $paramod$2c77d4c76d086e54f07b14b3885789884f559221\uart_tx
Used module:     $paramod$2c77d4c76d086e54f07b14b3885789884f559221\uart_rx

8.28. Analyzing design hierarchy..
Top module:  \spark_chip
Used module:     \spark_core
Used module:         $paramod$4d3c4ff6ab1be9973e955659d38e203320f28619\spark_spram
Used module:             $paramod$4d3c4ff6ab1be9973e955659d38e203320f28619\sram_array
Used module:         $paramod$8f93e5a50923ff060caee78116dfcb18e6d470aa\spark_spram
Used module:             $paramod$8f93e5a50923ff060caee78116dfcb18e6d470aa\sram_array
Used module:         $paramod$bcf365f4146dd7b8dd7973b9792131c6e19538bf\spark_ram
Used module:         $paramod$5ef048927887dab421ae4d77be9d31047db88ca2\spark_ram
Used module:         $paramod$b60b308f1fe104c2737e410a4ba6465ac6270627\spark_ram
Used module:         $paramod$3cd4f12c67766e10179630e6778f5a719138134d\spark_ram
Used module:         $paramod$65bb511039255751eac159e7db0d031ba93508a5\spark_bram
Used module:             $paramod$0d0377702b2925ff4e344b2b32674ab0e09676c9\sram_array
Used module:         $paramod$dbbf05626a65085e653cdb145c977d1230a96f2f\spark_bram
Used module:         $paramod$d9ab2efa7eea0d192502537985c8f7561002c9b0\spark_bram
Used module:             $paramod$a28ce1f40a247108f5837ac3d099bee74b2b0a07\sram_array
Used module:         $paramod$429c1f82066657abfcb96a496d5ead908f1f3b7c\spark_ram
Used module:         $paramod$a80fd39dadfcac33f5f91ba005c92717acda455a\spark_ram
Used module:         $paramod$6af0f02836453051d3d8ffed61fa77235a0a147a\spark_bram
Used module:             $paramod$5991bf1e7dfda537268c11f0f2f1f92d0f7b6ab2\sram_array
Used module:         $paramod$c400bcddbad704c723253f185e204a10552e06d7\spark_bram
Used module:         $paramod$5ee7912e9d6f13c8ac6d054bdcd9f41199fbdf36\spark_bram
Used module:         $paramod$993060fb790aecc93c4c127468665a67bf1ba400\spark_bram
Used module:     $paramod$2c77d4c76d086e54f07b14b3885789884f559221\uart_tx
Used module:     $paramod$2c77d4c76d086e54f07b14b3885789884f559221\uart_rx
Removing unused module `$paramod$2ca8776e02014a553182cc1bde0189fec6e4293e\sram_array'.
Removing unused module `\spark_ram'.
Removing unused module `\spark_spram'.
Removing unused module `\spark_bram'.
Removing unused module `\sram_array'.
Removing unused module `\uart_tx'.
Removing unused module `\uart_rx'.
Removed 7 unused modules.
Mapping positional arguments of cell spark_core.u_tab_dat ($paramod$4d3c4ff6ab1be9973e955659d38e203320f28619\spark_spram).
Mapping positional arguments of cell spark_core.u_tab_tag ($paramod$8f93e5a50923ff060caee78116dfcb18e6d470aa\spark_spram).
Mapping positional arguments of cell spark_core.u_sn3 ($paramod$bcf365f4146dd7b8dd7973b9792131c6e19538bf\spark_ram).
Mapping positional arguments of cell spark_core.u_sn2 ($paramod$bcf365f4146dd7b8dd7973b9792131c6e19538bf\spark_ram).
Mapping positional arguments of cell spark_core.u_sn1 ($paramod$bcf365f4146dd7b8dd7973b9792131c6e19538bf\spark_ram).
Mapping positional arguments of cell spark_core.u_sn0 ($paramod$5ef048927887dab421ae4d77be9d31047db88ca2\spark_ram).
Mapping positional arguments of cell spark_core.u_s1 ($paramod$bcf365f4146dd7b8dd7973b9792131c6e19538bf\spark_ram).
Mapping positional arguments of cell spark_core.u_s0 ($paramod$bcf365f4146dd7b8dd7973b9792131c6e19538bf\spark_ram).
Mapping positional arguments of cell spark_core.u_h1 ($paramod$b60b308f1fe104c2737e410a4ba6465ac6270627\spark_ram).
Mapping positional arguments of cell spark_core.u_h0 ($paramod$b60b308f1fe104c2737e410a4ba6465ac6270627\spark_ram).
Mapping positional arguments of cell spark_core.u_acc3 ($paramod$3cd4f12c67766e10179630e6778f5a719138134d\spark_ram).
Mapping positional arguments of cell spark_core.u_acc2 ($paramod$3cd4f12c67766e10179630e6778f5a719138134d\spark_ram).
Mapping positional arguments of cell spark_core.u_acc1 ($paramod$b60b308f1fe104c2737e410a4ba6465ac6270627\spark_ram).
Mapping positional arguments of cell spark_core.u_acc0 ($paramod$b60b308f1fe104c2737e410a4ba6465ac6270627\spark_ram).
Mapping positional arguments of cell spark_core.u_w3 ($paramod$65bb511039255751eac159e7db0d031ba93508a5\spark_bram).
Mapping positional arguments of cell spark_core.u_w2 ($paramod$dbbf05626a65085e653cdb145c977d1230a96f2f\spark_bram).
Mapping positional arguments of cell spark_core.u_w1 ($paramod$d9ab2efa7eea0d192502537985c8f7561002c9b0\spark_bram).
Mapping positional arguments of cell spark_core.u_th1 ($paramod$429c1f82066657abfcb96a496d5ead908f1f3b7c\spark_ram).
Mapping positional arguments of cell spark_core.u_th0 ($paramod$a80fd39dadfcac33f5f91ba005c92717acda455a\spark_ram).
Mapping positional arguments of cell spark_core.u_w0 ($paramod$6af0f02836453051d3d8ffed61fa77235a0a147a\spark_bram).
Mapping positional arguments of cell spark_core.u_emb2 ($paramod$c400bcddbad704c723253f185e204a10552e06d7\spark_bram).
Mapping positional arguments of cell spark_core.u_emb1 ($paramod$5ee7912e9d6f13c8ac6d054bdcd9f41199fbdf36\spark_bram).
Mapping positional arguments of cell spark_core.u_emb ($paramod$993060fb790aecc93c4c127468665a67bf1ba400\spark_bram).

9. Executing SYNTH pass.

9.1. Executing HIERARCHY pass (managing design hierarchy).

9.1.1. Analyzing design hierarchy..
Top module:  \spark_chip
Used module:     \spark_core
Used module:         $paramod$4d3c4ff6ab1be9973e955659d38e203320f28619\spark_spram
Used module:             $paramod$4d3c4ff6ab1be9973e955659d38e203320f28619\sram_array
Used module:         $paramod$8f93e5a50923ff060caee78116dfcb18e6d470aa\spark_spram
Used module:             $paramod$8f93e5a50923ff060caee78116dfcb18e6d470aa\sram_array
Used module:         $paramod$bcf365f4146dd7b8dd7973b9792131c6e19538bf\spark_ram
Used module:         $paramod$5ef048927887dab421ae4d77be9d31047db88ca2\spark_ram
Used module:         $paramod$b60b308f1fe104c2737e410a4ba6465ac6270627\spark_ram
Used module:         $paramod$3cd4f12c67766e10179630e6778f5a719138134d\spark_ram
Used module:         $paramod$65bb511039255751eac159e7db0d031ba93508a5\spark_bram
Used module:             $paramod$0d0377702b2925ff4e344b2b32674ab0e09676c9\sram_array
Used module:         $paramod$dbbf05626a65085e653cdb145c977d1230a96f2f\spark_bram
Used module:         $paramod$d9ab2efa7eea0d192502537985c8f7561002c9b0\spark_bram
Used module:             $paramod$a28ce1f40a247108f5837ac3d099bee74b2b0a07\sram_array
Used module:         $paramod$429c1f82066657abfcb96a496d5ead908f1f3b7c\spark_ram
Used module:         $paramod$a80fd39dadfcac33f5f91ba005c92717acda455a\spark_ram
Used module:         $paramod$6af0f02836453051d3d8ffed61fa77235a0a147a\spark_bram
Used module:             $paramod$5991bf1e7dfda537268c11f0f2f1f92d0f7b6ab2\sram_array
Used module:         $paramod$c400bcddbad704c723253f185e204a10552e06d7\spark_bram
Used module:         $paramod$5ee7912e9d6f13c8ac6d054bdcd9f41199fbdf36\spark_bram
Used module:         $paramod$993060fb790aecc93c4c127468665a67bf1ba400\spark_bram
Used module:     $paramod$2c77d4c76d086e54f07b14b3885789884f559221\uart_tx
Used module:     $paramod$2c77d4c76d086e54f07b14b3885789884f559221\uart_rx

9.1.2. Analyzing design hierarchy..
Top module:  \spark_chip
Used module:     \spark_core
Used module:         $paramod$4d3c4ff6ab1be9973e955659d38e203320f28619\spark_spram
Used module:             $paramod$4d3c4ff6ab1be9973e955659d38e203320f28619\sram_array
Used module:         $paramod$8f93e5a50923ff060caee78116dfcb18e6d470aa\spark_spram
Used module:             $paramod$8f93e5a50923ff060caee78116dfcb18e6d470aa\sram_array
Used module:         $paramod$bcf365f4146dd7b8dd7973b9792131c6e19538bf\spark_ram
Used module:         $paramod$5ef048927887dab421ae4d77be9d31047db88ca2\spark_ram
Used module:         $paramod$b60b308f1fe104c2737e410a4ba6465ac6270627\spark_ram
Used module:         $paramod$3cd4f12c67766e10179630e6778f5a719138134d\spark_ram
Used module:         $paramod$65bb511039255751eac159e7db0d031ba93508a5\spark_bram
Used module:             $paramod$0d0377702b2925ff4e344b2b32674ab0e09676c9\sram_array
Used module:         $paramod$dbbf05626a65085e653cdb145c977d1230a96f2f\spark_bram
Used module:         $paramod$d9ab2efa7eea0d192502537985c8f7561002c9b0\spark_bram
Used module:             $paramod$a28ce1f40a247108f5837ac3d099bee74b2b0a07\sram_array
Used module:         $paramod$429c1f82066657abfcb96a496d5ead908f1f3b7c\spark_ram
Used module:         $paramod$a80fd39dadfcac33f5f91ba005c92717acda455a\spark_ram
Used module:         $paramod$6af0f02836453051d3d8ffed61fa77235a0a147a\spark_bram
Used module:             $paramod$5991bf1e7dfda537268c11f0f2f1f92d0f7b6ab2\sram_array
Used module:         $paramod$c400bcddbad704c723253f185e204a10552e06d7\spark_bram
Used module:         $paramod$5ee7912e9d6f13c8ac6d054bdcd9f41199fbdf36\spark_bram
Used module:         $paramod$993060fb790aecc93c4c127468665a67bf1ba400\spark_bram
Used module:     $paramod$2c77d4c76d086e54f07b14b3885789884f559221\uart_tx
Used module:     $paramod$2c77d4c76d086e54f07b14b3885789884f559221\uart_rx
Removed 0 unused modules.

9.2. Executing PROC pass (convert processes to netlists).

9.2.1. Executing PROC_CLEAN pass (remove empty switches from decision trees).
Found and cleaned up 1 empty switch in `$paramod$a80fd39dadfcac33f5f91ba005c92717acda455a\spark_ram.$proc$../spark_ram_asic.v:0$1110'.
Removing empty process `$paramod$a80fd39dadfcac33f5f91ba005c92717acda455a\spark_ram.$proc$../spark_ram_asic.v:0$1110'.
Found and cleaned up 1 empty switch in `$paramod$429c1f82066657abfcb96a496d5ead908f1f3b7c\spark_ram.$proc$../spark_ram_asic.v:0$1099'.
Removing empty process `$paramod$429c1f82066657abfcb96a496d5ead908f1f3b7c\spark_ram.$proc$../spark_ram_asic.v:0$1099'.
Found and cleaned up 1 empty switch in `$paramod$3cd4f12c67766e10179630e6778f5a719138134d\spark_ram.$proc$../spark_ram_asic.v:0$1088'.
Removing empty process `$paramod$3cd4f12c67766e10179630e6778f5a719138134d\spark_ram.$proc$../spark_ram_asic.v:0$1088'.
Found and cleaned up 1 empty switch in `$paramod$b60b308f1fe104c2737e410a4ba6465ac6270627\spark_ram.$proc$../spark_ram_asic.v:0$1078'.
Removing empty process `$paramod$b60b308f1fe104c2737e410a4ba6465ac6270627\spark_ram.$proc$../spark_ram_asic.v:0$1078'.
Found and cleaned up 1 empty switch in `$paramod$5ef048927887dab421ae4d77be9d31047db88ca2\spark_ram.$proc$../spark_ram_asic.v:0$1068'.
Removing empty process `$paramod$5ef048927887dab421ae4d77be9d31047db88ca2\spark_ram.$proc$../spark_ram_asic.v:0$1068'.
Found and cleaned up 1 empty switch in `$paramod$bcf365f4146dd7b8dd7973b9792131c6e19538bf\spark_ram.$proc$../spark_ram_asic.v:0$1058'.
Removing empty process `$paramod$bcf365f4146dd7b8dd7973b9792131c6e19538bf\spark_ram.$proc$../spark_ram_asic.v:0$1058'.
Cleaned up 6 empty switches.

9.2.2. Executing PROC_RMDEAD pass (remove dead branches from decision trees).
Removed 3 dead cases from process $proc$../../rtl/spark_core.v:366$1727 in module spark_core.
Marked 20 switch rules as full_case in process $proc$../../rtl/spark_core.v:366$1727 in module spark_core.
Marked 2 switch rules as full_case in process $proc$../../rtl/spark_core.v:355$1717 in module spark_core.
Removed 18 dead cases from process $proc$../../rtl/spark_core.v:279$1561 in module spark_core.
Marked 25 switch rules as full_case in process $proc$../../rtl/spark_core.v:279$1561 in module spark_core.
Marked 8 switch rules as full_case in process $proc$../../rtl/spark_core.v:267$1516 in module spark_core.
Marked 8 switch rules as full_case in process $proc$../../rtl/spark_core.v:241$1359 in module spark_core.
Marked 8 switch rules as full_case in process $proc$../../rtl/spark_core.v:214$1341 in module spark_core.
Removed 2 dead cases from process $proc$../../rtl/spark_core.v:170$1255 in module spark_core.
Marked 4 switch rules as full_case in process $proc$../../rtl/spark_core.v:170$1255 in module spark_core.
Marked 6 switch rules as full_case in process $proc$../../board/uart_rx.v:31$2058 in module $paramod$2c77d4c76d086e54f07b14b3885789884f559221\uart_rx.
Marked 1 switch rules as full_case in process $proc$../spark_ram_asic.v:22$1101 in module $paramod$a80fd39dadfcac33f5f91ba005c92717acda455a\spark_ram.
Marked 1 switch rules as full_case in process $proc$../spark_ram_asic.v:22$1090 in module $paramod$429c1f82066657abfcb96a496d5ead908f1f3b7c\spark_ram.
Marked 1 switch rules as full_case in process $proc$../spark_ram_asic.v:22$1080 in module $paramod$3cd4f12c67766e10179630e6778f5a719138134d\spark_ram.
Marked 1 switch rules as full_case in process $proc$../spark_ram_asic.v:22$1070 in module $paramod$b60b308f1fe104c2737e410a4ba6465ac6270627\spark_ram.
Marked 1 switch rules as full_case in process $proc$../spark_ram_asic.v:22$1060 in module $paramod$5ef048927887dab421ae4d77be9d31047db88ca2\spark_ram.
Marked 1 switch rules as full_case in process $proc$../spark_ram_asic.v:22$1050 in module $paramod$bcf365f4146dd7b8dd7973b9792131c6e19538bf\spark_ram.
Marked 4 switch rules as full_case in process $proc$../../board/uart_tx.v:23$2046 in module $paramod$2c77d4c76d086e54f07b14b3885789884f559221\uart_tx.
Marked 9 switch rules as full_case in process $proc$../../rtl/spark_chip.v:64$889 in module spark_chip.
Marked 1 switch rules as full_case in process $proc$../../rtl/spark_chip.v:30$882 in module spark_chip.
Removed a total of 23 dead cases.

9.2.3. Executing PROC_PRUNE pass (remove redundant assignments in processes).
Removed 2 redundant assignments.
Promoted 304 assignments to connections.

9.2.4. Executing PROC_INIT pass (extract init attributes).
Found init rule in `$paramod$2c77d4c76d086e54f07b14b3885789884f559221\uart_rx.$proc$../../board/uart_rx.v:29$2074'.
  Set init value: \sh = 8'00000000
Found init rule in `$paramod$2c77d4c76d086e54f07b14b3885789884f559221\uart_rx.$proc$../../board/uart_rx.v:28$2073'.
  Set init value: \bitn = 3'000
Found init rule in `$paramod$2c77d4c76d086e54f07b14b3885789884f559221\uart_rx.$proc$../../board/uart_rx.v:27$2072'.
  Set init value: \cnt = 16'0000000000000000
Found init rule in `$paramod$2c77d4c76d086e54f07b14b3885789884f559221\uart_rx.$proc$../../board/uart_rx.v:26$2071'.
  Set init value: \state = 2'00
Found init rule in `$paramod$2c77d4c76d086e54f07b14b3885789884f559221\uart_rx.$proc$../../board/uart_rx.v:19$2070'.
  Set init value: \rx_s = 1'1
Found init rule in `$paramod$2c77d4c76d086e54f07b14b3885789884f559221\uart_rx.$proc$../../board/uart_rx.v:19$2069'.
  Set init value: \rx_m = 1'1
Found init rule in `$paramod$2c77d4c76d086e54f07b14b3885789884f559221\uart_tx.$proc$../../board/uart_tx.v:20$2056'.
  Set init value: \act = 1'0
Found init rule in `$paramod$2c77d4c76d086e54f07b14b3885789884f559221\uart_tx.$proc$../../board/uart_tx.v:19$2055'.
  Set init value: \sh = 9'111111111
Found init rule in `$paramod$2c77d4c76d086e54f07b14b3885789884f559221\uart_tx.$proc$../../board/uart_tx.v:18$2054'.
  Set init value: \bitn = 4'0000
Found init rule in `$paramod$2c77d4c76d086e54f07b14b3885789884f559221\uart_tx.$proc$../../board/uart_tx.v:17$2053'.
  Set init value: \cnt = 16'0000000000000000
Found init rule in `$paramod$2c77d4c76d086e54f07b14b3885789884f559221\uart_tx.$proc$../../board/uart_tx.v:0$2052'.
  Set init value: \tx = 1'1

9.2.5. Executing PROC_ARST pass (detect async resets in processes).
Found async reset \rst_n in `\spark_chip.$proc$../../rtl/spark_chip.v:30$882'.

9.2.6. Executing PROC_ROM pass (convert switches to ROMs).
Converted 0 switches.
<suppressed ~118 debug messages>

9.2.7. Executing PROC_MUX pass (convert decision trees to multiplexers).
Creating decoders for process `\spark_core.$proc$../../rtl/spark_core.v:0$2030'.
Creating decoders for process `\spark_core.$proc$../../rtl/spark_core.v:366$1727'.
     1/167: $3$mem2reg_rd$\h_rd$../../rtl/spark_core.v:474$1210_DATA[127:0]$1983
     2/167: $5$memwr$\nzc$../../rtl/spark_core.v:451$1220_EN[15:0]$1969
     3/167: $5$memwr$\nzc$../../rtl/spark_core.v:451$1220_DATA[15:0]$1968
     4/167: $5$memwr$\nzc$../../rtl/spark_core.v:451$1220_ADDR[1:0]$1967
     5/167: $5$mem2reg_rd$\vlat$../../rtl/spark_core.v:451$1209_DATA[4:0]$1965
     6/167: $5$lookahead\sentw$1724[31:0]$1947
     7/167: $5$bitselwrite$data$../../rtl/spark_core.v:449$1180[31:0]$1945
     8/167: $5$bitselwrite$mask$../../rtl/spark_core.v:449$1179[31:0]$1944
     9/167: $5$bitselwrite$sel$../../rtl/spark_core.v:449$1181[31:0]$1946
    10/167: $5$mem2reg_rd$\vlat$../../rtl/spark_core.v:447$1208_DATA[4:0]$1933
    11/167: $4$lookahead\mask$1723[7:0]$1929
    12/167: $4$lookahead\sentw$1724[31:0]$1930
    13/167: $4$memwr$\nzc$../../rtl/spark_core.v:451$1220_EN[15:0]$1928
    14/167: $4$memwr$\nzc$../../rtl/spark_core.v:451$1220_DATA[15:0]$1927
    15/167: $4$memwr$\nzc$../../rtl/spark_core.v:451$1220_ADDR[1:0]$1926
    16/167: $4$memwr$\prc$../../rtl/spark_core.v:450$1219_EN[15:0]$1925
    17/167: $4$memwr$\prc$../../rtl/spark_core.v:450$1219_DATA[15:0]$1924
    18/167: $4$memwr$\prc$../../rtl/spark_core.v:450$1219_ADDR[1:0]$1923
    19/167: $4$mem2reg_rd$\vlat$../../rtl/spark_core.v:451$1209_DATA[4:0]$1922
    20/167: $4$mem2reg_rd$\vlat$../../rtl/spark_core.v:451$1209_ADDR[2:0]$1921
    21/167: $4$mem2reg_rd$\vlat$../../rtl/spark_core.v:447$1208_DATA[4:0]$1920
    22/167: $4$mem2reg_rd$\vlat$../../rtl/spark_core.v:447$1208_ADDR[2:0]$1919
    23/167: $4$bitselwrite$sel$../../rtl/spark_core.v:449$1181[31:0]$1918
    24/167: $4$bitselwrite$data$../../rtl/spark_core.v:449$1180[31:0]$1917
    25/167: $4$bitselwrite$mask$../../rtl/spark_core.v:449$1179[31:0]$1916
    26/167: $4$bitselwrite$sel$../../rtl/spark_core.v:448$1178[3:0]$1915
    27/167: $4$bitselwrite$data$../../rtl/spark_core.v:448$1177[7:0]$1914
    28/167: $4$bitselwrite$mask$../../rtl/spark_core.v:448$1176[7:0]$1913
    29/167: $3$lookahead\sentw$1724[31:0]$1907
    30/167: $3$lookahead\mask$1723[7:0]$1906
    31/167: $3$memwr$\nzc$../../rtl/spark_core.v:451$1220_EN[15:0]$1905
    32/167: $3$memwr$\nzc$../../rtl/spark_core.v:451$1220_DATA[15:0]$1904
    33/167: $3$memwr$\nzc$../../rtl/spark_core.v:451$1220_ADDR[1:0]$1903
    34/167: $3$memwr$\prc$../../rtl/spark_core.v:450$1219_EN[15:0]$1902
    35/167: $3$memwr$\prc$../../rtl/spark_core.v:450$1219_DATA[15:0]$1901
    36/167: $3$memwr$\prc$../../rtl/spark_core.v:450$1219_ADDR[1:0]$1900
    37/167: $3$mem2reg_rd$\vlat$../../rtl/spark_core.v:451$1209_DATA[4:0]$1899
    38/167: $3$mem2reg_rd$\vlat$../../rtl/spark_core.v:451$1209_ADDR[2:0]$1898
    39/167: $3$mem2reg_rd$\vlat$../../rtl/spark_core.v:447$1208_DATA[4:0]$1897
    40/167: $3$mem2reg_rd$\vlat$../../rtl/spark_core.v:447$1208_ADDR[2:0]$1896
    41/167: $3$bitselwrite$sel$../../rtl/spark_core.v:449$1181[31:0]$1895
    42/167: $3$bitselwrite$data$../../rtl/spark_core.v:449$1180[31:0]$1894
    43/167: $3$bitselwrite$mask$../../rtl/spark_core.v:449$1179[31:0]$1893
    44/167: $3$bitselwrite$sel$../../rtl/spark_core.v:448$1178[3:0]$1892
    45/167: $3$bitselwrite$data$../../rtl/spark_core.v:448$1177[7:0]$1891
    46/167: $3$bitselwrite$mask$../../rtl/spark_core.v:448$1176[7:0]$1890
    47/167: $3\kf[31:0]
    48/167: $3$memwr$\prc$../../rtl/spark_core.v:382$1218_EN[15:0]$1848
    49/167: $3$memwr$\nzc$../../rtl/spark_core.v:382$1217_EN[15:0]$1847
    50/167: $3$memwr$\prc$../../rtl/spark_core.v:382$1216_EN[15:0]$1846
    51/167: $3$memwr$\nzc$../../rtl/spark_core.v:382$1215_EN[15:0]$1845
    52/167: $3$memwr$\prc$../../rtl/spark_core.v:382$1214_EN[15:0]$1844
    53/167: $3$memwr$\nzc$../../rtl/spark_core.v:382$1213_EN[15:0]$1843
    54/167: $3$memwr$\prc$../../rtl/spark_core.v:382$1212_EN[15:0]$1842
    55/167: $3$memwr$\nzc$../../rtl/spark_core.v:382$1211_EN[15:0]$1841
    56/167: $2$memwr$\prc$../../rtl/spark_core.v:382$1218_EN[15:0]$1827
    57/167: $2$memwr$\nzc$../../rtl/spark_core.v:382$1217_EN[15:0]$1826
    58/167: $2$memwr$\prc$../../rtl/spark_core.v:382$1216_EN[15:0]$1825
    59/167: $2$memwr$\nzc$../../rtl/spark_core.v:382$1215_EN[15:0]$1824
    60/167: $2$memwr$\prc$../../rtl/spark_core.v:382$1214_EN[15:0]$1823
    61/167: $2$memwr$\nzc$../../rtl/spark_core.v:382$1213_EN[15:0]$1822
    62/167: $2$memwr$\prc$../../rtl/spark_core.v:382$1212_EN[15:0]$1821
    63/167: $2$memwr$\nzc$../../rtl/spark_core.v:382$1211_EN[15:0]$1820
    64/167: $2\kf[31:0]
    65/167: $2$lookahead\s_neww$1726[31:0]$1837
    66/167: $2$lookahead\h_neww$1725[127:0]$1836
    67/167: $2$lookahead\sentw$1724[31:0]$1835
    68/167: $2$lookahead\mask$1723[7:0]$1834
    69/167: $2$memwr$\nzc$../../rtl/spark_core.v:451$1220_EN[15:0]$1833
    70/167: $2$memwr$\nzc$../../rtl/spark_core.v:451$1220_DATA[15:0]$1832
    71/167: $2$memwr$\nzc$../../rtl/spark_core.v:451$1220_ADDR[1:0]$1831
    72/167: $2$memwr$\prc$../../rtl/spark_core.v:450$1219_EN[15:0]$1830
    73/167: $2$memwr$\prc$../../rtl/spark_core.v:450$1219_DATA[15:0]$1829
    74/167: $2$memwr$\prc$../../rtl/spark_core.v:450$1219_ADDR[1:0]$1828
    75/167: $2$mem2reg_rd$\h_rd$../../rtl/spark_core.v:474$1210_DATA[127:0]$1819
    76/167: $2$mem2reg_rd$\h_rd$../../rtl/spark_core.v:474$1210_ADDR[0:0]$1818
    77/167: $2$mem2reg_rd$\vlat$../../rtl/spark_core.v:451$1209_DATA[4:0]$1817
    78/167: $2$mem2reg_rd$\vlat$../../rtl/spark_core.v:451$1209_ADDR[2:0]$1816
    79/167: $2$mem2reg_rd$\vlat$../../rtl/spark_core.v:447$1208_DATA[4:0]$1815
    80/167: $2$mem2reg_rd$\vlat$../../rtl/spark_core.v:447$1208_ADDR[2:0]$1814
    81/167: $2$bitselwrite$sel$../../rtl/spark_core.v:481$1187[31:0]$1813
    82/167: $2$bitselwrite$data$../../rtl/spark_core.v:481$1186[31:0]$1812
    83/167: $2$bitselwrite$mask$../../rtl/spark_core.v:481$1185[31:0]$1811
    84/167: $2$bitselwrite$sel$../../rtl/spark_core.v:480$1184[31:0]$1810
    85/167: $2$bitselwrite$data$../../rtl/spark_core.v:480$1183[127:0]$1809
    86/167: $2$bitselwrite$mask$../../rtl/spark_core.v:480$1182[127:0]$1808
    87/167: $2$bitselwrite$sel$../../rtl/spark_core.v:449$1181[31:0]$1807
    88/167: $2$bitselwrite$data$../../rtl/spark_core.v:449$1180[31:0]$1806
    89/167: $2$bitselwrite$mask$../../rtl/spark_core.v:449$1179[31:0]$1805
    90/167: $2$bitselwrite$sel$../../rtl/spark_core.v:448$1178[3:0]$1804
    91/167: $2$bitselwrite$data$../../rtl/spark_core.v:448$1177[7:0]$1803
    92/167: $2$bitselwrite$mask$../../rtl/spark_core.v:448$1176[7:0]$1802
    93/167: $0\done[0:0]
    94/167: $1$lookahead\s_neww$1726[31:0]$1799
    95/167: $1$lookahead\h_neww$1725[127:0]$1798
    96/167: $1$lookahead\sentw$1724[31:0]$1797
    97/167: $1$lookahead\mask$1723[7:0]$1796
    98/167: $1$memwr$\nzc$../../rtl/spark_core.v:451$1220_EN[15:0]$1795
    99/167: $1$memwr$\nzc$../../rtl/spark_core.v:451$1220_DATA[15:0]$1794
   100/167: $1$memwr$\nzc$../../rtl/spark_core.v:451$1220_ADDR[1:0]$1793
   101/167: $1$memwr$\prc$../../rtl/spark_core.v:450$1219_EN[15:0]$1792
   102/167: $1$memwr$\prc$../../rtl/spark_core.v:450$1219_DATA[15:0]$1791
   103/167: $1$memwr$\prc$../../rtl/spark_core.v:450$1219_ADDR[1:0]$1790
   104/167: $1$memwr$\prc$../../rtl/spark_core.v:382$1218_EN[15:0]$1789
   105/167: $1$memwr$\nzc$../../rtl/spark_core.v:382$1217_EN[15:0]$1788
   106/167: $1$memwr$\prc$../../rtl/spark_core.v:382$1216_EN[15:0]$1787
   107/167: $1$memwr$\nzc$../../rtl/spark_core.v:382$1215_EN[15:0]$1786
   108/167: $1$memwr$\prc$../../rtl/spark_core.v:382$1214_EN[15:0]$1785
   109/167: $1$memwr$\nzc$../../rtl/spark_core.v:382$1213_EN[15:0]$1784
   110/167: $1$memwr$\prc$../../rtl/spark_core.v:382$1212_EN[15:0]$1783
   111/167: $1$memwr$\nzc$../../rtl/spark_core.v:382$1211_EN[15:0]$1782
   112/167: $1$mem2reg_rd$\h_rd$../../rtl/spark_core.v:474$1210_DATA[127:0]$1781
   113/167: $1$mem2reg_rd$\h_rd$../../rtl/spark_core.v:474$1210_ADDR[0:0]$1780
   114/167: $1$mem2reg_rd$\vlat$../../rtl/spark_core.v:451$1209_DATA[4:0]$1779
   115/167: $1$mem2reg_rd$\vlat$../../rtl/spark_core.v:451$1209_ADDR[2:0]$1778
   116/167: $1$mem2reg_rd$\vlat$../../rtl/spark_core.v:447$1208_DATA[4:0]$1777
   117/167: $1$mem2reg_rd$\vlat$../../rtl/spark_core.v:447$1208_ADDR[2:0]$1776
   118/167: $1$bitselwrite$sel$../../rtl/spark_core.v:481$1187[31:0]$1775
   119/167: $1$bitselwrite$data$../../rtl/spark_core.v:481$1186[31:0]$1774
   120/167: $1$bitselwrite$mask$../../rtl/spark_core.v:481$1185[31:0]$1773
   121/167: $1$bitselwrite$sel$../../rtl/spark_core.v:480$1184[31:0]$1772
   122/167: $1$bitselwrite$data$../../rtl/spark_core.v:480$1183[127:0]$1771
   123/167: $1$bitselwrite$mask$../../rtl/spark_core.v:480$1182[127:0]$1770
   124/167: $1$bitselwrite$sel$../../rtl/spark_core.v:449$1181[31:0]$1769
   125/167: $1$bitselwrite$data$../../rtl/spark_core.v:449$1180[31:0]$1768
   126/167: $1$bitselwrite$mask$../../rtl/spark_core.v:449$1179[31:0]$1767
   127/167: $1$bitselwrite$sel$../../rtl/spark_core.v:448$1178[3:0]$1766
   128/167: $1$bitselwrite$data$../../rtl/spark_core.v:448$1177[7:0]$1765
   129/167: $1$bitselwrite$mask$../../rtl/spark_core.v:448$1176[7:0]$1764
   130/167: $1\kf[31:0]
   131/167: $0\q[1:0]
   132/167: $0\po_th[127:0]
   133/167: $0\po_h[127:0]
   134/167: $0\po_acc[127:0]
   135/167: $0\idx[7:0]
   136/167: $0\t2[31:0]
   137/167: $0\t1[31:0]
   138/167: $0\m[6:0]
   139/167: $0\e[6:0]
   140/167: $0\ev_v[4:0]
   141/167: $0\ev_j[7:0]
   142/167: $0\srcw[31:0]
   143/167: $0\c[5:0]
   144/167: $0\started[1:0]
   145/167: $0\hist2[7:0]
   146/167: $0\hist1[7:0]
   147/167: $0\ctx_prev[31:0]
   148/167: $0\ctx[31:0]
   149/167: $0\byte_r[7:0]
   150/167: $0\stg[1:0]
   151/167: $0\rec_val[7:0]
   152/167: $0\rec_hit[0:0]
   153/167: $0\tokq[15:0]
   154/167: $0\tokcnt[15:0]
   155/167: $0\score[3:0]
   156/167: $0\n_dl[7:0]
   157/167: $0\n_nz[7:0]
   158/167: $0\use_delta[0:0]
   159/167: $0\state[4:0]
   160/167: $0\cyc_recall[31:0]
   161/167: $0\cyc_post[31:0]
   162/167: $0\cyc_scan[31:0]
   163/167: $0\cyc_engine[31:0]
   164/167: $0\wreads[31:0]
   165/167: $0\tok_cycles[31:0]
   166/167: $0\path[1:0]
   167/167: $0\pred[7:0]
Creating decoders for process `\spark_core.$proc$../../rtl/spark_core.v:355$1717'.
     1/3: $0\start_q[0:0]
     2/3: $0\zbusy[0:0]
     3/3: $0\zc[9:0]
Creating decoders for process `\spark_core.$proc$../../rtl/spark_core.v:279$1561'.
     1/252: $3\t_wd[42:0]
     2/252: $2\t_wa[9:0]
     3/252: $2\t_we[0:0]
     4/252: $1\k[31:0]
     5/252: $1\s_wd[1][31:0]
     6/252: $4\s_wa[1][5:0]
     7/252: $4\s_we[1][0:0]
     8/252: $1\h_wd[1][127:0]
     9/252: $4\h_wa[1][5:0]
    10/252: $4\h_we[1][0:0]
    11/252: $1\s_wd[0][31:0]
    12/252: $4\s_wa[0][5:0]
    13/252: $4\s_we[0][0:0]
    14/252: $1\h_wd[0][127:0]
    15/252: $4\h_wa[0][5:0]
    16/252: $4\h_we[0][0:0]
    17/252: $1\sn_wd[3][31:0]
    18/252: $3\sn_wa[3][5:0]
    19/252: $3\sn_we[3][0:0]
    20/252: $7\acc_wd[3][127:0]
    21/252: $7\acc_wa[3][5:0]
    22/252: $7\acc_we[3][0:0]
    23/252: $1\sn_wd[2][31:0]
    24/252: $3\sn_wa[2][5:0]
    25/252: $3\sn_we[2][0:0]
    26/252: $7\acc_wd[2][127:0]
    27/252: $7\acc_wa[2][5:0]
    28/252: $7\acc_we[2][0:0]
    29/252: $1\sn_wd[1][31:0]
    30/252: $3\sn_wa[1][5:0]
    31/252: $3\sn_we[1][0:0]
    32/252: $7\acc_wd[1][127:0]
    33/252: $7\acc_wa[1][5:0]
    34/252: $7\acc_we[1][0:0]
    35/252: $1\sn_wd[0][31:0]
    36/252: $3\sn_wa[0][5:0]
    37/252: $3\sn_we[0][0:0]
    38/252: $7\acc_wd[0][127:0]
    39/252: $7\acc_wa[0][5:0]
    40/252: $7\acc_we[0][0:0]
    41/252: $3\s_wa[0][5:0]
    42/252: $3\s_wa[1][5:0]
    43/252: $3\s_we[0][0:0]
    44/252: $3\s_we[1][0:0]
    45/252: $3\h_wa[0][5:0]
    46/252: $3\h_wa[1][5:0]
    47/252: $3\h_we[0][0:0]
    48/252: $3\h_we[1][0:0]
    49/252: $2\s_wa[1][5:0]
    50/252: $2\s_wa[0][5:0]
    51/252: $2$mem2reg_wr$\s_wa$../../rtl/spark_core.v:335$1207_ADDR[0:0]$1715
    52/252: $2$mem2reg_wr$\s_wa$../../rtl/spark_core.v:335$1207_DATA[5:0]$1716
    53/252: $2\s_we[1][0:0]
    54/252: $2\s_we[0][0:0]
    55/252: $2$mem2reg_wr$\s_we$../../rtl/spark_core.v:335$1206_ADDR[0:0]$1713
    56/252: $2$mem2reg_wr$\s_we$../../rtl/spark_core.v:335$1206_DATA[0:0]$1714
    57/252: $2\h_wa[1][5:0]
    58/252: $2\h_wa[0][5:0]
    59/252: $2$mem2reg_wr$\h_wa$../../rtl/spark_core.v:334$1205_ADDR[0:0]$1711
    60/252: $2$mem2reg_wr$\h_wa$../../rtl/spark_core.v:334$1205_DATA[5:0]$1712
    61/252: $2\h_we[1][0:0]
    62/252: $2\h_we[0][0:0]
    63/252: $2$mem2reg_wr$\h_we$../../rtl/spark_core.v:334$1204_ADDR[0:0]$1709
    64/252: $2$mem2reg_wr$\h_we$../../rtl/spark_core.v:334$1204_DATA[0:0]$1710
    65/252: $6\acc_wd[0][127:0]
    66/252: $6\acc_wd[3][127:0]
    67/252: $6\acc_wd[2][127:0]
    68/252: $6\acc_wd[1][127:0]
    69/252: $6\acc_wa[0][5:0]
    70/252: $6\acc_wa[3][5:0]
    71/252: $6\acc_wa[2][5:0]
    72/252: $6\acc_wa[1][5:0]
    73/252: $6\acc_we[0][0:0]
    74/252: $6\acc_we[3][0:0]
    75/252: $6\acc_we[2][0:0]
    76/252: $6\acc_we[1][0:0]
    77/252: $5\acc_wd[3][127:0]
    78/252: $5\acc_wd[2][127:0]
    79/252: $5\acc_wd[1][127:0]
    80/252: $5\acc_wd[0][127:0]
    81/252: $2$mem2reg_wr$\acc_wd$../../rtl/spark_core.v:331$1203_ADDR[1:0]$1706
    82/252: $2$mem2reg_wr$\acc_wd$../../rtl/spark_core.v:331$1203_DATA[127:0]$1707
    83/252: $5\acc_wa[3][5:0]
    84/252: $5\acc_wa[2][5:0]
    85/252: $5\acc_wa[1][5:0]
    86/252: $5\acc_wa[0][5:0]
    87/252: $2$mem2reg_wr$\acc_wa$../../rtl/spark_core.v:331$1202_ADDR[1:0]$1704
    88/252: $2$mem2reg_wr$\acc_wa$../../rtl/spark_core.v:331$1202_DATA[5:0]$1705
    89/252: $5\acc_we[3][0:0]
    90/252: $5\acc_we[2][0:0]
    91/252: $5\acc_we[1][0:0]
    92/252: $5\acc_we[0][0:0]
    93/252: $2$mem2reg_wr$\acc_we$../../rtl/spark_core.v:331$1201_ADDR[1:0]$1702
    94/252: $2$mem2reg_wr$\acc_we$../../rtl/spark_core.v:331$1201_DATA[0:0]$1703
    95/252: $2\h_ra[0][5:0]
    96/252: $2\h_ra[1][5:0]
    97/252: $4\acc_ra[0][5:0]
    98/252: $4\acc_ra[3][5:0]
    99/252: $4\acc_ra[2][5:0]
   100/252: $4\acc_ra[1][5:0]
   101/252: $4\acc_wd[0][127:0]
   102/252: $4\acc_wd[3][127:0]
   103/252: $4\acc_wd[2][127:0]
   104/252: $4\acc_wd[1][127:0]
   105/252: $4\acc_wa[0][5:0]
   106/252: $4\acc_wa[3][5:0]
   107/252: $4\acc_wa[2][5:0]
   108/252: $4\acc_wa[1][5:0]
   109/252: $4\acc_we[0][0:0]
   110/252: $4\acc_we[3][0:0]
   111/252: $4\acc_we[2][0:0]
   112/252: $4\acc_we[1][0:0]
   113/252: $2\sn_wa[0][5:0]
   114/252: $2\sn_wa[3][5:0]
   115/252: $2\sn_wa[2][5:0]
   116/252: $2\sn_wa[1][5:0]
   117/252: $2\sn_we[0][0:0]
   118/252: $2\sn_we[3][0:0]
   119/252: $2\sn_we[2][0:0]
   120/252: $2\sn_we[1][0:0]
   121/252: $3\acc_wd[0][127:0]
   122/252: $3\acc_wd[3][127:0]
   123/252: $3\acc_wd[2][127:0]
   124/252: $3\acc_wd[1][127:0]
   125/252: $3\acc_wa[0][5:0]
   126/252: $3\acc_wa[3][5:0]
   127/252: $3\acc_wa[2][5:0]
   128/252: $3\acc_wa[1][5:0]
   129/252: $3\acc_we[0][0:0]
   130/252: $3\acc_we[3][0:0]
   131/252: $3\acc_we[2][0:0]
   132/252: $3\acc_we[1][0:0]
   133/252: $2\acc_wd[3][127:0]
   134/252: $2\acc_wd[2][127:0]
   135/252: $2\acc_wd[1][127:0]
   136/252: $2\acc_wd[0][127:0]
   137/252: $2$mem2reg_wr$\acc_wd$../../rtl/spark_core.v:316$1193_ADDR[1:0]$1695
   138/252: $2$mem2reg_wr$\acc_wd$../../rtl/spark_core.v:316$1193_DATA[127:0]$1696
   139/252: $2\acc_wa[3][5:0]
   140/252: $2\acc_wa[2][5:0]
   141/252: $2\acc_wa[1][5:0]
   142/252: $2\acc_wa[0][5:0]
   143/252: $2$mem2reg_wr$\acc_wa$../../rtl/spark_core.v:316$1192_ADDR[1:0]$1693
   144/252: $2$mem2reg_wr$\acc_wa$../../rtl/spark_core.v:316$1192_DATA[5:0]$1694
   145/252: $2\acc_we[3][0:0]
   146/252: $2\acc_we[2][0:0]
   147/252: $2\acc_we[1][0:0]
   148/252: $2\acc_we[0][0:0]
   149/252: $2$mem2reg_wr$\acc_we$../../rtl/spark_core.v:316$1191_ADDR[1:0]$1691
   150/252: $2$mem2reg_wr$\acc_we$../../rtl/spark_core.v:316$1191_DATA[0:0]$1692
   151/252: $3\acc_ra[0][5:0]
   152/252: $3\acc_ra[3][5:0]
   153/252: $3\acc_ra[2][5:0]
   154/252: $3\acc_ra[1][5:0]
   155/252: $2\acc_ra[3][5:0]
   156/252: $2\acc_ra[2][5:0]
   157/252: $2\acc_ra[1][5:0]
   158/252: $2\acc_ra[0][5:0]
   159/252: $2$mem2reg_wr$\acc_ra$../../rtl/spark_core.v:313$1190_ADDR[1:0]$1680
   160/252: $2$mem2reg_wr$\acc_ra$../../rtl/spark_core.v:313$1190_DATA[5:0]$1681
   161/252: $2\w3_ra[11:0]
   162/252: $2\w2_ra[11:0]
   163/252: $2\w1_ra[11:0]
   164/252: $2\w0_ra[11:0]
   165/252: $2\t_wd[42:0]
   166/252: $1\t_ra[9:0]
   167/252: $1\rhash$func$../../rtl/spark_core.v:296$1173.$result[9:0]$1624
   168/252: $1\rhash$func$../../rtl/spark_core.v:296$1173.y[31:0]$1626
   169/252: $1\rhash$func$../../rtl/spark_core.v:296$1173.x[31:0]$1625
   170/252: $1$mem2reg_wr$\s_wa$../../rtl/spark_core.v:335$1207_DATA[5:0]$1668
   171/252: $1$mem2reg_wr$\s_wa$../../rtl/spark_core.v:335$1207_ADDR[0:0]$1667
   172/252: $1$mem2reg_wr$\s_we$../../rtl/spark_core.v:335$1206_DATA[0:0]$1666
   173/252: $1$mem2reg_wr$\s_we$../../rtl/spark_core.v:335$1206_ADDR[0:0]$1665
   174/252: $1$mem2reg_wr$\h_wa$../../rtl/spark_core.v:334$1205_DATA[5:0]$1664
   175/252: $1$mem2reg_wr$\h_wa$../../rtl/spark_core.v:334$1205_ADDR[0:0]$1663
   176/252: $1$mem2reg_wr$\h_we$../../rtl/spark_core.v:334$1204_DATA[0:0]$1662
   177/252: $1$mem2reg_wr$\h_we$../../rtl/spark_core.v:334$1204_ADDR[0:0]$1661
   178/252: $1$mem2reg_wr$\acc_wd$../../rtl/spark_core.v:331$1203_DATA[127:0]$1660
   179/252: $1$mem2reg_wr$\acc_wd$../../rtl/spark_core.v:331$1203_ADDR[1:0]$1659
   180/252: $1$mem2reg_wr$\acc_wa$../../rtl/spark_core.v:331$1202_DATA[5:0]$1658
   181/252: $1$mem2reg_wr$\acc_wa$../../rtl/spark_core.v:331$1202_ADDR[1:0]$1657
   182/252: $1$mem2reg_wr$\acc_we$../../rtl/spark_core.v:331$1201_DATA[0:0]$1656
   183/252: $1$mem2reg_wr$\acc_we$../../rtl/spark_core.v:331$1201_ADDR[1:0]$1655
   184/252: $1$mem2reg_wr$\h_ra$../../rtl/spark_core.v:327$1200_DATA[5:0]$1654
   185/252: $1$mem2reg_wr$\h_ra$../../rtl/spark_core.v:327$1200_ADDR[0:0]$1653
   186/252: $1$mem2reg_wr$\acc_ra$../../rtl/spark_core.v:326$1199_DATA[5:0]$1652
   187/252: $1$mem2reg_wr$\acc_ra$../../rtl/spark_core.v:326$1199_ADDR[1:0]$1651
   188/252: $1$mem2reg_wr$\acc_wd$../../rtl/spark_core.v:323$1198_DATA[127:0]$1650
   189/252: $1$mem2reg_wr$\acc_wd$../../rtl/spark_core.v:323$1198_ADDR[1:0]$1649
   190/252: $1$mem2reg_wr$\acc_wa$../../rtl/spark_core.v:323$1197_DATA[5:0]$1648
   191/252: $1$mem2reg_wr$\acc_wa$../../rtl/spark_core.v:323$1197_ADDR[1:0]$1647
   192/252: $1$mem2reg_wr$\acc_we$../../rtl/spark_core.v:323$1196_DATA[0:0]$1646
   193/252: $1$mem2reg_wr$\acc_we$../../rtl/spark_core.v:323$1196_ADDR[1:0]$1645
   194/252: $1$mem2reg_wr$\sn_wa$../../rtl/spark_core.v:320$1195_DATA[5:0]$1644
   195/252: $1$mem2reg_wr$\sn_wa$../../rtl/spark_core.v:320$1195_ADDR[1:0]$1643
   196/252: $1$mem2reg_wr$\sn_we$../../rtl/spark_core.v:320$1194_DATA[0:0]$1642
   197/252: $1$mem2reg_wr$\sn_we$../../rtl/spark_core.v:320$1194_ADDR[1:0]$1641
   198/252: $1$mem2reg_wr$\acc_wd$../../rtl/spark_core.v:316$1193_DATA[127:0]$1640
   199/252: $1$mem2reg_wr$\acc_wd$../../rtl/spark_core.v:316$1193_ADDR[1:0]$1639
   200/252: $1$mem2reg_wr$\acc_wa$../../rtl/spark_core.v:316$1192_DATA[5:0]$1638
   201/252: $1$mem2reg_wr$\acc_wa$../../rtl/spark_core.v:316$1192_ADDR[1:0]$1637
   202/252: $1$mem2reg_wr$\acc_we$../../rtl/spark_core.v:316$1191_DATA[0:0]$1636
   203/252: $1$mem2reg_wr$\acc_we$../../rtl/spark_core.v:316$1191_ADDR[1:0]$1635
   204/252: $1$mem2reg_wr$\acc_ra$../../rtl/spark_core.v:313$1190_DATA[5:0]$1634
   205/252: $1$mem2reg_wr$\acc_ra$../../rtl/spark_core.v:313$1190_ADDR[1:0]$1633
   206/252: $1\rhash$func$../../rtl/spark_core.v:306$1175.y[31:0]$1632
   207/252: $1\rhash$func$../../rtl/spark_core.v:306$1175.x[31:0]$1631
   208/252: $1\rhash$func$../../rtl/spark_core.v:306$1175.$result[9:0]$1630
   209/252: $1\rhash$func$../../rtl/spark_core.v:298$1174.y[31:0]$1629
   210/252: $1\rhash$func$../../rtl/spark_core.v:298$1174.x[31:0]$1628
   211/252: $1\rhash$func$../../rtl/spark_core.v:298$1174.$result[9:0]$1627
   212/252: $1\s_wa[1][5:0]
   213/252: $1\s_wa[0][5:0]
   214/252: $1\s_we[1][0:0]
   215/252: $1\s_we[0][0:0]
   216/252: $1\h_ra[1][5:0]
   217/252: $1\h_ra[0][5:0]
   218/252: $1\h_wa[1][5:0]
   219/252: $1\h_wa[0][5:0]
   220/252: $1\h_we[1][0:0]
   221/252: $1\h_we[0][0:0]
   222/252: $1\sn_wa[3][5:0]
   223/252: $1\sn_wa[2][5:0]
   224/252: $1\sn_wa[1][5:0]
   225/252: $1\sn_wa[0][5:0]
   226/252: $1\sn_we[3][0:0]
   227/252: $1\sn_we[2][0:0]
   228/252: $1\sn_we[1][0:0]
   229/252: $1\sn_we[0][0:0]
   230/252: $1\acc_ra[3][5:0]
   231/252: $1\acc_ra[2][5:0]
   232/252: $1\acc_ra[1][5:0]
   233/252: $1\acc_ra[0][5:0]
   234/252: $1\acc_wd[3][127:0]
   235/252: $1\acc_wd[2][127:0]
   236/252: $1\acc_wd[1][127:0]
   237/252: $1\acc_wd[0][127:0]
   238/252: $1\acc_wa[3][5:0]
   239/252: $1\acc_wa[2][5:0]
   240/252: $1\acc_wa[1][5:0]
   241/252: $1\acc_wa[0][5:0]
   242/252: $1\acc_we[3][0:0]
   243/252: $1\acc_we[2][0:0]
   244/252: $1\acc_we[1][0:0]
   245/252: $1\acc_we[0][0:0]
   246/252: $1\t_wd[42:0]
   247/252: $1\t_wa[9:0]
   248/252: $1\t_we[0:0]
   249/252: $1\w3_ra[11:0]
   250/252: $1\w2_ra[11:0]
   251/252: $1\w1_ra[11:0]
   252/252: $1\w0_ra[11:0]
Creating decoders for process `\spark_core.$proc$../../rtl/spark_core.v:267$1516'.
     1/16: $8\n2[31:0]
     2/16: $4\nidx[7:0]
     3/16: $4\n1[31:0]
     4/16: $7\n2[31:0]
     5/16: $6\n2[31:0]
     6/16: $3\nidx[7:0]
     7/16: $3\n1[31:0]
     8/16: $5\n2[31:0]
     9/16: $4\n2[31:0]
    10/16: $2\nidx[7:0]
    11/16: $2\n1[31:0]
    12/16: $3\n2[31:0]
    13/16: $2\n2[31:0]
    14/16: $1\nidx[7:0]
    15/16: $1\n1[31:0]
    16/16: $1\n2[31:0]
Creating decoders for process `\spark_core.$proc$../../rtl/spark_core.v:241$1359'.
     1/20: $4\sp[4:0]
     2/20: $4\us[17:0]
     3/20: $4\u[17:0]
     4/20: $4\tl[15:0]
     5/20: $4\mag[16:0]
     6/20: $3\sp[4:0]
     7/20: $3\us[17:0]
     8/20: $3\u[17:0]
     9/20: $3\tl[15:0]
    10/20: $3\mag[16:0]
    11/20: $2\sp[4:0]
    12/20: $2\us[17:0]
    13/20: $2\u[17:0]
    14/20: $2\tl[15:0]
    15/20: $2\mag[16:0]
    16/20: $1\sp[4:0]
    17/20: $1\us[17:0]
    18/20: $1\u[17:0]
    19/20: $1\tl[15:0]
    20/20: $1\mag[16:0]
Creating decoders for process `\spark_core.$proc$../../rtl/spark_core.v:221$1342'.
Creating decoders for process `\spark_core.$proc$../../rtl/spark_core.v:214$1341'.
     1/8: $8\sel[3:0]
     2/8: $7\sel[3:0]
     3/8: $6\sel[3:0]
     4/8: $5\sel[3:0]
     5/8: $4\sel[3:0]
     6/8: $3\sel[3:0]
     7/8: $2\sel[3:0]
     8/8: $1\sel[3:0]
Creating decoders for process `\spark_core.$proc$../../rtl/spark_core.v:202$1284'.
Creating decoders for process `\spark_core.$proc$../../rtl/spark_core.v:193$1267'.
Creating decoders for process `\spark_core.$proc$../../rtl/spark_core.v:170$1255'.
     1/5: $1$mem2reg_rd$\acc_rd$../../rtl/spark_core.v:185$1189_DATA[127:0]$1266
     2/5: $1$mem2reg_rd$\sn_rd$../../rtl/spark_core.v:184$1188_DATA[31:0]$1265
     3/5: $2\src_rd[31:0]
     4/5: $1\src_rd[31:0]
     5/5: $1\w_rd[31:0]
Creating decoders for process `$paramod$2c77d4c76d086e54f07b14b3885789884f559221\uart_rx.$proc$../../board/uart_rx.v:29$2074'.
Creating decoders for process `$paramod$2c77d4c76d086e54f07b14b3885789884f559221\uart_rx.$proc$../../board/uart_rx.v:28$2073'.
Creating decoders for process `$paramod$2c77d4c76d086e54f07b14b3885789884f559221\uart_rx.$proc$../../board/uart_rx.v:27$2072'.
Creating decoders for process `$paramod$2c77d4c76d086e54f07b14b3885789884f559221\uart_rx.$proc$../../board/uart_rx.v:26$2071'.
Creating decoders for process `$paramod$2c77d4c76d086e54f07b14b3885789884f559221\uart_rx.$proc$../../board/uart_rx.v:19$2070'.
Creating decoders for process `$paramod$2c77d4c76d086e54f07b14b3885789884f559221\uart_rx.$proc$../../board/uart_rx.v:19$2069'.
Creating decoders for process `$paramod$2c77d4c76d086e54f07b14b3885789884f559221\uart_rx.$proc$../../board/uart_rx.v:31$2058'.
     1/6: $0\valid[0:0]
     2/6: $0\sh[7:0]
     3/6: $0\bitn[2:0]
     4/6: $0\data[7:0]
     5/6: $0\cnt[15:0]
     6/6: $0\state[1:0]
Creating decoders for process `$paramod$2c77d4c76d086e54f07b14b3885789884f559221\uart_rx.$proc$../../board/uart_rx.v:20$2057'.
Creating decoders for process `$paramod$a80fd39dadfcac33f5f91ba005c92717acda455a\spark_ram.$proc$../spark_ram_asic.v:22$1101'.
     1/3: $1$memwr$\mem$../spark_ram_asic.v:23$1100_EN[127:0]$1107
     2/3: $1$memwr$\mem$../spark_ram_asic.v:23$1100_DATA[127:0]$1106
     3/3: $1$memwr$\mem$../spark_ram_asic.v:23$1100_ADDR[5:0]$1105
Creating decoders for process `$paramod$429c1f82066657abfcb96a496d5ead908f1f3b7c\spark_ram.$proc$../spark_ram_asic.v:22$1090'.
     1/3: $1$memwr$\mem$../spark_ram_asic.v:23$1089_EN[127:0]$1096
     2/3: $1$memwr$\mem$../spark_ram_asic.v:23$1089_DATA[127:0]$1095
     3/3: $1$memwr$\mem$../spark_ram_asic.v:23$1089_ADDR[5:0]$1094
Creating decoders for process `$paramod$3cd4f12c67766e10179630e6778f5a719138134d\spark_ram.$proc$../spark_ram_asic.v:22$1080'.
     1/3: $1$memwr$\mem$../spark_ram_asic.v:23$1079_EN[127:0]$1086
     2/3: $1$memwr$\mem$../spark_ram_asic.v:23$1079_DATA[127:0]$1085
     3/3: $1$memwr$\mem$../spark_ram_asic.v:23$1079_ADDR[5:0]$1084
Creating decoders for process `$paramod$b60b308f1fe104c2737e410a4ba6465ac6270627\spark_ram.$proc$../spark_ram_asic.v:22$1070'.
     1/3: $1$memwr$\mem$../spark_ram_asic.v:23$1069_EN[127:0]$1076
     2/3: $1$memwr$\mem$../spark_ram_asic.v:23$1069_DATA[127:0]$1075
     3/3: $1$memwr$\mem$../spark_ram_asic.v:23$1069_ADDR[5:0]$1074
Creating decoders for process `$paramod$5ef048927887dab421ae4d77be9d31047db88ca2\spark_ram.$proc$../spark_ram_asic.v:22$1060'.
     1/3: $1$memwr$\mem$../spark_ram_asic.v:23$1059_EN[31:0]$1066
     2/3: $1$memwr$\mem$../spark_ram_asic.v:23$1059_DATA[31:0]$1065
     3/3: $1$memwr$\mem$../spark_ram_asic.v:23$1059_ADDR[5:0]$1064
Creating decoders for process `$paramod$bcf365f4146dd7b8dd7973b9792131c6e19538bf\spark_ram.$proc$../spark_ram_asic.v:22$1050'.
     1/3: $1$memwr$\mem$../spark_ram_asic.v:23$1049_EN[31:0]$1056
     2/3: $1$memwr$\mem$../spark_ram_asic.v:23$1049_DATA[31:0]$1055
     3/3: $1$memwr$\mem$../spark_ram_asic.v:23$1049_ADDR[5:0]$1054
Creating decoders for process `$paramod$a28ce1f40a247108f5837ac3d099bee74b2b0a07\sram_array.$proc$../spark_mem_sky130.v:20$2160'.
Creating decoders for process `$paramod$0d0377702b2925ff4e344b2b32674ab0e09676c9\sram_array.$proc$../spark_mem_sky130.v:20$2115'.
Creating decoders for process `$paramod$8f93e5a50923ff060caee78116dfcb18e6d470aa\sram_array.$proc$../spark_mem_sky130.v:20$2090'.
Creating decoders for process `$paramod$4d3c4ff6ab1be9973e955659d38e203320f28619\sram_array.$proc$../spark_mem_sky130.v:20$2075'.
Creating decoders for process `$paramod$2c77d4c76d086e54f07b14b3885789884f559221\uart_tx.$proc$../../board/uart_tx.v:20$2056'.
Creating decoders for process `$paramod$2c77d4c76d086e54f07b14b3885789884f559221\uart_tx.$proc$../../board/uart_tx.v:19$2055'.
Creating decoders for process `$paramod$2c77d4c76d086e54f07b14b3885789884f559221\uart_tx.$proc$../../board/uart_tx.v:18$2054'.
Creating decoders for process `$paramod$2c77d4c76d086e54f07b14b3885789884f559221\uart_tx.$proc$../../board/uart_tx.v:17$2053'.
Creating decoders for process `$paramod$2c77d4c76d086e54f07b14b3885789884f559221\uart_tx.$proc$../../board/uart_tx.v:0$2052'.
Creating decoders for process `$paramod$2c77d4c76d086e54f07b14b3885789884f559221\uart_tx.$proc$../../board/uart_tx.v:23$2046'.
     1/5: $0\act[0:0]
     2/5: $0\sh[8:0]
     3/5: $0\bitn[3:0]
     4/5: $0\tx[0:0]
     5/5: $0\cnt[15:0]
Creating decoders for process `$paramod$5991bf1e7dfda537268c11f0f2f1f92d0f7b6ab2\sram_array.$proc$../spark_mem_sky130.v:20$2185'.
Creating decoders for process `\spark_chip.$proc$../../rtl/spark_chip.v:64$889'.
     1/91: $5$mem2reg_rd$\rbuf$../../rtl/spark_chip.v:110$871_DATA[7:0]$995
     2/91: $4$mem2reg_rd$\rbuf$../../rtl/spark_chip.v:110$871_DATA[7:0]$994
     3/91: $4$mem2reg_rd$\rbuf$../../rtl/spark_chip.v:110$871_ADDR[2:0]$993
     4/91: $3$mem2reg_rd$\rbuf$../../rtl/spark_chip.v:110$871_DATA[7:0]$991
     5/91: $3$mem2reg_rd$\rbuf$../../rtl/spark_chip.v:110$871_ADDR[2:0]$990
     6/91: $4$mem2bits$\cfgb$../../rtl/spark_chip.v:95$881[7:0]$977
     7/91: $4$mem2bits$\cfgb$../../rtl/spark_chip.v:95$880[7:0]$976
     8/91: $3$mem2bits$\cfgb$../../rtl/spark_chip.v:95$881[7:0]$973
     9/91: $3$mem2bits$\cfgb$../../rtl/spark_chip.v:95$880[7:0]$972
    10/91: $3$memwr$\cfgb$../../rtl/spark_chip.v:93$879_EN[7:0]$971
    11/91: $3$memwr$\cfgb$../../rtl/spark_chip.v:93$879_DATA[7:0]$970
    12/91: $3$memwr$\cfgb$../../rtl/spark_chip.v:93$879_ADDR[2:0]$969
    13/91: $4$mem2bits$\cfgb$../../rtl/spark_chip.v:86$878[7:0]$956
    14/91: $4$mem2bits$\cfgb$../../rtl/spark_chip.v:86$877[7:0]$955
    15/91: $4$mem2bits$\cfgb$../../rtl/spark_chip.v:86$876[7:0]$954
    16/91: $4$mem2bits$\cfgb$../../rtl/spark_chip.v:85$875[7:0]$953
    17/91: $4$mem2bits$\cfgb$../../rtl/spark_chip.v:85$874[7:0]$952
    18/91: $4$mem2bits$\cfgb$../../rtl/spark_chip.v:85$873[7:0]$951
    19/91: $3$mem2bits$\cfgb$../../rtl/spark_chip.v:86$878[7:0]$948
    20/91: $3$mem2bits$\cfgb$../../rtl/spark_chip.v:86$877[7:0]$947
    21/91: $3$mem2bits$\cfgb$../../rtl/spark_chip.v:86$876[7:0]$946
    22/91: $3$mem2bits$\cfgb$../../rtl/spark_chip.v:85$875[7:0]$945
    23/91: $3$mem2bits$\cfgb$../../rtl/spark_chip.v:85$874[7:0]$944
    24/91: $3$mem2bits$\cfgb$../../rtl/spark_chip.v:85$873[7:0]$943
    25/91: $3$memwr$\cfgb$../../rtl/spark_chip.v:83$872_EN[7:0]$942
    26/91: $3$memwr$\cfgb$../../rtl/spark_chip.v:83$872_DATA[7:0]$941
    27/91: $3$memwr$\cfgb$../../rtl/spark_chip.v:83$872_ADDR[2:0]$940
    28/91: $2$mem2bits$\cfgb$../../rtl/spark_chip.v:95$881[7:0]$937
    29/91: $2$mem2bits$\cfgb$../../rtl/spark_chip.v:95$880[7:0]$936
    30/91: $2$memwr$\cfgb$../../rtl/spark_chip.v:93$879_EN[7:0]$935
    31/91: $2$memwr$\cfgb$../../rtl/spark_chip.v:93$879_DATA[7:0]$934
    32/91: $2$memwr$\cfgb$../../rtl/spark_chip.v:93$879_ADDR[2:0]$933
    33/91: $2$mem2bits$\cfgb$../../rtl/spark_chip.v:86$878[7:0]$932
    34/91: $2$mem2bits$\cfgb$../../rtl/spark_chip.v:86$877[7:0]$931
    35/91: $2$mem2bits$\cfgb$../../rtl/spark_chip.v:86$876[7:0]$930
    36/91: $2$mem2bits$\cfgb$../../rtl/spark_chip.v:85$875[7:0]$929
    37/91: $2$mem2bits$\cfgb$../../rtl/spark_chip.v:85$874[7:0]$928
    38/91: $2$mem2bits$\cfgb$../../rtl/spark_chip.v:85$873[7:0]$927
    39/91: $2$memwr$\cfgb$../../rtl/spark_chip.v:83$872_EN[7:0]$926
    40/91: $2$memwr$\cfgb$../../rtl/spark_chip.v:83$872_DATA[7:0]$925
    41/91: $2$memwr$\cfgb$../../rtl/spark_chip.v:83$872_ADDR[2:0]$924
    42/91: $2$mem2reg_rd$\rbuf$../../rtl/spark_chip.v:110$871_DATA[7:0]$923
    43/91: $2$mem2reg_rd$\rbuf$../../rtl/spark_chip.v:110$871_ADDR[2:0]$922
    44/91: $1$mem2bits$\cfgb$../../rtl/spark_chip.v:95$881[7:0]$921
    45/91: $1$mem2bits$\cfgb$../../rtl/spark_chip.v:95$880[7:0]$920
    46/91: $1$memwr$\cfgb$../../rtl/spark_chip.v:93$879_EN[7:0]$919
    47/91: $1$memwr$\cfgb$../../rtl/spark_chip.v:93$879_DATA[7:0]$918
    48/91: $1$memwr$\cfgb$../../rtl/spark_chip.v:93$879_ADDR[2:0]$917
    49/91: $1$mem2bits$\cfgb$../../rtl/spark_chip.v:86$878[7:0]$916
    50/91: $1$mem2bits$\cfgb$../../rtl/spark_chip.v:86$877[7:0]$915
    51/91: $1$mem2bits$\cfgb$../../rtl/spark_chip.v:86$876[7:0]$914
    52/91: $1$mem2bits$\cfgb$../../rtl/spark_chip.v:85$875[7:0]$913
    53/91: $1$mem2bits$\cfgb$../../rtl/spark_chip.v:85$874[7:0]$912
    54/91: $1$mem2bits$\cfgb$../../rtl/spark_chip.v:85$873[7:0]$911
    55/91: $1$memwr$\cfgb$../../rtl/spark_chip.v:83$872_EN[7:0]$910
    56/91: $1$memwr$\cfgb$../../rtl/spark_chip.v:83$872_DATA[7:0]$909
    57/91: $1$memwr$\cfgb$../../rtl/spark_chip.v:83$872_ADDR[2:0]$908
    58/91: $1$mem2reg_rd$\rbuf$../../rtl/spark_chip.v:110$871_DATA[7:0]$907
    59/91: $1$mem2reg_rd$\rbuf$../../rtl/spark_chip.v:110$871_ADDR[2:0]$906
    60/91: $0\ld_we[0:0]
    61/91: $0\tx_wait[0:0]
    62/91: $0\tx_send[0:0]
    63/91: $0\start[0:0]
    64/91: $0\rbuf[6][7:0]
    65/91: $0\rbuf[5][7:0]
    66/91: $0\rbuf[4][7:0]
    67/91: $0\rbuf[3][7:0]
    68/91: $0\rbuf[2][7:0]
    69/91: $0\rbuf[1][7:0]
    70/91: $0\rbuf[0][7:0]
    71/91: $0\tok_t[0:0]
    72/91: $0\marker[0:0]
    73/91: $0\rlen[3:0]
    74/91: $0\cnt[3:0]
    75/91: $0\tx_data[7:0]
    76/91: $0\state[2:0]
    77/91: $0\ld_data[31:0]
    78/91: $0\ld_addr[11:0]
    79/91: $0\ld_sel[2:0]
    80/91: $0\thr_en[0:0]
    81/91: $0\adapt_en[0:0]
    82/91: $0\arb_th[15:0]
    83/91: $0\recall_mode[1:0]
    84/91: $0\conf_th[1:0]
    85/91: $0\exit_th[31:0]
    86/91: $0\cap[15:0]
    87/91: $0\recall_en[0:0]
    88/91: $0\exit_en[0:0]
    89/91: $0\delta_en[0:0]
    90/91: $0\sparse_en[0:0]
    91/91: $0\in_byte[7:0]
Creating decoders for process `\spark_chip.$proc$../../rtl/spark_chip.v:30$882'.
     1/1: $0\rs[1:0]

9.2.8. Executing PROC_DLATCH pass (convert process syncs to latches).
No latch inferred for signal `\spark_core.\acc_rd[0]' from process `\spark_core.$proc$../../rtl/spark_core.v:0$2030'.
No latch inferred for signal `\spark_core.\acc_rd[1]' from process `\spark_core.$proc$../../rtl/spark_core.v:0$2030'.
No latch inferred for signal `\spark_core.\acc_rd[2]' from process `\spark_core.$proc$../../rtl/spark_core.v:0$2030'.
No latch inferred for signal `\spark_core.\acc_rd[3]' from process `\spark_core.$proc$../../rtl/spark_core.v:0$2030'.
No latch inferred for signal `\spark_core.\h_rd[0]' from process `\spark_core.$proc$../../rtl/spark_core.v:0$2030'.
No latch inferred for signal `\spark_core.\h_rd[1]' from process `\spark_core.$proc$../../rtl/spark_core.v:0$2030'.
No latch inferred for signal `\spark_core.\s_rd[0]' from process `\spark_core.$proc$../../rtl/spark_core.v:0$2030'.
No latch inferred for signal `\spark_core.\s_rd[1]' from process `\spark_core.$proc$../../rtl/spark_core.v:0$2030'.
No latch inferred for signal `\spark_core.\sn_rd[0]' from process `\spark_core.$proc$../../rtl/spark_core.v:0$2030'.
No latch inferred for signal `\spark_core.\sn_rd[1]' from process `\spark_core.$proc$../../rtl/spark_core.v:0$2030'.
No latch inferred for signal `\spark_core.\sn_rd[2]' from process `\spark_core.$proc$../../rtl/spark_core.v:0$2030'.
No latch inferred for signal `\spark_core.\sn_rd[3]' from process `\spark_core.$proc$../../rtl/spark_core.v:0$2030'.
No latch inferred for signal `\spark_core.\emb_ra' from process `\spark_core.$proc$../../rtl/spark_core.v:279$1561'.
No latch inferred for signal `\spark_core.\emb1_ra' from process `\spark_core.$proc$../../rtl/spark_core.v:279$1561'.
No latch inferred for signal `\spark_core.\emb2_ra' from process `\spark_core.$proc$../../rtl/spark_core.v:279$1561'.
No latch inferred for signal `\spark_core.\w0_ra' from process `\spark_core.$proc$../../rtl/spark_core.v:279$1561'.
No latch inferred for signal `\spark_core.\w1_ra' from process `\spark_core.$proc$../../rtl/spark_core.v:279$1561'.
No latch inferred for signal `\spark_core.\w2_ra' from process `\spark_core.$proc$../../rtl/spark_core.v:279$1561'.
No latch inferred for signal `\spark_core.\w3_ra' from process `\spark_core.$proc$../../rtl/spark_core.v:279$1561'.
No latch inferred for signal `\spark_core.\th_ra' from process `\spark_core.$proc$../../rtl/spark_core.v:279$1561'.
No latch inferred for signal `\spark_core.\t_we' from process `\spark_core.$proc$../../rtl/spark_core.v:279$1561'.
No latch inferred for signal `\spark_core.\t_wa' from process `\spark_core.$proc$../../rtl/spark_core.v:279$1561'.
No latch inferred for signal `\spark_core.\t_ra' from process `\spark_core.$proc$../../rtl/spark_core.v:279$1561'.
No latch inferred for signal `\spark_core.\t_wd' from process `\spark_core.$proc$../../rtl/spark_core.v:279$1561'.
No latch inferred for signal `\spark_core.\k' from process `\spark_core.$proc$../../rtl/spark_core.v:279$1561'.
No latch inferred for signal `\spark_core.\acc_we[0]' from process `\spark_core.$proc$../../rtl/spark_core.v:279$1561'.
No latch inferred for signal `\spark_core.\acc_we[1]' from process `\spark_core.$proc$../../rtl/spark_core.v:279$1561'.
No latch inferred for signal `\spark_core.\acc_we[2]' from process `\spark_core.$proc$../../rtl/spark_core.v:279$1561'.
No latch inferred for signal `\spark_core.\acc_we[3]' from process `\spark_core.$proc$../../rtl/spark_core.v:279$1561'.
No latch inferred for signal `\spark_core.\acc_wa[0]' from process `\spark_core.$proc$../../rtl/spark_core.v:279$1561'.
No latch inferred for signal `\spark_core.\acc_wa[1]' from process `\spark_core.$proc$../../rtl/spark_core.v:279$1561'.
No latch inferred for signal `\spark_core.\acc_wa[2]' from process `\spark_core.$proc$../../rtl/spark_core.v:279$1561'.
No latch inferred for signal `\spark_core.\acc_wa[3]' from process `\spark_core.$proc$../../rtl/spark_core.v:279$1561'.
No latch inferred for signal `\spark_core.\acc_wd[0]' from process `\spark_core.$proc$../../rtl/spark_core.v:279$1561'.
No latch inferred for signal `\spark_core.\acc_wd[1]' from process `\spark_core.$proc$../../rtl/spark_core.v:279$1561'.
No latch inferred for signal `\spark_core.\acc_wd[2]' from process `\spark_core.$proc$../../rtl/spark_core.v:279$1561'.
No latch inferred for signal `\spark_core.\acc_wd[3]' from process `\spark_core.$proc$../../rtl/spark_core.v:279$1561'.
No latch inferred for signal `\spark_core.\acc_ra[0]' from process `\spark_core.$proc$../../rtl/spark_core.v:279$1561'.
No latch inferred for signal `\spark_core.\acc_ra[1]' from process `\spark_core.$proc$../../rtl/spark_core.v:279$1561'.
No latch inferred for signal `\spark_core.\acc_ra[2]' from process `\spark_core.$proc$../../rtl/spark_core.v:279$1561'.
No latch inferred for signal `\spark_core.\acc_ra[3]' from process `\spark_core.$proc$../../rtl/spark_core.v:279$1561'.
No latch inferred for signal `\spark_core.\sn_we[0]' from process `\spark_core.$proc$../../rtl/spark_core.v:279$1561'.
No latch inferred for signal `\spark_core.\sn_we[1]' from process `\spark_core.$proc$../../rtl/spark_core.v:279$1561'.
No latch inferred for signal `\spark_core.\sn_we[2]' from process `\spark_core.$proc$../../rtl/spark_core.v:279$1561'.
No latch inferred for signal `\spark_core.\sn_we[3]' from process `\spark_core.$proc$../../rtl/spark_core.v:279$1561'.
No latch inferred for signal `\spark_core.\sn_wa[0]' from process `\spark_core.$proc$../../rtl/spark_core.v:279$1561'.
No latch inferred for signal `\spark_core.\sn_wa[1]' from process `\spark_core.$proc$../../rtl/spark_core.v:279$1561'.
No latch inferred for signal `\spark_core.\sn_wa[2]' from process `\spark_core.$proc$../../rtl/spark_core.v:279$1561'.
No latch inferred for signal `\spark_core.\sn_wa[3]' from process `\spark_core.$proc$../../rtl/spark_core.v:279$1561'.
No latch inferred for signal `\spark_core.\sn_wd[0]' from process `\spark_core.$proc$../../rtl/spark_core.v:279$1561'.
No latch inferred for signal `\spark_core.\sn_wd[1]' from process `\spark_core.$proc$../../rtl/spark_core.v:279$1561'.
No latch inferred for signal `\spark_core.\sn_wd[2]' from process `\spark_core.$proc$../../rtl/spark_core.v:279$1561'.
No latch inferred for signal `\spark_core.\sn_wd[3]' from process `\spark_core.$proc$../../rtl/spark_core.v:279$1561'.
No latch inferred for signal `\spark_core.\sn_ra[0]' from process `\spark_core.$proc$../../rtl/spark_core.v:279$1561'.
No latch inferred for signal `\spark_core.\sn_ra[1]' from process `\spark_core.$proc$../../rtl/spark_core.v:279$1561'.
No latch inferred for signal `\spark_core.\sn_ra[2]' from process `\spark_core.$proc$../../rtl/spark_core.v:279$1561'.
No latch inferred for signal `\spark_core.\sn_ra[3]' from process `\spark_core.$proc$../../rtl/spark_core.v:279$1561'.
No latch inferred for signal `\spark_core.\h_we[0]' from process `\spark_core.$proc$../../rtl/spark_core.v:279$1561'.
No latch inferred for signal `\spark_core.\h_we[1]' from process `\spark_core.$proc$../../rtl/spark_core.v:279$1561'.
No latch inferred for signal `\spark_core.\h_wa[0]' from process `\spark_core.$proc$../../rtl/spark_core.v:279$1561'.
No latch inferred for signal `\spark_core.\h_wa[1]' from process `\spark_core.$proc$../../rtl/spark_core.v:279$1561'.
No latch inferred for signal `\spark_core.\h_wd[0]' from process `\spark_core.$proc$../../rtl/spark_core.v:279$1561'.
No latch inferred for signal `\spark_core.\h_wd[1]' from process `\spark_core.$proc$../../rtl/spark_core.v:279$1561'.
No latch inferred for signal `\spark_core.\h_ra[0]' from process `\spark_core.$proc$../../rtl/spark_core.v:279$1561'.
No latch inferred for signal `\spark_core.\h_ra[1]' from process `\spark_core.$proc$../../rtl/spark_core.v:279$1561'.
No latch inferred for signal `\spark_core.\s_we[0]' from process `\spark_core.$proc$../../rtl/spark_core.v:279$1561'.
No latch inferred for signal `\spark_core.\s_we[1]' from process `\spark_core.$proc$../../rtl/spark_core.v:279$1561'.
No latch inferred for signal `\spark_core.\s_wa[0]' from process `\spark_core.$proc$../../rtl/spark_core.v:279$1561'.
No latch inferred for signal `\spark_core.\s_wa[1]' from process `\spark_core.$proc$../../rtl/spark_core.v:279$1561'.
No latch inferred for signal `\spark_core.\s_wd[0]' from process `\spark_core.$proc$../../rtl/spark_core.v:279$1561'.
No latch inferred for signal `\spark_core.\s_wd[1]' from process `\spark_core.$proc$../../rtl/spark_core.v:279$1561'.
No latch inferred for signal `\spark_core.\s_ra[0]' from process `\spark_core.$proc$../../rtl/spark_core.v:279$1561'.
No latch inferred for signal `\spark_core.\s_ra[1]' from process `\spark_core.$proc$../../rtl/spark_core.v:279$1561'.
No latch inferred for signal `\spark_core.\rhash$func$../../rtl/spark_core.v:293$1171.$result' from process `\spark_core.$proc$../../rtl/spark_core.v:279$1561'.
No latch inferred for signal `\spark_core.\rhash$func$../../rtl/spark_core.v:293$1171.x' from process `\spark_core.$proc$../../rtl/spark_core.v:279$1561'.
No latch inferred for signal `\spark_core.\rhash$func$../../rtl/spark_core.v:293$1171.y' from process `\spark_core.$proc$../../rtl/spark_core.v:279$1561'.
No latch inferred for signal `\spark_core.\rhash$func$../../rtl/spark_core.v:293$1172.$result' from process `\spark_core.$proc$../../rtl/spark_core.v:279$1561'.
No latch inferred for signal `\spark_core.\rhash$func$../../rtl/spark_core.v:293$1172.x' from process `\spark_core.$proc$../../rtl/spark_core.v:279$1561'.
No latch inferred for signal `\spark_core.\rhash$func$../../rtl/spark_core.v:293$1172.y' from process `\spark_core.$proc$../../rtl/spark_core.v:279$1561'.
No latch inferred for signal `\spark_core.\rhash$func$../../rtl/spark_core.v:296$1173.$result' from process `\spark_core.$proc$../../rtl/spark_core.v:279$1561'.
No latch inferred for signal `\spark_core.\rhash$func$../../rtl/spark_core.v:296$1173.x' from process `\spark_core.$proc$../../rtl/spark_core.v:279$1561'.
No latch inferred for signal `\spark_core.\rhash$func$../../rtl/spark_core.v:296$1173.y' from process `\spark_core.$proc$../../rtl/spark_core.v:279$1561'.
No latch inferred for signal `\spark_core.\rhash$func$../../rtl/spark_core.v:298$1174.$result' from process `\spark_core.$proc$../../rtl/spark_core.v:279$1561'.
No latch inferred for signal `\spark_core.\rhash$func$../../rtl/spark_core.v:298$1174.x' from process `\spark_core.$proc$../../rtl/spark_core.v:279$1561'.
No latch inferred for signal `\spark_core.\rhash$func$../../rtl/spark_core.v:298$1174.y' from process `\spark_core.$proc$../../rtl/spark_core.v:279$1561'.
No latch inferred for signal `\spark_core.\rhash$func$../../rtl/spark_core.v:306$1175.$result' from process `\spark_core.$proc$../../rtl/spark_core.v:279$1561'.
No latch inferred for signal `\spark_core.\rhash$func$../../rtl/spark_core.v:306$1175.x' from process `\spark_core.$proc$../../rtl/spark_core.v:279$1561'.
No latch inferred for signal `\spark_core.\rhash$func$../../rtl/spark_core.v:306$1175.y' from process `\spark_core.$proc$../../rtl/spark_core.v:279$1561'.
No latch inferred for signal `\spark_core.$mem2reg_wr$\acc_ra$../../rtl/spark_core.v:313$1190_ADDR' from process `\spark_core.$proc$../../rtl/spark_core.v:279$1561'.
No latch inferred for signal `\spark_core.$mem2reg_wr$\acc_ra$../../rtl/spark_core.v:313$1190_DATA' from process `\spark_core.$proc$../../rtl/spark_core.v:279$1561'.
No latch inferred for signal `\spark_core.$mem2reg_wr$\acc_we$../../rtl/spark_core.v:316$1191_ADDR' from process `\spark_core.$proc$../../rtl/spark_core.v:279$1561'.
No latch inferred for signal `\spark_core.$mem2reg_wr$\acc_we$../../rtl/spark_core.v:316$1191_DATA' from process `\spark_core.$proc$../../rtl/spark_core.v:279$1561'.
No latch inferred for signal `\spark_core.$mem2reg_wr$\acc_wa$../../rtl/spark_core.v:316$1192_ADDR' from process `\spark_core.$proc$../../rtl/spark_core.v:279$1561'.
No latch inferred for signal `\spark_core.$mem2reg_wr$\acc_wa$../../rtl/spark_core.v:316$1192_DATA' from process `\spark_core.$proc$../../rtl/spark_core.v:279$1561'.
No latch inferred for signal `\spark_core.$mem2reg_wr$\acc_wd$../../rtl/spark_core.v:316$1193_ADDR' from process `\spark_core.$proc$../../rtl/spark_core.v:279$1561'.
No latch inferred for signal `\spark_core.$mem2reg_wr$\acc_wd$../../rtl/spark_core.v:316$1193_DATA' from process `\spark_core.$proc$../../rtl/spark_core.v:279$1561'.
No latch inferred for signal `\spark_core.$mem2reg_wr$\sn_we$../../rtl/spark_core.v:320$1194_ADDR' from process `\spark_core.$proc$../../rtl/spark_core.v:279$1561'.
No latch inferred for signal `\spark_core.$mem2reg_wr$\sn_we$../../rtl/spark_core.v:320$1194_DATA' from process `\spark_core.$proc$../../rtl/spark_core.v:279$1561'.
No latch inferred for signal `\spark_core.$mem2reg_wr$\sn_wa$../../rtl/spark_core.v:320$1195_ADDR' from process `\spark_core.$proc$../../rtl/spark_core.v:279$1561'.
No latch inferred for signal `\spark_core.$mem2reg_wr$\sn_wa$../../rtl/spark_core.v:320$1195_DATA' from process `\spark_core.$proc$../../rtl/spark_core.v:279$1561'.
No latch inferred for signal `\spark_core.$mem2reg_wr$\acc_we$../../rtl/spark_core.v:323$1196_ADDR' from process `\spark_core.$proc$../../rtl/spark_core.v:279$1561'.
No latch inferred for signal `\spark_core.$mem2reg_wr$\acc_we$../../rtl/spark_core.v:323$1196_DATA' from process `\spark_core.$proc$../../rtl/spark_core.v:279$1561'.
No latch inferred for signal `\spark_core.$mem2reg_wr$\acc_wa$../../rtl/spark_core.v:323$1197_ADDR' from process `\spark_core.$proc$../../rtl/spark_core.v:279$1561'.
No latch inferred for signal `\spark_core.$mem2reg_wr$\acc_wa$../../rtl/spark_core.v:323$1197_DATA' from process `\spark_core.$proc$../../rtl/spark_core.v:279$1561'.
No latch inferred for signal `\spark_core.$mem2reg_wr$\acc_wd$../../rtl/spark_core.v:323$1198_ADDR' from process `\spark_core.$proc$../../rtl/spark_core.v:279$1561'.
No latch inferred for signal `\spark_core.$mem2reg_wr$\acc_wd$../../rtl/spark_core.v:323$1198_DATA' from process `\spark_core.$proc$../../rtl/spark_core.v:279$1561'.
No latch inferred for signal `\spark_core.$mem2reg_wr$\acc_ra$../../rtl/spark_core.v:326$1199_ADDR' from process `\spark_core.$proc$../../rtl/spark_core.v:279$1561'.
No latch inferred for signal `\spark_core.$mem2reg_wr$\acc_ra$../../rtl/spark_core.v:326$1199_DATA' from process `\spark_core.$proc$../../rtl/spark_core.v:279$1561'.
No latch inferred for signal `\spark_core.$mem2reg_wr$\h_ra$../../rtl/spark_core.v:327$1200_ADDR' from process `\spark_core.$proc$../../rtl/spark_core.v:279$1561'.
No latch inferred for signal `\spark_core.$mem2reg_wr$\h_ra$../../rtl/spark_core.v:327$1200_DATA' from process `\spark_core.$proc$../../rtl/spark_core.v:279$1561'.
No latch inferred for signal `\spark_core.$mem2reg_wr$\acc_we$../../rtl/spark_core.v:331$1201_ADDR' from process `\spark_core.$proc$../../rtl/spark_core.v:279$1561'.
No latch inferred for signal `\spark_core.$mem2reg_wr$\acc_we$../../rtl/spark_core.v:331$1201_DATA' from process `\spark_core.$proc$../../rtl/spark_core.v:279$1561'.
No latch inferred for signal `\spark_core.$mem2reg_wr$\acc_wa$../../rtl/spark_core.v:331$1202_ADDR' from process `\spark_core.$proc$../../rtl/spark_core.v:279$1561'.
No latch inferred for signal `\spark_core.$mem2reg_wr$\acc_wa$../../rtl/spark_core.v:331$1202_DATA' from process `\spark_core.$proc$../../rtl/spark_core.v:279$1561'.
No latch inferred for signal `\spark_core.$mem2reg_wr$\acc_wd$../../rtl/spark_core.v:331$1203_ADDR' from process `\spark_core.$proc$../../rtl/spark_core.v:279$1561'.
No latch inferred for signal `\spark_core.$mem2reg_wr$\acc_wd$../../rtl/spark_core.v:331$1203_DATA' from process `\spark_core.$proc$../../rtl/spark_core.v:279$1561'.
No latch inferred for signal `\spark_core.$mem2reg_wr$\h_we$../../rtl/spark_core.v:334$1204_ADDR' from process `\spark_core.$proc$../../rtl/spark_core.v:279$1561'.
No latch inferred for signal `\spark_core.$mem2reg_wr$\h_we$../../rtl/spark_core.v:334$1204_DATA' from process `\spark_core.$proc$../../rtl/spark_core.v:279$1561'.
No latch inferred for signal `\spark_core.$mem2reg_wr$\h_wa$../../rtl/spark_core.v:334$1205_ADDR' from process `\spark_core.$proc$../../rtl/spark_core.v:279$1561'.
No latch inferred for signal `\spark_core.$mem2reg_wr$\h_wa$../../rtl/spark_core.v:334$1205_DATA' from process `\spark_core.$proc$../../rtl/spark_core.v:279$1561'.
No latch inferred for signal `\spark_core.$mem2reg_wr$\s_we$../../rtl/spark_core.v:335$1206_ADDR' from process `\spark_core.$proc$../../rtl/spark_core.v:279$1561'.
No latch inferred for signal `\spark_core.$mem2reg_wr$\s_we$../../rtl/spark_core.v:335$1206_DATA' from process `\spark_core.$proc$../../rtl/spark_core.v:279$1561'.
No latch inferred for signal `\spark_core.$mem2reg_wr$\s_wa$../../rtl/spark_core.v:335$1207_ADDR' from process `\spark_core.$proc$../../rtl/spark_core.v:279$1561'.
No latch inferred for signal `\spark_core.$mem2reg_wr$\s_wa$../../rtl/spark_core.v:335$1207_DATA' from process `\spark_core.$proc$../../rtl/spark_core.v:279$1561'.
No latch inferred for signal `\spark_core.\l5' from process `\spark_core.$proc$../../rtl/spark_core.v:267$1516'.
No latch inferred for signal `\spark_core.\n1' from process `\spark_core.$proc$../../rtl/spark_core.v:267$1516'.
No latch inferred for signal `\spark_core.\n2' from process `\spark_core.$proc$../../rtl/spark_core.v:267$1516'.
No latch inferred for signal `\spark_core.\xv' from process `\spark_core.$proc$../../rtl/spark_core.v:267$1516'.
No latch inferred for signal `\spark_core.\nidx' from process `\spark_core.$proc$../../rtl/spark_core.v:267$1516'.
No latch inferred for signal `\spark_core.\l4' from process `\spark_core.$proc$../../rtl/spark_core.v:241$1359'.
No latch inferred for signal `\spark_core.\h_grp' from process `\spark_core.$proc$../../rtl/spark_core.v:241$1359'.
No latch inferred for signal `\spark_core.\s_grp' from process `\spark_core.$proc$../../rtl/spark_core.v:241$1359'.
No latch inferred for signal `\spark_core.\dec' from process `\spark_core.$proc$../../rtl/spark_core.v:241$1359'.
No latch inferred for signal `\spark_core.\sum' from process `\spark_core.$proc$../../rtl/spark_core.v:241$1359'.
No latch inferred for signal `\spark_core.\hs' from process `\spark_core.$proc$../../rtl/spark_core.v:241$1359'.
No latch inferred for signal `\spark_core.\hl' from process `\spark_core.$proc$../../rtl/spark_core.v:241$1359'.
No latch inferred for signal `\spark_core.\al' from process `\spark_core.$proc$../../rtl/spark_core.v:241$1359'.
No latch inferred for signal `\spark_core.\mag' from process `\spark_core.$proc$../../rtl/spark_core.v:241$1359'.
No latch inferred for signal `\spark_core.\sp' from process `\spark_core.$proc$../../rtl/spark_core.v:241$1359'.
No latch inferred for signal `\spark_core.\hr' from process `\spark_core.$proc$../../rtl/spark_core.v:241$1359'.
Latch inferred for signal `\spark_core.\tl' from process `\spark_core.$proc$../../rtl/spark_core.v:241$1359': $auto$proc_dlatch.cc:427:proc_dlatch$8241
Latch inferred for signal `\spark_core.\u' from process `\spark_core.$proc$../../rtl/spark_core.v:241$1359': $auto$proc_dlatch.cc:427:proc_dlatch$8244
Latch inferred for signal `\spark_core.\us' from process `\spark_core.$proc$../../rtl/spark_core.v:241$1359': $auto$proc_dlatch.cc:427:proc_dlatch$8247
No latch inferred for signal `\spark_core.\l3' from process `\spark_core.$proc$../../rtl/spark_core.v:221$1342'.
No latch inferred for signal `\spark_core.\acc_new' from process `\spark_core.$proc$../../rtl/spark_core.v:221$1342'.
No latch inferred for signal `\spark_core.\l2' from process `\spark_core.$proc$../../rtl/spark_core.v:214$1341'.
No latch inferred for signal `\spark_core.\sel' from process `\spark_core.$proc$../../rtl/spark_core.v:214$1341'.
No latch inferred for signal `\spark_core.\l1' from process `\spark_core.$proc$../../rtl/spark_core.v:202$1284'.
No latch inferred for signal `\spark_core.\nzmask_rd' from process `\spark_core.$proc$../../rtl/spark_core.v:202$1284'.
No latch inferred for signal `\spark_core.\srcnz_rd' from process `\spark_core.$proc$../../rtl/spark_core.v:202$1284'.
No latch inferred for signal `\spark_core.\chg_rd' from process `\spark_core.$proc$../../rtl/spark_core.v:202$1284'.
No latch inferred for signal `\spark_core.\vtmp' from process `\spark_core.$proc$../../rtl/spark_core.v:202$1284'.
No latch inferred for signal `\spark_core.\vlat[0]' from process `\spark_core.$proc$../../rtl/spark_core.v:202$1284'.
No latch inferred for signal `\spark_core.\vlat[1]' from process `\spark_core.$proc$../../rtl/spark_core.v:202$1284'.
No latch inferred for signal `\spark_core.\vlat[2]' from process `\spark_core.$proc$../../rtl/spark_core.v:202$1284'.
No latch inferred for signal `\spark_core.\vlat[3]' from process `\spark_core.$proc$../../rtl/spark_core.v:202$1284'.
No latch inferred for signal `\spark_core.\vlat[4]' from process `\spark_core.$proc$../../rtl/spark_core.v:202$1284'.
No latch inferred for signal `\spark_core.\vlat[5]' from process `\spark_core.$proc$../../rtl/spark_core.v:202$1284'.
No latch inferred for signal `\spark_core.\vlat[6]' from process `\spark_core.$proc$../../rtl/spark_core.v:202$1284'.
No latch inferred for signal `\spark_core.\vlat[7]' from process `\spark_core.$proc$../../rtl/spark_core.v:202$1284'.
No latch inferred for signal `\spark_core.\l0' from process `\spark_core.$proc$../../rtl/spark_core.v:193$1267'.
No latch inferred for signal `\spark_core.\pc_nz' from process `\spark_core.$proc$../../rtl/spark_core.v:193$1267'.
No latch inferred for signal `\spark_core.\pc_dl' from process `\spark_core.$proc$../../rtl/spark_core.v:193$1267'.
No latch inferred for signal `\spark_core.\src_rd' from process `\spark_core.$proc$../../rtl/spark_core.v:170$1255'.
No latch inferred for signal `\spark_core.\sent_rd' from process `\spark_core.$proc$../../rtl/spark_core.v:170$1255'.
No latch inferred for signal `\spark_core.\w_rd' from process `\spark_core.$proc$../../rtl/spark_core.v:170$1255'.
No latch inferred for signal `\spark_core.\acc_rd_s' from process `\spark_core.$proc$../../rtl/spark_core.v:170$1255'.
No latch inferred for signal `\spark_core.$mem2reg_rd$\sn_rd$../../rtl/spark_core.v:184$1188_ADDR' from process `\spark_core.$proc$../../rtl/spark_core.v:170$1255'.
No latch inferred for signal `\spark_core.$mem2reg_rd$\sn_rd$../../rtl/spark_core.v:184$1188_DATA' from process `\spark_core.$proc$../../rtl/spark_core.v:170$1255'.
No latch inferred for signal `\spark_core.$mem2reg_rd$\acc_rd$../../rtl/spark_core.v:185$1189_ADDR' from process `\spark_core.$proc$../../rtl/spark_core.v:170$1255'.
No latch inferred for signal `\spark_core.$mem2reg_rd$\acc_rd$../../rtl/spark_core.v:185$1189_DATA' from process `\spark_core.$proc$../../rtl/spark_core.v:170$1255'.

9.2.9. Executing PROC_DFF pass (convert process syncs to FFs).
Creating register for signal `\spark_core.\done' using process `\spark_core.$proc$../../rtl/spark_core.v:366$1727'.
  created $dff cell `$procdff$8248' with positive edge clock.
Creating register for signal `\spark_core.\pred' using process `\spark_core.$proc$../../rtl/spark_core.v:366$1727'.
  created $dff cell `$procdff$8249' with positive edge clock.
Creating register for signal `\spark_core.\path' using process `\spark_core.$proc$../../rtl/spark_core.v:366$1727'.
  created $dff cell `$procdff$8250' with positive edge clock.
Creating register for signal `\spark_core.\tok_cycles' using process `\spark_core.$proc$../../rtl/spark_core.v:366$1727'.
  created $dff cell `$procdff$8251' with positive edge clock.
Creating register for signal `\spark_core.\wreads' using process `\spark_core.$proc$../../rtl/spark_core.v:366$1727'.
  created $dff cell `$procdff$8252' with positive edge clock.
Creating register for signal `\spark_core.\cyc_engine' using process `\spark_core.$proc$../../rtl/spark_core.v:366$1727'.
  created $dff cell `$procdff$8253' with positive edge clock.
Creating register for signal `\spark_core.\cyc_scan' using process `\spark_core.$proc$../../rtl/spark_core.v:366$1727'.
  created $dff cell `$procdff$8254' with positive edge clock.
Creating register for signal `\spark_core.\cyc_post' using process `\spark_core.$proc$../../rtl/spark_core.v:366$1727'.
  created $dff cell `$procdff$8255' with positive edge clock.
Creating register for signal `\spark_core.\cyc_recall' using process `\spark_core.$proc$../../rtl/spark_core.v:366$1727'.
  created $dff cell `$procdff$8256' with positive edge clock.
Creating register for signal `\spark_core.\state' using process `\spark_core.$proc$../../rtl/spark_core.v:366$1727'.
  created $dff cell `$procdff$8257' with positive edge clock.
Creating register for signal `\spark_core.\use_delta' using process `\spark_core.$proc$../../rtl/spark_core.v:366$1727'.
  created $dff cell `$procdff$8258' with positive edge clock.
Creating register for signal `\spark_core.\n_nz' using process `\spark_core.$proc$../../rtl/spark_core.v:366$1727'.
  created $dff cell `$procdff$8259' with positive edge clock.
Creating register for signal `\spark_core.\n_dl' using process `\spark_core.$proc$../../rtl/spark_core.v:366$1727'.
  created $dff cell `$procdff$8260' with positive edge clock.
Creating register for signal `\spark_core.\score' using process `\spark_core.$proc$../../rtl/spark_core.v:366$1727'.
  created $dff cell `$procdff$8261' with positive edge clock.
Creating register for signal `\spark_core.\tokcnt' using process `\spark_core.$proc$../../rtl/spark_core.v:366$1727'.
  created $dff cell `$procdff$8262' with positive edge clock.
Creating register for signal `\spark_core.\tokq' using process `\spark_core.$proc$../../rtl/spark_core.v:366$1727'.
  created $dff cell `$procdff$8263' with positive edge clock.
Creating register for signal `\spark_core.\rec_hit' using process `\spark_core.$proc$../../rtl/spark_core.v:366$1727'.
  created $dff cell `$procdff$8264' with positive edge clock.
Creating register for signal `\spark_core.\rec_val' using process `\spark_core.$proc$../../rtl/spark_core.v:366$1727'.
  created $dff cell `$procdff$8265' with positive edge clock.
Creating register for signal `\spark_core.\stg' using process `\spark_core.$proc$../../rtl/spark_core.v:366$1727'.
  created $dff cell `$procdff$8266' with positive edge clock.
Creating register for signal `\spark_core.\byte_r' using process `\spark_core.$proc$../../rtl/spark_core.v:366$1727'.
  created $dff cell `$procdff$8267' with positive edge clock.
Creating register for signal `\spark_core.\ctx' using process `\spark_core.$proc$../../rtl/spark_core.v:366$1727'.
  created $dff cell `$procdff$8268' with positive edge clock.
Creating register for signal `\spark_core.\ctx_prev' using process `\spark_core.$proc$../../rtl/spark_core.v:366$1727'.
  created $dff cell `$procdff$8269' with positive edge clock.
Creating register for signal `\spark_core.\hist1' using process `\spark_core.$proc$../../rtl/spark_core.v:366$1727'.
  created $dff cell `$procdff$8270' with positive edge clock.
Creating register for signal `\spark_core.\hist2' using process `\spark_core.$proc$../../rtl/spark_core.v:366$1727'.
  created $dff cell `$procdff$8271' with positive edge clock.
Creating register for signal `\spark_core.\started' using process `\spark_core.$proc$../../rtl/spark_core.v:366$1727'.
  created $dff cell `$procdff$8272' with positive edge clock.
Creating register for signal `\spark_core.\c' using process `\spark_core.$proc$../../rtl/spark_core.v:366$1727'.
  created $dff cell `$procdff$8273' with positive edge clock.
Creating register for signal `\spark_core.\mask' using process `\spark_core.$proc$../../rtl/spark_core.v:366$1727'.
  created $dff cell `$procdff$8274' with positive edge clock.
Creating register for signal `\spark_core.\srcw' using process `\spark_core.$proc$../../rtl/spark_core.v:366$1727'.
  created $dff cell `$procdff$8275' with positive edge clock.
Creating register for signal `\spark_core.\sentw' using process `\spark_core.$proc$../../rtl/spark_core.v:366$1727'.
  created $dff cell `$procdff$8276' with positive edge clock.
Creating register for signal `\spark_core.\ev_j' using process `\spark_core.$proc$../../rtl/spark_core.v:366$1727'.
  created $dff cell `$procdff$8277' with positive edge clock.
Creating register for signal `\spark_core.\ev_v' using process `\spark_core.$proc$../../rtl/spark_core.v:366$1727'.
  created $dff cell `$procdff$8278' with positive edge clock.
Creating register for signal `\spark_core.\e' using process `\spark_core.$proc$../../rtl/spark_core.v:366$1727'.
  created $dff cell `$procdff$8279' with positive edge clock.
Creating register for signal `\spark_core.\m' using process `\spark_core.$proc$../../rtl/spark_core.v:366$1727'.
  created $dff cell `$procdff$8280' with positive edge clock.
Creating register for signal `\spark_core.\t1' using process `\spark_core.$proc$../../rtl/spark_core.v:366$1727'.
  created $dff cell `$procdff$8281' with positive edge clock.
Creating register for signal `\spark_core.\t2' using process `\spark_core.$proc$../../rtl/spark_core.v:366$1727'.
  created $dff cell `$procdff$8282' with positive edge clock.
Creating register for signal `\spark_core.\idx' using process `\spark_core.$proc$../../rtl/spark_core.v:366$1727'.
  created $dff cell `$procdff$8283' with positive edge clock.
Creating register for signal `\spark_core.\po_acc' using process `\spark_core.$proc$../../rtl/spark_core.v:366$1727'.
  created $dff cell `$procdff$8284' with positive edge clock.
Creating register for signal `\spark_core.\po_h' using process `\spark_core.$proc$../../rtl/spark_core.v:366$1727'.
  created $dff cell `$procdff$8285' with positive edge clock.
Creating register for signal `\spark_core.\po_th' using process `\spark_core.$proc$../../rtl/spark_core.v:366$1727'.
  created $dff cell `$procdff$8286' with positive edge clock.
Creating register for signal `\spark_core.\h_neww' using process `\spark_core.$proc$../../rtl/spark_core.v:366$1727'.
  created $dff cell `$procdff$8287' with positive edge clock.
Creating register for signal `\spark_core.\s_neww' using process `\spark_core.$proc$../../rtl/spark_core.v:366$1727'.
  created $dff cell `$procdff$8288' with positive edge clock.
Creating register for signal `\spark_core.\q' using process `\spark_core.$proc$../../rtl/spark_core.v:366$1727'.
  created $dff cell `$procdff$8289' with positive edge clock.
Creating register for signal `\spark_core.\kf' using process `\spark_core.$proc$../../rtl/spark_core.v:366$1727'.
  created $dff cell `$procdff$8290' with positive edge clock.
Creating register for signal `\spark_core.$bitselwrite$mask$../../rtl/spark_core.v:448$1176' using process `\spark_core.$proc$../../rtl/spark_core.v:366$1727'.
  created $dff cell `$procdff$8291' with positive edge clock.
Creating register for signal `\spark_core.$bitselwrite$data$../../rtl/spark_core.v:448$1177' using process `\spark_core.$proc$../../rtl/spark_core.v:366$1727'.
  created $dff cell `$procdff$8292' with positive edge clock.
Creating register for signal `\spark_core.$bitselwrite$sel$../../rtl/spark_core.v:448$1178' using process `\spark_core.$proc$../../rtl/spark_core.v:366$1727'.
  created $dff cell `$procdff$8293' with positive edge clock.
Creating register for signal `\spark_core.$bitselwrite$mask$../../rtl/spark_core.v:449$1179' using process `\spark_core.$proc$../../rtl/spark_core.v:366$1727'.
  created $dff cell `$procdff$8294' with positive edge clock.
Creating register for signal `\spark_core.$bitselwrite$data$../../rtl/spark_core.v:449$1180' using process `\spark_core.$proc$../../rtl/spark_core.v:366$1727'.
  created $dff cell `$procdff$8295' with positive edge clock.
Creating register for signal `\spark_core.$bitselwrite$sel$../../rtl/spark_core.v:449$1181' using process `\spark_core.$proc$../../rtl/spark_core.v:366$1727'.
  created $dff cell `$procdff$8296' with positive edge clock.
Creating register for signal `\spark_core.$bitselwrite$mask$../../rtl/spark_core.v:480$1182' using process `\spark_core.$proc$../../rtl/spark_core.v:366$1727'.
  created $dff cell `$procdff$8297' with positive edge clock.
Creating register for signal `\spark_core.$bitselwrite$data$../../rtl/spark_core.v:480$1183' using process `\spark_core.$proc$../../rtl/spark_core.v:366$1727'.
  created $dff cell `$procdff$8298' with positive edge clock.
Creating register for signal `\spark_core.$bitselwrite$sel$../../rtl/spark_core.v:480$1184' using process `\spark_core.$proc$../../rtl/spark_core.v:366$1727'.
  created $dff cell `$procdff$8299' with positive edge clock.
Creating register for signal `\spark_core.$bitselwrite$mask$../../rtl/spark_core.v:481$1185' using process `\spark_core.$proc$../../rtl/spark_core.v:366$1727'.
  created $dff cell `$procdff$8300' with positive edge clock.
Creating register for signal `\spark_core.$bitselwrite$data$../../rtl/spark_core.v:481$1186' using process `\spark_core.$proc$../../rtl/spark_core.v:366$1727'.
  created $dff cell `$procdff$8301' with positive edge clock.
Creating register for signal `\spark_core.$bitselwrite$sel$../../rtl/spark_core.v:481$1187' using process `\spark_core.$proc$../../rtl/spark_core.v:366$1727'.
  created $dff cell `$procdff$8302' with positive edge clock.
Creating register for signal `\spark_core.$mem2reg_rd$\vlat$../../rtl/spark_core.v:447$1208_ADDR' using process `\spark_core.$proc$../../rtl/spark_core.v:366$1727'.
  created $dff cell `$procdff$8303' with positive edge clock.
Creating register for signal `\spark_core.$mem2reg_rd$\vlat$../../rtl/spark_core.v:447$1208_DATA' using process `\spark_core.$proc$../../rtl/spark_core.v:366$1727'.
  created $dff cell `$procdff$8304' with positive edge clock.
Creating register for signal `\spark_core.$mem2reg_rd$\vlat$../../rtl/spark_core.v:451$1209_ADDR' using process `\spark_core.$proc$../../rtl/spark_core.v:366$1727'.
  created $dff cell `$procdff$8305' with positive edge clock.
Creating register for signal `\spark_core.$mem2reg_rd$\vlat$../../rtl/spark_core.v:451$1209_DATA' using process `\spark_core.$proc$../../rtl/spark_core.v:366$1727'.
  created $dff cell `$procdff$8306' with positive edge clock.
Creating register for signal `\spark_core.$mem2reg_rd$\h_rd$../../rtl/spark_core.v:474$1210_ADDR' using process `\spark_core.$proc$../../rtl/spark_core.v:366$1727'.
  created $dff cell `$procdff$8307' with positive edge clock.
Creating register for signal `\spark_core.$mem2reg_rd$\h_rd$../../rtl/spark_core.v:474$1210_DATA' using process `\spark_core.$proc$../../rtl/spark_core.v:366$1727'.
  created $dff cell `$procdff$8308' with positive edge clock.
Creating register for signal `\spark_core.$memwr$\nzc$../../rtl/spark_core.v:382$1211_EN' using process `\spark_core.$proc$../../rtl/spark_core.v:366$1727'.
  created $dff cell `$procdff$8309' with positive edge clock.
Creating register for signal `\spark_core.$memwr$\prc$../../rtl/spark_core.v:382$1212_EN' using process `\spark_core.$proc$../../rtl/spark_core.v:366$1727'.
  created $dff cell `$procdff$8310' with positive edge clock.
Creating register for signal `\spark_core.$memwr$\nzc$../../rtl/spark_core.v:382$1213_EN' using process `\spark_core.$proc$../../rtl/spark_core.v:366$1727'.
  created $dff cell `$procdff$8311' with positive edge clock.
Creating register for signal `\spark_core.$memwr$\prc$../../rtl/spark_core.v:382$1214_EN' using process `\spark_core.$proc$../../rtl/spark_core.v:366$1727'.
  created $dff cell `$procdff$8312' with positive edge clock.
Creating register for signal `\spark_core.$memwr$\nzc$../../rtl/spark_core.v:382$1215_EN' using process `\spark_core.$proc$../../rtl/spark_core.v:366$1727'.
  created $dff cell `$procdff$8313' with positive edge clock.
Creating register for signal `\spark_core.$memwr$\prc$../../rtl/spark_core.v:382$1216_EN' using process `\spark_core.$proc$../../rtl/spark_core.v:366$1727'.
  created $dff cell `$procdff$8314' with positive edge clock.
Creating register for signal `\spark_core.$memwr$\nzc$../../rtl/spark_core.v:382$1217_EN' using process `\spark_core.$proc$../../rtl/spark_core.v:366$1727'.
  created $dff cell `$procdff$8315' with positive edge clock.
Creating register for signal `\spark_core.$memwr$\prc$../../rtl/spark_core.v:382$1218_EN' using process `\spark_core.$proc$../../rtl/spark_core.v:366$1727'.
  created $dff cell `$procdff$8316' with positive edge clock.
Creating register for signal `\spark_core.$memwr$\prc$../../rtl/spark_core.v:450$1219_ADDR' using process `\spark_core.$proc$../../rtl/spark_core.v:366$1727'.
  created $dff cell `$procdff$8317' with positive edge clock.
Creating register for signal `\spark_core.$memwr$\prc$../../rtl/spark_core.v:450$1219_DATA' using process `\spark_core.$proc$../../rtl/spark_core.v:366$1727'.
  created $dff cell `$procdff$8318' with positive edge clock.
Creating register for signal `\spark_core.$memwr$\prc$../../rtl/spark_core.v:450$1219_EN' using process `\spark_core.$proc$../../rtl/spark_core.v:366$1727'.
  created $dff cell `$procdff$8319' with positive edge clock.
Creating register for signal `\spark_core.$memwr$\nzc$../../rtl/spark_core.v:451$1220_ADDR' using process `\spark_core.$proc$../../rtl/spark_core.v:366$1727'.
  created $dff cell `$procdff$8320' with positive edge clock.
Creating register for signal `\spark_core.$memwr$\nzc$../../rtl/spark_core.v:451$1220_DATA' using process `\spark_core.$proc$../../rtl/spark_core.v:366$1727'.
  created $dff cell `$procdff$8321' with positive edge clock.
Creating register for signal `\spark_core.$memwr$\nzc$../../rtl/spark_core.v:451$1220_EN' using process `\spark_core.$proc$../../rtl/spark_core.v:366$1727'.
  created $dff cell `$procdff$8322' with positive edge clock.
Creating register for signal `\spark_core.$lookahead\mask$1723' using process `\spark_core.$proc$../../rtl/spark_core.v:366$1727'.
  created $dff cell `$procdff$8323' with positive edge clock.
Creating register for signal `\spark_core.$lookahead\sentw$1724' using process `\spark_core.$proc$../../rtl/spark_core.v:366$1727'.
  created $dff cell `$procdff$8324' with positive edge clock.
Creating register for signal `\spark_core.$lookahead\h_neww$1725' using process `\spark_core.$proc$../../rtl/spark_core.v:366$1727'.
  created $dff cell `$procdff$8325' with positive edge clock.
Creating register for signal `\spark_core.$lookahead\s_neww$1726' using process `\spark_core.$proc$../../rtl/spark_core.v:366$1727'.
  created $dff cell `$procdff$8326' with positive edge clock.
Creating register for signal `\spark_core.\zc' using process `\spark_core.$proc$../../rtl/spark_core.v:355$1717'.
  created $dff cell `$procdff$8327' with positive edge clock.
Creating register for signal `\spark_core.\zbusy' using process `\spark_core.$proc$../../rtl/spark_core.v:355$1717'.
  created $dff cell `$procdff$8328' with positive edge clock.
Creating register for signal `\spark_core.\start_q' using process `\spark_core.$proc$../../rtl/spark_core.v:355$1717'.
  created $dff cell `$procdff$8329' with positive edge clock.
Creating register for signal `$paramod$2c77d4c76d086e54f07b14b3885789884f559221\uart_rx.\state' using process `$paramod$2c77d4c76d086e54f07b14b3885789884f559221\uart_rx.$proc$../../board/uart_rx.v:31$2058'.
  created $dff cell `$procdff$8330' with positive edge clock.
Creating register for signal `$paramod$2c77d4c76d086e54f07b14b3885789884f559221\uart_rx.\cnt' using process `$paramod$2c77d4c76d086e54f07b14b3885789884f559221\uart_rx.$proc$../../board/uart_rx.v:31$2058'.
  created $dff cell `$procdff$8331' with positive edge clock.
Creating register for signal `$paramod$2c77d4c76d086e54f07b14b3885789884f559221\uart_rx.\data' using process `$paramod$2c77d4c76d086e54f07b14b3885789884f559221\uart_rx.$proc$../../board/uart_rx.v:31$2058'.
  created $dff cell `$procdff$8332' with positive edge clock.
Creating register for signal `$paramod$2c77d4c76d086e54f07b14b3885789884f559221\uart_rx.\valid' using process `$paramod$2c77d4c76d086e54f07b14b3885789884f559221\uart_rx.$proc$../../board/uart_rx.v:31$2058'.
  created $dff cell `$procdff$8333' with positive edge clock.
Creating register for signal `$paramod$2c77d4c76d086e54f07b14b3885789884f559221\uart_rx.\bitn' using process `$paramod$2c77d4c76d086e54f07b14b3885789884f559221\uart_rx.$proc$../../board/uart_rx.v:31$2058'.
  created $dff cell `$procdff$8334' with positive edge clock.
Creating register for signal `$paramod$2c77d4c76d086e54f07b14b3885789884f559221\uart_rx.\sh' using process `$paramod$2c77d4c76d086e54f07b14b3885789884f559221\uart_rx.$proc$../../board/uart_rx.v:31$2058'.
  created $dff cell `$procdff$8335' with positive edge clock.
Creating register for signal `$paramod$2c77d4c76d086e54f07b14b3885789884f559221\uart_rx.\rx_m' using process `$paramod$2c77d4c76d086e54f07b14b3885789884f559221\uart_rx.$proc$../../board/uart_rx.v:20$2057'.
  created $dff cell `$procdff$8336' with positive edge clock.
Creating register for signal `$paramod$2c77d4c76d086e54f07b14b3885789884f559221\uart_rx.\rx_s' using process `$paramod$2c77d4c76d086e54f07b14b3885789884f559221\uart_rx.$proc$../../board/uart_rx.v:20$2057'.
  created $dff cell `$procdff$8337' with positive edge clock.
Creating register for signal `$paramod$a80fd39dadfcac33f5f91ba005c92717acda455a\spark_ram.\rd' using process `$paramod$a80fd39dadfcac33f5f91ba005c92717acda455a\spark_ram.$proc$../spark_ram_asic.v:22$1101'.
  created $dff cell `$procdff$8338' with positive edge clock.
Creating register for signal `$paramod$a80fd39dadfcac33f5f91ba005c92717acda455a\spark_ram.$memwr$\mem$../spark_ram_asic.v:23$1100_ADDR' using process `$paramod$a80fd39dadfcac33f5f91ba005c92717acda455a\spark_ram.$proc$../spark_ram_asic.v:22$1101'.
  created $dff cell `$procdff$8339' with positive edge clock.
Creating register for signal `$paramod$a80fd39dadfcac33f5f91ba005c92717acda455a\spark_ram.$memwr$\mem$../spark_ram_asic.v:23$1100_DATA' using process `$paramod$a80fd39dadfcac33f5f91ba005c92717acda455a\spark_ram.$proc$../spark_ram_asic.v:22$1101'.
  created $dff cell `$procdff$8340' with positive edge clock.
Creating register for signal `$paramod$a80fd39dadfcac33f5f91ba005c92717acda455a\spark_ram.$memwr$\mem$../spark_ram_asic.v:23$1100_EN' using process `$paramod$a80fd39dadfcac33f5f91ba005c92717acda455a\spark_ram.$proc$../spark_ram_asic.v:22$1101'.
  created $dff cell `$procdff$8341' with positive edge clock.
Creating register for signal `$paramod$429c1f82066657abfcb96a496d5ead908f1f3b7c\spark_ram.\rd' using process `$paramod$429c1f82066657abfcb96a496d5ead908f1f3b7c\spark_ram.$proc$../spark_ram_asic.v:22$1090'.
  created $dff cell `$procdff$8342' with positive edge clock.
Creating register for signal `$paramod$429c1f82066657abfcb96a496d5ead908f1f3b7c\spark_ram.$memwr$\mem$../spark_ram_asic.v:23$1089_ADDR' using process `$paramod$429c1f82066657abfcb96a496d5ead908f1f3b7c\spark_ram.$proc$../spark_ram_asic.v:22$1090'.
  created $dff cell `$procdff$8343' with positive edge clock.
Creating register for signal `$paramod$429c1f82066657abfcb96a496d5ead908f1f3b7c\spark_ram.$memwr$\mem$../spark_ram_asic.v:23$1089_DATA' using process `$paramod$429c1f82066657abfcb96a496d5ead908f1f3b7c\spark_ram.$proc$../spark_ram_asic.v:22$1090'.
  created $dff cell `$procdff$8344' with positive edge clock.
Creating register for signal `$paramod$429c1f82066657abfcb96a496d5ead908f1f3b7c\spark_ram.$memwr$\mem$../spark_ram_asic.v:23$1089_EN' using process `$paramod$429c1f82066657abfcb96a496d5ead908f1f3b7c\spark_ram.$proc$../spark_ram_asic.v:22$1090'.
  created $dff cell `$procdff$8345' with positive edge clock.
Creating register for signal `$paramod$3cd4f12c67766e10179630e6778f5a719138134d\spark_ram.\rd' using process `$paramod$3cd4f12c67766e10179630e6778f5a719138134d\spark_ram.$proc$../spark_ram_asic.v:22$1080'.
  created $dff cell `$procdff$8346' with positive edge clock.
Creating register for signal `$paramod$3cd4f12c67766e10179630e6778f5a719138134d\spark_ram.$memwr$\mem$../spark_ram_asic.v:23$1079_ADDR' using process `$paramod$3cd4f12c67766e10179630e6778f5a719138134d\spark_ram.$proc$../spark_ram_asic.v:22$1080'.
  created $dff cell `$procdff$8347' with positive edge clock.
Creating register for signal `$paramod$3cd4f12c67766e10179630e6778f5a719138134d\spark_ram.$memwr$\mem$../spark_ram_asic.v:23$1079_DATA' using process `$paramod$3cd4f12c67766e10179630e6778f5a719138134d\spark_ram.$proc$../spark_ram_asic.v:22$1080'.
  created $dff cell `$procdff$8348' with positive edge clock.
Creating register for signal `$paramod$3cd4f12c67766e10179630e6778f5a719138134d\spark_ram.$memwr$\mem$../spark_ram_asic.v:23$1079_EN' using process `$paramod$3cd4f12c67766e10179630e6778f5a719138134d\spark_ram.$proc$../spark_ram_asic.v:22$1080'.
  created $dff cell `$procdff$8349' with positive edge clock.
Creating register for signal `$paramod$b60b308f1fe104c2737e410a4ba6465ac6270627\spark_ram.\rd' using process `$paramod$b60b308f1fe104c2737e410a4ba6465ac6270627\spark_ram.$proc$../spark_ram_asic.v:22$1070'.
  created $dff cell `$procdff$8350' with positive edge clock.
Creating register for signal `$paramod$b60b308f1fe104c2737e410a4ba6465ac6270627\spark_ram.$memwr$\mem$../spark_ram_asic.v:23$1069_ADDR' using process `$paramod$b60b308f1fe104c2737e410a4ba6465ac6270627\spark_ram.$proc$../spark_ram_asic.v:22$1070'.
  created $dff cell `$procdff$8351' with positive edge clock.
Creating register for signal `$paramod$b60b308f1fe104c2737e410a4ba6465ac6270627\spark_ram.$memwr$\mem$../spark_ram_asic.v:23$1069_DATA' using process `$paramod$b60b308f1fe104c2737e410a4ba6465ac6270627\spark_ram.$proc$../spark_ram_asic.v:22$1070'.
  created $dff cell `$procdff$8352' with positive edge clock.
Creating register for signal `$paramod$b60b308f1fe104c2737e410a4ba6465ac6270627\spark_ram.$memwr$\mem$../spark_ram_asic.v:23$1069_EN' using process `$paramod$b60b308f1fe104c2737e410a4ba6465ac6270627\spark_ram.$proc$../spark_ram_asic.v:22$1070'.
  created $dff cell `$procdff$8353' with positive edge clock.
Creating register for signal `$paramod$5ef048927887dab421ae4d77be9d31047db88ca2\spark_ram.\rd' using process `$paramod$5ef048927887dab421ae4d77be9d31047db88ca2\spark_ram.$proc$../spark_ram_asic.v:22$1060'.
  created $dff cell `$procdff$8354' with positive edge clock.
Creating register for signal `$paramod$5ef048927887dab421ae4d77be9d31047db88ca2\spark_ram.$memwr$\mem$../spark_ram_asic.v:23$1059_ADDR' using process `$paramod$5ef048927887dab421ae4d77be9d31047db88ca2\spark_ram.$proc$../spark_ram_asic.v:22$1060'.
  created $dff cell `$procdff$8355' with positive edge clock.
Creating register for signal `$paramod$5ef048927887dab421ae4d77be9d31047db88ca2\spark_ram.$memwr$\mem$../spark_ram_asic.v:23$1059_DATA' using process `$paramod$5ef048927887dab421ae4d77be9d31047db88ca2\spark_ram.$proc$../spark_ram_asic.v:22$1060'.
  created $dff cell `$procdff$8356' with positive edge clock.
Creating register for signal `$paramod$5ef048927887dab421ae4d77be9d31047db88ca2\spark_ram.$memwr$\mem$../spark_ram_asic.v:23$1059_EN' using process `$paramod$5ef048927887dab421ae4d77be9d31047db88ca2\spark_ram.$proc$../spark_ram_asic.v:22$1060'.
  created $dff cell `$procdff$8357' with positive edge clock.
Creating register for signal `$paramod$bcf365f4146dd7b8dd7973b9792131c6e19538bf\spark_ram.\rd' using process `$paramod$bcf365f4146dd7b8dd7973b9792131c6e19538bf\spark_ram.$proc$../spark_ram_asic.v:22$1050'.
  created $dff cell `$procdff$8358' with positive edge clock.
Creating register for signal `$paramod$bcf365f4146dd7b8dd7973b9792131c6e19538bf\spark_ram.$memwr$\mem$../spark_ram_asic.v:23$1049_ADDR' using process `$paramod$bcf365f4146dd7b8dd7973b9792131c6e19538bf\spark_ram.$proc$../spark_ram_asic.v:22$1050'.
  created $dff cell `$procdff$8359' with positive edge clock.
Creating register for signal `$paramod$bcf365f4146dd7b8dd7973b9792131c6e19538bf\spark_ram.$memwr$\mem$../spark_ram_asic.v:23$1049_DATA' using process `$paramod$bcf365f4146dd7b8dd7973b9792131c6e19538bf\spark_ram.$proc$../spark_ram_asic.v:22$1050'.
  created $dff cell `$procdff$8360' with positive edge clock.
Creating register for signal `$paramod$bcf365f4146dd7b8dd7973b9792131c6e19538bf\spark_ram.$memwr$\mem$../spark_ram_asic.v:23$1049_EN' using process `$paramod$bcf365f4146dd7b8dd7973b9792131c6e19538bf\spark_ram.$proc$../spark_ram_asic.v:22$1050'.
  created $dff cell `$procdff$8361' with positive edge clock.
Creating register for signal `$paramod$a28ce1f40a247108f5837ac3d099bee74b2b0a07\sram_array.\rbank_q' using process `$paramod$a28ce1f40a247108f5837ac3d099bee74b2b0a07\sram_array.$proc$../spark_mem_sky130.v:20$2160'.
  created $dff cell `$procdff$8362' with positive edge clock.
Creating register for signal `$paramod$0d0377702b2925ff4e344b2b32674ab0e09676c9\sram_array.\rbank_q' using process `$paramod$0d0377702b2925ff4e344b2b32674ab0e09676c9\sram_array.$proc$../spark_mem_sky130.v:20$2115'.
  created $dff cell `$procdff$8363' with positive edge clock.
Creating register for signal `$paramod$8f93e5a50923ff060caee78116dfcb18e6d470aa\sram_array.\rbank_q' using process `$paramod$8f93e5a50923ff060caee78116dfcb18e6d470aa\sram_array.$proc$../spark_mem_sky130.v:20$2090'.
  created $dff cell `$procdff$8364' with positive edge clock.
Creating register for signal `$paramod$4d3c4ff6ab1be9973e955659d38e203320f28619\sram_array.\rbank_q' using process `$paramod$4d3c4ff6ab1be9973e955659d38e203320f28619\sram_array.$proc$../spark_mem_sky130.v:20$2075'.
  created $dff cell `$procdff$8365' with positive edge clock.
Creating register for signal `$paramod$2c77d4c76d086e54f07b14b3885789884f559221\uart_tx.\cnt' using process `$paramod$2c77d4c76d086e54f07b14b3885789884f559221\uart_tx.$proc$../../board/uart_tx.v:23$2046'.
  created $dff cell `$procdff$8366' with positive edge clock.
Creating register for signal `$paramod$2c77d4c76d086e54f07b14b3885789884f559221\uart_tx.\tx' using process `$paramod$2c77d4c76d086e54f07b14b3885789884f559221\uart_tx.$proc$../../board/uart_tx.v:23$2046'.
  created $dff cell `$procdff$8367' with positive edge clock.
Creating register for signal `$paramod$2c77d4c76d086e54f07b14b3885789884f559221\uart_tx.\bitn' using process `$paramod$2c77d4c76d086e54f07b14b3885789884f559221\uart_tx.$proc$../../board/uart_tx.v:23$2046'.
  created $dff cell `$procdff$8368' with positive edge clock.
Creating register for signal `$paramod$2c77d4c76d086e54f07b14b3885789884f559221\uart_tx.\sh' using process `$paramod$2c77d4c76d086e54f07b14b3885789884f559221\uart_tx.$proc$../../board/uart_tx.v:23$2046'.
  created $dff cell `$procdff$8369' with positive edge clock.
Creating register for signal `$paramod$2c77d4c76d086e54f07b14b3885789884f559221\uart_tx.\act' using process `$paramod$2c77d4c76d086e54f07b14b3885789884f559221\uart_tx.$proc$../../board/uart_tx.v:23$2046'.
  created $dff cell `$procdff$8370' with positive edge clock.
Creating register for signal `$paramod$5991bf1e7dfda537268c11f0f2f1f92d0f7b6ab2\sram_array.\rbank_q' using process `$paramod$5991bf1e7dfda537268c11f0f2f1f92d0f7b6ab2\sram_array.$proc$../spark_mem_sky130.v:20$2185'.
  created $dff cell `$procdff$8371' with positive edge clock.
Creating register for signal `\spark_chip.\start' using process `\spark_chip.$proc$../../rtl/spark_chip.v:64$889'.
  created $dff cell `$procdff$8372' with positive edge clock.
Creating register for signal `\spark_chip.\in_byte' using process `\spark_chip.$proc$../../rtl/spark_chip.v:64$889'.
  created $dff cell `$procdff$8373' with positive edge clock.
Creating register for signal `\spark_chip.\sparse_en' using process `\spark_chip.$proc$../../rtl/spark_chip.v:64$889'.
  created $dff cell `$procdff$8374' with positive edge clock.
Creating register for signal `\spark_chip.\delta_en' using process `\spark_chip.$proc$../../rtl/spark_chip.v:64$889'.
  created $dff cell `$procdff$8375' with positive edge clock.
Creating register for signal `\spark_chip.\exit_en' using process `\spark_chip.$proc$../../rtl/spark_chip.v:64$889'.
  created $dff cell `$procdff$8376' with positive edge clock.
Creating register for signal `\spark_chip.\recall_en' using process `\spark_chip.$proc$../../rtl/spark_chip.v:64$889'.
  created $dff cell `$procdff$8377' with positive edge clock.
Creating register for signal `\spark_chip.\cap' using process `\spark_chip.$proc$../../rtl/spark_chip.v:64$889'.
  created $dff cell `$procdff$8378' with positive edge clock.
Creating register for signal `\spark_chip.\exit_th' using process `\spark_chip.$proc$../../rtl/spark_chip.v:64$889'.
  created $dff cell `$procdff$8379' with positive edge clock.
Creating register for signal `\spark_chip.\conf_th' using process `\spark_chip.$proc$../../rtl/spark_chip.v:64$889'.
  created $dff cell `$procdff$8380' with positive edge clock.
Creating register for signal `\spark_chip.\recall_mode' using process `\spark_chip.$proc$../../rtl/spark_chip.v:64$889'.
  created $dff cell `$procdff$8381' with positive edge clock.
Creating register for signal `\spark_chip.\arb_th' using process `\spark_chip.$proc$../../rtl/spark_chip.v:64$889'.
  created $dff cell `$procdff$8382' with positive edge clock.
Creating register for signal `\spark_chip.\adapt_en' using process `\spark_chip.$proc$../../rtl/spark_chip.v:64$889'.
  created $dff cell `$procdff$8383' with positive edge clock.
Creating register for signal `\spark_chip.\thr_en' using process `\spark_chip.$proc$../../rtl/spark_chip.v:64$889'.
  created $dff cell `$procdff$8384' with positive edge clock.
Creating register for signal `\spark_chip.\ld_we' using process `\spark_chip.$proc$../../rtl/spark_chip.v:64$889'.
  created $dff cell `$procdff$8385' with positive edge clock.
Creating register for signal `\spark_chip.\ld_sel' using process `\spark_chip.$proc$../../rtl/spark_chip.v:64$889'.
  created $dff cell `$procdff$8386' with positive edge clock.
Creating register for signal `\spark_chip.\ld_addr' using process `\spark_chip.$proc$../../rtl/spark_chip.v:64$889'.
  created $dff cell `$procdff$8387' with positive edge clock.
Creating register for signal `\spark_chip.\ld_data' using process `\spark_chip.$proc$../../rtl/spark_chip.v:64$889'.
  created $dff cell `$procdff$8388' with positive edge clock.
Creating register for signal `\spark_chip.\state' using process `\spark_chip.$proc$../../rtl/spark_chip.v:64$889'.
  created $dff cell `$procdff$8389' with positive edge clock.
Creating register for signal `\spark_chip.\tx_data' using process `\spark_chip.$proc$../../rtl/spark_chip.v:64$889'.
  created $dff cell `$procdff$8390' with positive edge clock.
Creating register for signal `\spark_chip.\tx_send' using process `\spark_chip.$proc$../../rtl/spark_chip.v:64$889'.
  created $dff cell `$procdff$8391' with positive edge clock.
Creating register for signal `\spark_chip.\cnt' using process `\spark_chip.$proc$../../rtl/spark_chip.v:64$889'.
  created $dff cell `$procdff$8392' with positive edge clock.
Creating register for signal `\spark_chip.\rlen' using process `\spark_chip.$proc$../../rtl/spark_chip.v:64$889'.
  created $dff cell `$procdff$8393' with positive edge clock.
Creating register for signal `\spark_chip.\marker' using process `\spark_chip.$proc$../../rtl/spark_chip.v:64$889'.
  created $dff cell `$procdff$8394' with positive edge clock.
Creating register for signal `\spark_chip.\tok_t' using process `\spark_chip.$proc$../../rtl/spark_chip.v:64$889'.
  created $dff cell `$procdff$8395' with positive edge clock.
Creating register for signal `\spark_chip.\tx_wait' using process `\spark_chip.$proc$../../rtl/spark_chip.v:64$889'.
  created $dff cell `$procdff$8396' with positive edge clock.
Creating register for signal `\spark_chip.\rbuf[0]' using process `\spark_chip.$proc$../../rtl/spark_chip.v:64$889'.
  created $dff cell `$procdff$8397' with positive edge clock.
Creating register for signal `\spark_chip.\rbuf[1]' using process `\spark_chip.$proc$../../rtl/spark_chip.v:64$889'.
  created $dff cell `$procdff$8398' with positive edge clock.
Creating register for signal `\spark_chip.\rbuf[2]' using process `\spark_chip.$proc$../../rtl/spark_chip.v:64$889'.
  created $dff cell `$procdff$8399' with positive edge clock.
Creating register for signal `\spark_chip.\rbuf[3]' using process `\spark_chip.$proc$../../rtl/spark_chip.v:64$889'.
  created $dff cell `$procdff$8400' with positive edge clock.
Creating register for signal `\spark_chip.\rbuf[4]' using process `\spark_chip.$proc$../../rtl/spark_chip.v:64$889'.
  created $dff cell `$procdff$8401' with positive edge clock.
Creating register for signal `\spark_chip.\rbuf[5]' using process `\spark_chip.$proc$../../rtl/spark_chip.v:64$889'.
  created $dff cell `$procdff$8402' with positive edge clock.
Creating register for signal `\spark_chip.\rbuf[6]' using process `\spark_chip.$proc$../../rtl/spark_chip.v:64$889'.
  created $dff cell `$procdff$8403' with positive edge clock.
Creating register for signal `\spark_chip.$mem2reg_rd$\rbuf$../../rtl/spark_chip.v:110$871_ADDR' using process `\spark_chip.$proc$../../rtl/spark_chip.v:64$889'.
  created $dff cell `$procdff$8404' with positive edge clock.
Creating register for signal `\spark_chip.$mem2reg_rd$\rbuf$../../rtl/spark_chip.v:110$871_DATA' using process `\spark_chip.$proc$../../rtl/spark_chip.v:64$889'.
  created $dff cell `$procdff$8405' with positive edge clock.
Creating register for signal `\spark_chip.$memwr$\cfgb$../../rtl/spark_chip.v:83$872_ADDR' using process `\spark_chip.$proc$../../rtl/spark_chip.v:64$889'.
  created $dff cell `$procdff$8406' with positive edge clock.
Creating register for signal `\spark_chip.$memwr$\cfgb$../../rtl/spark_chip.v:83$872_DATA' using process `\spark_chip.$proc$../../rtl/spark_chip.v:64$889'.
  created $dff cell `$procdff$8407' with positive edge clock.
Creating register for signal `\spark_chip.$memwr$\cfgb$../../rtl/spark_chip.v:83$872_EN' using process `\spark_chip.$proc$../../rtl/spark_chip.v:64$889'.
  created $dff cell `$procdff$8408' with positive edge clock.
Creating register for signal `\spark_chip.$mem2bits$\cfgb$../../rtl/spark_chip.v:85$873' using process `\spark_chip.$proc$../../rtl/spark_chip.v:64$889'.
  created $dff cell `$procdff$8409' with positive edge clock.
Creating register for signal `\spark_chip.$mem2bits$\cfgb$../../rtl/spark_chip.v:85$874' using process `\spark_chip.$proc$../../rtl/spark_chip.v:64$889'.
  created $dff cell `$procdff$8410' with positive edge clock.
Creating register for signal `\spark_chip.$mem2bits$\cfgb$../../rtl/spark_chip.v:85$875' using process `\spark_chip.$proc$../../rtl/spark_chip.v:64$889'.
  created $dff cell `$procdff$8411' with positive edge clock.
Creating register for signal `\spark_chip.$mem2bits$\cfgb$../../rtl/spark_chip.v:86$876' using process `\spark_chip.$proc$../../rtl/spark_chip.v:64$889'.
  created $dff cell `$procdff$8412' with positive edge clock.
Creating register for signal `\spark_chip.$mem2bits$\cfgb$../../rtl/spark_chip.v:86$877' using process `\spark_chip.$proc$../../rtl/spark_chip.v:64$889'.
  created $dff cell `$procdff$8413' with positive edge clock.
Creating register for signal `\spark_chip.$mem2bits$\cfgb$../../rtl/spark_chip.v:86$878' using process `\spark_chip.$proc$../../rtl/spark_chip.v:64$889'.
  created $dff cell `$procdff$8414' with positive edge clock.
Creating register for signal `\spark_chip.$memwr$\cfgb$../../rtl/spark_chip.v:93$879_ADDR' using process `\spark_chip.$proc$../../rtl/spark_chip.v:64$889'.
  created $dff cell `$procdff$8415' with positive edge clock.
Creating register for signal `\spark_chip.$memwr$\cfgb$../../rtl/spark_chip.v:93$879_DATA' using process `\spark_chip.$proc$../../rtl/spark_chip.v:64$889'.
  created $dff cell `$procdff$8416' with positive edge clock.
Creating register for signal `\spark_chip.$memwr$\cfgb$../../rtl/spark_chip.v:93$879_EN' using process `\spark_chip.$proc$../../rtl/spark_chip.v:64$889'.
  created $dff cell `$procdff$8417' with positive edge clock.
Creating register for signal `\spark_chip.$mem2bits$\cfgb$../../rtl/spark_chip.v:95$880' using process `\spark_chip.$proc$../../rtl/spark_chip.v:64$889'.
  created $dff cell `$procdff$8418' with positive edge clock.
Creating register for signal `\spark_chip.$mem2bits$\cfgb$../../rtl/spark_chip.v:95$881' using process `\spark_chip.$proc$../../rtl/spark_chip.v:64$889'.
  created $dff cell `$procdff$8419' with positive edge clock.
Creating register for signal `\spark_chip.\rs' using process `\spark_chip.$proc$../../rtl/spark_chip.v:30$882'.
  created $adff cell `$procdff$8420' with positive edge clock and negative level reset.

9.2.10. Executing PROC_MEMWR pass (convert process memory writes to cells).

9.2.11. Executing PROC_CLEAN pass (remove empty switches from decision trees).
Removing empty process `spark_core.$proc$../../rtl/spark_core.v:0$2030'.
Found and cleaned up 27 empty switches in `\spark_core.$proc$../../rtl/spark_core.v:366$1727'.
Removing empty process `spark_core.$proc$../../rtl/spark_core.v:366$1727'.
Found and cleaned up 5 empty switches in `\spark_core.$proc$../../rtl/spark_core.v:355$1717'.
Removing empty process `spark_core.$proc$../../rtl/spark_core.v:355$1717'.
Found and cleaned up 25 empty switches in `\spark_core.$proc$../../rtl/spark_core.v:279$1561'.
Removing empty process `spark_core.$proc$../../rtl/spark_core.v:279$1561'.
Found and cleaned up 8 empty switches in `\spark_core.$proc$../../rtl/spark_core.v:267$1516'.
Removing empty process `spark_core.$proc$../../rtl/spark_core.v:267$1516'.
Found and cleaned up 8 empty switches in `\spark_core.$proc$../../rtl/spark_core.v:241$1359'.
Removing empty process `spark_core.$proc$../../rtl/spark_core.v:241$1359'.
Removing empty process `spark_core.$proc$../../rtl/spark_core.v:221$1342'.
Found and cleaned up 8 empty switches in `\spark_core.$proc$../../rtl/spark_core.v:214$1341'.
Removing empty process `spark_core.$proc$../../rtl/spark_core.v:214$1341'.
Removing empty process `spark_core.$proc$../../rtl/spark_core.v:202$1284'.
Removing empty process `spark_core.$proc$../../rtl/spark_core.v:193$1267'.
Found and cleaned up 4 empty switches in `\spark_core.$proc$../../rtl/spark_core.v:170$1255'.
Removing empty process `spark_core.$proc$../../rtl/spark_core.v:170$1255'.
Removing empty process `$paramod$2c77d4c76d086e54f07b14b3885789884f559221\uart_rx.$proc$../../board/uart_rx.v:29$2074'.
Removing empty process `$paramod$2c77d4c76d086e54f07b14b3885789884f559221\uart_rx.$proc$../../board/uart_rx.v:28$2073'.
Removing empty process `$paramod$2c77d4c76d086e54f07b14b3885789884f559221\uart_rx.$proc$../../board/uart_rx.v:27$2072'.
Removing empty process `$paramod$2c77d4c76d086e54f07b14b3885789884f559221\uart_rx.$proc$../../board/uart_rx.v:26$2071'.
Removing empty process `$paramod$2c77d4c76d086e54f07b14b3885789884f559221\uart_rx.$proc$../../board/uart_rx.v:19$2070'.
Removing empty process `$paramod$2c77d4c76d086e54f07b14b3885789884f559221\uart_rx.$proc$../../board/uart_rx.v:19$2069'.
Found and cleaned up 9 empty switches in `$paramod$2c77d4c76d086e54f07b14b3885789884f559221\uart_rx.$proc$../../board/uart_rx.v:31$2058'.
Removing empty process `$paramod$2c77d4c76d086e54f07b14b3885789884f559221\uart_rx.$proc$../../board/uart_rx.v:31$2058'.
Removing empty process `$paramod$2c77d4c76d086e54f07b14b3885789884f559221\uart_rx.$proc$../../board/uart_rx.v:20$2057'.
Found and cleaned up 1 empty switch in `$paramod$a80fd39dadfcac33f5f91ba005c92717acda455a\spark_ram.$proc$../spark_ram_asic.v:22$1101'.
Removing empty process `$paramod$a80fd39dadfcac33f5f91ba005c92717acda455a\spark_ram.$proc$../spark_ram_asic.v:22$1101'.
Found and cleaned up 1 empty switch in `$paramod$429c1f82066657abfcb96a496d5ead908f1f3b7c\spark_ram.$proc$../spark_ram_asic.v:22$1090'.
Removing empty process `$paramod$429c1f82066657abfcb96a496d5ead908f1f3b7c\spark_ram.$proc$../spark_ram_asic.v:22$1090'.
Found and cleaned up 1 empty switch in `$paramod$3cd4f12c67766e10179630e6778f5a719138134d\spark_ram.$proc$../spark_ram_asic.v:22$1080'.
Removing empty process `$paramod$3cd4f12c67766e10179630e6778f5a719138134d\spark_ram.$proc$../spark_ram_asic.v:22$1080'.
Found and cleaned up 1 empty switch in `$paramod$b60b308f1fe104c2737e410a4ba6465ac6270627\spark_ram.$proc$../spark_ram_asic.v:22$1070'.
Removing empty process `$paramod$b60b308f1fe104c2737e410a4ba6465ac6270627\spark_ram.$proc$../spark_ram_asic.v:22$1070'.
Found and cleaned up 1 empty switch in `$paramod$5ef048927887dab421ae4d77be9d31047db88ca2\spark_ram.$proc$../spark_ram_asic.v:22$1060'.
Removing empty process `$paramod$5ef048927887dab421ae4d77be9d31047db88ca2\spark_ram.$proc$../spark_ram_asic.v:22$1060'.
Found and cleaned up 1 empty switch in `$paramod$bcf365f4146dd7b8dd7973b9792131c6e19538bf\spark_ram.$proc$../spark_ram_asic.v:22$1050'.
Removing empty process `$paramod$bcf365f4146dd7b8dd7973b9792131c6e19538bf\spark_ram.$proc$../spark_ram_asic.v:22$1050'.
Removing empty process `$paramod$a28ce1f40a247108f5837ac3d099bee74b2b0a07\sram_array.$proc$../spark_mem_sky130.v:20$2160'.
Removing empty process `$paramod$0d0377702b2925ff4e344b2b32674ab0e09676c9\sram_array.$proc$../spark_mem_sky130.v:20$2115'.
Removing empty process `$paramod$8f93e5a50923ff060caee78116dfcb18e6d470aa\sram_array.$proc$../spark_mem_sky130.v:20$2090'.
Removing empty process `$paramod$4d3c4ff6ab1be9973e955659d38e203320f28619\sram_array.$proc$../spark_mem_sky130.v:20$2075'.
Removing empty process `$paramod$2c77d4c76d086e54f07b14b3885789884f559221\uart_tx.$proc$../../board/uart_tx.v:20$2056'.
Removing empty process `$paramod$2c77d4c76d086e54f07b14b3885789884f559221\uart_tx.$proc$../../board/uart_tx.v:19$2055'.
Removing empty process `$paramod$2c77d4c76d086e54f07b14b3885789884f559221\uart_tx.$proc$../../board/uart_tx.v:18$2054'.
Removing empty process `$paramod$2c77d4c76d086e54f07b14b3885789884f559221\uart_tx.$proc$../../board/uart_tx.v:17$2053'.
Removing empty process `$paramod$2c77d4c76d086e54f07b14b3885789884f559221\uart_tx.$proc$../../board/uart_tx.v:0$2052'.
Found and cleaned up 5 empty switches in `$paramod$2c77d4c76d086e54f07b14b3885789884f559221\uart_tx.$proc$../../board/uart_tx.v:23$2046'.
Removing empty process `$paramod$2c77d4c76d086e54f07b14b3885789884f559221\uart_tx.$proc$../../board/uart_tx.v:23$2046'.
Removing empty process `$paramod$5991bf1e7dfda537268c11f0f2f1f92d0f7b6ab2\sram_array.$proc$../spark_mem_sky130.v:20$2185'.
Found and cleaned up 13 empty switches in `\spark_chip.$proc$../../rtl/spark_chip.v:64$889'.
Removing empty process `spark_chip.$proc$../../rtl/spark_chip.v:64$889'.
Removing empty process `spark_chip.$proc$../../rtl/spark_chip.v:30$882'.
Cleaned up 118 empty switches.

9.2.12. Executing OPT_EXPR pass (perform const folding).
Optimizing module spark_core.
<suppressed ~183 debug messages>
Optimizing module $paramod$2c77d4c76d086e54f07b14b3885789884f559221\uart_rx.
<suppressed ~6 debug messages>
Optimizing module $paramod$5ee7912e9d6f13c8ac6d054bdcd9f41199fbdf36\spark_bram.
Optimizing module $paramod$c400bcddbad704c723253f185e204a10552e06d7\spark_bram.
Optimizing module $paramod$6af0f02836453051d3d8ffed61fa77235a0a147a\spark_bram.
Optimizing module $paramod$a80fd39dadfcac33f5f91ba005c92717acda455a\spark_ram.
Optimizing module $paramod$429c1f82066657abfcb96a496d5ead908f1f3b7c\spark_ram.
Optimizing module $paramod$d9ab2efa7eea0d192502537985c8f7561002c9b0\spark_bram.
Optimizing module $paramod$dbbf05626a65085e653cdb145c977d1230a96f2f\spark_bram.
Optimizing module $paramod$65bb511039255751eac159e7db0d031ba93508a5\spark_bram.
Optimizing module $paramod$3cd4f12c67766e10179630e6778f5a719138134d\spark_ram.
Optimizing module $paramod$b60b308f1fe104c2737e410a4ba6465ac6270627\spark_ram.
Optimizing module $paramod$5ef048927887dab421ae4d77be9d31047db88ca2\spark_ram.
Optimizing module $paramod$bcf365f4146dd7b8dd7973b9792131c6e19538bf\spark_ram.
Optimizing module $paramod$8f93e5a50923ff060caee78116dfcb18e6d470aa\spark_spram.
Optimizing module $paramod$4d3c4ff6ab1be9973e955659d38e203320f28619\spark_spram.
Optimizing module $paramod$a28ce1f40a247108f5837ac3d099bee74b2b0a07\sram_array.
<suppressed ~2 debug messages>
Optimizing module $paramod$0d0377702b2925ff4e344b2b32674ab0e09676c9\sram_array.
<suppressed ~2 debug messages>
Optimizing module $paramod$8f93e5a50923ff060caee78116dfcb18e6d470aa\sram_array.
<suppressed ~10 debug messages>
Optimizing module $paramod$4d3c4ff6ab1be9973e955659d38e203320f28619\sram_array.
<suppressed ~5 debug messages>
Optimizing module $paramod$2c77d4c76d086e54f07b14b3885789884f559221\uart_tx.
<suppressed ~5 debug messages>
Optimizing module $paramod$5991bf1e7dfda537268c11f0f2f1f92d0f7b6ab2\sram_array.
<suppressed ~2 debug messages>
Optimizing module spark_chip.
<suppressed ~6 debug messages>
Optimizing module $paramod$993060fb790aecc93c4c127468665a67bf1ba400\spark_bram.

9.3. Executing FLATTEN pass (flatten design).
Deleting now unused module spark_core.
Deleting now unused module $paramod$2c77d4c76d086e54f07b14b3885789884f559221\uart_rx.
Deleting now unused module $paramod$5ee7912e9d6f13c8ac6d054bdcd9f41199fbdf36\spark_bram.
Deleting now unused module $paramod$c400bcddbad704c723253f185e204a10552e06d7\spark_bram.
Deleting now unused module $paramod$6af0f02836453051d3d8ffed61fa77235a0a147a\spark_bram.
Deleting now unused module $paramod$a80fd39dadfcac33f5f91ba005c92717acda455a\spark_ram.
Deleting now unused module $paramod$429c1f82066657abfcb96a496d5ead908f1f3b7c\spark_ram.
Deleting now unused module $paramod$d9ab2efa7eea0d192502537985c8f7561002c9b0\spark_bram.
Deleting now unused module $paramod$dbbf05626a65085e653cdb145c977d1230a96f2f\spark_bram.
Deleting now unused module $paramod$65bb511039255751eac159e7db0d031ba93508a5\spark_bram.
Deleting now unused module $paramod$3cd4f12c67766e10179630e6778f5a719138134d\spark_ram.
Deleting now unused module $paramod$b60b308f1fe104c2737e410a4ba6465ac6270627\spark_ram.
Deleting now unused module $paramod$5ef048927887dab421ae4d77be9d31047db88ca2\spark_ram.
Deleting now unused module $paramod$bcf365f4146dd7b8dd7973b9792131c6e19538bf\spark_ram.
Deleting now unused module $paramod$8f93e5a50923ff060caee78116dfcb18e6d470aa\spark_spram.
Deleting now unused module $paramod$4d3c4ff6ab1be9973e955659d38e203320f28619\spark_spram.
Deleting now unused module $paramod$a28ce1f40a247108f5837ac3d099bee74b2b0a07\sram_array.
Deleting now unused module $paramod$0d0377702b2925ff4e344b2b32674ab0e09676c9\sram_array.
Deleting now unused module $paramod$8f93e5a50923ff060caee78116dfcb18e6d470aa\sram_array.
Deleting now unused module $paramod$4d3c4ff6ab1be9973e955659d38e203320f28619\sram_array.
Deleting now unused module $paramod$2c77d4c76d086e54f07b14b3885789884f559221\uart_tx.
Deleting now unused module $paramod$5991bf1e7dfda537268c11f0f2f1f92d0f7b6ab2\sram_array.
Deleting now unused module $paramod$993060fb790aecc93c4c127468665a67bf1ba400\spark_bram.
<suppressed ~35 debug messages>

9.4. Executing OPT_EXPR pass (perform const folding).
Optimizing module spark_chip.
<suppressed ~218 debug messages>

9.5. Executing OPT_CLEAN pass (remove unused cells and wires).
Finding unused cells or wires in module \spark_chip..
Removed 747 unused cells and 2908 unused wires.
<suppressed ~837 debug messages>

9.6. Executing CHECK pass (checking for obvious problems).
Checking module spark_chip...
Found and reported 0 problems.

9.7. Executing OPT pass (performing simple optimizations).

9.7.1. Executing OPT_EXPR pass (perform const folding).
Optimizing module spark_chip.

9.7.2. Executing OPT_MERGE pass (detect identical cells).
Finding identical cells in module `\spark_chip'.
<suppressed ~2058 debug messages>
Removed a total of 686 cells.

9.7.3. Executing OPT_MUXTREE pass (detect dead branches in mux trees).
Running muxtree optimizer on module \spark_chip..
  Creating internal representation of mux trees.
  Evaluating internal representation of mux trees.
      Replacing known input bits on port A of cell $flatten\u_core.$procmux$4912: \u_core.zbusy -> 1'0
      Replacing known input bits on port A of cell $flatten\u_core.$procmux$4910: \u_core.zbusy -> 1'1
      Replacing known input bits on port A of cell $flatten\u_tx.$procmux$7031: \u_tx.act -> 1'1
      Replacing known input bits on port A of cell $flatten\u_tx.$procmux$7029: \u_tx.act -> 1'1
      Replacing known input bits on port A of cell $flatten\u_tx.$procmux$7034: \u_tx.act -> 1'0
  Analyzing evaluation results.
    dead port 1/2 on $mux $flatten\u_core.$procmux$5046.
    dead port 2/2 on $mux $flatten\u_core.$procmux$5048.
    dead port 1/2 on $mux $flatten\u_core.$procmux$5055.
    dead port 2/2 on $mux $flatten\u_core.$procmux$5057.
    dead port 1/2 on $mux $flatten\u_core.$procmux$5064.
    dead port 2/2 on $mux $flatten\u_core.$procmux$5066.
    dead port 1/2 on $mux $flatten\u_core.$procmux$5073.
    dead port 2/2 on $mux $flatten\u_core.$procmux$5075.
    dead port 1/2 on $mux $flatten\u_core.$procmux$5082.
    dead port 2/2 on $mux $flatten\u_core.$procmux$5084.
    dead port 1/2 on $mux $flatten\u_core.$procmux$5091.
    dead port 2/2 on $mux $flatten\u_core.$procmux$5093.
    dead port 1/2 on $mux $flatten\u_core.$procmux$5100.
    dead port 2/2 on $mux $flatten\u_core.$procmux$5102.
    dead port 1/2 on $mux $flatten\u_core.$procmux$5109.
    dead port 2/2 on $mux $flatten\u_core.$procmux$5111.
    dead port 2/2 on $mux $flatten\u_core.$procmux$5117.
    dead port 2/2 on $mux $flatten\u_core.$procmux$5123.
    dead port 2/2 on $mux $flatten\u_core.$procmux$5141.
    dead port 2/2 on $mux $flatten\u_core.$procmux$5147.
    dead port 2/2 on $mux $flatten\u_core.$procmux$5165.
    dead port 2/2 on $mux $flatten\u_core.$procmux$5171.
    dead port 2/2 on $mux $flatten\u_core.$procmux$5189.
    dead port 2/2 on $mux $flatten\u_core.$procmux$5195.
    dead port 2/2 on $mux $flatten\u_core.$procmux$5216.
    dead port 2/2 on $mux $flatten\u_core.$procmux$5218.
    dead port 2/2 on $mux $flatten\u_core.$procmux$5227.
    dead port 2/2 on $mux $flatten\u_core.$procmux$5229.
    dead port 2/2 on $mux $flatten\u_core.$procmux$5238.
    dead port 2/2 on $mux $flatten\u_core.$procmux$5240.
    dead port 2/2 on $mux $flatten\u_core.$procmux$5249.
    dead port 2/2 on $mux $flatten\u_core.$procmux$5251.
    dead port 2/2 on $mux $flatten\u_core.$procmux$5260.
    dead port 2/2 on $mux $flatten\u_core.$procmux$5262.
    dead port 2/2 on $mux $flatten\u_core.$procmux$5271.
    dead port 2/2 on $mux $flatten\u_core.$procmux$5273.
    dead port 2/2 on $mux $flatten\u_core.$procmux$5282.
    dead port 2/2 on $mux $flatten\u_core.$procmux$5284.
    dead port 2/2 on $mux $flatten\u_core.$procmux$5293.
    dead port 2/2 on $mux $flatten\u_core.$procmux$5295.
    dead port 2/2 on $mux $flatten\u_core.$procmux$5304.
    dead port 2/2 on $mux $flatten\u_core.$procmux$5306.
    dead port 2/2 on $mux $flatten\u_core.$procmux$5315.
    dead port 2/2 on $mux $flatten\u_core.$procmux$5317.
    dead port 2/2 on $mux $flatten\u_core.$procmux$5326.
    dead port 2/2 on $mux $flatten\u_core.$procmux$5328.
    dead port 2/2 on $mux $flatten\u_core.$procmux$5337.
    dead port 2/2 on $mux $flatten\u_core.$procmux$5339.
    dead port 2/2 on $mux $flatten\u_core.$procmux$5345.
    dead port 2/2 on $mux $flatten\u_core.$procmux$5351.
    dead port 2/2 on $mux $flatten\u_core.$procmux$5357.
    dead port 2/2 on $mux $flatten\u_core.$procmux$5363.
    dead port 2/2 on $mux $flatten\u_core.$procmux$5381.
    dead port 2/2 on $mux $flatten\u_core.$procmux$5387.
    dead port 2/2 on $mux $flatten\u_core.$procmux$5393.
    dead port 2/2 on $mux $flatten\u_core.$procmux$5399.
    dead port 2/2 on $mux $flatten\u_core.$procmux$5417.
    dead port 2/2 on $mux $flatten\u_core.$procmux$5423.
    dead port 2/2 on $mux $flatten\u_core.$procmux$5429.
    dead port 2/2 on $mux $flatten\u_core.$procmux$5435.
    dead port 2/2 on $mux $flatten\u_core.$procmux$5454.
    dead port 2/2 on $mux $flatten\u_core.$procmux$5461.
    dead port 2/2 on $mux $flatten\u_core.$procmux$5470.
    dead port 2/2 on $mux $flatten\u_core.$procmux$5479.
    dead port 2/2 on $mux $flatten\u_core.$procmux$5488.
    dead port 2/2 on $mux $flatten\u_core.$procmux$5497.
    dead port 2/2 on $mux $flatten\u_core.$procmux$5507.
    dead port 2/2 on $mux $flatten\u_core.$procmux$5517.
    dead port 2/2 on $mux $flatten\u_core.$procmux$5527.
    dead port 2/2 on $mux $flatten\u_core.$procmux$5537.
    dead port 2/2 on $mux $flatten\u_core.$procmux$5547.
    dead port 2/2 on $mux $flatten\u_core.$procmux$5557.
    dead port 2/2 on $mux $flatten\u_core.$procmux$5567.
    dead port 2/2 on $mux $flatten\u_core.$procmux$5577.
    dead port 2/2 on $mux $flatten\u_core.$procmux$5587.
    dead port 2/2 on $mux $flatten\u_core.$procmux$5597.
    dead port 2/2 on $mux $flatten\u_core.$procmux$2228.
    dead port 1/2 on $mux $flatten\u_core.$procmux$2231.
    dead port 1/2 on $mux $flatten\u_core.$procmux$2246.
    dead port 2/2 on $mux $flatten\u_core.$procmux$5607.
    dead port 1/2 on $mux $flatten\u_core.$procmux$2249.
    dead port 2/2 on $mux $flatten\u_core.$procmux$2251.
    dead port 1/2 on $mux $flatten\u_core.$procmux$2254.
    dead port 2/2 on $mux $flatten\u_core.$procmux$5617.
    dead port 1/2 on $mux $flatten\u_core.$procmux$2269.
    dead port 1/2 on $mux $flatten\u_core.$procmux$2272.
    dead port 2/2 on $mux $flatten\u_core.$procmux$2274.
    dead port 1/2 on $mux $flatten\u_core.$procmux$2277.
    dead port 2/2 on $mux $flatten\u_core.$procmux$5628.
    dead port 1/2 on $mux $flatten\u_core.$procmux$2292.
    dead port 1/2 on $mux $flatten\u_core.$procmux$2295.
    dead port 2/2 on $mux $flatten\u_core.$procmux$2297.
    dead port 2/2 on $mux $flatten\u_core.$procmux$5639.
    dead port 1/2 on $mux $flatten\u_core.$procmux$2300.
    dead port 2/2 on $mux $flatten\u_core.$procmux$5650.
    dead port 2/2 on $mux $flatten\u_core.$procmux$5661.
    dead port 2/2 on $mux $flatten\u_core.$procmux$5672.
    dead port 1/2 on $mux $flatten\u_core.$procmux$2344.
    dead port 1/2 on $mux $flatten\u_core.$procmux$2347.
    dead port 2/2 on $mux $flatten\u_core.$procmux$2349.
    dead port 2/2 on $mux $flatten\u_core.$procmux$5683.
    dead port 1/2 on $mux $flatten\u_core.$procmux$2352.
    dead port 2/2 on $mux $flatten\u_core.$procmux$5694.
    dead port 2/2 on $mux $flatten\u_core.$procmux$5705.
    dead port 1/2 on $mux $flatten\u_core.$procmux$2442.
    dead port 1/2 on $mux $flatten\u_core.$procmux$2445.
    dead port 2/2 on $mux $flatten\u_core.$procmux$2447.
    dead port 1/2 on $mux $flatten\u_core.$procmux$2450.
    dead port 2/2 on $mux $flatten\u_core.$procmux$5718.
    dead port 2/2 on $mux $flatten\u_core.$procmux$5720.
    dead port 1/2 on $mux $flatten\u_core.$procmux$2465.
    dead port 2/2 on $mux $flatten\u_core.$procmux$2467.
    dead port 1/2 on $mux $flatten\u_core.$procmux$2470.
    dead port 2/2 on $mux $flatten\u_core.$procmux$5733.
    dead port 2/2 on $mux $flatten\u_core.$procmux$5735.
    dead port 1/2 on $mux $flatten\u_core.$procmux$2485.
    dead port 2/2 on $mux $flatten\u_core.$procmux$2487.
    dead port 1/2 on $mux $flatten\u_core.$procmux$2490.
    dead port 2/2 on $mux $flatten\u_core.$procmux$5748.
    dead port 2/2 on $mux $flatten\u_core.$procmux$5750.
    dead port 1/2 on $mux $flatten\u_core.$procmux$2505.
    dead port 2/2 on $mux $flatten\u_core.$procmux$2507.
    dead port 1/2 on $mux $flatten\u_core.$procmux$2510.
    dead port 2/2 on $mux $flatten\u_core.$procmux$5763.
    dead port 2/2 on $mux $flatten\u_core.$procmux$5765.
    dead port 1/2 on $mux $flatten\u_core.$procmux$2525.
    dead port 2/2 on $mux $flatten\u_core.$procmux$2527.
    dead port 1/2 on $mux $flatten\u_core.$procmux$2530.
    dead port 2/2 on $mux $flatten\u_core.$procmux$5778.
    dead port 2/2 on $mux $flatten\u_core.$procmux$5780.
    dead port 1/2 on $mux $flatten\u_core.$procmux$2545.
    dead port 2/2 on $mux $flatten\u_core.$procmux$2547.
    dead port 1/2 on $mux $flatten\u_core.$procmux$2550.
    dead port 2/2 on $mux $flatten\u_core.$procmux$5793.
    dead port 2/2 on $mux $flatten\u_core.$procmux$5795.
    dead port 2/2 on $mux $flatten\u_core.$procmux$2824.
    dead port 1/2 on $mux $flatten\u_core.$procmux$2827.
    dead port 2/2 on $mux $flatten\u_core.$procmux$5808.
    dead port 2/2 on $mux $flatten\u_core.$procmux$5810.
    dead port 2/2 on $mux $flatten\u_core.$procmux$2841.
    dead port 1/2 on $mux $flatten\u_core.$procmux$2844.
    dead port 2/2 on $mux $flatten\u_core.$procmux$2858.
    dead port 2/2 on $mux $flatten\u_core.$procmux$5823.
    dead port 2/2 on $mux $flatten\u_core.$procmux$5825.
    dead port 1/2 on $mux $flatten\u_core.$procmux$2861.
    dead port 2/2 on $mux $flatten\u_core.$procmux$2875.
    dead port 2/2 on $mux $flatten\u_core.$procmux$5838.
    dead port 2/2 on $mux $flatten\u_core.$procmux$5840.
    dead port 1/2 on $mux $flatten\u_core.$procmux$2878.
    dead port 2/2 on $mux $flatten\u_core.$procmux$2892.
    dead port 1/2 on $mux $flatten\u_core.$procmux$2895.
    dead port 2/2 on $mux $flatten\u_core.$procmux$5853.
    dead port 2/2 on $mux $flatten\u_core.$procmux$5855.
    dead port 2/2 on $mux $flatten\u_core.$procmux$3197.
    dead port 1/2 on $mux $flatten\u_core.$procmux$3200.
    dead port 2/2 on $mux $flatten\u_core.$procmux$5868.
    dead port 2/2 on $mux $flatten\u_core.$procmux$5870.
    dead port 2/2 on $mux $flatten\u_core.$procmux$3253.
    dead port 1/2 on $mux $flatten\u_core.$procmux$3256.
    dead port 2/2 on $mux $flatten\u_core.$procmux$3309.
    dead port 2/2 on $mux $flatten\u_core.$procmux$5883.
    dead port 2/2 on $mux $flatten\u_core.$procmux$5885.
    dead port 2/2 on $mux $flatten\u_core.$procmux$5895.
    dead port 1/2 on $mux $flatten\u_core.$procmux$3312.
    dead port 2/2 on $mux $flatten\u_core.$procmux$5905.
    dead port 2/2 on $mux $flatten\u_core.$procmux$5915.
    dead port 2/2 on $mux $flatten\u_core.$procmux$3365.
    dead port 2/2 on $mux $flatten\u_core.$procmux$5925.
    dead port 2/2 on $mux $flatten\u_core.$procmux$5955.
    dead port 1/2 on $mux $flatten\u_core.$procmux$3368.
    dead port 2/2 on $mux $flatten\u_core.$procmux$5965.
    dead port 2/2 on $mux $flatten\u_core.$procmux$5975.
    dead port 2/2 on $mux $flatten\u_core.$procmux$5985.
    dead port 1/2 on $mux $flatten\u_core.$procmux$3418.
    dead port 2/2 on $mux $flatten\u_core.$procmux$6015.
    dead port 2/2 on $mux $flatten\u_core.$procmux$6025.
    dead port 2/2 on $mux $flatten\u_core.$procmux$6035.
    dead port 1/2 on $mux $flatten\u_core.$procmux$3468.
    dead port 2/2 on $mux $flatten\u_core.$procmux$6045.
    dead port 1/2 on $mux $flatten\u_core.$procmux$3518.
    dead port 2/2 on $mux $flatten\u_core.$procmux$6078.
    dead port 2/2 on $mux $flatten\u_core.$procmux$6080.
    dead port 1/2 on $mux $flatten\u_core.$procmux$3568.
    dead port 1/2 on $mux $flatten\u_core.$procmux$3602.
    dead port 2/2 on $mux $flatten\u_core.$procmux$6093.
    dead port 2/2 on $mux $flatten\u_core.$procmux$6095.
    dead port 1/2 on $mux $flatten\u_core.$procmux$3611.
    dead port 2/2 on $mux $flatten\u_core.$procmux$6108.
    dead port 2/2 on $mux $flatten\u_core.$procmux$6110.
    dead port 1/2 on $mux $flatten\u_core.$procmux$3626.
    dead port 1/2 on $mux $flatten\u_core.$procmux$3641.
    dead port 2/2 on $mux $flatten\u_core.$procmux$6123.
    dead port 2/2 on $mux $flatten\u_core.$procmux$6125.
    dead port 2/2 on $mux $flatten\u_core.$procmux$6135.
    dead port 2/2 on $mux $flatten\u_core.$procmux$6145.
    dead port 1/2 on $mux $flatten\u_core.$procmux$3655.
    dead port 2/2 on $mux $flatten\u_core.$procmux$6155.
    dead port 2/2 on $mux $flatten\u_core.$procmux$6165.
    dead port 2/2 on $mux $flatten\u_core.$procmux$6195.
    dead port 1/2 on $mux $flatten\u_core.$procmux$3669.
    dead port 2/2 on $mux $flatten\u_core.$procmux$6205.
    dead port 2/2 on $mux $flatten\u_core.$procmux$6215.
    dead port 2/2 on $mux $flatten\u_core.$procmux$6225.
    dead port 1/2 on $mux $flatten\u_core.$procmux$3683.
    dead port 2/2 on $mux $flatten\u_core.$procmux$6237.
    dead port 1/2 on $mux $flatten\u_core.$procmux$6716.
    dead port 1/2 on $mux $flatten\u_core.$procmux$6731.
    dead port 1/2 on $mux $flatten\u_core.$procmux$6746.
    dead port 1/2 on $mux $flatten\u_core.$procmux$6761.
    dead port 2/2 on $mux $flatten\u_core.$procmux$6873.
    dead port 1/2 on $mux $procmux$7106.
    dead port 2/2 on $mux $procmux$7108.
    dead port 2/2 on $mux $procmux$7110.
    dead port 1/2 on $mux $procmux$7113.
    dead port 2/2 on $mux $procmux$7223.
    dead port 1/2 on $mux $procmux$7226.
    dead port 2/2 on $mux $procmux$7236.
    dead port 1/2 on $mux $procmux$7239.
    dead port 2/2 on $mux $procmux$7249.
    dead port 1/2 on $mux $procmux$7252.
    dead port 2/2 on $mux $procmux$7449.
    dead port 1/2 on $mux $procmux$7452.
    dead port 2/2 on $mux $procmux$7463.
    dead port 1/2 on $mux $procmux$7466.
    dead port 2/2 on $mux $procmux$7477.
    dead port 1/2 on $mux $procmux$7480.
    dead port 1/2 on $mux $procmux$7510.
    dead port 1/2 on $mux $procmux$7520.
    dead port 1/2 on $mux $procmux$7530.
    dead port 1/2 on $mux $procmux$7607.
    dead port 1/2 on $mux $procmux$7618.
    dead port 1/2 on $mux $procmux$7629.
Removed 232 multiplexer ports.
<suppressed ~206 debug messages>

9.7.4. Executing OPT_REDUCE pass (consolidate $*mux and $reduce_* inputs).
  Optimizing cells in module \spark_chip.
    New ctrl vector for $pmux cell $flatten\u_core.$procmux$5465: { $flatten\u_core.$eq$../../rtl/spark_core.v:109$1238_Y $auto$opt_reduce.cc:134:opt_pmux$8440 }
    New ctrl vector for $pmux cell $flatten\u_core.$procmux$5474: { $auto$opt_reduce.cc:134:opt_pmux$8442 $flatten\u_core.$procmux$5212_CMP }
    New ctrl vector for $pmux cell $flatten\u_core.$procmux$5483: { $flatten\u_core.$procmux$4432_CMP $auto$opt_reduce.cc:134:opt_pmux$8444 }
    New ctrl vector for $pmux cell $flatten\u_core.$procmux$5492: { $flatten\u_core.$procmux$4428_CMP $auto$opt_reduce.cc:134:opt_pmux$8446 }
    New ctrl vector for $pmux cell $flatten\u_core.$procmux$5502: $auto$opt_reduce.cc:134:opt_pmux$8448
    New ctrl vector for $pmux cell $flatten\u_core.$procmux$5512: $auto$opt_reduce.cc:134:opt_pmux$8450
    New ctrl vector for $pmux cell $flatten\u_core.$procmux$5522: $auto$opt_reduce.cc:134:opt_pmux$8452
    New ctrl vector for $pmux cell $flatten\u_core.$procmux$5532: $auto$opt_reduce.cc:134:opt_pmux$8454
    New ctrl vector for $pmux cell $flatten\u_core.$procmux$5542: { $flatten\u_core.$eq$../../rtl/spark_core.v:109$1238_Y $auto$opt_reduce.cc:134:opt_pmux$8456 }
    New ctrl vector for $pmux cell $flatten\u_core.$procmux$5552: { $auto$opt_reduce.cc:134:opt_pmux$8458 $flatten\u_core.$procmux$5212_CMP }
    New ctrl vector for $pmux cell $flatten\u_core.$procmux$5562: { $flatten\u_core.$procmux$4432_CMP $auto$opt_reduce.cc:134:opt_pmux$8460 }
    New ctrl vector for $pmux cell $flatten\u_core.$procmux$5572: { $flatten\u_core.$procmux$4428_CMP $auto$opt_reduce.cc:134:opt_pmux$8462 }
    New ctrl vector for $pmux cell $flatten\u_core.$procmux$5582: { $flatten\u_core.$eq$../../rtl/spark_core.v:109$1238_Y $auto$opt_reduce.cc:134:opt_pmux$8464 }
    New ctrl vector for $pmux cell $flatten\u_core.$procmux$5592: { $auto$opt_reduce.cc:134:opt_pmux$8466 $flatten\u_core.$procmux$5212_CMP }
    New ctrl vector for $pmux cell $flatten\u_core.$procmux$5602: { $flatten\u_core.$procmux$4432_CMP $auto$opt_reduce.cc:134:opt_pmux$8468 }
    Consolidated identical input bits for $mux cell $flatten\u_core.$procmux$2243:
      Old ports: A=16'0000000000000000, B=16'1111111111111111, Y=$flatten\u_core.$procmux$2243_Y
      New ports: A=1'0, B=1'1, Y=$flatten\u_core.$procmux$2243_Y [0]
      New connections: $flatten\u_core.$procmux$2243_Y [15:1] = { $flatten\u_core.$procmux$2243_Y [0] $flatten\u_core.$procmux$2243_Y [0] $flatten\u_core.$procmux$2243_Y [0] $flatten\u_core.$procmux$2243_Y [0] $flatten\u_core.$procmux$2243_Y [0] $flatten\u_core.$procmux$2243_Y [0] $flatten\u_core.$procmux$2243_Y [0] $flatten\u_core.$procmux$2243_Y [0] $flatten\u_core.$procmux$2243_Y [0] $flatten\u_core.$procmux$2243_Y [0] $flatten\u_core.$procmux$2243_Y [0] $flatten\u_core.$procmux$2243_Y [0] $flatten\u_core.$procmux$2243_Y [0] $flatten\u_core.$procmux$2243_Y [0] $flatten\u_core.$procmux$2243_Y [0] }
    New ctrl vector for $pmux cell $flatten\u_core.$procmux$5612: { $flatten\u_core.$procmux$4428_CMP $auto$opt_reduce.cc:134:opt_pmux$8470 }
    New ctrl vector for $pmux cell $flatten\u_core.$procmux$5623: { $flatten\u_core.$eq$../../rtl/spark_core.v:109$1238_Y $auto$opt_reduce.cc:134:opt_pmux$8472 }
    New ctrl vector for $pmux cell $flatten\u_core.$procmux$5634: { $auto$opt_reduce.cc:134:opt_pmux$8474 $flatten\u_core.$procmux$5212_CMP }
    New ctrl vector for $pmux cell $flatten\u_core.$procmux$5645: { $flatten\u_core.$procmux$4432_CMP $auto$opt_reduce.cc:134:opt_pmux$8476 }
    New ctrl vector for $pmux cell $flatten\u_core.$procmux$5656: { $flatten\u_core.$procmux$4428_CMP $auto$opt_reduce.cc:134:opt_pmux$8478 }
    New ctrl vector for $pmux cell $flatten\u_core.$procmux$5667: { $flatten\u_core.$eq$../../rtl/spark_core.v:109$1238_Y $auto$opt_reduce.cc:134:opt_pmux$8480 }
    New ctrl vector for $pmux cell $flatten\u_core.$procmux$5678: { $auto$opt_reduce.cc:134:opt_pmux$8482 $flatten\u_core.$procmux$5212_CMP }
    New ctrl vector for $pmux cell $flatten\u_core.$procmux$5689: { $flatten\u_core.$procmux$4432_CMP $auto$opt_reduce.cc:134:opt_pmux$8484 }
    New ctrl vector for $pmux cell $flatten\u_core.$procmux$5700: { $flatten\u_core.$procmux$4428_CMP $auto$opt_reduce.cc:134:opt_pmux$8486 }
    New ctrl vector for $pmux cell $flatten\u_core.$procmux$5713: { $flatten\u_core.$eq$../../rtl/spark_core.v:109$1238_Y $auto$opt_reduce.cc:134:opt_pmux$8488 }
    New ctrl vector for $pmux cell $flatten\u_core.$procmux$5728: { $auto$opt_reduce.cc:134:opt_pmux$8490 $flatten\u_core.$procmux$5212_CMP }
    New ctrl vector for $pmux cell $flatten\u_core.$procmux$5743: { $flatten\u_core.$procmux$4432_CMP $auto$opt_reduce.cc:134:opt_pmux$8492 }
    New ctrl vector for $pmux cell $flatten\u_core.$procmux$5211: $auto$opt_reduce.cc:134:opt_pmux$8494
    New ctrl vector for $pmux cell $flatten\u_core.$procmux$5758: { $flatten\u_core.$procmux$4428_CMP $auto$opt_reduce.cc:134:opt_pmux$8496 }
    New ctrl vector for $pmux cell $flatten\u_core.$procmux$5773: { $flatten\u_core.$eq$../../rtl/spark_core.v:109$1238_Y $auto$opt_reduce.cc:134:opt_pmux$8498 }
    New ctrl vector for $pmux cell $flatten\u_core.$procmux$5222: $auto$opt_reduce.cc:134:opt_pmux$8500
    New ctrl vector for $pmux cell $flatten\u_core.$procmux$5788: { $auto$opt_reduce.cc:134:opt_pmux$8502 $flatten\u_core.$procmux$5212_CMP }
    New ctrl vector for $pmux cell $flatten\u_core.$procmux$5803: { $flatten\u_core.$procmux$4432_CMP $auto$opt_reduce.cc:134:opt_pmux$8504 }
    New ctrl vector for $pmux cell $flatten\u_core.$procmux$5233: $auto$opt_reduce.cc:134:opt_pmux$8506
    New ctrl vector for $pmux cell $flatten\u_core.$procmux$5818: { $flatten\u_core.$procmux$4428_CMP $auto$opt_reduce.cc:134:opt_pmux$8508 }
    New ctrl vector for $pmux cell $flatten\u_core.$procmux$5244: $auto$opt_reduce.cc:134:opt_pmux$8510
    New ctrl vector for $pmux cell $flatten\u_core.$procmux$5833: { $flatten\u_core.$eq$../../rtl/spark_core.v:109$1238_Y $auto$opt_reduce.cc:134:opt_pmux$8512 }
    New ctrl vector for $pmux cell $flatten\u_core.$procmux$5848: { $auto$opt_reduce.cc:134:opt_pmux$8514 $flatten\u_core.$procmux$5212_CMP }
    New ctrl vector for $pmux cell $flatten\u_core.$procmux$5255: { $flatten\u_core.$eq$../../rtl/spark_core.v:109$1238_Y $auto$opt_reduce.cc:134:opt_pmux$8516 }
    Consolidated identical input bits for $mux cell $flatten\u_core.$procmux$3195:
      Old ports: A=16'0000000000000000, B=16'1111111111111111, Y=$flatten\u_core.$procmux$3195_Y
      New ports: A=1'0, B=1'1, Y=$flatten\u_core.$procmux$3195_Y [0]
      New connections: $flatten\u_core.$procmux$3195_Y [15:1] = { $flatten\u_core.$procmux$3195_Y [0] $flatten\u_core.$procmux$3195_Y [0] $flatten\u_core.$procmux$3195_Y [0] $flatten\u_core.$procmux$3195_Y [0] $flatten\u_core.$procmux$3195_Y [0] $flatten\u_core.$procmux$3195_Y [0] $flatten\u_core.$procmux$3195_Y [0] $flatten\u_core.$procmux$3195_Y [0] $flatten\u_core.$procmux$3195_Y [0] $flatten\u_core.$procmux$3195_Y [0] $flatten\u_core.$procmux$3195_Y [0] $flatten\u_core.$procmux$3195_Y [0] $flatten\u_core.$procmux$3195_Y [0] $flatten\u_core.$procmux$3195_Y [0] $flatten\u_core.$procmux$3195_Y [0] }
    New ctrl vector for $pmux cell $flatten\u_core.$procmux$5863: { $flatten\u_core.$procmux$4432_CMP $auto$opt_reduce.cc:134:opt_pmux$8518 }
    Consolidated identical input bits for $mux cell $flatten\u_core.$procmux$3251:
      Old ports: A=16'0000000000000000, B=16'1111111111111111, Y=$flatten\u_core.$procmux$3251_Y
      New ports: A=1'0, B=1'1, Y=$flatten\u_core.$procmux$3251_Y [0]
      New connections: $flatten\u_core.$procmux$3251_Y [15:1] = { $flatten\u_core.$procmux$3251_Y [0] $flatten\u_core.$procmux$3251_Y [0] $flatten\u_core.$procmux$3251_Y [0] $flatten\u_core.$procmux$3251_Y [0] $flatten\u_core.$procmux$3251_Y [0] $flatten\u_core.$procmux$3251_Y [0] $flatten\u_core.$procmux$3251_Y [0] $flatten\u_core.$procmux$3251_Y [0] $flatten\u_core.$procmux$3251_Y [0] $flatten\u_core.$procmux$3251_Y [0] $flatten\u_core.$procmux$3251_Y [0] $flatten\u_core.$procmux$3251_Y [0] $flatten\u_core.$procmux$3251_Y [0] $flatten\u_core.$procmux$3251_Y [0] $flatten\u_core.$procmux$3251_Y [0] }
    New ctrl vector for $pmux cell $flatten\u_core.$procmux$5878: { $flatten\u_core.$procmux$4428_CMP $auto$opt_reduce.cc:134:opt_pmux$8520 }
    Consolidated identical input bits for $mux cell $flatten\u_core.$procmux$3307:
      Old ports: A=16'0000000000000000, B=16'1111111111111111, Y=$flatten\u_core.$procmux$3307_Y
      New ports: A=1'0, B=1'1, Y=$flatten\u_core.$procmux$3307_Y [0]
      New connections: $flatten\u_core.$procmux$3307_Y [15:1] = { $flatten\u_core.$procmux$3307_Y [0] $flatten\u_core.$procmux$3307_Y [0] $flatten\u_core.$procmux$3307_Y [0] $flatten\u_core.$procmux$3307_Y [0] $flatten\u_core.$procmux$3307_Y [0] $flatten\u_core.$procmux$3307_Y [0] $flatten\u_core.$procmux$3307_Y [0] $flatten\u_core.$procmux$3307_Y [0] $flatten\u_core.$procmux$3307_Y [0] $flatten\u_core.$procmux$3307_Y [0] $flatten\u_core.$procmux$3307_Y [0] $flatten\u_core.$procmux$3307_Y [0] $flatten\u_core.$procmux$3307_Y [0] $flatten\u_core.$procmux$3307_Y [0] $flatten\u_core.$procmux$3307_Y [0] }
    New ctrl vector for $pmux cell $flatten\u_core.$procmux$5266: { $auto$opt_reduce.cc:134:opt_pmux$8522 $flatten\u_core.$procmux$5212_CMP }
    Consolidated identical input bits for $mux cell $flatten\u_core.$procmux$3363:
      Old ports: A=16'0000000000000000, B=16'1111111111111111, Y=$flatten\u_core.$procmux$3363_Y
      New ports: A=1'0, B=1'1, Y=$flatten\u_core.$procmux$3363_Y [0]
      New connections: $flatten\u_core.$procmux$3363_Y [15:1] = { $flatten\u_core.$procmux$3363_Y [0] $flatten\u_core.$procmux$3363_Y [0] $flatten\u_core.$procmux$3363_Y [0] $flatten\u_core.$procmux$3363_Y [0] $flatten\u_core.$procmux$3363_Y [0] $flatten\u_core.$procmux$3363_Y [0] $flatten\u_core.$procmux$3363_Y [0] $flatten\u_core.$procmux$3363_Y [0] $flatten\u_core.$procmux$3363_Y [0] $flatten\u_core.$procmux$3363_Y [0] $flatten\u_core.$procmux$3363_Y [0] $flatten\u_core.$procmux$3363_Y [0] $flatten\u_core.$procmux$3363_Y [0] $flatten\u_core.$procmux$3363_Y [0] $flatten\u_core.$procmux$3363_Y [0] }
    New ctrl vector for $pmux cell $flatten\u_core.$procmux$5277: { $flatten\u_core.$procmux$4432_CMP $auto$opt_reduce.cc:134:opt_pmux$8524 }
    New ctrl vector for $pmux cell $flatten\u_core.$procmux$5288: { $flatten\u_core.$procmux$4428_CMP $auto$opt_reduce.cc:134:opt_pmux$8526 }
    New ctrl vector for $pmux cell $flatten\u_core.$procmux$6073: { $flatten\u_core.$eq$../../rtl/spark_core.v:109$1238_Y $auto$opt_reduce.cc:134:opt_pmux$8528 }
    New ctrl vector for $pmux cell $flatten\u_core.$procmux$6088: { $auto$opt_reduce.cc:134:opt_pmux$8530 $flatten\u_core.$procmux$5212_CMP }
    New ctrl vector for $pmux cell $flatten\u_core.$procmux$5299: { $flatten\u_core.$eq$../../rtl/spark_core.v:109$1238_Y $auto$opt_reduce.cc:134:opt_pmux$8532 }
    New ctrl vector for $pmux cell $flatten\u_core.$procmux$6103: { $flatten\u_core.$procmux$4432_CMP $auto$opt_reduce.cc:134:opt_pmux$8534 }
    New ctrl vector for $pmux cell $flatten\u_core.$procmux$6118: { $flatten\u_core.$procmux$4428_CMP $auto$opt_reduce.cc:134:opt_pmux$8536 }
    New ctrl vector for $pmux cell $flatten\u_core.$procmux$5310: { $auto$opt_reduce.cc:134:opt_pmux$8538 $flatten\u_core.$procmux$5212_CMP }
    New ctrl vector for $pmux cell $flatten\u_core.$procmux$5321: { $flatten\u_core.$procmux$4432_CMP $auto$opt_reduce.cc:134:opt_pmux$8540 }
    New ctrl vector for $pmux cell $flatten\u_core.$procmux$6245: $flatten\u_core.$procmux$4359_CMP
    New ctrl vector for $pmux cell $flatten\u_core.$procmux$4146: { $flatten\u_core.$procmux$4156_CMP $flatten\u_core.$procmux$4109_CMP $auto$opt_reduce.cc:134:opt_pmux$8542 }
    New ctrl vector for $pmux cell $flatten\u_core.$procmux$5332: { $flatten\u_core.$procmux$4428_CMP $auto$opt_reduce.cc:134:opt_pmux$8544 }
    New ctrl vector for $pmux cell $flatten\u_core.$procmux$6876: { $flatten\u_core.$eq$../../rtl/spark_core.v:109$1238_Y $auto$opt_reduce.cc:134:opt_pmux$8546 }
    Consolidated identical input bits for $mux cell $flatten\u_core.\u_acc0.$procmux$7001:
      Old ports: A=128'00000000000000000000000000000000000000000000000000000000000000000000000000000000000000000000000000000000000000000000000000000000, B=128'11111111111111111111111111111111111111111111111111111111111111111111111111111111111111111111111111111111111111111111111111111111, Y=$flatten\u_core.\u_acc0.$0$memwr$\mem$../spark_ram_asic.v:23$1069_EN[127:0]$1073
      New ports: A=1'0, B=1'1, Y=$flatten\u_core.\u_acc0.$0$memwr$\mem$../spark_ram_asic.v:23$1069_EN[127:0]$1073 [0]
      New connections: $flatten\u_core.\u_acc0.$0$memwr$\mem$../spark_ram_asic.v:23$1069_EN[127:0]$1073 [127:1] = { $flatten\u_core.\u_acc0.$0$memwr$\mem$../spark_ram_asic.v:23$1069_EN[127:0]$1073 [0] $flatten\u_core.\u_acc0.$0$memwr$\mem$../spark_ram_asic.v:23$1069_EN[127:0]$1073 [0] $flatten\u_core.\u_acc0.$0$memwr$\mem$../spark_ram_asic.v:23$1069_EN[127:0]$1073 [0] $flatten\u_core.\u_acc0.$0$memwr$\mem$../spark_ram_asic.v:23$1069_EN[127:0]$1073 [0] $flatten\u_core.\u_acc0.$0$memwr$\mem$../spark_ram_asic.v:23$1069_EN[127:0]$1073 [0] $flatten\u_core.\u_acc0.$0$memwr$\mem$../spark_ram_asic.v:23$1069_EN[127:0]$1073 [0] $flatten\u_core.\u_acc0.$0$memwr$\mem$../spark_ram_asic.v:23$1069_EN[127:0]$1073 [0] $flatten\u_core.\u_acc0.$0$memwr$\mem$../spark_ram_asic.v:23$1069_EN[127:0]$1073 [0] $flatten\u_core.\u_acc0.$0$memwr$\mem$../spark_ram_asic.v:23$1069_EN[127:0]$1073 [0] $flatten\u_core.\u_acc0.$0$memwr$\mem$../spark_ram_asic.v:23$1069_EN[127:0]$1073 [0] $flatten\u_core.\u_acc0.$0$memwr$\mem$../spark_ram_asic.v:23$1069_EN[127:0]$1073 [0] $flatten\u_core.\u_acc0.$0$memwr$\mem$../spark_ram_asic.v:23$1069_EN[127:0]$1073 [0] $flatten\u_core.\u_acc0.$0$memwr$\mem$../spark_ram_asic.v:23$1069_EN[127:0]$1073 [0] $flatten\u_core.\u_acc0.$0$memwr$\mem$../spark_ram_asic.v:23$1069_EN[127:0]$1073 [0] $flatten\u_core.\u_acc0.$0$memwr$\mem$../spark_ram_asic.v:23$1069_EN[127:0]$1073 [0] $flatten\u_core.\u_acc0.$0$memwr$\mem$../spark_ram_asic.v:23$1069_EN[127:0]$1073 [0] $flatten\u_core.\u_acc0.$0$memwr$\mem$../spark_ram_asic.v:23$1069_EN[127:0]$1073 [0] $flatten\u_core.\u_acc0.$0$memwr$\mem$../spark_ram_asic.v:23$1069_EN[127:0]$1073 [0] $flatten\u_core.\u_acc0.$0$memwr$\mem$../spark_ram_asic.v:23$1069_EN[127:0]$1073 [0] $flatten\u_core.\u_acc0.$0$memwr$\mem$../spark_ram_asic.v:23$1069_EN[127:0]$1073 [0] $flatten\u_core.\u_acc0.$0$memwr$\mem$../spark_ram_asic.v:23$1069_EN[127:0]$1073 [0] $flatten\u_core.\u_acc0.$0$memwr$\mem$../spark_ram_asic.v:23$1069_EN[127:0]$1073 [0] $flatten\u_core.\u_acc0.$0$memwr$\mem$../spark_ram_asic.v:23$1069_EN[127:0]$1073 [0] $flatten\u_core.\u_acc0.$0$memwr$\mem$../spark_ram_asic.v:23$1069_EN[127:0]$1073 [0] $flatten\u_core.\u_acc0.$0$memwr$\mem$../spark_ram_asic.v:23$1069_EN[127:0]$1073 [0] $flatten\u_core.\u_acc0.$0$memwr$\mem$../spark_ram_asic.v:23$1069_EN[127:0]$1073 [0] $flatten\u_core.\u_acc0.$0$memwr$\mem$../spark_ram_asic.v:23$1069_EN[127:0]$1073 [0] $flatten\u_core.\u_acc0.$0$memwr$\mem$../spark_ram_asic.v:23$1069_EN[127:0]$1073 [0] $flatten\u_core.\u_acc0.$0$memwr$\mem$../spark_ram_asic.v:23$1069_EN[127:0]$1073 [0] $flatten\u_core.\u_acc0.$0$memwr$\mem$../spark_ram_asic.v:23$1069_EN[127:0]$1073 [0] $flatten\u_core.\u_acc0.$0$memwr$\mem$../spark_ram_asic.v:23$1069_EN[127:0]$1073 [0] $flatten\u_core.\u_acc0.$0$memwr$\mem$../spark_ram_asic.v:23$1069_EN[127:0]$1073 [0] $flatten\u_core.\u_acc0.$0$memwr$\mem$../spark_ram_asic.v:23$1069_EN[127:0]$1073 [0] $flatten\u_core.\u_acc0.$0$memwr$\mem$../spark_ram_asic.v:23$1069_EN[127:0]$1073 [0] $flatten\u_core.\u_acc0.$0$memwr$\mem$../spark_ram_asic.v:23$1069_EN[127:0]$1073 [0] $flatten\u_core.\u_acc0.$0$memwr$\mem$../spark_ram_asic.v:23$1069_EN[127:0]$1073 [0] $flatten\u_core.\u_acc0.$0$memwr$\mem$../spark_ram_asic.v:23$1069_EN[127:0]$1073 [0] $flatten\u_core.\u_acc0.$0$memwr$\mem$../spark_ram_asic.v:23$1069_EN[127:0]$1073 [0] $flatten\u_core.\u_acc0.$0$memwr$\mem$../spark_ram_asic.v:23$1069_EN[127:0]$1073 [0] $flatten\u_core.\u_acc0.$0$memwr$\mem$../spark_ram_asic.v:23$1069_EN[127:0]$1073 [0] $flatten\u_core.\u_acc0.$0$memwr$\mem$../spark_ram_asic.v:23$1069_EN[127:0]$1073 [0] $flatten\u_core.\u_acc0.$0$memwr$\mem$../spark_ram_asic.v:23$1069_EN[127:0]$1073 [0] $flatten\u_core.\u_acc0.$0$memwr$\mem$../spark_ram_asic.v:23$1069_EN[127:0]$1073 [0] $flatten\u_core.\u_acc0.$0$memwr$\mem$../spark_ram_asic.v:23$1069_EN[127:0]$1073 [0] $flatten\u_core.\u_acc0.$0$memwr$\mem$../spark_ram_asic.v:23$1069_EN[127:0]$1073 [0] $flatten\u_core.\u_acc0.$0$memwr$\mem$../spark_ram_asic.v:23$1069_EN[127:0]$1073 [0] $flatten\u_core.\u_acc0.$0$memwr$\mem$../spark_ram_asic.v:23$1069_EN[127:0]$1073 [0] $flatten\u_core.\u_acc0.$0$memwr$\mem$../spark_ram_asic.v:23$1069_EN[127:0]$1073 [0] $flatten\u_core.\u_acc0.$0$memwr$\mem$../spark_ram_asic.v:23$1069_EN[127:0]$1073 [0] $flatten\u_core.\u_acc0.$0$memwr$\mem$../spark_ram_asic.v:23$1069_EN[127:0]$1073 [0] $flatten\u_core.\u_acc0.$0$memwr$\mem$../spark_ram_asic.v:23$1069_EN[127:0]$1073 [0] $flatten\u_core.\u_acc0.$0$memwr$\mem$../spark_ram_asic.v:23$1069_EN[127:0]$1073 [0] $flatten\u_core.\u_acc0.$0$memwr$\mem$../spark_ram_asic.v:23$1069_EN[127:0]$1073 [0] $flatten\u_core.\u_acc0.$0$memwr$\mem$../spark_ram_asic.v:23$1069_EN[127:0]$1073 [0] $flatten\u_core.\u_acc0.$0$memwr$\mem$../spark_ram_asic.v:23$1069_EN[127:0]$1073 [0] $flatten\u_core.\u_acc0.$0$memwr$\mem$../spark_ram_asic.v:23$1069_EN[127:0]$1073 [0] $flatten\u_core.\u_acc0.$0$memwr$\mem$../spark_ram_asic.v:23$1069_EN[127:0]$1073 [0] $flatten\u_core.\u_acc0.$0$memwr$\mem$../spark_ram_asic.v:23$1069_EN[127:0]$1073 [0] $flatten\u_core.\u_acc0.$0$memwr$\mem$../spark_ram_asic.v:23$1069_EN[127:0]$1073 [0] $flatten\u_core.\u_acc0.$0$memwr$\mem$../spark_ram_asic.v:23$1069_EN[127:0]$1073 [0] $flatten\u_core.\u_acc0.$0$memwr$\mem$../spark_ram_asic.v:23$1069_EN[127:0]$1073 [0] $flatten\u_core.\u_acc0.$0$memwr$\mem$../spark_ram_asic.v:23$1069_EN[127:0]$1073 [0] $flatten\u_core.\u_acc0.$0$memwr$\mem$../spark_ram_asic.v:23$1069_EN[127:0]$1073 [0] $flatten\u_core.\u_acc0.$0$memwr$\mem$../spark_ram_asic.v:23$1069_EN[127:0]$1073 [0] $flatten\u_core.\u_acc0.$0$memwr$\mem$../spark_ram_asic.v:23$1069_EN[127:0]$1073 [0] $flatten\u_core.\u_acc0.$0$memwr$\mem$../spark_ram_asic.v:23$1069_EN[127:0]$1073 [0] $flatten\u_core.\u_acc0.$0$memwr$\mem$../spark_ram_asic.v:23$1069_EN[127:0]$1073 [0] $flatten\u_core.\u_acc0.$0$memwr$\mem$../spark_ram_asic.v:23$1069_EN[127:0]$1073 [0] $flatten\u_core.\u_acc0.$0$memwr$\mem$../spark_ram_asic.v:23$1069_EN[127:0]$1073 [0] $flatten\u_core.\u_acc0.$0$memwr$\mem$../spark_ram_asic.v:23$1069_EN[127:0]$1073 [0] $flatten\u_core.\u_acc0.$0$memwr$\mem$../spark_ram_asic.v:23$1069_EN[127:0]$1073 [0] $flatten\u_core.\u_acc0.$0$memwr$\mem$../spark_ram_asic.v:23$1069_EN[127:0]$1073 [0] $flatten\u_core.\u_acc0.$0$memwr$\mem$../spark_ram_asic.v:23$1069_EN[127:0]$1073 [0] $flatten\u_core.\u_acc0.$0$memwr$\mem$../spark_ram_asic.v:23$1069_EN[127:0]$1073 [0] $flatten\u_core.\u_acc0.$0$memwr$\mem$../spark_ram_asic.v:23$1069_EN[127:0]$1073 [0] $flatten\u_core.\u_acc0.$0$memwr$\mem$../spark_ram_asic.v:23$1069_EN[127:0]$1073 [0] $flatten\u_core.\u_acc0.$0$memwr$\mem$../spark_ram_asic.v:23$1069_EN[127:0]$1073 [0] $flatten\u_core.\u_acc0.$0$memwr$\mem$../spark_ram_asic.v:23$1069_EN[127:0]$1073 [0] $flatten\u_core.\u_acc0.$0$memwr$\mem$../spark_ram_asic.v:23$1069_EN[127:0]$1073 [0] $flatten\u_core.\u_acc0.$0$memwr$\mem$../spark_ram_asic.v:23$1069_EN[127:0]$1073 [0] $flatten\u_core.\u_acc0.$0$memwr$\mem$../spark_ram_asic.v:23$1069_EN[127:0]$1073 [0] $flatten\u_core.\u_acc0.$0$memwr$\mem$../spark_ram_asic.v:23$1069_EN[127:0]$1073 [0] $flatten\u_core.\u_acc0.$0$memwr$\mem$../spark_ram_asic.v:23$1069_EN[127:0]$1073 [0] $flatten\u_core.\u_acc0.$0$memwr$\mem$../spark_ram_asic.v:23$1069_EN[127:0]$1073 [0] $flatten\u_core.\u_acc0.$0$memwr$\mem$../spark_ram_asic.v:23$1069_EN[127:0]$1073 [0] $flatten\u_core.\u_acc0.$0$memwr$\mem$../spark_ram_asic.v:23$1069_EN[127:0]$1073 [0] $flatten\u_core.\u_acc0.$0$memwr$\mem$../spark_ram_asic.v:23$1069_EN[127:0]$1073 [0] $flatten\u_core.\u_acc0.$0$memwr$\mem$../spark_ram_asic.v:23$1069_EN[127:0]$1073 [0] $flatten\u_core.\u_acc0.$0$memwr$\mem$../spark_ram_asic.v:23$1069_EN[127:0]$1073 [0] $flatten\u_core.\u_acc0.$0$memwr$\mem$../spark_ram_asic.v:23$1069_EN[127:0]$1073 [0] $flatten\u_core.\u_acc0.$0$memwr$\mem$../spark_ram_asic.v:23$1069_EN[127:0]$1073 [0] $flatten\u_core.\u_acc0.$0$memwr$\mem$../spark_ram_asic.v:23$1069_EN[127:0]$1073 [0] $flatten\u_core.\u_acc0.$0$memwr$\mem$../spark_ram_asic.v:23$1069_EN[127:0]$1073 [0] $flatten\u_core.\u_acc0.$0$memwr$\mem$../spark_ram_asic.v:23$1069_EN[127:0]$1073 [0] $flatten\u_core.\u_acc0.$0$memwr$\mem$../spark_ram_asic.v:23$1069_EN[127:0]$1073 [0] $flatten\u_core.\u_acc0.$0$memwr$\mem$../spark_ram_asic.v:23$1069_EN[127:0]$1073 [0] $flatten\u_core.\u_acc0.$0$memwr$\mem$../spark_ram_asic.v:23$1069_EN[127:0]$1073 [0] $flatten\u_core.\u_acc0.$0$memwr$\mem$../spark_ram_asic.v:23$1069_EN[127:0]$1073 [0] $flatten\u_core.\u_acc0.$0$memwr$\mem$../spark_ram_asic.v:23$1069_EN[127:0]$1073 [0] $flatten\u_core.\u_acc0.$0$memwr$\mem$../spark_ram_asic.v:23$1069_EN[127:0]$1073 [0] $flatten\u_core.\u_acc0.$0$memwr$\mem$../spark_ram_asic.v:23$1069_EN[127:0]$1073 [0] $flatten\u_core.\u_acc0.$0$memwr$\mem$../spark_ram_asic.v:23$1069_EN[127:0]$1073 [0] $flatten\u_core.\u_acc0.$0$memwr$\mem$../spark_ram_asic.v:23$1069_EN[127:0]$1073 [0] $flatten\u_core.\u_acc0.$0$memwr$\mem$../spark_ram_asic.v:23$1069_EN[127:0]$1073 [0] $flatten\u_core.\u_acc0.$0$memwr$\mem$../spark_ram_asic.v:23$1069_EN[127:0]$1073 [0] $flatten\u_core.\u_acc0.$0$memwr$\mem$../spark_ram_asic.v:23$1069_EN[127:0]$1073 [0] $flatten\u_core.\u_acc0.$0$memwr$\mem$../spark_ram_asic.v:23$1069_EN[127:0]$1073 [0] $flatten\u_core.\u_acc0.$0$memwr$\mem$../spark_ram_asic.v:23$1069_EN[127:0]$1073 [0] $flatten\u_core.\u_acc0.$0$memwr$\mem$../spark_ram_asic.v:23$1069_EN[127:0]$1073 [0] $flatten\u_core.\u_acc0.$0$memwr$\mem$../spark_ram_asic.v:23$1069_EN[127:0]$1073 [0] $flatten\u_core.\u_acc0.$0$memwr$\mem$../spark_ram_asic.v:23$1069_EN[127:0]$1073 [0] $flatten\u_core.\u_acc0.$0$memwr$\mem$../spark_ram_asic.v:23$1069_EN[127:0]$1073 [0] $flatten\u_core.\u_acc0.$0$memwr$\mem$../spark_ram_asic.v:23$1069_EN[127:0]$1073 [0] $flatten\u_core.\u_acc0.$0$memwr$\mem$../spark_ram_asic.v:23$1069_EN[127:0]$1073 [0] $flatten\u_core.\u_acc0.$0$memwr$\mem$../spark_ram_asic.v:23$1069_EN[127:0]$1073 [0] $flatten\u_core.\u_acc0.$0$memwr$\mem$../spark_ram_asic.v:23$1069_EN[127:0]$1073 [0] $flatten\u_core.\u_acc0.$0$memwr$\mem$../spark_ram_asic.v:23$1069_EN[127:0]$1073 [0] $flatten\u_core.\u_acc0.$0$memwr$\mem$../spark_ram_asic.v:23$1069_EN[127:0]$1073 [0] $flatten\u_core.\u_acc0.$0$memwr$\mem$../spark_ram_asic.v:23$1069_EN[127:0]$1073 [0] $flatten\u_core.\u_acc0.$0$memwr$\mem$../spark_ram_asic.v:23$1069_EN[127:0]$1073 [0] $flatten\u_core.\u_acc0.$0$memwr$\mem$../spark_ram_asic.v:23$1069_EN[127:0]$1073 [0] $flatten\u_core.\u_acc0.$0$memwr$\mem$../spark_ram_asic.v:23$1069_EN[127:0]$1073 [0] $flatten\u_core.\u_acc0.$0$memwr$\mem$../spark_ram_asic.v:23$1069_EN[127:0]$1073 [0] $flatten\u_core.\u_acc0.$0$memwr$\mem$../spark_ram_asic.v:23$1069_EN[127:0]$1073 [0] $flatten\u_core.\u_acc0.$0$memwr$\mem$../spark_ram_asic.v:23$1069_EN[127:0]$1073 [0] $flatten\u_core.\u_acc0.$0$memwr$\mem$../spark_ram_asic.v:23$1069_EN[127:0]$1073 [0] $flatten\u_core.\u_acc0.$0$memwr$\mem$../spark_ram_asic.v:23$1069_EN[127:0]$1073 [0] }
    Consolidated identical input bits for $mux cell $flatten\u_core.\u_acc1.$procmux$7001:
      Old ports: A=128'00000000000000000000000000000000000000000000000000000000000000000000000000000000000000000000000000000000000000000000000000000000, B=128'11111111111111111111111111111111111111111111111111111111111111111111111111111111111111111111111111111111111111111111111111111111, Y=$flatten\u_core.\u_acc1.$0$memwr$\mem$../spark_ram_asic.v:23$1069_EN[127:0]$1073
      New ports: A=1'0, B=1'1, Y=$flatten\u_core.\u_acc1.$0$memwr$\mem$../spark_ram_asic.v:23$1069_EN[127:0]$1073 [0]
      New connections: $flatten\u_core.\u_acc1.$0$memwr$\mem$../spark_ram_asic.v:23$1069_EN[127:0]$1073 [127:1] = { $flatten\u_core.\u_acc1.$0$memwr$\mem$../spark_ram_asic.v:23$1069_EN[127:0]$1073 [0] $flatten\u_core.\u_acc1.$0$memwr$\mem$../spark_ram_asic.v:23$1069_EN[127:0]$1073 [0] $flatten\u_core.\u_acc1.$0$memwr$\mem$../spark_ram_asic.v:23$1069_EN[127:0]$1073 [0] $flatten\u_core.\u_acc1.$0$memwr$\mem$../spark_ram_asic.v:23$1069_EN[127:0]$1073 [0] $flatten\u_core.\u_acc1.$0$memwr$\mem$../spark_ram_asic.v:23$1069_EN[127:0]$1073 [0] $flatten\u_core.\u_acc1.$0$memwr$\mem$../spark_ram_asic.v:23$1069_EN[127:0]$1073 [0] $flatten\u_core.\u_acc1.$0$memwr$\mem$../spark_ram_asic.v:23$1069_EN[127:0]$1073 [0] $flatten\u_core.\u_acc1.$0$memwr$\mem$../spark_ram_asic.v:23$1069_EN[127:0]$1073 [0] $flatten\u_core.\u_acc1.$0$memwr$\mem$../spark_ram_asic.v:23$1069_EN[127:0]$1073 [0] $flatten\u_core.\u_acc1.$0$memwr$\mem$../spark_ram_asic.v:23$1069_EN[127:0]$1073 [0] $flatten\u_core.\u_acc1.$0$memwr$\mem$../spark_ram_asic.v:23$1069_EN[127:0]$1073 [0] $flatten\u_core.\u_acc1.$0$memwr$\mem$../spark_ram_asic.v:23$1069_EN[127:0]$1073 [0] $flatten\u_core.\u_acc1.$0$memwr$\mem$../spark_ram_asic.v:23$1069_EN[127:0]$1073 [0] $flatten\u_core.\u_acc1.$0$memwr$\mem$../spark_ram_asic.v:23$1069_EN[127:0]$1073 [0] $flatten\u_core.\u_acc1.$0$memwr$\mem$../spark_ram_asic.v:23$1069_EN[127:0]$1073 [0] $flatten\u_core.\u_acc1.$0$memwr$\mem$../spark_ram_asic.v:23$1069_EN[127:0]$1073 [0] $flatten\u_core.\u_acc1.$0$memwr$\mem$../spark_ram_asic.v:23$1069_EN[127:0]$1073 [0] $flatten\u_core.\u_acc1.$0$memwr$\mem$../spark_ram_asic.v:23$1069_EN[127:0]$1073 [0] $flatten\u_core.\u_acc1.$0$memwr$\mem$../spark_ram_asic.v:23$1069_EN[127:0]$1073 [0] $flatten\u_core.\u_acc1.$0$memwr$\mem$../spark_ram_asic.v:23$1069_EN[127:0]$1073 [0] $flatten\u_core.\u_acc1.$0$memwr$\mem$../spark_ram_asic.v:23$1069_EN[127:0]$1073 [0] $flatten\u_core.\u_acc1.$0$memwr$\mem$../spark_ram_asic.v:23$1069_EN[127:0]$1073 [0] $flatten\u_core.\u_acc1.$0$memwr$\mem$../spark_ram_asic.v:23$1069_EN[127:0]$1073 [0] $flatten\u_core.\u_acc1.$0$memwr$\mem$../spark_ram_asic.v:23$1069_EN[127:0]$1073 [0] $flatten\u_core.\u_acc1.$0$memwr$\mem$../spark_ram_asic.v:23$1069_EN[127:0]$1073 [0] $flatten\u_core.\u_acc1.$0$memwr$\mem$../spark_ram_asic.v:23$1069_EN[127:0]$1073 [0] $flatten\u_core.\u_acc1.$0$memwr$\mem$../spark_ram_asic.v:23$1069_EN[127:0]$1073 [0] $flatten\u_core.\u_acc1.$0$memwr$\mem$../spark_ram_asic.v:23$1069_EN[127:0]$1073 [0] $flatten\u_core.\u_acc1.$0$memwr$\mem$../spark_ram_asic.v:23$1069_EN[127:0]$1073 [0] $flatten\u_core.\u_acc1.$0$memwr$\mem$../spark_ram_asic.v:23$1069_EN[127:0]$1073 [0] $flatten\u_core.\u_acc1.$0$memwr$\mem$../spark_ram_asic.v:23$1069_EN[127:0]$1073 [0] $flatten\u_core.\u_acc1.$0$memwr$\mem$../spark_ram_asic.v:23$1069_EN[127:0]$1073 [0] $flatten\u_core.\u_acc1.$0$memwr$\mem$../spark_ram_asic.v:23$1069_EN[127:0]$1073 [0] $flatten\u_core.\u_acc1.$0$memwr$\mem$../spark_ram_asic.v:23$1069_EN[127:0]$1073 [0] $flatten\u_core.\u_acc1.$0$memwr$\mem$../spark_ram_asic.v:23$1069_EN[127:0]$1073 [0] $flatten\u_core.\u_acc1.$0$memwr$\mem$../spark_ram_asic.v:23$1069_EN[127:0]$1073 [0] $flatten\u_core.\u_acc1.$0$memwr$\mem$../spark_ram_asic.v:23$1069_EN[127:0]$1073 [0] $flatten\u_core.\u_acc1.$0$memwr$\mem$../spark_ram_asic.v:23$1069_EN[127:0]$1073 [0] $flatten\u_core.\u_acc1.$0$memwr$\mem$../spark_ram_asic.v:23$1069_EN[127:0]$1073 [0] $flatten\u_core.\u_acc1.$0$memwr$\mem$../spark_ram_asic.v:23$1069_EN[127:0]$1073 [0] $flatten\u_core.\u_acc1.$0$memwr$\mem$../spark_ram_asic.v:23$1069_EN[127:0]$1073 [0] $flatten\u_core.\u_acc1.$0$memwr$\mem$../spark_ram_asic.v:23$1069_EN[127:0]$1073 [0] $flatten\u_core.\u_acc1.$0$memwr$\mem$../spark_ram_asic.v:23$1069_EN[127:0]$1073 [0] $flatten\u_core.\u_acc1.$0$memwr$\mem$../spark_ram_asic.v:23$1069_EN[127:0]$1073 [0] $flatten\u_core.\u_acc1.$0$memwr$\mem$../spark_ram_asic.v:23$1069_EN[127:0]$1073 [0] $flatten\u_core.\u_acc1.$0$memwr$\mem$../spark_ram_asic.v:23$1069_EN[127:0]$1073 [0] $flatten\u_core.\u_acc1.$0$memwr$\mem$../spark_ram_asic.v:23$1069_EN[127:0]$1073 [0] $flatten\u_core.\u_acc1.$0$memwr$\mem$../spark_ram_asic.v:23$1069_EN[127:0]$1073 [0] $flatten\u_core.\u_acc1.$0$memwr$\mem$../spark_ram_asic.v:23$1069_EN[127:0]$1073 [0] $flatten\u_core.\u_acc1.$0$memwr$\mem$../spark_ram_asic.v:23$1069_EN[127:0]$1073 [0] $flatten\u_core.\u_acc1.$0$memwr$\mem$../spark_ram_asic.v:23$1069_EN[127:0]$1073 [0] $flatten\u_core.\u_acc1.$0$memwr$\mem$../spark_ram_asic.v:23$1069_EN[127:0]$1073 [0] $flatten\u_core.\u_acc1.$0$memwr$\mem$../spark_ram_asic.v:23$1069_EN[127:0]$1073 [0] $flatten\u_core.\u_acc1.$0$memwr$\mem$../spark_ram_asic.v:23$1069_EN[127:0]$1073 [0] $flatten\u_core.\u_acc1.$0$memwr$\mem$../spark_ram_asic.v:23$1069_EN[127:0]$1073 [0] $flatten\u_core.\u_acc1.$0$memwr$\mem$../spark_ram_asic.v:23$1069_EN[127:0]$1073 [0] $flatten\u_core.\u_acc1.$0$memwr$\mem$../spark_ram_asic.v:23$1069_EN[127:0]$1073 [0] $flatten\u_core.\u_acc1.$0$memwr$\mem$../spark_ram_asic.v:23$1069_EN[127:0]$1073 [0] $flatten\u_core.\u_acc1.$0$memwr$\mem$../spark_ram_asic.v:23$1069_EN[127:0]$1073 [0] $flatten\u_core.\u_acc1.$0$memwr$\mem$../spark_ram_asic.v:23$1069_EN[127:0]$1073 [0] $flatten\u_core.\u_acc1.$0$memwr$\mem$../spark_ram_asic.v:23$1069_EN[127:0]$1073 [0] $flatten\u_core.\u_acc1.$0$memwr$\mem$../spark_ram_asic.v:23$1069_EN[127:0]$1073 [0] $flatten\u_core.\u_acc1.$0$memwr$\mem$../spark_ram_asic.v:23$1069_EN[127:0]$1073 [0] $flatten\u_core.\u_acc1.$0$memwr$\mem$../spark_ram_asic.v:23$1069_EN[127:0]$1073 [0] $flatten\u_core.\u_acc1.$0$memwr$\mem$../spark_ram_asic.v:23$1069_EN[127:0]$1073 [0] $flatten\u_core.\u_acc1.$0$memwr$\mem$../spark_ram_asic.v:23$1069_EN[127:0]$1073 [0] $flatten\u_core.\u_acc1.$0$memwr$\mem$../spark_ram_asic.v:23$1069_EN[127:0]$1073 [0] $flatten\u_core.\u_acc1.$0$memwr$\mem$../spark_ram_asic.v:23$1069_EN[127:0]$1073 [0] $flatten\u_core.\u_acc1.$0$memwr$\mem$../spark_ram_asic.v:23$1069_EN[127:0]$1073 [0] $flatten\u_core.\u_acc1.$0$memwr$\mem$../spark_ram_asic.v:23$1069_EN[127:0]$1073 [0] $flatten\u_core.\u_acc1.$0$memwr$\mem$../spark_ram_asic.v:23$1069_EN[127:0]$1073 [0] $flatten\u_core.\u_acc1.$0$memwr$\mem$../spark_ram_asic.v:23$1069_EN[127:0]$1073 [0] $flatten\u_core.\u_acc1.$0$memwr$\mem$../spark_ram_asic.v:23$1069_EN[127:0]$1073 [0] $flatten\u_core.\u_acc1.$0$memwr$\mem$../spark_ram_asic.v:23$1069_EN[127:0]$1073 [0] $flatten\u_core.\u_acc1.$0$memwr$\mem$../spark_ram_asic.v:23$1069_EN[127:0]$1073 [0] $flatten\u_core.\u_acc1.$0$memwr$\mem$../spark_ram_asic.v:23$1069_EN[127:0]$1073 [0] $flatten\u_core.\u_acc1.$0$memwr$\mem$../spark_ram_asic.v:23$1069_EN[127:0]$1073 [0] $flatten\u_core.\u_acc1.$0$memwr$\mem$../spark_ram_asic.v:23$1069_EN[127:0]$1073 [0] $flatten\u_core.\u_acc1.$0$memwr$\mem$../spark_ram_asic.v:23$1069_EN[127:0]$1073 [0] $flatten\u_core.\u_acc1.$0$memwr$\mem$../spark_ram_asic.v:23$1069_EN[127:0]$1073 [0] $flatten\u_core.\u_acc1.$0$memwr$\mem$../spark_ram_asic.v:23$1069_EN[127:0]$1073 [0] $flatten\u_core.\u_acc1.$0$memwr$\mem$../spark_ram_asic.v:23$1069_EN[127:0]$1073 [0] $flatten\u_core.\u_acc1.$0$memwr$\mem$../spark_ram_asic.v:23$1069_EN[127:0]$1073 [0] $flatten\u_core.\u_acc1.$0$memwr$\mem$../spark_ram_asic.v:23$1069_EN[127:0]$1073 [0] $flatten\u_core.\u_acc1.$0$memwr$\mem$../spark_ram_asic.v:23$1069_EN[127:0]$1073 [0] $flatten\u_core.\u_acc1.$0$memwr$\mem$../spark_ram_asic.v:23$1069_EN[127:0]$1073 [0] $flatten\u_core.\u_acc1.$0$memwr$\mem$../spark_ram_asic.v:23$1069_EN[127:0]$1073 [0] $flatten\u_core.\u_acc1.$0$memwr$\mem$../spark_ram_asic.v:23$1069_EN[127:0]$1073 [0] $flatten\u_core.\u_acc1.$0$memwr$\mem$../spark_ram_asic.v:23$1069_EN[127:0]$1073 [0] $flatten\u_core.\u_acc1.$0$memwr$\mem$../spark_ram_asic.v:23$1069_EN[127:0]$1073 [0] $flatten\u_core.\u_acc1.$0$memwr$\mem$../spark_ram_asic.v:23$1069_EN[127:0]$1073 [0] $flatten\u_core.\u_acc1.$0$memwr$\mem$../spark_ram_asic.v:23$1069_EN[127:0]$1073 [0] $flatten\u_core.\u_acc1.$0$memwr$\mem$../spark_ram_asic.v:23$1069_EN[127:0]$1073 [0] $flatten\u_core.\u_acc1.$0$memwr$\mem$../spark_ram_asic.v:23$1069_EN[127:0]$1073 [0] $flatten\u_core.\u_acc1.$0$memwr$\mem$../spark_ram_asic.v:23$1069_EN[127:0]$1073 [0] $flatten\u_core.\u_acc1.$0$memwr$\mem$../spark_ram_asic.v:23$1069_EN[127:0]$1073 [0] $flatten\u_core.\u_acc1.$0$memwr$\mem$../spark_ram_asic.v:23$1069_EN[127:0]$1073 [0] $flatten\u_core.\u_acc1.$0$memwr$\mem$../spark_ram_asic.v:23$1069_EN[127:0]$1073 [0] $flatten\u_core.\u_acc1.$0$memwr$\mem$../spark_ram_asic.v:23$1069_EN[127:0]$1073 [0] $flatten\u_core.\u_acc1.$0$memwr$\mem$../spark_ram_asic.v:23$1069_EN[127:0]$1073 [0] $flatten\u_core.\u_acc1.$0$memwr$\mem$../spark_ram_asic.v:23$1069_EN[127:0]$1073 [0] $flatten\u_core.\u_acc1.$0$memwr$\mem$../spark_ram_asic.v:23$1069_EN[127:0]$1073 [0] $flatten\u_core.\u_acc1.$0$memwr$\mem$../spark_ram_asic.v:23$1069_EN[127:0]$1073 [0] $flatten\u_core.\u_acc1.$0$memwr$\mem$../spark_ram_asic.v:23$1069_EN[127:0]$1073 [0] $flatten\u_core.\u_acc1.$0$memwr$\mem$../spark_ram_asic.v:23$1069_EN[127:0]$1073 [0] $flatten\u_core.\u_acc1.$0$memwr$\mem$../spark_ram_asic.v:23$1069_EN[127:0]$1073 [0] $flatten\u_core.\u_acc1.$0$memwr$\mem$../spark_ram_asic.v:23$1069_EN[127:0]$1073 [0] $flatten\u_core.\u_acc1.$0$memwr$\mem$../spark_ram_asic.v:23$1069_EN[127:0]$1073 [0] $flatten\u_core.\u_acc1.$0$memwr$\mem$../spark_ram_asic.v:23$1069_EN[127:0]$1073 [0] $flatten\u_core.\u_acc1.$0$memwr$\mem$../spark_ram_asic.v:23$1069_EN[127:0]$1073 [0] $flatten\u_core.\u_acc1.$0$memwr$\mem$../spark_ram_asic.v:23$1069_EN[127:0]$1073 [0] $flatten\u_core.\u_acc1.$0$memwr$\mem$../spark_ram_asic.v:23$1069_EN[127:0]$1073 [0] $flatten\u_core.\u_acc1.$0$memwr$\mem$../spark_ram_asic.v:23$1069_EN[127:0]$1073 [0] $flatten\u_core.\u_acc1.$0$memwr$\mem$../spark_ram_asic.v:23$1069_EN[127:0]$1073 [0] $flatten\u_core.\u_acc1.$0$memwr$\mem$../spark_ram_asic.v:23$1069_EN[127:0]$1073 [0] $flatten\u_core.\u_acc1.$0$memwr$\mem$../spark_ram_asic.v:23$1069_EN[127:0]$1073 [0] $flatten\u_core.\u_acc1.$0$memwr$\mem$../spark_ram_asic.v:23$1069_EN[127:0]$1073 [0] $flatten\u_core.\u_acc1.$0$memwr$\mem$../spark_ram_asic.v:23$1069_EN[127:0]$1073 [0] $flatten\u_core.\u_acc1.$0$memwr$\mem$../spark_ram_asic.v:23$1069_EN[127:0]$1073 [0] $flatten\u_core.\u_acc1.$0$memwr$\mem$../spark_ram_asic.v:23$1069_EN[127:0]$1073 [0] $flatten\u_core.\u_acc1.$0$memwr$\mem$../spark_ram_asic.v:23$1069_EN[127:0]$1073 [0] $flatten\u_core.\u_acc1.$0$memwr$\mem$../spark_ram_asic.v:23$1069_EN[127:0]$1073 [0] $flatten\u_core.\u_acc1.$0$memwr$\mem$../spark_ram_asic.v:23$1069_EN[127:0]$1073 [0] $flatten\u_core.\u_acc1.$0$memwr$\mem$../spark_ram_asic.v:23$1069_EN[127:0]$1073 [0] $flatten\u_core.\u_acc1.$0$memwr$\mem$../spark_ram_asic.v:23$1069_EN[127:0]$1073 [0] $flatten\u_core.\u_acc1.$0$memwr$\mem$../spark_ram_asic.v:23$1069_EN[127:0]$1073 [0] $flatten\u_core.\u_acc1.$0$memwr$\mem$../spark_ram_asic.v:23$1069_EN[127:0]$1073 [0] }
    Consolidated identical input bits for $mux cell $flatten\u_core.\u_acc2.$procmux$6992:
      Old ports: A=128'00000000000000000000000000000000000000000000000000000000000000000000000000000000000000000000000000000000000000000000000000000000, B=128'11111111111111111111111111111111111111111111111111111111111111111111111111111111111111111111111111111111111111111111111111111111, Y=$flatten\u_core.\u_acc2.$0$memwr$\mem$../spark_ram_asic.v:23$1079_EN[127:0]$1083
      New ports: A=1'0, B=1'1, Y=$flatten\u_core.\u_acc2.$0$memwr$\mem$../spark_ram_asic.v:23$1079_EN[127:0]$1083 [0]
      New connections: $flatten\u_core.\u_acc2.$0$memwr$\mem$../spark_ram_asic.v:23$1079_EN[127:0]$1083 [127:1] = { $flatten\u_core.\u_acc2.$0$memwr$\mem$../spark_ram_asic.v:23$1079_EN[127:0]$1083 [0] $flatten\u_core.\u_acc2.$0$memwr$\mem$../spark_ram_asic.v:23$1079_EN[127:0]$1083 [0] $flatten\u_core.\u_acc2.$0$memwr$\mem$../spark_ram_asic.v:23$1079_EN[127:0]$1083 [0] $flatten\u_core.\u_acc2.$0$memwr$\mem$../spark_ram_asic.v:23$1079_EN[127:0]$1083 [0] $flatten\u_core.\u_acc2.$0$memwr$\mem$../spark_ram_asic.v:23$1079_EN[127:0]$1083 [0] $flatten\u_core.\u_acc2.$0$memwr$\mem$../spark_ram_asic.v:23$1079_EN[127:0]$1083 [0] $flatten\u_core.\u_acc2.$0$memwr$\mem$../spark_ram_asic.v:23$1079_EN[127:0]$1083 [0] $flatten\u_core.\u_acc2.$0$memwr$\mem$../spark_ram_asic.v:23$1079_EN[127:0]$1083 [0] $flatten\u_core.\u_acc2.$0$memwr$\mem$../spark_ram_asic.v:23$1079_EN[127:0]$1083 [0] $flatten\u_core.\u_acc2.$0$memwr$\mem$../spark_ram_asic.v:23$1079_EN[127:0]$1083 [0] $flatten\u_core.\u_acc2.$0$memwr$\mem$../spark_ram_asic.v:23$1079_EN[127:0]$1083 [0] $flatten\u_core.\u_acc2.$0$memwr$\mem$../spark_ram_asic.v:23$1079_EN[127:0]$1083 [0] $flatten\u_core.\u_acc2.$0$memwr$\mem$../spark_ram_asic.v:23$1079_EN[127:0]$1083 [0] $flatten\u_core.\u_acc2.$0$memwr$\mem$../spark_ram_asic.v:23$1079_EN[127:0]$1083 [0] $flatten\u_core.\u_acc2.$0$memwr$\mem$../spark_ram_asic.v:23$1079_EN[127:0]$1083 [0] $flatten\u_core.\u_acc2.$0$memwr$\mem$../spark_ram_asic.v:23$1079_EN[127:0]$1083 [0] $flatten\u_core.\u_acc2.$0$memwr$\mem$../spark_ram_asic.v:23$1079_EN[127:0]$1083 [0] $flatten\u_core.\u_acc2.$0$memwr$\mem$../spark_ram_asic.v:23$1079_EN[127:0]$1083 [0] $flatten\u_core.\u_acc2.$0$memwr$\mem$../spark_ram_asic.v:23$1079_EN[127:0]$1083 [0] $flatten\u_core.\u_acc2.$0$memwr$\mem$../spark_ram_asic.v:23$1079_EN[127:0]$1083 [0] $flatten\u_core.\u_acc2.$0$memwr$\mem$../spark_ram_asic.v:23$1079_EN[127:0]$1083 [0] $flatten\u_core.\u_acc2.$0$memwr$\mem$../spark_ram_asic.v:23$1079_EN[127:0]$1083 [0] $flatten\u_core.\u_acc2.$0$memwr$\mem$../spark_ram_asic.v:23$1079_EN[127:0]$1083 [0] $flatten\u_core.\u_acc2.$0$memwr$\mem$../spark_ram_asic.v:23$1079_EN[127:0]$1083 [0] $flatten\u_core.\u_acc2.$0$memwr$\mem$../spark_ram_asic.v:23$1079_EN[127:0]$1083 [0] $flatten\u_core.\u_acc2.$0$memwr$\mem$../spark_ram_asic.v:23$1079_EN[127:0]$1083 [0] $flatten\u_core.\u_acc2.$0$memwr$\mem$../spark_ram_asic.v:23$1079_EN[127:0]$1083 [0] $flatten\u_core.\u_acc2.$0$memwr$\mem$../spark_ram_asic.v:23$1079_EN[127:0]$1083 [0] $flatten\u_core.\u_acc2.$0$memwr$\mem$../spark_ram_asic.v:23$1079_EN[127:0]$1083 [0] $flatten\u_core.\u_acc2.$0$memwr$\mem$../spark_ram_asic.v:23$1079_EN[127:0]$1083 [0] $flatten\u_core.\u_acc2.$0$memwr$\mem$../spark_ram_asic.v:23$1079_EN[127:0]$1083 [0] $flatten\u_core.\u_acc2.$0$memwr$\mem$../spark_ram_asic.v:23$1079_EN[127:0]$1083 [0] $flatten\u_core.\u_acc2.$0$memwr$\mem$../spark_ram_asic.v:23$1079_EN[127:0]$1083 [0] $flatten\u_core.\u_acc2.$0$memwr$\mem$../spark_ram_asic.v:23$1079_EN[127:0]$1083 [0] $flatten\u_core.\u_acc2.$0$memwr$\mem$../spark_ram_asic.v:23$1079_EN[127:0]$1083 [0] $flatten\u_core.\u_acc2.$0$memwr$\mem$../spark_ram_asic.v:23$1079_EN[127:0]$1083 [0] $flatten\u_core.\u_acc2.$0$memwr$\mem$../spark_ram_asic.v:23$1079_EN[127:0]$1083 [0] $flatten\u_core.\u_acc2.$0$memwr$\mem$../spark_ram_asic.v:23$1079_EN[127:0]$1083 [0] $flatten\u_core.\u_acc2.$0$memwr$\mem$../spark_ram_asic.v:23$1079_EN[127:0]$1083 [0] $flatten\u_core.\u_acc2.$0$memwr$\mem$../spark_ram_asic.v:23$1079_EN[127:0]$1083 [0] $flatten\u_core.\u_acc2.$0$memwr$\mem$../spark_ram_asic.v:23$1079_EN[127:0]$1083 [0] $flatten\u_core.\u_acc2.$0$memwr$\mem$../spark_ram_asic.v:23$1079_EN[127:0]$1083 [0] $flatten\u_core.\u_acc2.$0$memwr$\mem$../spark_ram_asic.v:23$1079_EN[127:0]$1083 [0] $flatten\u_core.\u_acc2.$0$memwr$\mem$../spark_ram_asic.v:23$1079_EN[127:0]$1083 [0] $flatten\u_core.\u_acc2.$0$memwr$\mem$../spark_ram_asic.v:23$1079_EN[127:0]$1083 [0] $flatten\u_core.\u_acc2.$0$memwr$\mem$../spark_ram_asic.v:23$1079_EN[127:0]$1083 [0] $flatten\u_core.\u_acc2.$0$memwr$\mem$../spark_ram_asic.v:23$1079_EN[127:0]$1083 [0] $flatten\u_core.\u_acc2.$0$memwr$\mem$../spark_ram_asic.v:23$1079_EN[127:0]$1083 [0] $flatten\u_core.\u_acc2.$0$memwr$\mem$../spark_ram_asic.v:23$1079_EN[127:0]$1083 [0] $flatten\u_core.\u_acc2.$0$memwr$\mem$../spark_ram_asic.v:23$1079_EN[127:0]$1083 [0] $flatten\u_core.\u_acc2.$0$memwr$\mem$../spark_ram_asic.v:23$1079_EN[127:0]$1083 [0] $flatten\u_core.\u_acc2.$0$memwr$\mem$../spark_ram_asic.v:23$1079_EN[127:0]$1083 [0] $flatten\u_core.\u_acc2.$0$memwr$\mem$../spark_ram_asic.v:23$1079_EN[127:0]$1083 [0] $flatten\u_core.\u_acc2.$0$memwr$\mem$../spark_ram_asic.v:23$1079_EN[127:0]$1083 [0] $flatten\u_core.\u_acc2.$0$memwr$\mem$../spark_ram_asic.v:23$1079_EN[127:0]$1083 [0] $flatten\u_core.\u_acc2.$0$memwr$\mem$../spark_ram_asic.v:23$1079_EN[127:0]$1083 [0] $flatten\u_core.\u_acc2.$0$memwr$\mem$../spark_ram_asic.v:23$1079_EN[127:0]$1083 [0] $flatten\u_core.\u_acc2.$0$memwr$\mem$../spark_ram_asic.v:23$1079_EN[127:0]$1083 [0] $flatten\u_core.\u_acc2.$0$memwr$\mem$../spark_ram_asic.v:23$1079_EN[127:0]$1083 [0] $flatten\u_core.\u_acc2.$0$memwr$\mem$../spark_ram_asic.v:23$1079_EN[127:0]$1083 [0] $flatten\u_core.\u_acc2.$0$memwr$\mem$../spark_ram_asic.v:23$1079_EN[127:0]$1083 [0] $flatten\u_core.\u_acc2.$0$memwr$\mem$../spark_ram_asic.v:23$1079_EN[127:0]$1083 [0] $flatten\u_core.\u_acc2.$0$memwr$\mem$../spark_ram_asic.v:23$1079_EN[127:0]$1083 [0] $flatten\u_core.\u_acc2.$0$memwr$\mem$../spark_ram_asic.v:23$1079_EN[127:0]$1083 [0] $flatten\u_core.\u_acc2.$0$memwr$\mem$../spark_ram_asic.v:23$1079_EN[127:0]$1083 [0] $flatten\u_core.\u_acc2.$0$memwr$\mem$../spark_ram_asic.v:23$1079_EN[127:0]$1083 [0] $flatten\u_core.\u_acc2.$0$memwr$\mem$../spark_ram_asic.v:23$1079_EN[127:0]$1083 [0] $flatten\u_core.\u_acc2.$0$memwr$\mem$../spark_ram_asic.v:23$1079_EN[127:0]$1083 [0] $flatten\u_core.\u_acc2.$0$memwr$\mem$../spark_ram_asic.v:23$1079_EN[127:0]$1083 [0] $flatten\u_core.\u_acc2.$0$memwr$\mem$../spark_ram_asic.v:23$1079_EN[127:0]$1083 [0] $flatten\u_core.\u_acc2.$0$memwr$\mem$../spark_ram_asic.v:23$1079_EN[127:0]$1083 [0] $flatten\u_core.\u_acc2.$0$memwr$\mem$../spark_ram_asic.v:23$1079_EN[127:0]$1083 [0] $flatten\u_core.\u_acc2.$0$memwr$\mem$../spark_ram_asic.v:23$1079_EN[127:0]$1083 [0] $flatten\u_core.\u_acc2.$0$memwr$\mem$../spark_ram_asic.v:23$1079_EN[127:0]$1083 [0] $flatten\u_core.\u_acc2.$0$memwr$\mem$../spark_ram_asic.v:23$1079_EN[127:0]$1083 [0] $flatten\u_core.\u_acc2.$0$memwr$\mem$../spark_ram_asic.v:23$1079_EN[127:0]$1083 [0] $flatten\u_core.\u_acc2.$0$memwr$\mem$../spark_ram_asic.v:23$1079_EN[127:0]$1083 [0] $flatten\u_core.\u_acc2.$0$memwr$\mem$../spark_ram_asic.v:23$1079_EN[127:0]$1083 [0] $flatten\u_core.\u_acc2.$0$memwr$\mem$../spark_ram_asic.v:23$1079_EN[127:0]$1083 [0] $flatten\u_core.\u_acc2.$0$memwr$\mem$../spark_ram_asic.v:23$1079_EN[127:0]$1083 [0] $flatten\u_core.\u_acc2.$0$memwr$\mem$../spark_ram_asic.v:23$1079_EN[127:0]$1083 [0] $flatten\u_core.\u_acc2.$0$memwr$\mem$../spark_ram_asic.v:23$1079_EN[127:0]$1083 [0] $flatten\u_core.\u_acc2.$0$memwr$\mem$../spark_ram_asic.v:23$1079_EN[127:0]$1083 [0] $flatten\u_core.\u_acc2.$0$memwr$\mem$../spark_ram_asic.v:23$1079_EN[127:0]$1083 [0] $flatten\u_core.\u_acc2.$0$memwr$\mem$../spark_ram_asic.v:23$1079_EN[127:0]$1083 [0] $flatten\u_core.\u_acc2.$0$memwr$\mem$../spark_ram_asic.v:23$1079_EN[127:0]$1083 [0] $flatten\u_core.\u_acc2.$0$memwr$\mem$../spark_ram_asic.v:23$1079_EN[127:0]$1083 [0] $flatten\u_core.\u_acc2.$0$memwr$\mem$../spark_ram_asic.v:23$1079_EN[127:0]$1083 [0] $flatten\u_core.\u_acc2.$0$memwr$\mem$../spark_ram_asic.v:23$1079_EN[127:0]$1083 [0] $flatten\u_core.\u_acc2.$0$memwr$\mem$../spark_ram_asic.v:23$1079_EN[127:0]$1083 [0] $flatten\u_core.\u_acc2.$0$memwr$\mem$../spark_ram_asic.v:23$1079_EN[127:0]$1083 [0] $flatten\u_core.\u_acc2.$0$memwr$\mem$../spark_ram_asic.v:23$1079_EN[127:0]$1083 [0] $flatten\u_core.\u_acc2.$0$memwr$\mem$../spark_ram_asic.v:23$1079_EN[127:0]$1083 [0] $flatten\u_core.\u_acc2.$0$memwr$\mem$../spark_ram_asic.v:23$1079_EN[127:0]$1083 [0] $flatten\u_core.\u_acc2.$0$memwr$\mem$../spark_ram_asic.v:23$1079_EN[127:0]$1083 [0] $flatten\u_core.\u_acc2.$0$memwr$\mem$../spark_ram_asic.v:23$1079_EN[127:0]$1083 [0] $flatten\u_core.\u_acc2.$0$memwr$\mem$../spark_ram_asic.v:23$1079_EN[127:0]$1083 [0] $flatten\u_core.\u_acc2.$0$memwr$\mem$../spark_ram_asic.v:23$1079_EN[127:0]$1083 [0] $flatten\u_core.\u_acc2.$0$memwr$\mem$../spark_ram_asic.v:23$1079_EN[127:0]$1083 [0] $flatten\u_core.\u_acc2.$0$memwr$\mem$../spark_ram_asic.v:23$1079_EN[127:0]$1083 [0] $flatten\u_core.\u_acc2.$0$memwr$\mem$../spark_ram_asic.v:23$1079_EN[127:0]$1083 [0] $flatten\u_core.\u_acc2.$0$memwr$\mem$../spark_ram_asic.v:23$1079_EN[127:0]$1083 [0] $flatten\u_core.\u_acc2.$0$memwr$\mem$../spark_ram_asic.v:23$1079_EN[127:0]$1083 [0] $flatten\u_core.\u_acc2.$0$memwr$\mem$../spark_ram_asic.v:23$1079_EN[127:0]$1083 [0] $flatten\u_core.\u_acc2.$0$memwr$\mem$../spark_ram_asic.v:23$1079_EN[127:0]$1083 [0] $flatten\u_core.\u_acc2.$0$memwr$\mem$../spark_ram_asic.v:23$1079_EN[127:0]$1083 [0] $flatten\u_core.\u_acc2.$0$memwr$\mem$../spark_ram_asic.v:23$1079_EN[127:0]$1083 [0] $flatten\u_core.\u_acc2.$0$memwr$\mem$../spark_ram_asic.v:23$1079_EN[127:0]$1083 [0] $flatten\u_core.\u_acc2.$0$memwr$\mem$../spark_ram_asic.v:23$1079_EN[127:0]$1083 [0] $flatten\u_core.\u_acc2.$0$memwr$\mem$../spark_ram_asic.v:23$1079_EN[127:0]$1083 [0] $flatten\u_core.\u_acc2.$0$memwr$\mem$../spark_ram_asic.v:23$1079_EN[127:0]$1083 [0] $flatten\u_core.\u_acc2.$0$memwr$\mem$../spark_ram_asic.v:23$1079_EN[127:0]$1083 [0] $flatten\u_core.\u_acc2.$0$memwr$\mem$../spark_ram_asic.v:23$1079_EN[127:0]$1083 [0] $flatten\u_core.\u_acc2.$0$memwr$\mem$../spark_ram_asic.v:23$1079_EN[127:0]$1083 [0] $flatten\u_core.\u_acc2.$0$memwr$\mem$../spark_ram_asic.v:23$1079_EN[127:0]$1083 [0] $flatten\u_core.\u_acc2.$0$memwr$\mem$../spark_ram_asic.v:23$1079_EN[127:0]$1083 [0] $flatten\u_core.\u_acc2.$0$memwr$\mem$../spark_ram_asic.v:23$1079_EN[127:0]$1083 [0] $flatten\u_core.\u_acc2.$0$memwr$\mem$../spark_ram_asic.v:23$1079_EN[127:0]$1083 [0] $flatten\u_core.\u_acc2.$0$memwr$\mem$../spark_ram_asic.v:23$1079_EN[127:0]$1083 [0] $flatten\u_core.\u_acc2.$0$memwr$\mem$../spark_ram_asic.v:23$1079_EN[127:0]$1083 [0] $flatten\u_core.\u_acc2.$0$memwr$\mem$../spark_ram_asic.v:23$1079_EN[127:0]$1083 [0] $flatten\u_core.\u_acc2.$0$memwr$\mem$../spark_ram_asic.v:23$1079_EN[127:0]$1083 [0] $flatten\u_core.\u_acc2.$0$memwr$\mem$../spark_ram_asic.v:23$1079_EN[127:0]$1083 [0] $flatten\u_core.\u_acc2.$0$memwr$\mem$../spark_ram_asic.v:23$1079_EN[127:0]$1083 [0] $flatten\u_core.\u_acc2.$0$memwr$\mem$../spark_ram_asic.v:23$1079_EN[127:0]$1083 [0] $flatten\u_core.\u_acc2.$0$memwr$\mem$../spark_ram_asic.v:23$1079_EN[127:0]$1083 [0] $flatten\u_core.\u_acc2.$0$memwr$\mem$../spark_ram_asic.v:23$1079_EN[127:0]$1083 [0] }
    Consolidated identical input bits for $mux cell $flatten\u_core.\u_acc3.$procmux$6992:
      Old ports: A=128'00000000000000000000000000000000000000000000000000000000000000000000000000000000000000000000000000000000000000000000000000000000, B=128'11111111111111111111111111111111111111111111111111111111111111111111111111111111111111111111111111111111111111111111111111111111, Y=$flatten\u_core.\u_acc3.$0$memwr$\mem$../spark_ram_asic.v:23$1079_EN[127:0]$1083
      New ports: A=1'0, B=1'1, Y=$flatten\u_core.\u_acc3.$0$memwr$\mem$../spark_ram_asic.v:23$1079_EN[127:0]$1083 [0]
      New connections: $flatten\u_core.\u_acc3.$0$memwr$\mem$../spark_ram_asic.v:23$1079_EN[127:0]$1083 [127:1] = { $flatten\u_core.\u_acc3.$0$memwr$\mem$../spark_ram_asic.v:23$1079_EN[127:0]$1083 [0] $flatten\u_core.\u_acc3.$0$memwr$\mem$../spark_ram_asic.v:23$1079_EN[127:0]$1083 [0] $flatten\u_core.\u_acc3.$0$memwr$\mem$../spark_ram_asic.v:23$1079_EN[127:0]$1083 [0] $flatten\u_core.\u_acc3.$0$memwr$\mem$../spark_ram_asic.v:23$1079_EN[127:0]$1083 [0] $flatten\u_core.\u_acc3.$0$memwr$\mem$../spark_ram_asic.v:23$1079_EN[127:0]$1083 [0] $flatten\u_core.\u_acc3.$0$memwr$\mem$../spark_ram_asic.v:23$1079_EN[127:0]$1083 [0] $flatten\u_core.\u_acc3.$0$memwr$\mem$../spark_ram_asic.v:23$1079_EN[127:0]$1083 [0] $flatten\u_core.\u_acc3.$0$memwr$\mem$../spark_ram_asic.v:23$1079_EN[127:0]$1083 [0] $flatten\u_core.\u_acc3.$0$memwr$\mem$../spark_ram_asic.v:23$1079_EN[127:0]$1083 [0] $flatten\u_core.\u_acc3.$0$memwr$\mem$../spark_ram_asic.v:23$1079_EN[127:0]$1083 [0] $flatten\u_core.\u_acc3.$0$memwr$\mem$../spark_ram_asic.v:23$1079_EN[127:0]$1083 [0] $flatten\u_core.\u_acc3.$0$memwr$\mem$../spark_ram_asic.v:23$1079_EN[127:0]$1083 [0] $flatten\u_core.\u_acc3.$0$memwr$\mem$../spark_ram_asic.v:23$1079_EN[127:0]$1083 [0] $flatten\u_core.\u_acc3.$0$memwr$\mem$../spark_ram_asic.v:23$1079_EN[127:0]$1083 [0] $flatten\u_core.\u_acc3.$0$memwr$\mem$../spark_ram_asic.v:23$1079_EN[127:0]$1083 [0] $flatten\u_core.\u_acc3.$0$memwr$\mem$../spark_ram_asic.v:23$1079_EN[127:0]$1083 [0] $flatten\u_core.\u_acc3.$0$memwr$\mem$../spark_ram_asic.v:23$1079_EN[127:0]$1083 [0] $flatten\u_core.\u_acc3.$0$memwr$\mem$../spark_ram_asic.v:23$1079_EN[127:0]$1083 [0] $flatten\u_core.\u_acc3.$0$memwr$\mem$../spark_ram_asic.v:23$1079_EN[127:0]$1083 [0] $flatten\u_core.\u_acc3.$0$memwr$\mem$../spark_ram_asic.v:23$1079_EN[127:0]$1083 [0] $flatten\u_core.\u_acc3.$0$memwr$\mem$../spark_ram_asic.v:23$1079_EN[127:0]$1083 [0] $flatten\u_core.\u_acc3.$0$memwr$\mem$../spark_ram_asic.v:23$1079_EN[127:0]$1083 [0] $flatten\u_core.\u_acc3.$0$memwr$\mem$../spark_ram_asic.v:23$1079_EN[127:0]$1083 [0] $flatten\u_core.\u_acc3.$0$memwr$\mem$../spark_ram_asic.v:23$1079_EN[127:0]$1083 [0] $flatten\u_core.\u_acc3.$0$memwr$\mem$../spark_ram_asic.v:23$1079_EN[127:0]$1083 [0] $flatten\u_core.\u_acc3.$0$memwr$\mem$../spark_ram_asic.v:23$1079_EN[127:0]$1083 [0] $flatten\u_core.\u_acc3.$0$memwr$\mem$../spark_ram_asic.v:23$1079_EN[127:0]$1083 [0] $flatten\u_core.\u_acc3.$0$memwr$\mem$../spark_ram_asic.v:23$1079_EN[127:0]$1083 [0] $flatten\u_core.\u_acc3.$0$memwr$\mem$../spark_ram_asic.v:23$1079_EN[127:0]$1083 [0] $flatten\u_core.\u_acc3.$0$memwr$\mem$../spark_ram_asic.v:23$1079_EN[127:0]$1083 [0] $flatten\u_core.\u_acc3.$0$memwr$\mem$../spark_ram_asic.v:23$1079_EN[127:0]$1083 [0] $flatten\u_core.\u_acc3.$0$memwr$\mem$../spark_ram_asic.v:23$1079_EN[127:0]$1083 [0] $flatten\u_core.\u_acc3.$0$memwr$\mem$../spark_ram_asic.v:23$1079_EN[127:0]$1083 [0] $flatten\u_core.\u_acc3.$0$memwr$\mem$../spark_ram_asic.v:23$1079_EN[127:0]$1083 [0] $flatten\u_core.\u_acc3.$0$memwr$\mem$../spark_ram_asic.v:23$1079_EN[127:0]$1083 [0] $flatten\u_core.\u_acc3.$0$memwr$\mem$../spark_ram_asic.v:23$1079_EN[127:0]$1083 [0] $flatten\u_core.\u_acc3.$0$memwr$\mem$../spark_ram_asic.v:23$1079_EN[127:0]$1083 [0] $flatten\u_core.\u_acc3.$0$memwr$\mem$../spark_ram_asic.v:23$1079_EN[127:0]$1083 [0] $flatten\u_core.\u_acc3.$0$memwr$\mem$../spark_ram_asic.v:23$1079_EN[127:0]$1083 [0] $flatten\u_core.\u_acc3.$0$memwr$\mem$../spark_ram_asic.v:23$1079_EN[127:0]$1083 [0] $flatten\u_core.\u_acc3.$0$memwr$\mem$../spark_ram_asic.v:23$1079_EN[127:0]$1083 [0] $flatten\u_core.\u_acc3.$0$memwr$\mem$../spark_ram_asic.v:23$1079_EN[127:0]$1083 [0] $flatten\u_core.\u_acc3.$0$memwr$\mem$../spark_ram_asic.v:23$1079_EN[127:0]$1083 [0] $flatten\u_core.\u_acc3.$0$memwr$\mem$../spark_ram_asic.v:23$1079_EN[127:0]$1083 [0] $flatten\u_core.\u_acc3.$0$memwr$\mem$../spark_ram_asic.v:23$1079_EN[127:0]$1083 [0] $flatten\u_core.\u_acc3.$0$memwr$\mem$../spark_ram_asic.v:23$1079_EN[127:0]$1083 [0] $flatten\u_core.\u_acc3.$0$memwr$\mem$../spark_ram_asic.v:23$1079_EN[127:0]$1083 [0] $flatten\u_core.\u_acc3.$0$memwr$\mem$../spark_ram_asic.v:23$1079_EN[127:0]$1083 [0] $flatten\u_core.\u_acc3.$0$memwr$\mem$../spark_ram_asic.v:23$1079_EN[127:0]$1083 [0] $flatten\u_core.\u_acc3.$0$memwr$\mem$../spark_ram_asic.v:23$1079_EN[127:0]$1083 [0] $flatten\u_core.\u_acc3.$0$memwr$\mem$../spark_ram_asic.v:23$1079_EN[127:0]$1083 [0] $flatten\u_core.\u_acc3.$0$memwr$\mem$../spark_ram_asic.v:23$1079_EN[127:0]$1083 [0] $flatten\u_core.\u_acc3.$0$memwr$\mem$../spark_ram_asic.v:23$1079_EN[127:0]$1083 [0] $flatten\u_core.\u_acc3.$0$memwr$\mem$../spark_ram_asic.v:23$1079_EN[127:0]$1083 [0] $flatten\u_core.\u_acc3.$0$memwr$\mem$../spark_ram_asic.v:23$1079_EN[127:0]$1083 [0] $flatten\u_core.\u_acc3.$0$memwr$\mem$../spark_ram_asic.v:23$1079_EN[127:0]$1083 [0] $flatten\u_core.\u_acc3.$0$memwr$\mem$../spark_ram_asic.v:23$1079_EN[127:0]$1083 [0] $flatten\u_core.\u_acc3.$0$memwr$\mem$../spark_ram_asic.v:23$1079_EN[127:0]$1083 [0] $flatten\u_core.\u_acc3.$0$memwr$\mem$../spark_ram_asic.v:23$1079_EN[127:0]$1083 [0] $flatten\u_core.\u_acc3.$0$memwr$\mem$../spark_ram_asic.v:23$1079_EN[127:0]$1083 [0] $flatten\u_core.\u_acc3.$0$memwr$\mem$../spark_ram_asic.v:23$1079_EN[127:0]$1083 [0] $flatten\u_core.\u_acc3.$0$memwr$\mem$../spark_ram_asic.v:23$1079_EN[127:0]$1083 [0] $flatten\u_core.\u_acc3.$0$memwr$\mem$../spark_ram_asic.v:23$1079_EN[127:0]$1083 [0] $flatten\u_core.\u_acc3.$0$memwr$\mem$../spark_ram_asic.v:23$1079_EN[127:0]$1083 [0] $flatten\u_core.\u_acc3.$0$memwr$\mem$../spark_ram_asic.v:23$1079_EN[127:0]$1083 [0] $flatten\u_core.\u_acc3.$0$memwr$\mem$../spark_ram_asic.v:23$1079_EN[127:0]$1083 [0] $flatten\u_core.\u_acc3.$0$memwr$\mem$../spark_ram_asic.v:23$1079_EN[127:0]$1083 [0] $flatten\u_core.\u_acc3.$0$memwr$\mem$../spark_ram_asic.v:23$1079_EN[127:0]$1083 [0] $flatten\u_core.\u_acc3.$0$memwr$\mem$../spark_ram_asic.v:23$1079_EN[127:0]$1083 [0] $flatten\u_core.\u_acc3.$0$memwr$\mem$../spark_ram_asic.v:23$1079_EN[127:0]$1083 [0] $flatten\u_core.\u_acc3.$0$memwr$\mem$../spark_ram_asic.v:23$1079_EN[127:0]$1083 [0] $flatten\u_core.\u_acc3.$0$memwr$\mem$../spark_ram_asic.v:23$1079_EN[127:0]$1083 [0] $flatten\u_core.\u_acc3.$0$memwr$\mem$../spark_ram_asic.v:23$1079_EN[127:0]$1083 [0] $flatten\u_core.\u_acc3.$0$memwr$\mem$../spark_ram_asic.v:23$1079_EN[127:0]$1083 [0] $flatten\u_core.\u_acc3.$0$memwr$\mem$../spark_ram_asic.v:23$1079_EN[127:0]$1083 [0] $flatten\u_core.\u_acc3.$0$memwr$\mem$../spark_ram_asic.v:23$1079_EN[127:0]$1083 [0] $flatten\u_core.\u_acc3.$0$memwr$\mem$../spark_ram_asic.v:23$1079_EN[127:0]$1083 [0] $flatten\u_core.\u_acc3.$0$memwr$\mem$../spark_ram_asic.v:23$1079_EN[127:0]$1083 [0] $flatten\u_core.\u_acc3.$0$memwr$\mem$../spark_ram_asic.v:23$1079_EN[127:0]$1083 [0] $flatten\u_core.\u_acc3.$0$memwr$\mem$../spark_ram_asic.v:23$1079_EN[127:0]$1083 [0] $flatten\u_core.\u_acc3.$0$memwr$\mem$../spark_ram_asic.v:23$1079_EN[127:0]$1083 [0] $flatten\u_core.\u_acc3.$0$memwr$\mem$../spark_ram_asic.v:23$1079_EN[127:0]$1083 [0] $flatten\u_core.\u_acc3.$0$memwr$\mem$../spark_ram_asic.v:23$1079_EN[127:0]$1083 [0] $flatten\u_core.\u_acc3.$0$memwr$\mem$../spark_ram_asic.v:23$1079_EN[127:0]$1083 [0] $flatten\u_core.\u_acc3.$0$memwr$\mem$../spark_ram_asic.v:23$1079_EN[127:0]$1083 [0] $flatten\u_core.\u_acc3.$0$memwr$\mem$../spark_ram_asic.v:23$1079_EN[127:0]$1083 [0] $flatten\u_core.\u_acc3.$0$memwr$\mem$../spark_ram_asic.v:23$1079_EN[127:0]$1083 [0] $flatten\u_core.\u_acc3.$0$memwr$\mem$../spark_ram_asic.v:23$1079_EN[127:0]$1083 [0] $flatten\u_core.\u_acc3.$0$memwr$\mem$../spark_ram_asic.v:23$1079_EN[127:0]$1083 [0] $flatten\u_core.\u_acc3.$0$memwr$\mem$../spark_ram_asic.v:23$1079_EN[127:0]$1083 [0] $flatten\u_core.\u_acc3.$0$memwr$\mem$../spark_ram_asic.v:23$1079_EN[127:0]$1083 [0] $flatten\u_core.\u_acc3.$0$memwr$\mem$../spark_ram_asic.v:23$1079_EN[127:0]$1083 [0] $flatten\u_core.\u_acc3.$0$memwr$\mem$../spark_ram_asic.v:23$1079_EN[127:0]$1083 [0] $flatten\u_core.\u_acc3.$0$memwr$\mem$../spark_ram_asic.v:23$1079_EN[127:0]$1083 [0] $flatten\u_core.\u_acc3.$0$memwr$\mem$../spark_ram_asic.v:23$1079_EN[127:0]$1083 [0] $flatten\u_core.\u_acc3.$0$memwr$\mem$../spark_ram_asic.v:23$1079_EN[127:0]$1083 [0] $flatten\u_core.\u_acc3.$0$memwr$\mem$../spark_ram_asic.v:23$1079_EN[127:0]$1083 [0] $flatten\u_core.\u_acc3.$0$memwr$\mem$../spark_ram_asic.v:23$1079_EN[127:0]$1083 [0] $flatten\u_core.\u_acc3.$0$memwr$\mem$../spark_ram_asic.v:23$1079_EN[127:0]$1083 [0] $flatten\u_core.\u_acc3.$0$memwr$\mem$../spark_ram_asic.v:23$1079_EN[127:0]$1083 [0] $flatten\u_core.\u_acc3.$0$memwr$\mem$../spark_ram_asic.v:23$1079_EN[127:0]$1083 [0] $flatten\u_core.\u_acc3.$0$memwr$\mem$../spark_ram_asic.v:23$1079_EN[127:0]$1083 [0] $flatten\u_core.\u_acc3.$0$memwr$\mem$../spark_ram_asic.v:23$1079_EN[127:0]$1083 [0] $flatten\u_core.\u_acc3.$0$memwr$\mem$../spark_ram_asic.v:23$1079_EN[127:0]$1083 [0] $flatten\u_core.\u_acc3.$0$memwr$\mem$../spark_ram_asic.v:23$1079_EN[127:0]$1083 [0] $flatten\u_core.\u_acc3.$0$memwr$\mem$../spark_ram_asic.v:23$1079_EN[127:0]$1083 [0] $flatten\u_core.\u_acc3.$0$memwr$\mem$../spark_ram_asic.v:23$1079_EN[127:0]$1083 [0] $flatten\u_core.\u_acc3.$0$memwr$\mem$../spark_ram_asic.v:23$1079_EN[127:0]$1083 [0] $flatten\u_core.\u_acc3.$0$memwr$\mem$../spark_ram_asic.v:23$1079_EN[127:0]$1083 [0] $flatten\u_core.\u_acc3.$0$memwr$\mem$../spark_ram_asic.v:23$1079_EN[127:0]$1083 [0] $flatten\u_core.\u_acc3.$0$memwr$\mem$../spark_ram_asic.v:23$1079_EN[127:0]$1083 [0] $flatten\u_core.\u_acc3.$0$memwr$\mem$../spark_ram_asic.v:23$1079_EN[127:0]$1083 [0] $flatten\u_core.\u_acc3.$0$memwr$\mem$../spark_ram_asic.v:23$1079_EN[127:0]$1083 [0] $flatten\u_core.\u_acc3.$0$memwr$\mem$../spark_ram_asic.v:23$1079_EN[127:0]$1083 [0] $flatten\u_core.\u_acc3.$0$memwr$\mem$../spark_ram_asic.v:23$1079_EN[127:0]$1083 [0] $flatten\u_core.\u_acc3.$0$memwr$\mem$../spark_ram_asic.v:23$1079_EN[127:0]$1083 [0] $flatten\u_core.\u_acc3.$0$memwr$\mem$../spark_ram_asic.v:23$1079_EN[127:0]$1083 [0] $flatten\u_core.\u_acc3.$0$memwr$\mem$../spark_ram_asic.v:23$1079_EN[127:0]$1083 [0] $flatten\u_core.\u_acc3.$0$memwr$\mem$../spark_ram_asic.v:23$1079_EN[127:0]$1083 [0] $flatten\u_core.\u_acc3.$0$memwr$\mem$../spark_ram_asic.v:23$1079_EN[127:0]$1083 [0] $flatten\u_core.\u_acc3.$0$memwr$\mem$../spark_ram_asic.v:23$1079_EN[127:0]$1083 [0] $flatten\u_core.\u_acc3.$0$memwr$\mem$../spark_ram_asic.v:23$1079_EN[127:0]$1083 [0] $flatten\u_core.\u_acc3.$0$memwr$\mem$../spark_ram_asic.v:23$1079_EN[127:0]$1083 [0] $flatten\u_core.\u_acc3.$0$memwr$\mem$../spark_ram_asic.v:23$1079_EN[127:0]$1083 [0] $flatten\u_core.\u_acc3.$0$memwr$\mem$../spark_ram_asic.v:23$1079_EN[127:0]$1083 [0] $flatten\u_core.\u_acc3.$0$memwr$\mem$../spark_ram_asic.v:23$1079_EN[127:0]$1083 [0] $flatten\u_core.\u_acc3.$0$memwr$\mem$../spark_ram_asic.v:23$1079_EN[127:0]$1083 [0] }
    Consolidated identical input bits for $mux cell $flatten\u_core.\u_h0.$procmux$7001:
      Old ports: A=128'00000000000000000000000000000000000000000000000000000000000000000000000000000000000000000000000000000000000000000000000000000000, B=128'11111111111111111111111111111111111111111111111111111111111111111111111111111111111111111111111111111111111111111111111111111111, Y=$flatten\u_core.\u_h0.$0$memwr$\mem$../spark_ram_asic.v:23$1069_EN[127:0]$1073
      New ports: A=1'0, B=1'1, Y=$flatten\u_core.\u_h0.$0$memwr$\mem$../spark_ram_asic.v:23$1069_EN[127:0]$1073 [0]
      New connections: $flatten\u_core.\u_h0.$0$memwr$\mem$../spark_ram_asic.v:23$1069_EN[127:0]$1073 [127:1] = { $flatten\u_core.\u_h0.$0$memwr$\mem$../spark_ram_asic.v:23$1069_EN[127:0]$1073 [0] $flatten\u_core.\u_h0.$0$memwr$\mem$../spark_ram_asic.v:23$1069_EN[127:0]$1073 [0] $flatten\u_core.\u_h0.$0$memwr$\mem$../spark_ram_asic.v:23$1069_EN[127:0]$1073 [0] $flatten\u_core.\u_h0.$0$memwr$\mem$../spark_ram_asic.v:23$1069_EN[127:0]$1073 [0] $flatten\u_core.\u_h0.$0$memwr$\mem$../spark_ram_asic.v:23$1069_EN[127:0]$1073 [0] $flatten\u_core.\u_h0.$0$memwr$\mem$../spark_ram_asic.v:23$1069_EN[127:0]$1073 [0] $flatten\u_core.\u_h0.$0$memwr$\mem$../spark_ram_asic.v:23$1069_EN[127:0]$1073 [0] $flatten\u_core.\u_h0.$0$memwr$\mem$../spark_ram_asic.v:23$1069_EN[127:0]$1073 [0] $flatten\u_core.\u_h0.$0$memwr$\mem$../spark_ram_asic.v:23$1069_EN[127:0]$1073 [0] $flatten\u_core.\u_h0.$0$memwr$\mem$../spark_ram_asic.v:23$1069_EN[127:0]$1073 [0] $flatten\u_core.\u_h0.$0$memwr$\mem$../spark_ram_asic.v:23$1069_EN[127:0]$1073 [0] $flatten\u_core.\u_h0.$0$memwr$\mem$../spark_ram_asic.v:23$1069_EN[127:0]$1073 [0] $flatten\u_core.\u_h0.$0$memwr$\mem$../spark_ram_asic.v:23$1069_EN[127:0]$1073 [0] $flatten\u_core.\u_h0.$0$memwr$\mem$../spark_ram_asic.v:23$1069_EN[127:0]$1073 [0] $flatten\u_core.\u_h0.$0$memwr$\mem$../spark_ram_asic.v:23$1069_EN[127:0]$1073 [0] $flatten\u_core.\u_h0.$0$memwr$\mem$../spark_ram_asic.v:23$1069_EN[127:0]$1073 [0] $flatten\u_core.\u_h0.$0$memwr$\mem$../spark_ram_asic.v:23$1069_EN[127:0]$1073 [0] $flatten\u_core.\u_h0.$0$memwr$\mem$../spark_ram_asic.v:23$1069_EN[127:0]$1073 [0] $flatten\u_core.\u_h0.$0$memwr$\mem$../spark_ram_asic.v:23$1069_EN[127:0]$1073 [0] $flatten\u_core.\u_h0.$0$memwr$\mem$../spark_ram_asic.v:23$1069_EN[127:0]$1073 [0] $flatten\u_core.\u_h0.$0$memwr$\mem$../spark_ram_asic.v:23$1069_EN[127:0]$1073 [0] $flatten\u_core.\u_h0.$0$memwr$\mem$../spark_ram_asic.v:23$1069_EN[127:0]$1073 [0] $flatten\u_core.\u_h0.$0$memwr$\mem$../spark_ram_asic.v:23$1069_EN[127:0]$1073 [0] $flatten\u_core.\u_h0.$0$memwr$\mem$../spark_ram_asic.v:23$1069_EN[127:0]$1073 [0] $flatten\u_core.\u_h0.$0$memwr$\mem$../spark_ram_asic.v:23$1069_EN[127:0]$1073 [0] $flatten\u_core.\u_h0.$0$memwr$\mem$../spark_ram_asic.v:23$1069_EN[127:0]$1073 [0] $flatten\u_core.\u_h0.$0$memwr$\mem$../spark_ram_asic.v:23$1069_EN[127:0]$1073 [0] $flatten\u_core.\u_h0.$0$memwr$\mem$../spark_ram_asic.v:23$1069_EN[127:0]$1073 [0] $flatten\u_core.\u_h0.$0$memwr$\mem$../spark_ram_asic.v:23$1069_EN[127:0]$1073 [0] $flatten\u_core.\u_h0.$0$memwr$\mem$../spark_ram_asic.v:23$1069_EN[127:0]$1073 [0] $flatten\u_core.\u_h0.$0$memwr$\mem$../spark_ram_asic.v:23$1069_EN[127:0]$1073 [0] $flatten\u_core.\u_h0.$0$memwr$\mem$../spark_ram_asic.v:23$1069_EN[127:0]$1073 [0] $flatten\u_core.\u_h0.$0$memwr$\mem$../spark_ram_asic.v:23$1069_EN[127:0]$1073 [0] $flatten\u_core.\u_h0.$0$memwr$\mem$../spark_ram_asic.v:23$1069_EN[127:0]$1073 [0] $flatten\u_core.\u_h0.$0$memwr$\mem$../spark_ram_asic.v:23$1069_EN[127:0]$1073 [0] $flatten\u_core.\u_h0.$0$memwr$\mem$../spark_ram_asic.v:23$1069_EN[127:0]$1073 [0] $flatten\u_core.\u_h0.$0$memwr$\mem$../spark_ram_asic.v:23$1069_EN[127:0]$1073 [0] $flatten\u_core.\u_h0.$0$memwr$\mem$../spark_ram_asic.v:23$1069_EN[127:0]$1073 [0] $flatten\u_core.\u_h0.$0$memwr$\mem$../spark_ram_asic.v:23$1069_EN[127:0]$1073 [0] $flatten\u_core.\u_h0.$0$memwr$\mem$../spark_ram_asic.v:23$1069_EN[127:0]$1073 [0] $flatten\u_core.\u_h0.$0$memwr$\mem$../spark_ram_asic.v:23$1069_EN[127:0]$1073 [0] $flatten\u_core.\u_h0.$0$memwr$\mem$../spark_ram_asic.v:23$1069_EN[127:0]$1073 [0] $flatten\u_core.\u_h0.$0$memwr$\mem$../spark_ram_asic.v:23$1069_EN[127:0]$1073 [0] $flatten\u_core.\u_h0.$0$memwr$\mem$../spark_ram_asic.v:23$1069_EN[127:0]$1073 [0] $flatten\u_core.\u_h0.$0$memwr$\mem$../spark_ram_asic.v:23$1069_EN[127:0]$1073 [0] $flatten\u_core.\u_h0.$0$memwr$\mem$../spark_ram_asic.v:23$1069_EN[127:0]$1073 [0] $flatten\u_core.\u_h0.$0$memwr$\mem$../spark_ram_asic.v:23$1069_EN[127:0]$1073 [0] $flatten\u_core.\u_h0.$0$memwr$\mem$../spark_ram_asic.v:23$1069_EN[127:0]$1073 [0] $flatten\u_core.\u_h0.$0$memwr$\mem$../spark_ram_asic.v:23$1069_EN[127:0]$1073 [0] $flatten\u_core.\u_h0.$0$memwr$\mem$../spark_ram_asic.v:23$1069_EN[127:0]$1073 [0] $flatten\u_core.\u_h0.$0$memwr$\mem$../spark_ram_asic.v:23$1069_EN[127:0]$1073 [0] $flatten\u_core.\u_h0.$0$memwr$\mem$../spark_ram_asic.v:23$1069_EN[127:0]$1073 [0] $flatten\u_core.\u_h0.$0$memwr$\mem$../spark_ram_asic.v:23$1069_EN[127:0]$1073 [0] $flatten\u_core.\u_h0.$0$memwr$\mem$../spark_ram_asic.v:23$1069_EN[127:0]$1073 [0] $flatten\u_core.\u_h0.$0$memwr$\mem$../spark_ram_asic.v:23$1069_EN[127:0]$1073 [0] $flatten\u_core.\u_h0.$0$memwr$\mem$../spark_ram_asic.v:23$1069_EN[127:0]$1073 [0] $flatten\u_core.\u_h0.$0$memwr$\mem$../spark_ram_asic.v:23$1069_EN[127:0]$1073 [0] $flatten\u_core.\u_h0.$0$memwr$\mem$../spark_ram_asic.v:23$1069_EN[127:0]$1073 [0] $flatten\u_core.\u_h0.$0$memwr$\mem$../spark_ram_asic.v:23$1069_EN[127:0]$1073 [0] $flatten\u_core.\u_h0.$0$memwr$\mem$../spark_ram_asic.v:23$1069_EN[127:0]$1073 [0] $flatten\u_core.\u_h0.$0$memwr$\mem$../spark_ram_asic.v:23$1069_EN[127:0]$1073 [0] $flatten\u_core.\u_h0.$0$memwr$\mem$../spark_ram_asic.v:23$1069_EN[127:0]$1073 [0] $flatten\u_core.\u_h0.$0$memwr$\mem$../spark_ram_asic.v:23$1069_EN[127:0]$1073 [0] $flatten\u_core.\u_h0.$0$memwr$\mem$../spark_ram_asic.v:23$1069_EN[127:0]$1073 [0] $flatten\u_core.\u_h0.$0$memwr$\mem$../spark_ram_asic.v:23$1069_EN[127:0]$1073 [0] $flatten\u_core.\u_h0.$0$memwr$\mem$../spark_ram_asic.v:23$1069_EN[127:0]$1073 [0] $flatten\u_core.\u_h0.$0$memwr$\mem$../spark_ram_asic.v:23$1069_EN[127:0]$1073 [0] $flatten\u_core.\u_h0.$0$memwr$\mem$../spark_ram_asic.v:23$1069_EN[127:0]$1073 [0] $flatten\u_core.\u_h0.$0$memwr$\mem$../spark_ram_asic.v:23$1069_EN[127:0]$1073 [0] $flatten\u_core.\u_h0.$0$memwr$\mem$../spark_ram_asic.v:23$1069_EN[127:0]$1073 [0] $flatten\u_core.\u_h0.$0$memwr$\mem$../spark_ram_asic.v:23$1069_EN[127:0]$1073 [0] $flatten\u_core.\u_h0.$0$memwr$\mem$../spark_ram_asic.v:23$1069_EN[127:0]$1073 [0] $flatten\u_core.\u_h0.$0$memwr$\mem$../spark_ram_asic.v:23$1069_EN[127:0]$1073 [0] $flatten\u_core.\u_h0.$0$memwr$\mem$../spark_ram_asic.v:23$1069_EN[127:0]$1073 [0] $flatten\u_core.\u_h0.$0$memwr$\mem$../spark_ram_asic.v:23$1069_EN[127:0]$1073 [0] $flatten\u_core.\u_h0.$0$memwr$\mem$../spark_ram_asic.v:23$1069_EN[127:0]$1073 [0] $flatten\u_core.\u_h0.$0$memwr$\mem$../spark_ram_asic.v:23$1069_EN[127:0]$1073 [0] $flatten\u_core.\u_h0.$0$memwr$\mem$../spark_ram_asic.v:23$1069_EN[127:0]$1073 [0] $flatten\u_core.\u_h0.$0$memwr$\mem$../spark_ram_asic.v:23$1069_EN[127:0]$1073 [0] $flatten\u_core.\u_h0.$0$memwr$\mem$../spark_ram_asic.v:23$1069_EN[127:0]$1073 [0] $flatten\u_core.\u_h0.$0$memwr$\mem$../spark_ram_asic.v:23$1069_EN[127:0]$1073 [0] $flatten\u_core.\u_h0.$0$memwr$\mem$../spark_ram_asic.v:23$1069_EN[127:0]$1073 [0] $flatten\u_core.\u_h0.$0$memwr$\mem$../spark_ram_asic.v:23$1069_EN[127:0]$1073 [0] $flatten\u_core.\u_h0.$0$memwr$\mem$../spark_ram_asic.v:23$1069_EN[127:0]$1073 [0] $flatten\u_core.\u_h0.$0$memwr$\mem$../spark_ram_asic.v:23$1069_EN[127:0]$1073 [0] $flatten\u_core.\u_h0.$0$memwr$\mem$../spark_ram_asic.v:23$1069_EN[127:0]$1073 [0] $flatten\u_core.\u_h0.$0$memwr$\mem$../spark_ram_asic.v:23$1069_EN[127:0]$1073 [0] $flatten\u_core.\u_h0.$0$memwr$\mem$../spark_ram_asic.v:23$1069_EN[127:0]$1073 [0] $flatten\u_core.\u_h0.$0$memwr$\mem$../spark_ram_asic.v:23$1069_EN[127:0]$1073 [0] $flatten\u_core.\u_h0.$0$memwr$\mem$../spark_ram_asic.v:23$1069_EN[127:0]$1073 [0] $flatten\u_core.\u_h0.$0$memwr$\mem$../spark_ram_asic.v:23$1069_EN[127:0]$1073 [0] $flatten\u_core.\u_h0.$0$memwr$\mem$../spark_ram_asic.v:23$1069_EN[127:0]$1073 [0] $flatten\u_core.\u_h0.$0$memwr$\mem$../spark_ram_asic.v:23$1069_EN[127:0]$1073 [0] $flatten\u_core.\u_h0.$0$memwr$\mem$../spark_ram_asic.v:23$1069_EN[127:0]$1073 [0] $flatten\u_core.\u_h0.$0$memwr$\mem$../spark_ram_asic.v:23$1069_EN[127:0]$1073 [0] $flatten\u_core.\u_h0.$0$memwr$\mem$../spark_ram_asic.v:23$1069_EN[127:0]$1073 [0] $flatten\u_core.\u_h0.$0$memwr$\mem$../spark_ram_asic.v:23$1069_EN[127:0]$1073 [0] $flatten\u_core.\u_h0.$0$memwr$\mem$../spark_ram_asic.v:23$1069_EN[127:0]$1073 [0] $flatten\u_core.\u_h0.$0$memwr$\mem$../spark_ram_asic.v:23$1069_EN[127:0]$1073 [0] $flatten\u_core.\u_h0.$0$memwr$\mem$../spark_ram_asic.v:23$1069_EN[127:0]$1073 [0] $flatten\u_core.\u_h0.$0$memwr$\mem$../spark_ram_asic.v:23$1069_EN[127:0]$1073 [0] $flatten\u_core.\u_h0.$0$memwr$\mem$../spark_ram_asic.v:23$1069_EN[127:0]$1073 [0] $flatten\u_core.\u_h0.$0$memwr$\mem$../spark_ram_asic.v:23$1069_EN[127:0]$1073 [0] $flatten\u_core.\u_h0.$0$memwr$\mem$../spark_ram_asic.v:23$1069_EN[127:0]$1073 [0] $flatten\u_core.\u_h0.$0$memwr$\mem$../spark_ram_asic.v:23$1069_EN[127:0]$1073 [0] $flatten\u_core.\u_h0.$0$memwr$\mem$../spark_ram_asic.v:23$1069_EN[127:0]$1073 [0] $flatten\u_core.\u_h0.$0$memwr$\mem$../spark_ram_asic.v:23$1069_EN[127:0]$1073 [0] $flatten\u_core.\u_h0.$0$memwr$\mem$../spark_ram_asic.v:23$1069_EN[127:0]$1073 [0] $flatten\u_core.\u_h0.$0$memwr$\mem$../spark_ram_asic.v:23$1069_EN[127:0]$1073 [0] $flatten\u_core.\u_h0.$0$memwr$\mem$../spark_ram_asic.v:23$1069_EN[127:0]$1073 [0] $flatten\u_core.\u_h0.$0$memwr$\mem$../spark_ram_asic.v:23$1069_EN[127:0]$1073 [0] $flatten\u_core.\u_h0.$0$memwr$\mem$../spark_ram_asic.v:23$1069_EN[127:0]$1073 [0] $flatten\u_core.\u_h0.$0$memwr$\mem$../spark_ram_asic.v:23$1069_EN[127:0]$1073 [0] $flatten\u_core.\u_h0.$0$memwr$\mem$../spark_ram_asic.v:23$1069_EN[127:0]$1073 [0] $flatten\u_core.\u_h0.$0$memwr$\mem$../spark_ram_asic.v:23$1069_EN[127:0]$1073 [0] $flatten\u_core.\u_h0.$0$memwr$\mem$../spark_ram_asic.v:23$1069_EN[127:0]$1073 [0] $flatten\u_core.\u_h0.$0$memwr$\mem$../spark_ram_asic.v:23$1069_EN[127:0]$1073 [0] $flatten\u_core.\u_h0.$0$memwr$\mem$../spark_ram_asic.v:23$1069_EN[127:0]$1073 [0] $flatten\u_core.\u_h0.$0$memwr$\mem$../spark_ram_asic.v:23$1069_EN[127:0]$1073 [0] $flatten\u_core.\u_h0.$0$memwr$\mem$../spark_ram_asic.v:23$1069_EN[127:0]$1073 [0] $flatten\u_core.\u_h0.$0$memwr$\mem$../spark_ram_asic.v:23$1069_EN[127:0]$1073 [0] $flatten\u_core.\u_h0.$0$memwr$\mem$../spark_ram_asic.v:23$1069_EN[127:0]$1073 [0] $flatten\u_core.\u_h0.$0$memwr$\mem$../spark_ram_asic.v:23$1069_EN[127:0]$1073 [0] $flatten\u_core.\u_h0.$0$memwr$\mem$../spark_ram_asic.v:23$1069_EN[127:0]$1073 [0] $flatten\u_core.\u_h0.$0$memwr$\mem$../spark_ram_asic.v:23$1069_EN[127:0]$1073 [0] $flatten\u_core.\u_h0.$0$memwr$\mem$../spark_ram_asic.v:23$1069_EN[127:0]$1073 [0] $flatten\u_core.\u_h0.$0$memwr$\mem$../spark_ram_asic.v:23$1069_EN[127:0]$1073 [0] }
    Consolidated identical input bits for $mux cell $flatten\u_core.\u_h1.$procmux$7001:
      Old ports: A=128'00000000000000000000000000000000000000000000000000000000000000000000000000000000000000000000000000000000000000000000000000000000, B=128'11111111111111111111111111111111111111111111111111111111111111111111111111111111111111111111111111111111111111111111111111111111, Y=$flatten\u_core.\u_h1.$0$memwr$\mem$../spark_ram_asic.v:23$1069_EN[127:0]$1073
      New ports: A=1'0, B=1'1, Y=$flatten\u_core.\u_h1.$0$memwr$\mem$../spark_ram_asic.v:23$1069_EN[127:0]$1073 [0]
      New connections: $flatten\u_core.\u_h1.$0$memwr$\mem$../spark_ram_asic.v:23$1069_EN[127:0]$1073 [127:1] = { $flatten\u_core.\u_h1.$0$memwr$\mem$../spark_ram_asic.v:23$1069_EN[127:0]$1073 [0] $flatten\u_core.\u_h1.$0$memwr$\mem$../spark_ram_asic.v:23$1069_EN[127:0]$1073 [0] $flatten\u_core.\u_h1.$0$memwr$\mem$../spark_ram_asic.v:23$1069_EN[127:0]$1073 [0] $flatten\u_core.\u_h1.$0$memwr$\mem$../spark_ram_asic.v:23$1069_EN[127:0]$1073 [0] $flatten\u_core.\u_h1.$0$memwr$\mem$../spark_ram_asic.v:23$1069_EN[127:0]$1073 [0] $flatten\u_core.\u_h1.$0$memwr$\mem$../spark_ram_asic.v:23$1069_EN[127:0]$1073 [0] $flatten\u_core.\u_h1.$0$memwr$\mem$../spark_ram_asic.v:23$1069_EN[127:0]$1073 [0] $flatten\u_core.\u_h1.$0$memwr$\mem$../spark_ram_asic.v:23$1069_EN[127:0]$1073 [0] $flatten\u_core.\u_h1.$0$memwr$\mem$../spark_ram_asic.v:23$1069_EN[127:0]$1073 [0] $flatten\u_core.\u_h1.$0$memwr$\mem$../spark_ram_asic.v:23$1069_EN[127:0]$1073 [0] $flatten\u_core.\u_h1.$0$memwr$\mem$../spark_ram_asic.v:23$1069_EN[127:0]$1073 [0] $flatten\u_core.\u_h1.$0$memwr$\mem$../spark_ram_asic.v:23$1069_EN[127:0]$1073 [0] $flatten\u_core.\u_h1.$0$memwr$\mem$../spark_ram_asic.v:23$1069_EN[127:0]$1073 [0] $flatten\u_core.\u_h1.$0$memwr$\mem$../spark_ram_asic.v:23$1069_EN[127:0]$1073 [0] $flatten\u_core.\u_h1.$0$memwr$\mem$../spark_ram_asic.v:23$1069_EN[127:0]$1073 [0] $flatten\u_core.\u_h1.$0$memwr$\mem$../spark_ram_asic.v:23$1069_EN[127:0]$1073 [0] $flatten\u_core.\u_h1.$0$memwr$\mem$../spark_ram_asic.v:23$1069_EN[127:0]$1073 [0] $flatten\u_core.\u_h1.$0$memwr$\mem$../spark_ram_asic.v:23$1069_EN[127:0]$1073 [0] $flatten\u_core.\u_h1.$0$memwr$\mem$../spark_ram_asic.v:23$1069_EN[127:0]$1073 [0] $flatten\u_core.\u_h1.$0$memwr$\mem$../spark_ram_asic.v:23$1069_EN[127:0]$1073 [0] $flatten\u_core.\u_h1.$0$memwr$\mem$../spark_ram_asic.v:23$1069_EN[127:0]$1073 [0] $flatten\u_core.\u_h1.$0$memwr$\mem$../spark_ram_asic.v:23$1069_EN[127:0]$1073 [0] $flatten\u_core.\u_h1.$0$memwr$\mem$../spark_ram_asic.v:23$1069_EN[127:0]$1073 [0] $flatten\u_core.\u_h1.$0$memwr$\mem$../spark_ram_asic.v:23$1069_EN[127:0]$1073 [0] $flatten\u_core.\u_h1.$0$memwr$\mem$../spark_ram_asic.v:23$1069_EN[127:0]$1073 [0] $flatten\u_core.\u_h1.$0$memwr$\mem$../spark_ram_asic.v:23$1069_EN[127:0]$1073 [0] $flatten\u_core.\u_h1.$0$memwr$\mem$../spark_ram_asic.v:23$1069_EN[127:0]$1073 [0] $flatten\u_core.\u_h1.$0$memwr$\mem$../spark_ram_asic.v:23$1069_EN[127:0]$1073 [0] $flatten\u_core.\u_h1.$0$memwr$\mem$../spark_ram_asic.v:23$1069_EN[127:0]$1073 [0] $flatten\u_core.\u_h1.$0$memwr$\mem$../spark_ram_asic.v:23$1069_EN[127:0]$1073 [0] $flatten\u_core.\u_h1.$0$memwr$\mem$../spark_ram_asic.v:23$1069_EN[127:0]$1073 [0] $flatten\u_core.\u_h1.$0$memwr$\mem$../spark_ram_asic.v:23$1069_EN[127:0]$1073 [0] $flatten\u_core.\u_h1.$0$memwr$\mem$../spark_ram_asic.v:23$1069_EN[127:0]$1073 [0] $flatten\u_core.\u_h1.$0$memwr$\mem$../spark_ram_asic.v:23$1069_EN[127:0]$1073 [0] $flatten\u_core.\u_h1.$0$memwr$\mem$../spark_ram_asic.v:23$1069_EN[127:0]$1073 [0] $flatten\u_core.\u_h1.$0$memwr$\mem$../spark_ram_asic.v:23$1069_EN[127:0]$1073 [0] $flatten\u_core.\u_h1.$0$memwr$\mem$../spark_ram_asic.v:23$1069_EN[127:0]$1073 [0] $flatten\u_core.\u_h1.$0$memwr$\mem$../spark_ram_asic.v:23$1069_EN[127:0]$1073 [0] $flatten\u_core.\u_h1.$0$memwr$\mem$../spark_ram_asic.v:23$1069_EN[127:0]$1073 [0] $flatten\u_core.\u_h1.$0$memwr$\mem$../spark_ram_asic.v:23$1069_EN[127:0]$1073 [0] $flatten\u_core.\u_h1.$0$memwr$\mem$../spark_ram_asic.v:23$1069_EN[127:0]$1073 [0] $flatten\u_core.\u_h1.$0$memwr$\mem$../spark_ram_asic.v:23$1069_EN[127:0]$1073 [0] $flatten\u_core.\u_h1.$0$memwr$\mem$../spark_ram_asic.v:23$1069_EN[127:0]$1073 [0] $flatten\u_core.\u_h1.$0$memwr$\mem$../spark_ram_asic.v:23$1069_EN[127:0]$1073 [0] $flatten\u_core.\u_h1.$0$memwr$\mem$../spark_ram_asic.v:23$1069_EN[127:0]$1073 [0] $flatten\u_core.\u_h1.$0$memwr$\mem$../spark_ram_asic.v:23$1069_EN[127:0]$1073 [0] $flatten\u_core.\u_h1.$0$memwr$\mem$../spark_ram_asic.v:23$1069_EN[127:0]$1073 [0] $flatten\u_core.\u_h1.$0$memwr$\mem$../spark_ram_asic.v:23$1069_EN[127:0]$1073 [0] $flatten\u_core.\u_h1.$0$memwr$\mem$../spark_ram_asic.v:23$1069_EN[127:0]$1073 [0] $flatten\u_core.\u_h1.$0$memwr$\mem$../spark_ram_asic.v:23$1069_EN[127:0]$1073 [0] $flatten\u_core.\u_h1.$0$memwr$\mem$../spark_ram_asic.v:23$1069_EN[127:0]$1073 [0] $flatten\u_core.\u_h1.$0$memwr$\mem$../spark_ram_asic.v:23$1069_EN[127:0]$1073 [0] $flatten\u_core.\u_h1.$0$memwr$\mem$../spark_ram_asic.v:23$1069_EN[127:0]$1073 [0] $flatten\u_core.\u_h1.$0$memwr$\mem$../spark_ram_asic.v:23$1069_EN[127:0]$1073 [0] $flatten\u_core.\u_h1.$0$memwr$\mem$../spark_ram_asic.v:23$1069_EN[127:0]$1073 [0] $flatten\u_core.\u_h1.$0$memwr$\mem$../spark_ram_asic.v:23$1069_EN[127:0]$1073 [0] $flatten\u_core.\u_h1.$0$memwr$\mem$../spark_ram_asic.v:23$1069_EN[127:0]$1073 [0] $flatten\u_core.\u_h1.$0$memwr$\mem$../spark_ram_asic.v:23$1069_EN[127:0]$1073 [0] $flatten\u_core.\u_h1.$0$memwr$\mem$../spark_ram_asic.v:23$1069_EN[127:0]$1073 [0] $flatten\u_core.\u_h1.$0$memwr$\mem$../spark_ram_asic.v:23$1069_EN[127:0]$1073 [0] $flatten\u_core.\u_h1.$0$memwr$\mem$../spark_ram_asic.v:23$1069_EN[127:0]$1073 [0] $flatten\u_core.\u_h1.$0$memwr$\mem$../spark_ram_asic.v:23$1069_EN[127:0]$1073 [0] $flatten\u_core.\u_h1.$0$memwr$\mem$../spark_ram_asic.v:23$1069_EN[127:0]$1073 [0] $flatten\u_core.\u_h1.$0$memwr$\mem$../spark_ram_asic.v:23$1069_EN[127:0]$1073 [0] $flatten\u_core.\u_h1.$0$memwr$\mem$../spark_ram_asic.v:23$1069_EN[127:0]$1073 [0] $flatten\u_core.\u_h1.$0$memwr$\mem$../spark_ram_asic.v:23$1069_EN[127:0]$1073 [0] $flatten\u_core.\u_h1.$0$memwr$\mem$../spark_ram_asic.v:23$1069_EN[127:0]$1073 [0] $flatten\u_core.\u_h1.$0$memwr$\mem$../spark_ram_asic.v:23$1069_EN[127:0]$1073 [0] $flatten\u_core.\u_h1.$0$memwr$\mem$../spark_ram_asic.v:23$1069_EN[127:0]$1073 [0] $flatten\u_core.\u_h1.$0$memwr$\mem$../spark_ram_asic.v:23$1069_EN[127:0]$1073 [0] $flatten\u_core.\u_h1.$0$memwr$\mem$../spark_ram_asic.v:23$1069_EN[127:0]$1073 [0] $flatten\u_core.\u_h1.$0$memwr$\mem$../spark_ram_asic.v:23$1069_EN[127:0]$1073 [0] $flatten\u_core.\u_h1.$0$memwr$\mem$../spark_ram_asic.v:23$1069_EN[127:0]$1073 [0] $flatten\u_core.\u_h1.$0$memwr$\mem$../spark_ram_asic.v:23$1069_EN[127:0]$1073 [0] $flatten\u_core.\u_h1.$0$memwr$\mem$../spark_ram_asic.v:23$1069_EN[127:0]$1073 [0] $flatten\u_core.\u_h1.$0$memwr$\mem$../spark_ram_asic.v:23$1069_EN[127:0]$1073 [0] $flatten\u_core.\u_h1.$0$memwr$\mem$../spark_ram_asic.v:23$1069_EN[127:0]$1073 [0] $flatten\u_core.\u_h1.$0$memwr$\mem$../spark_ram_asic.v:23$1069_EN[127:0]$1073 [0] $flatten\u_core.\u_h1.$0$memwr$\mem$../spark_ram_asic.v:23$1069_EN[127:0]$1073 [0] $flatten\u_core.\u_h1.$0$memwr$\mem$../spark_ram_asic.v:23$1069_EN[127:0]$1073 [0] $flatten\u_core.\u_h1.$0$memwr$\mem$../spark_ram_asic.v:23$1069_EN[127:0]$1073 [0] $flatten\u_core.\u_h1.$0$memwr$\mem$../spark_ram_asic.v:23$1069_EN[127:0]$1073 [0] $flatten\u_core.\u_h1.$0$memwr$\mem$../spark_ram_asic.v:23$1069_EN[127:0]$1073 [0] $flatten\u_core.\u_h1.$0$memwr$\mem$../spark_ram_asic.v:23$1069_EN[127:0]$1073 [0] $flatten\u_core.\u_h1.$0$memwr$\mem$../spark_ram_asic.v:23$1069_EN[127:0]$1073 [0] $flatten\u_core.\u_h1.$0$memwr$\mem$../spark_ram_asic.v:23$1069_EN[127:0]$1073 [0] $flatten\u_core.\u_h1.$0$memwr$\mem$../spark_ram_asic.v:23$1069_EN[127:0]$1073 [0] $flatten\u_core.\u_h1.$0$memwr$\mem$../spark_ram_asic.v:23$1069_EN[127:0]$1073 [0] $flatten\u_core.\u_h1.$0$memwr$\mem$../spark_ram_asic.v:23$1069_EN[127:0]$1073 [0] $flatten\u_core.\u_h1.$0$memwr$\mem$../spark_ram_asic.v:23$1069_EN[127:0]$1073 [0] $flatten\u_core.\u_h1.$0$memwr$\mem$../spark_ram_asic.v:23$1069_EN[127:0]$1073 [0] $flatten\u_core.\u_h1.$0$memwr$\mem$../spark_ram_asic.v:23$1069_EN[127:0]$1073 [0] $flatten\u_core.\u_h1.$0$memwr$\mem$../spark_ram_asic.v:23$1069_EN[127:0]$1073 [0] $flatten\u_core.\u_h1.$0$memwr$\mem$../spark_ram_asic.v:23$1069_EN[127:0]$1073 [0] $flatten\u_core.\u_h1.$0$memwr$\mem$../spark_ram_asic.v:23$1069_EN[127:0]$1073 [0] $flatten\u_core.\u_h1.$0$memwr$\mem$../spark_ram_asic.v:23$1069_EN[127:0]$1073 [0] $flatten\u_core.\u_h1.$0$memwr$\mem$../spark_ram_asic.v:23$1069_EN[127:0]$1073 [0] $flatten\u_core.\u_h1.$0$memwr$\mem$../spark_ram_asic.v:23$1069_EN[127:0]$1073 [0] $flatten\u_core.\u_h1.$0$memwr$\mem$../spark_ram_asic.v:23$1069_EN[127:0]$1073 [0] $flatten\u_core.\u_h1.$0$memwr$\mem$../spark_ram_asic.v:23$1069_EN[127:0]$1073 [0] $flatten\u_core.\u_h1.$0$memwr$\mem$../spark_ram_asic.v:23$1069_EN[127:0]$1073 [0] $flatten\u_core.\u_h1.$0$memwr$\mem$../spark_ram_asic.v:23$1069_EN[127:0]$1073 [0] $flatten\u_core.\u_h1.$0$memwr$\mem$../spark_ram_asic.v:23$1069_EN[127:0]$1073 [0] $flatten\u_core.\u_h1.$0$memwr$\mem$../spark_ram_asic.v:23$1069_EN[127:0]$1073 [0] $flatten\u_core.\u_h1.$0$memwr$\mem$../spark_ram_asic.v:23$1069_EN[127:0]$1073 [0] $flatten\u_core.\u_h1.$0$memwr$\mem$../spark_ram_asic.v:23$1069_EN[127:0]$1073 [0] $flatten\u_core.\u_h1.$0$memwr$\mem$../spark_ram_asic.v:23$1069_EN[127:0]$1073 [0] $flatten\u_core.\u_h1.$0$memwr$\mem$../spark_ram_asic.v:23$1069_EN[127:0]$1073 [0] $flatten\u_core.\u_h1.$0$memwr$\mem$../spark_ram_asic.v:23$1069_EN[127:0]$1073 [0] $flatten\u_core.\u_h1.$0$memwr$\mem$../spark_ram_asic.v:23$1069_EN[127:0]$1073 [0] $flatten\u_core.\u_h1.$0$memwr$\mem$../spark_ram_asic.v:23$1069_EN[127:0]$1073 [0] $flatten\u_core.\u_h1.$0$memwr$\mem$../spark_ram_asic.v:23$1069_EN[127:0]$1073 [0] $flatten\u_core.\u_h1.$0$memwr$\mem$../spark_ram_asic.v:23$1069_EN[127:0]$1073 [0] $flatten\u_core.\u_h1.$0$memwr$\mem$../spark_ram_asic.v:23$1069_EN[127:0]$1073 [0] $flatten\u_core.\u_h1.$0$memwr$\mem$../spark_ram_asic.v:23$1069_EN[127:0]$1073 [0] $flatten\u_core.\u_h1.$0$memwr$\mem$../spark_ram_asic.v:23$1069_EN[127:0]$1073 [0] $flatten\u_core.\u_h1.$0$memwr$\mem$../spark_ram_asic.v:23$1069_EN[127:0]$1073 [0] $flatten\u_core.\u_h1.$0$memwr$\mem$../spark_ram_asic.v:23$1069_EN[127:0]$1073 [0] $flatten\u_core.\u_h1.$0$memwr$\mem$../spark_ram_asic.v:23$1069_EN[127:0]$1073 [0] $flatten\u_core.\u_h1.$0$memwr$\mem$../spark_ram_asic.v:23$1069_EN[127:0]$1073 [0] $flatten\u_core.\u_h1.$0$memwr$\mem$../spark_ram_asic.v:23$1069_EN[127:0]$1073 [0] $flatten\u_core.\u_h1.$0$memwr$\mem$../spark_ram_asic.v:23$1069_EN[127:0]$1073 [0] $flatten\u_core.\u_h1.$0$memwr$\mem$../spark_ram_asic.v:23$1069_EN[127:0]$1073 [0] $flatten\u_core.\u_h1.$0$memwr$\mem$../spark_ram_asic.v:23$1069_EN[127:0]$1073 [0] $flatten\u_core.\u_h1.$0$memwr$\mem$../spark_ram_asic.v:23$1069_EN[127:0]$1073 [0] $flatten\u_core.\u_h1.$0$memwr$\mem$../spark_ram_asic.v:23$1069_EN[127:0]$1073 [0] $flatten\u_core.\u_h1.$0$memwr$\mem$../spark_ram_asic.v:23$1069_EN[127:0]$1073 [0] }
    Consolidated identical input bits for $mux cell $flatten\u_core.\u_s0.$procmux$7019:
      Old ports: A=0, B=32'11111111111111111111111111111111, Y=$flatten\u_core.\u_s0.$0$memwr$\mem$../spark_ram_asic.v:23$1049_EN[31:0]$1053
      New ports: A=1'0, B=1'1, Y=$flatten\u_core.\u_s0.$0$memwr$\mem$../spark_ram_asic.v:23$1049_EN[31:0]$1053 [0]
      New connections: $flatten\u_core.\u_s0.$0$memwr$\mem$../spark_ram_asic.v:23$1049_EN[31:0]$1053 [31:1] = { $flatten\u_core.\u_s0.$0$memwr$\mem$../spark_ram_asic.v:23$1049_EN[31:0]$1053 [0] $flatten\u_core.\u_s0.$0$memwr$\mem$../spark_ram_asic.v:23$1049_EN[31:0]$1053 [0] $flatten\u_core.\u_s0.$0$memwr$\mem$../spark_ram_asic.v:23$1049_EN[31:0]$1053 [0] $flatten\u_core.\u_s0.$0$memwr$\mem$../spark_ram_asic.v:23$1049_EN[31:0]$1053 [0] $flatten\u_core.\u_s0.$0$memwr$\mem$../spark_ram_asic.v:23$1049_EN[31:0]$1053 [0] $flatten\u_core.\u_s0.$0$memwr$\mem$../spark_ram_asic.v:23$1049_EN[31:0]$1053 [0] $flatten\u_core.\u_s0.$0$memwr$\mem$../spark_ram_asic.v:23$1049_EN[31:0]$1053 [0] $flatten\u_core.\u_s0.$0$memwr$\mem$../spark_ram_asic.v:23$1049_EN[31:0]$1053 [0] $flatten\u_core.\u_s0.$0$memwr$\mem$../spark_ram_asic.v:23$1049_EN[31:0]$1053 [0] $flatten\u_core.\u_s0.$0$memwr$\mem$../spark_ram_asic.v:23$1049_EN[31:0]$1053 [0] $flatten\u_core.\u_s0.$0$memwr$\mem$../spark_ram_asic.v:23$1049_EN[31:0]$1053 [0] $flatten\u_core.\u_s0.$0$memwr$\mem$../spark_ram_asic.v:23$1049_EN[31:0]$1053 [0] $flatten\u_core.\u_s0.$0$memwr$\mem$../spark_ram_asic.v:23$1049_EN[31:0]$1053 [0] $flatten\u_core.\u_s0.$0$memwr$\mem$../spark_ram_asic.v:23$1049_EN[31:0]$1053 [0] $flatten\u_core.\u_s0.$0$memwr$\mem$../spark_ram_asic.v:23$1049_EN[31:0]$1053 [0] $flatten\u_core.\u_s0.$0$memwr$\mem$../spark_ram_asic.v:23$1049_EN[31:0]$1053 [0] $flatten\u_core.\u_s0.$0$memwr$\mem$../spark_ram_asic.v:23$1049_EN[31:0]$1053 [0] $flatten\u_core.\u_s0.$0$memwr$\mem$../spark_ram_asic.v:23$1049_EN[31:0]$1053 [0] $flatten\u_core.\u_s0.$0$memwr$\mem$../spark_ram_asic.v:23$1049_EN[31:0]$1053 [0] $flatten\u_core.\u_s0.$0$memwr$\mem$../spark_ram_asic.v:23$1049_EN[31:0]$1053 [0] $flatten\u_core.\u_s0.$0$memwr$\mem$../spark_ram_asic.v:23$1049_EN[31:0]$1053 [0] $flatten\u_core.\u_s0.$0$memwr$\mem$../spark_ram_asic.v:23$1049_EN[31:0]$1053 [0] $flatten\u_core.\u_s0.$0$memwr$\mem$../spark_ram_asic.v:23$1049_EN[31:0]$1053 [0] $flatten\u_core.\u_s0.$0$memwr$\mem$../spark_ram_asic.v:23$1049_EN[31:0]$1053 [0] $flatten\u_core.\u_s0.$0$memwr$\mem$../spark_ram_asic.v:23$1049_EN[31:0]$1053 [0] $flatten\u_core.\u_s0.$0$memwr$\mem$../spark_ram_asic.v:23$1049_EN[31:0]$1053 [0] $flatten\u_core.\u_s0.$0$memwr$\mem$../spark_ram_asic.v:23$1049_EN[31:0]$1053 [0] $flatten\u_core.\u_s0.$0$memwr$\mem$../spark_ram_asic.v:23$1049_EN[31:0]$1053 [0] $flatten\u_core.\u_s0.$0$memwr$\mem$../spark_ram_asic.v:23$1049_EN[31:0]$1053 [0] $flatten\u_core.\u_s0.$0$memwr$\mem$../spark_ram_asic.v:23$1049_EN[31:0]$1053 [0] $flatten\u_core.\u_s0.$0$memwr$\mem$../spark_ram_asic.v:23$1049_EN[31:0]$1053 [0] }
    Consolidated identical input bits for $mux cell $flatten\u_core.\u_s1.$procmux$7019:
      Old ports: A=0, B=32'11111111111111111111111111111111, Y=$flatten\u_core.\u_s1.$0$memwr$\mem$../spark_ram_asic.v:23$1049_EN[31:0]$1053
      New ports: A=1'0, B=1'1, Y=$flatten\u_core.\u_s1.$0$memwr$\mem$../spark_ram_asic.v:23$1049_EN[31:0]$1053 [0]
      New connections: $flatten\u_core.\u_s1.$0$memwr$\mem$../spark_ram_asic.v:23$1049_EN[31:0]$1053 [31:1] = { $flatten\u_core.\u_s1.$0$memwr$\mem$../spark_ram_asic.v:23$1049_EN[31:0]$1053 [0] $flatten\u_core.\u_s1.$0$memwr$\mem$../spark_ram_asic.v:23$1049_EN[31:0]$1053 [0] $flatten\u_core.\u_s1.$0$memwr$\mem$../spark_ram_asic.v:23$1049_EN[31:0]$1053 [0] $flatten\u_core.\u_s1.$0$memwr$\mem$../spark_ram_asic.v:23$1049_EN[31:0]$1053 [0] $flatten\u_core.\u_s1.$0$memwr$\mem$../spark_ram_asic.v:23$1049_EN[31:0]$1053 [0] $flatten\u_core.\u_s1.$0$memwr$\mem$../spark_ram_asic.v:23$1049_EN[31:0]$1053 [0] $flatten\u_core.\u_s1.$0$memwr$\mem$../spark_ram_asic.v:23$1049_EN[31:0]$1053 [0] $flatten\u_core.\u_s1.$0$memwr$\mem$../spark_ram_asic.v:23$1049_EN[31:0]$1053 [0] $flatten\u_core.\u_s1.$0$memwr$\mem$../spark_ram_asic.v:23$1049_EN[31:0]$1053 [0] $flatten\u_core.\u_s1.$0$memwr$\mem$../spark_ram_asic.v:23$1049_EN[31:0]$1053 [0] $flatten\u_core.\u_s1.$0$memwr$\mem$../spark_ram_asic.v:23$1049_EN[31:0]$1053 [0] $flatten\u_core.\u_s1.$0$memwr$\mem$../spark_ram_asic.v:23$1049_EN[31:0]$1053 [0] $flatten\u_core.\u_s1.$0$memwr$\mem$../spark_ram_asic.v:23$1049_EN[31:0]$1053 [0] $flatten\u_core.\u_s1.$0$memwr$\mem$../spark_ram_asic.v:23$1049_EN[31:0]$1053 [0] $flatten\u_core.\u_s1.$0$memwr$\mem$../spark_ram_asic.v:23$1049_EN[31:0]$1053 [0] $flatten\u_core.\u_s1.$0$memwr$\mem$../spark_ram_asic.v:23$1049_EN[31:0]$1053 [0] $flatten\u_core.\u_s1.$0$memwr$\mem$../spark_ram_asic.v:23$1049_EN[31:0]$1053 [0] $flatten\u_core.\u_s1.$0$memwr$\mem$../spark_ram_asic.v:23$1049_EN[31:0]$1053 [0] $flatten\u_core.\u_s1.$0$memwr$\mem$../spark_ram_asic.v:23$1049_EN[31:0]$1053 [0] $flatten\u_core.\u_s1.$0$memwr$\mem$../spark_ram_asic.v:23$1049_EN[31:0]$1053 [0] $flatten\u_core.\u_s1.$0$memwr$\mem$../spark_ram_asic.v:23$1049_EN[31:0]$1053 [0] $flatten\u_core.\u_s1.$0$memwr$\mem$../spark_ram_asic.v:23$1049_EN[31:0]$1053 [0] $flatten\u_core.\u_s1.$0$memwr$\mem$../spark_ram_asic.v:23$1049_EN[31:0]$1053 [0] $flatten\u_core.\u_s1.$0$memwr$\mem$../spark_ram_asic.v:23$1049_EN[31:0]$1053 [0] $flatten\u_core.\u_s1.$0$memwr$\mem$../spark_ram_asic.v:23$1049_EN[31:0]$1053 [0] $flatten\u_core.\u_s1.$0$memwr$\mem$../spark_ram_asic.v:23$1049_EN[31:0]$1053 [0] $flatten\u_core.\u_s1.$0$memwr$\mem$../spark_ram_asic.v:23$1049_EN[31:0]$1053 [0] $flatten\u_core.\u_s1.$0$memwr$\mem$../spark_ram_asic.v:23$1049_EN[31:0]$1053 [0] $flatten\u_core.\u_s1.$0$memwr$\mem$../spark_ram_asic.v:23$1049_EN[31:0]$1053 [0] $flatten\u_core.\u_s1.$0$memwr$\mem$../spark_ram_asic.v:23$1049_EN[31:0]$1053 [0] $flatten\u_core.\u_s1.$0$memwr$\mem$../spark_ram_asic.v:23$1049_EN[31:0]$1053 [0] }
    Consolidated identical input bits for $mux cell $flatten\u_core.\u_sn0.$procmux$7010:
      Old ports: A=0, B=32'11111111111111111111111111111111, Y=$flatten\u_core.\u_sn0.$0$memwr$\mem$../spark_ram_asic.v:23$1059_EN[31:0]$1063
      New ports: A=1'0, B=1'1, Y=$flatten\u_core.\u_sn0.$0$memwr$\mem$../spark_ram_asic.v:23$1059_EN[31:0]$1063 [0]
      New connections: $flatten\u_core.\u_sn0.$0$memwr$\mem$../spark_ram_asic.v:23$1059_EN[31:0]$1063 [31:1] = { $flatten\u_core.\u_sn0.$0$memwr$\mem$../spark_ram_asic.v:23$1059_EN[31:0]$1063 [0] $flatten\u_core.\u_sn0.$0$memwr$\mem$../spark_ram_asic.v:23$1059_EN[31:0]$1063 [0] $flatten\u_core.\u_sn0.$0$memwr$\mem$../spark_ram_asic.v:23$1059_EN[31:0]$1063 [0] $flatten\u_core.\u_sn0.$0$memwr$\mem$../spark_ram_asic.v:23$1059_EN[31:0]$1063 [0] $flatten\u_core.\u_sn0.$0$memwr$\mem$../spark_ram_asic.v:23$1059_EN[31:0]$1063 [0] $flatten\u_core.\u_sn0.$0$memwr$\mem$../spark_ram_asic.v:23$1059_EN[31:0]$1063 [0] $flatten\u_core.\u_sn0.$0$memwr$\mem$../spark_ram_asic.v:23$1059_EN[31:0]$1063 [0] $flatten\u_core.\u_sn0.$0$memwr$\mem$../spark_ram_asic.v:23$1059_EN[31:0]$1063 [0] $flatten\u_core.\u_sn0.$0$memwr$\mem$../spark_ram_asic.v:23$1059_EN[31:0]$1063 [0] $flatten\u_core.\u_sn0.$0$memwr$\mem$../spark_ram_asic.v:23$1059_EN[31:0]$1063 [0] $flatten\u_core.\u_sn0.$0$memwr$\mem$../spark_ram_asic.v:23$1059_EN[31:0]$1063 [0] $flatten\u_core.\u_sn0.$0$memwr$\mem$../spark_ram_asic.v:23$1059_EN[31:0]$1063 [0] $flatten\u_core.\u_sn0.$0$memwr$\mem$../spark_ram_asic.v:23$1059_EN[31:0]$1063 [0] $flatten\u_core.\u_sn0.$0$memwr$\mem$../spark_ram_asic.v:23$1059_EN[31:0]$1063 [0] $flatten\u_core.\u_sn0.$0$memwr$\mem$../spark_ram_asic.v:23$1059_EN[31:0]$1063 [0] $flatten\u_core.\u_sn0.$0$memwr$\mem$../spark_ram_asic.v:23$1059_EN[31:0]$1063 [0] $flatten\u_core.\u_sn0.$0$memwr$\mem$../spark_ram_asic.v:23$1059_EN[31:0]$1063 [0] $flatten\u_core.\u_sn0.$0$memwr$\mem$../spark_ram_asic.v:23$1059_EN[31:0]$1063 [0] $flatten\u_core.\u_sn0.$0$memwr$\mem$../spark_ram_asic.v:23$1059_EN[31:0]$1063 [0] $flatten\u_core.\u_sn0.$0$memwr$\mem$../spark_ram_asic.v:23$1059_EN[31:0]$1063 [0] $flatten\u_core.\u_sn0.$0$memwr$\mem$../spark_ram_asic.v:23$1059_EN[31:0]$1063 [0] $flatten\u_core.\u_sn0.$0$memwr$\mem$../spark_ram_asic.v:23$1059_EN[31:0]$1063 [0] $flatten\u_core.\u_sn0.$0$memwr$\mem$../spark_ram_asic.v:23$1059_EN[31:0]$1063 [0] $flatten\u_core.\u_sn0.$0$memwr$\mem$../spark_ram_asic.v:23$1059_EN[31:0]$1063 [0] $flatten\u_core.\u_sn0.$0$memwr$\mem$../spark_ram_asic.v:23$1059_EN[31:0]$1063 [0] $flatten\u_core.\u_sn0.$0$memwr$\mem$../spark_ram_asic.v:23$1059_EN[31:0]$1063 [0] $flatten\u_core.\u_sn0.$0$memwr$\mem$../spark_ram_asic.v:23$1059_EN[31:0]$1063 [0] $flatten\u_core.\u_sn0.$0$memwr$\mem$../spark_ram_asic.v:23$1059_EN[31:0]$1063 [0] $flatten\u_core.\u_sn0.$0$memwr$\mem$../spark_ram_asic.v:23$1059_EN[31:0]$1063 [0] $flatten\u_core.\u_sn0.$0$memwr$\mem$../spark_ram_asic.v:23$1059_EN[31:0]$1063 [0] $flatten\u_core.\u_sn0.$0$memwr$\mem$../spark_ram_asic.v:23$1059_EN[31:0]$1063 [0] }
    Consolidated identical input bits for $mux cell $flatten\u_core.\u_sn1.$procmux$7019:
      Old ports: A=0, B=32'11111111111111111111111111111111, Y=$flatten\u_core.\u_sn1.$0$memwr$\mem$../spark_ram_asic.v:23$1049_EN[31:0]$1053
      New ports: A=1'0, B=1'1, Y=$flatten\u_core.\u_sn1.$0$memwr$\mem$../spark_ram_asic.v:23$1049_EN[31:0]$1053 [0]
      New connections: $flatten\u_core.\u_sn1.$0$memwr$\mem$../spark_ram_asic.v:23$1049_EN[31:0]$1053 [31:1] = { $flatten\u_core.\u_sn1.$0$memwr$\mem$../spark_ram_asic.v:23$1049_EN[31:0]$1053 [0] $flatten\u_core.\u_sn1.$0$memwr$\mem$../spark_ram_asic.v:23$1049_EN[31:0]$1053 [0] $flatten\u_core.\u_sn1.$0$memwr$\mem$../spark_ram_asic.v:23$1049_EN[31:0]$1053 [0] $flatten\u_core.\u_sn1.$0$memwr$\mem$../spark_ram_asic.v:23$1049_EN[31:0]$1053 [0] $flatten\u_core.\u_sn1.$0$memwr$\mem$../spark_ram_asic.v:23$1049_EN[31:0]$1053 [0] $flatten\u_core.\u_sn1.$0$memwr$\mem$../spark_ram_asic.v:23$1049_EN[31:0]$1053 [0] $flatten\u_core.\u_sn1.$0$memwr$\mem$../spark_ram_asic.v:23$1049_EN[31:0]$1053 [0] $flatten\u_core.\u_sn1.$0$memwr$\mem$../spark_ram_asic.v:23$1049_EN[31:0]$1053 [0] $flatten\u_core.\u_sn1.$0$memwr$\mem$../spark_ram_asic.v:23$1049_EN[31:0]$1053 [0] $flatten\u_core.\u_sn1.$0$memwr$\mem$../spark_ram_asic.v:23$1049_EN[31:0]$1053 [0] $flatten\u_core.\u_sn1.$0$memwr$\mem$../spark_ram_asic.v:23$1049_EN[31:0]$1053 [0] $flatten\u_core.\u_sn1.$0$memwr$\mem$../spark_ram_asic.v:23$1049_EN[31:0]$1053 [0] $flatten\u_core.\u_sn1.$0$memwr$\mem$../spark_ram_asic.v:23$1049_EN[31:0]$1053 [0] $flatten\u_core.\u_sn1.$0$memwr$\mem$../spark_ram_asic.v:23$1049_EN[31:0]$1053 [0] $flatten\u_core.\u_sn1.$0$memwr$\mem$../spark_ram_asic.v:23$1049_EN[31:0]$1053 [0] $flatten\u_core.\u_sn1.$0$memwr$\mem$../spark_ram_asic.v:23$1049_EN[31:0]$1053 [0] $flatten\u_core.\u_sn1.$0$memwr$\mem$../spark_ram_asic.v:23$1049_EN[31:0]$1053 [0] $flatten\u_core.\u_sn1.$0$memwr$\mem$../spark_ram_asic.v:23$1049_EN[31:0]$1053 [0] $flatten\u_core.\u_sn1.$0$memwr$\mem$../spark_ram_asic.v:23$1049_EN[31:0]$1053 [0] $flatten\u_core.\u_sn1.$0$memwr$\mem$../spark_ram_asic.v:23$1049_EN[31:0]$1053 [0] $flatten\u_core.\u_sn1.$0$memwr$\mem$../spark_ram_asic.v:23$1049_EN[31:0]$1053 [0] $flatten\u_core.\u_sn1.$0$memwr$\mem$../spark_ram_asic.v:23$1049_EN[31:0]$1053 [0] $flatten\u_core.\u_sn1.$0$memwr$\mem$../spark_ram_asic.v:23$1049_EN[31:0]$1053 [0] $flatten\u_core.\u_sn1.$0$memwr$\mem$../spark_ram_asic.v:23$1049_EN[31:0]$1053 [0] $flatten\u_core.\u_sn1.$0$memwr$\mem$../spark_ram_asic.v:23$1049_EN[31:0]$1053 [0] $flatten\u_core.\u_sn1.$0$memwr$\mem$../spark_ram_asic.v:23$1049_EN[31:0]$1053 [0] $flatten\u_core.\u_sn1.$0$memwr$\mem$../spark_ram_asic.v:23$1049_EN[31:0]$1053 [0] $flatten\u_core.\u_sn1.$0$memwr$\mem$../spark_ram_asic.v:23$1049_EN[31:0]$1053 [0] $flatten\u_core.\u_sn1.$0$memwr$\mem$../spark_ram_asic.v:23$1049_EN[31:0]$1053 [0] $flatten\u_core.\u_sn1.$0$memwr$\mem$../spark_ram_asic.v:23$1049_EN[31:0]$1053 [0] $flatten\u_core.\u_sn1.$0$memwr$\mem$../spark_ram_asic.v:23$1049_EN[31:0]$1053 [0] }
    Consolidated identical input bits for $mux cell $flatten\u_core.\u_sn2.$procmux$7019:
      Old ports: A=0, B=32'11111111111111111111111111111111, Y=$flatten\u_core.\u_sn2.$0$memwr$\mem$../spark_ram_asic.v:23$1049_EN[31:0]$1053
      New ports: A=1'0, B=1'1, Y=$flatten\u_core.\u_sn2.$0$memwr$\mem$../spark_ram_asic.v:23$1049_EN[31:0]$1053 [0]
      New connections: $flatten\u_core.\u_sn2.$0$memwr$\mem$../spark_ram_asic.v:23$1049_EN[31:0]$1053 [31:1] = { $flatten\u_core.\u_sn2.$0$memwr$\mem$../spark_ram_asic.v:23$1049_EN[31:0]$1053 [0] $flatten\u_core.\u_sn2.$0$memwr$\mem$../spark_ram_asic.v:23$1049_EN[31:0]$1053 [0] $flatten\u_core.\u_sn2.$0$memwr$\mem$../spark_ram_asic.v:23$1049_EN[31:0]$1053 [0] $flatten\u_core.\u_sn2.$0$memwr$\mem$../spark_ram_asic.v:23$1049_EN[31:0]$1053 [0] $flatten\u_core.\u_sn2.$0$memwr$\mem$../spark_ram_asic.v:23$1049_EN[31:0]$1053 [0] $flatten\u_core.\u_sn2.$0$memwr$\mem$../spark_ram_asic.v:23$1049_EN[31:0]$1053 [0] $flatten\u_core.\u_sn2.$0$memwr$\mem$../spark_ram_asic.v:23$1049_EN[31:0]$1053 [0] $flatten\u_core.\u_sn2.$0$memwr$\mem$../spark_ram_asic.v:23$1049_EN[31:0]$1053 [0] $flatten\u_core.\u_sn2.$0$memwr$\mem$../spark_ram_asic.v:23$1049_EN[31:0]$1053 [0] $flatten\u_core.\u_sn2.$0$memwr$\mem$../spark_ram_asic.v:23$1049_EN[31:0]$1053 [0] $flatten\u_core.\u_sn2.$0$memwr$\mem$../spark_ram_asic.v:23$1049_EN[31:0]$1053 [0] $flatten\u_core.\u_sn2.$0$memwr$\mem$../spark_ram_asic.v:23$1049_EN[31:0]$1053 [0] $flatten\u_core.\u_sn2.$0$memwr$\mem$../spark_ram_asic.v:23$1049_EN[31:0]$1053 [0] $flatten\u_core.\u_sn2.$0$memwr$\mem$../spark_ram_asic.v:23$1049_EN[31:0]$1053 [0] $flatten\u_core.\u_sn2.$0$memwr$\mem$../spark_ram_asic.v:23$1049_EN[31:0]$1053 [0] $flatten\u_core.\u_sn2.$0$memwr$\mem$../spark_ram_asic.v:23$1049_EN[31:0]$1053 [0] $flatten\u_core.\u_sn2.$0$memwr$\mem$../spark_ram_asic.v:23$1049_EN[31:0]$1053 [0] $flatten\u_core.\u_sn2.$0$memwr$\mem$../spark_ram_asic.v:23$1049_EN[31:0]$1053 [0] $flatten\u_core.\u_sn2.$0$memwr$\mem$../spark_ram_asic.v:23$1049_EN[31:0]$1053 [0] $flatten\u_core.\u_sn2.$0$memwr$\mem$../spark_ram_asic.v:23$1049_EN[31:0]$1053 [0] $flatten\u_core.\u_sn2.$0$memwr$\mem$../spark_ram_asic.v:23$1049_EN[31:0]$1053 [0] $flatten\u_core.\u_sn2.$0$memwr$\mem$../spark_ram_asic.v:23$1049_EN[31:0]$1053 [0] $flatten\u_core.\u_sn2.$0$memwr$\mem$../spark_ram_asic.v:23$1049_EN[31:0]$1053 [0] $flatten\u_core.\u_sn2.$0$memwr$\mem$../spark_ram_asic.v:23$1049_EN[31:0]$1053 [0] $flatten\u_core.\u_sn2.$0$memwr$\mem$../spark_ram_asic.v:23$1049_EN[31:0]$1053 [0] $flatten\u_core.\u_sn2.$0$memwr$\mem$../spark_ram_asic.v:23$1049_EN[31:0]$1053 [0] $flatten\u_core.\u_sn2.$0$memwr$\mem$../spark_ram_asic.v:23$1049_EN[31:0]$1053 [0] $flatten\u_core.\u_sn2.$0$memwr$\mem$../spark_ram_asic.v:23$1049_EN[31:0]$1053 [0] $flatten\u_core.\u_sn2.$0$memwr$\mem$../spark_ram_asic.v:23$1049_EN[31:0]$1053 [0] $flatten\u_core.\u_sn2.$0$memwr$\mem$../spark_ram_asic.v:23$1049_EN[31:0]$1053 [0] $flatten\u_core.\u_sn2.$0$memwr$\mem$../spark_ram_asic.v:23$1049_EN[31:0]$1053 [0] }
    Consolidated identical input bits for $mux cell $flatten\u_core.\u_sn3.$procmux$7019:
      Old ports: A=0, B=32'11111111111111111111111111111111, Y=$flatten\u_core.\u_sn3.$0$memwr$\mem$../spark_ram_asic.v:23$1049_EN[31:0]$1053
      New ports: A=1'0, B=1'1, Y=$flatten\u_core.\u_sn3.$0$memwr$\mem$../spark_ram_asic.v:23$1049_EN[31:0]$1053 [0]
      New connections: $flatten\u_core.\u_sn3.$0$memwr$\mem$../spark_ram_asic.v:23$1049_EN[31:0]$1053 [31:1] = { $flatten\u_core.\u_sn3.$0$memwr$\mem$../spark_ram_asic.v:23$1049_EN[31:0]$1053 [0] $flatten\u_core.\u_sn3.$0$memwr$\mem$../spark_ram_asic.v:23$1049_EN[31:0]$1053 [0] $flatten\u_core.\u_sn3.$0$memwr$\mem$../spark_ram_asic.v:23$1049_EN[31:0]$1053 [0] $flatten\u_core.\u_sn3.$0$memwr$\mem$../spark_ram_asic.v:23$1049_EN[31:0]$1053 [0] $flatten\u_core.\u_sn3.$0$memwr$\mem$../spark_ram_asic.v:23$1049_EN[31:0]$1053 [0] $flatten\u_core.\u_sn3.$0$memwr$\mem$../spark_ram_asic.v:23$1049_EN[31:0]$1053 [0] $flatten\u_core.\u_sn3.$0$memwr$\mem$../spark_ram_asic.v:23$1049_EN[31:0]$1053 [0] $flatten\u_core.\u_sn3.$0$memwr$\mem$../spark_ram_asic.v:23$1049_EN[31:0]$1053 [0] $flatten\u_core.\u_sn3.$0$memwr$\mem$../spark_ram_asic.v:23$1049_EN[31:0]$1053 [0] $flatten\u_core.\u_sn3.$0$memwr$\mem$../spark_ram_asic.v:23$1049_EN[31:0]$1053 [0] $flatten\u_core.\u_sn3.$0$memwr$\mem$../spark_ram_asic.v:23$1049_EN[31:0]$1053 [0] $flatten\u_core.\u_sn3.$0$memwr$\mem$../spark_ram_asic.v:23$1049_EN[31:0]$1053 [0] $flatten\u_core.\u_sn3.$0$memwr$\mem$../spark_ram_asic.v:23$1049_EN[31:0]$1053 [0] $flatten\u_core.\u_sn3.$0$memwr$\mem$../spark_ram_asic.v:23$1049_EN[31:0]$1053 [0] $flatten\u_core.\u_sn3.$0$memwr$\mem$../spark_ram_asic.v:23$1049_EN[31:0]$1053 [0] $flatten\u_core.\u_sn3.$0$memwr$\mem$../spark_ram_asic.v:23$1049_EN[31:0]$1053 [0] $flatten\u_core.\u_sn3.$0$memwr$\mem$../spark_ram_asic.v:23$1049_EN[31:0]$1053 [0] $flatten\u_core.\u_sn3.$0$memwr$\mem$../spark_ram_asic.v:23$1049_EN[31:0]$1053 [0] $flatten\u_core.\u_sn3.$0$memwr$\mem$../spark_ram_asic.v:23$1049_EN[31:0]$1053 [0] $flatten\u_core.\u_sn3.$0$memwr$\mem$../spark_ram_asic.v:23$1049_EN[31:0]$1053 [0] $flatten\u_core.\u_sn3.$0$memwr$\mem$../spark_ram_asic.v:23$1049_EN[31:0]$1053 [0] $flatten\u_core.\u_sn3.$0$memwr$\mem$../spark_ram_asic.v:23$1049_EN[31:0]$1053 [0] $flatten\u_core.\u_sn3.$0$memwr$\mem$../spark_ram_asic.v:23$1049_EN[31:0]$1053 [0] $flatten\u_core.\u_sn3.$0$memwr$\mem$../spark_ram_asic.v:23$1049_EN[31:0]$1053 [0] $flatten\u_core.\u_sn3.$0$memwr$\mem$../spark_ram_asic.v:23$1049_EN[31:0]$1053 [0] $flatten\u_core.\u_sn3.$0$memwr$\mem$../spark_ram_asic.v:23$1049_EN[31:0]$1053 [0] $flatten\u_core.\u_sn3.$0$memwr$\mem$../spark_ram_asic.v:23$1049_EN[31:0]$1053 [0] $flatten\u_core.\u_sn3.$0$memwr$\mem$../spark_ram_asic.v:23$1049_EN[31:0]$1053 [0] $flatten\u_core.\u_sn3.$0$memwr$\mem$../spark_ram_asic.v:23$1049_EN[31:0]$1053 [0] $flatten\u_core.\u_sn3.$0$memwr$\mem$../spark_ram_asic.v:23$1049_EN[31:0]$1053 [0] $flatten\u_core.\u_sn3.$0$memwr$\mem$../spark_ram_asic.v:23$1049_EN[31:0]$1053 [0] }
    Consolidated identical input bits for $mux cell $procmux$7221:
      Old ports: A=8'00000000, B=8'11111111, Y=$procmux$7221_Y
      New ports: A=1'0, B=1'1, Y=$procmux$7221_Y [0]
      New connections: $procmux$7221_Y [7:1] = { $procmux$7221_Y [0] $procmux$7221_Y [0] $procmux$7221_Y [0] $procmux$7221_Y [0] $procmux$7221_Y [0] $procmux$7221_Y [0] $procmux$7221_Y [0] }
    Consolidated identical input bits for $mux cell $procmux$7447:
      Old ports: A=8'00000000, B=8'11111111, Y=$procmux$7447_Y
      New ports: A=1'0, B=1'1, Y=$procmux$7447_Y [0]
      New connections: $procmux$7447_Y [7:1] = { $procmux$7447_Y [0] $procmux$7447_Y [0] $procmux$7447_Y [0] $procmux$7447_Y [0] $procmux$7447_Y [0] $procmux$7447_Y [0] $procmux$7447_Y [0] }
    New ctrl vector for $pmux cell $procmux$7867: $auto$opt_reduce.cc:134:opt_pmux$8548
    New ctrl vector for $pmux cell $procmux$7950: { $procmux$7954_CTRL $procmux$7953_CMP $auto$opt_reduce.cc:134:opt_pmux$8550 }
    New input vector for $reduce_or cell $auto$opt_reduce.cc:128:opt_pmux$8547: { $procmux$7815_CMP $procmux$7814_CMP }
    New input vector for $reduce_or cell $auto$opt_reduce.cc:128:opt_pmux$8549: { $procmux$7815_CMP $procmux$7814_CMP }
  Optimizing cells in module \spark_chip.
    Consolidated identical input bits for $mux cell $flatten\u_core.$procmux$2502:
      Old ports: A=$flatten\u_core.$5$memwr$\nzc$../../rtl/spark_core.v:451$1220_EN[15:0]$1969, B=16'0000000000000000, Y=$flatten\u_core.$procmux$2502_Y
      New ports: A=$flatten\u_core.$procmux$2243_Y [0], B=1'0, Y=$flatten\u_core.$procmux$2502_Y [0]
      New connections: $flatten\u_core.$procmux$2502_Y [15:1] = { $flatten\u_core.$procmux$2502_Y [0] $flatten\u_core.$procmux$2502_Y [0] $flatten\u_core.$procmux$2502_Y [0] $flatten\u_core.$procmux$2502_Y [0] $flatten\u_core.$procmux$2502_Y [0] $flatten\u_core.$procmux$2502_Y [0] $flatten\u_core.$procmux$2502_Y [0] $flatten\u_core.$procmux$2502_Y [0] $flatten\u_core.$procmux$2502_Y [0] $flatten\u_core.$procmux$2502_Y [0] $flatten\u_core.$procmux$2502_Y [0] $flatten\u_core.$procmux$2502_Y [0] $flatten\u_core.$procmux$2502_Y [0] $flatten\u_core.$procmux$2502_Y [0] $flatten\u_core.$procmux$2502_Y [0] }
    Consolidated identical input bits for $mux cell $flatten\u_core.$procmux$3415:
      Old ports: A=16'0000000000000000, B=$flatten\u_core.$3$memwr$\nzc$../../rtl/spark_core.v:382$1217_EN[15:0]$1847, Y=$flatten\u_core.$procmux$3415_Y
      New ports: A=1'0, B=$flatten\u_core.$procmux$3195_Y [0], Y=$flatten\u_core.$procmux$3415_Y [0]
      New connections: $flatten\u_core.$procmux$3415_Y [15:1] = { $flatten\u_core.$procmux$3415_Y [0] $flatten\u_core.$procmux$3415_Y [0] $flatten\u_core.$procmux$3415_Y [0] $flatten\u_core.$procmux$3415_Y [0] $flatten\u_core.$procmux$3415_Y [0] $flatten\u_core.$procmux$3415_Y [0] $flatten\u_core.$procmux$3415_Y [0] $flatten\u_core.$procmux$3415_Y [0] $flatten\u_core.$procmux$3415_Y [0] $flatten\u_core.$procmux$3415_Y [0] $flatten\u_core.$procmux$3415_Y [0] $flatten\u_core.$procmux$3415_Y [0] $flatten\u_core.$procmux$3415_Y [0] $flatten\u_core.$procmux$3415_Y [0] $flatten\u_core.$procmux$3415_Y [0] }
    Consolidated identical input bits for $mux cell $flatten\u_core.$procmux$3465:
      Old ports: A=16'0000000000000000, B=$flatten\u_core.$3$memwr$\nzc$../../rtl/spark_core.v:382$1215_EN[15:0]$1845, Y=$flatten\u_core.$procmux$3465_Y
      New ports: A=1'0, B=$flatten\u_core.$procmux$3251_Y [0], Y=$flatten\u_core.$procmux$3465_Y [0]
      New connections: $flatten\u_core.$procmux$3465_Y [15:1] = { $flatten\u_core.$procmux$3465_Y [0] $flatten\u_core.$procmux$3465_Y [0] $flatten\u_core.$procmux$3465_Y [0] $flatten\u_core.$procmux$3465_Y [0] $flatten\u_core.$procmux$3465_Y [0] $flatten\u_core.$procmux$3465_Y [0] $flatten\u_core.$procmux$3465_Y [0] $flatten\u_core.$procmux$3465_Y [0] $flatten\u_core.$procmux$3465_Y [0] $flatten\u_core.$procmux$3465_Y [0] $flatten\u_core.$procmux$3465_Y [0] $flatten\u_core.$procmux$3465_Y [0] $flatten\u_core.$procmux$3465_Y [0] $flatten\u_core.$procmux$3465_Y [0] $flatten\u_core.$procmux$3465_Y [0] }
    Consolidated identical input bits for $mux cell $flatten\u_core.$procmux$3515:
      Old ports: A=16'0000000000000000, B=$flatten\u_core.$3$memwr$\nzc$../../rtl/spark_core.v:382$1213_EN[15:0]$1843, Y=$flatten\u_core.$procmux$3515_Y
      New ports: A=1'0, B=$flatten\u_core.$procmux$3307_Y [0], Y=$flatten\u_core.$procmux$3515_Y [0]
      New connections: $flatten\u_core.$procmux$3515_Y [15:1] = { $flatten\u_core.$procmux$3515_Y [0] $flatten\u_core.$procmux$3515_Y [0] $flatten\u_core.$procmux$3515_Y [0] $flatten\u_core.$procmux$3515_Y [0] $flatten\u_core.$procmux$3515_Y [0] $flatten\u_core.$procmux$3515_Y [0] $flatten\u_core.$procmux$3515_Y [0] $flatten\u_core.$procmux$3515_Y [0] $flatten\u_core.$procmux$3515_Y [0] $flatten\u_core.$procmux$3515_Y [0] $flatten\u_core.$procmux$3515_Y [0] $flatten\u_core.$procmux$3515_Y [0] $flatten\u_core.$procmux$3515_Y [0] $flatten\u_core.$procmux$3515_Y [0] $flatten\u_core.$procmux$3515_Y [0] }
    Consolidated identical input bits for $mux cell $flatten\u_core.$procmux$3565:
      Old ports: A=16'0000000000000000, B=$flatten\u_core.$3$memwr$\nzc$../../rtl/spark_core.v:382$1211_EN[15:0]$1841, Y=$flatten\u_core.$procmux$3565_Y
      New ports: A=1'0, B=$flatten\u_core.$procmux$3363_Y [0], Y=$flatten\u_core.$procmux$3565_Y [0]
      New connections: $flatten\u_core.$procmux$3565_Y [15:1] = { $flatten\u_core.$procmux$3565_Y [0] $flatten\u_core.$procmux$3565_Y [0] $flatten\u_core.$procmux$3565_Y [0] $flatten\u_core.$procmux$3565_Y [0] $flatten\u_core.$procmux$3565_Y [0] $flatten\u_core.$procmux$3565_Y [0] $flatten\u_core.$procmux$3565_Y [0] $flatten\u_core.$procmux$3565_Y [0] $flatten\u_core.$procmux$3565_Y [0] $flatten\u_core.$procmux$3565_Y [0] $flatten\u_core.$procmux$3565_Y [0] $flatten\u_core.$procmux$3565_Y [0] $flatten\u_core.$procmux$3565_Y [0] $flatten\u_core.$procmux$3565_Y [0] $flatten\u_core.$procmux$3565_Y [0] }
    Consolidated identical input bits for $mux cell $procmux$7507:
      Old ports: A=8'00000000, B=$3$memwr$\cfgb$../../rtl/spark_chip.v:93$879_EN[7:0]$971, Y=$procmux$7507_Y
      New ports: A=1'0, B=$procmux$7221_Y [0], Y=$procmux$7507_Y [0]
      New connections: $procmux$7507_Y [7:1] = { $procmux$7507_Y [0] $procmux$7507_Y [0] $procmux$7507_Y [0] $procmux$7507_Y [0] $procmux$7507_Y [0] $procmux$7507_Y [0] $procmux$7507_Y [0] }
    Consolidated identical input bits for $mux cell $procmux$7604:
      Old ports: A=8'00000000, B=$3$memwr$\cfgb$../../rtl/spark_chip.v:83$872_EN[7:0]$942, Y=$procmux$7604_Y
      New ports: A=1'0, B=$procmux$7447_Y [0], Y=$procmux$7604_Y [0]
      New connections: $procmux$7604_Y [7:1] = { $procmux$7604_Y [0] $procmux$7604_Y [0] $procmux$7604_Y [0] $procmux$7604_Y [0] $procmux$7604_Y [0] $procmux$7604_Y [0] $procmux$7604_Y [0] }
  Optimizing cells in module \spark_chip.
    Consolidated identical input bits for $mux cell $flatten\u_core.$procmux$2856:
      Old ports: A=$flatten\u_core.$4$memwr$\nzc$../../rtl/spark_core.v:451$1220_EN[15:0]$1928, B=16'0000000000000000, Y=$flatten\u_core.$procmux$2856_Y
      New ports: A=$flatten\u_core.$procmux$2502_Y [0], B=1'0, Y=$flatten\u_core.$procmux$2856_Y [0]
      New connections: $flatten\u_core.$procmux$2856_Y [15:1] = { $flatten\u_core.$procmux$2856_Y [0] $flatten\u_core.$procmux$2856_Y [0] $flatten\u_core.$procmux$2856_Y [0] $flatten\u_core.$procmux$2856_Y [0] $flatten\u_core.$procmux$2856_Y [0] $flatten\u_core.$procmux$2856_Y [0] $flatten\u_core.$procmux$2856_Y [0] $flatten\u_core.$procmux$2856_Y [0] $flatten\u_core.$procmux$2856_Y [0] $flatten\u_core.$procmux$2856_Y [0] $flatten\u_core.$procmux$2856_Y [0] $flatten\u_core.$procmux$2856_Y [0] $flatten\u_core.$procmux$2856_Y [0] $flatten\u_core.$procmux$2856_Y [0] $flatten\u_core.$procmux$2856_Y [0] }
    Consolidated identical input bits for $mux cell $flatten\u_core.$procmux$3981:
      Old ports: A=$flatten\u_core.$2$memwr$\nzc$../../rtl/spark_core.v:382$1217_EN[15:0]$1826, B=16'0000000000000000, Y=$flatten\u_core.$0$memwr$\nzc$../../rtl/spark_core.v:382$1217_EN[15:0]$1752
      New ports: A=$flatten\u_core.$procmux$3415_Y [0], B=1'0, Y=$flatten\u_core.$0$memwr$\nzc$../../rtl/spark_core.v:382$1217_EN[15:0]$1752 [0]
      New connections: $flatten\u_core.$0$memwr$\nzc$../../rtl/spark_core.v:382$1217_EN[15:0]$1752 [15:1] = { $flatten\u_core.$0$memwr$\nzc$../../rtl/spark_core.v:382$1217_EN[15:0]$1752 [0] $flatten\u_core.$0$memwr$\nzc$../../rtl/spark_core.v:382$1217_EN[15:0]$1752 [0] $flatten\u_core.$0$memwr$\nzc$../../rtl/spark_core.v:382$1217_EN[15:0]$1752 [0] $flatten\u_core.$0$memwr$\nzc$../../rtl/spark_core.v:382$1217_EN[15:0]$1752 [0] $flatten\u_core.$0$memwr$\nzc$../../rtl/spark_core.v:382$1217_EN[15:0]$1752 [0] $flatten\u_core.$0$memwr$\nzc$../../rtl/spark_core.v:382$1217_EN[15:0]$1752 [0] $flatten\u_core.$0$memwr$\nzc$../../rtl/spark_core.v:382$1217_EN[15:0]$1752 [0] $flatten\u_core.$0$memwr$\nzc$../../rtl/spark_core.v:382$1217_EN[15:0]$1752 [0] $flatten\u_core.$0$memwr$\nzc$../../rtl/spark_core.v:382$1217_EN[15:0]$1752 [0] $flatten\u_core.$0$memwr$\nzc$../../rtl/spark_core.v:382$1217_EN[15:0]$1752 [0] $flatten\u_core.$0$memwr$\nzc$../../rtl/spark_core.v:382$1217_EN[15:0]$1752 [0] $flatten\u_core.$0$memwr$\nzc$../../rtl/spark_core.v:382$1217_EN[15:0]$1752 [0] $flatten\u_core.$0$memwr$\nzc$../../rtl/spark_core.v:382$1217_EN[15:0]$1752 [0] $flatten\u_core.$0$memwr$\nzc$../../rtl/spark_core.v:382$1217_EN[15:0]$1752 [0] $flatten\u_core.$0$memwr$\nzc$../../rtl/spark_core.v:382$1217_EN[15:0]$1752 [0] }
    Consolidated identical input bits for $mux cell $flatten\u_core.$procmux$3987:
      Old ports: A=$flatten\u_core.$2$memwr$\nzc$../../rtl/spark_core.v:382$1215_EN[15:0]$1824, B=16'0000000000000000, Y=$flatten\u_core.$0$memwr$\nzc$../../rtl/spark_core.v:382$1215_EN[15:0]$1750
      New ports: A=$flatten\u_core.$procmux$3465_Y [0], B=1'0, Y=$flatten\u_core.$0$memwr$\nzc$../../rtl/spark_core.v:382$1215_EN[15:0]$1750 [0]
      New connections: $flatten\u_core.$0$memwr$\nzc$../../rtl/spark_core.v:382$1215_EN[15:0]$1750 [15:1] = { $flatten\u_core.$0$memwr$\nzc$../../rtl/spark_core.v:382$1215_EN[15:0]$1750 [0] $flatten\u_core.$0$memwr$\nzc$../../rtl/spark_core.v:382$1215_EN[15:0]$1750 [0] $flatten\u_core.$0$memwr$\nzc$../../rtl/spark_core.v:382$1215_EN[15:0]$1750 [0] $flatten\u_core.$0$memwr$\nzc$../../rtl/spark_core.v:382$1215_EN[15:0]$1750 [0] $flatten\u_core.$0$memwr$\nzc$../../rtl/spark_core.v:382$1215_EN[15:0]$1750 [0] $flatten\u_core.$0$memwr$\nzc$../../rtl/spark_core.v:382$1215_EN[15:0]$1750 [0] $flatten\u_core.$0$memwr$\nzc$../../rtl/spark_core.v:382$1215_EN[15:0]$1750 [0] $flatten\u_core.$0$memwr$\nzc$../../rtl/spark_core.v:382$1215_EN[15:0]$1750 [0] $flatten\u_core.$0$memwr$\nzc$../../rtl/spark_core.v:382$1215_EN[15:0]$1750 [0] $flatten\u_core.$0$memwr$\nzc$../../rtl/spark_core.v:382$1215_EN[15:0]$1750 [0] $flatten\u_core.$0$memwr$\nzc$../../rtl/spark_core.v:382$1215_EN[15:0]$1750 [0] $flatten\u_core.$0$memwr$\nzc$../../rtl/spark_core.v:382$1215_EN[15:0]$1750 [0] $flatten\u_core.$0$memwr$\nzc$../../rtl/spark_core.v:382$1215_EN[15:0]$1750 [0] $flatten\u_core.$0$memwr$\nzc$../../rtl/spark_core.v:382$1215_EN[15:0]$1750 [0] $flatten\u_core.$0$memwr$\nzc$../../rtl/spark_core.v:382$1215_EN[15:0]$1750 [0] }
    Consolidated identical input bits for $mux cell $flatten\u_core.$procmux$3993:
      Old ports: A=$flatten\u_core.$2$memwr$\nzc$../../rtl/spark_core.v:382$1213_EN[15:0]$1822, B=16'0000000000000000, Y=$flatten\u_core.$0$memwr$\nzc$../../rtl/spark_core.v:382$1213_EN[15:0]$1748
      New ports: A=$flatten\u_core.$procmux$3515_Y [0], B=1'0, Y=$flatten\u_core.$0$memwr$\nzc$../../rtl/spark_core.v:382$1213_EN[15:0]$1748 [0]
      New connections: $flatten\u_core.$0$memwr$\nzc$../../rtl/spark_core.v:382$1213_EN[15:0]$1748 [15:1] = { $flatten\u_core.$0$memwr$\nzc$../../rtl/spark_core.v:382$1213_EN[15:0]$1748 [0] $flatten\u_core.$0$memwr$\nzc$../../rtl/spark_core.v:382$1213_EN[15:0]$1748 [0] $flatten\u_core.$0$memwr$\nzc$../../rtl/spark_core.v:382$1213_EN[15:0]$1748 [0] $flatten\u_core.$0$memwr$\nzc$../../rtl/spark_core.v:382$1213_EN[15:0]$1748 [0] $flatten\u_core.$0$memwr$\nzc$../../rtl/spark_core.v:382$1213_EN[15:0]$1748 [0] $flatten\u_core.$0$memwr$\nzc$../../rtl/spark_core.v:382$1213_EN[15:0]$1748 [0] $flatten\u_core.$0$memwr$\nzc$../../rtl/spark_core.v:382$1213_EN[15:0]$1748 [0] $flatten\u_core.$0$memwr$\nzc$../../rtl/spark_core.v:382$1213_EN[15:0]$1748 [0] $flatten\u_core.$0$memwr$\nzc$../../rtl/spark_core.v:382$1213_EN[15:0]$1748 [0] $flatten\u_core.$0$memwr$\nzc$../../rtl/spark_core.v:382$1213_EN[15:0]$1748 [0] $flatten\u_core.$0$memwr$\nzc$../../rtl/spark_core.v:382$1213_EN[15:0]$1748 [0] $flatten\u_core.$0$memwr$\nzc$../../rtl/spark_core.v:382$1213_EN[15:0]$1748 [0] $flatten\u_core.$0$memwr$\nzc$../../rtl/spark_core.v:382$1213_EN[15:0]$1748 [0] $flatten\u_core.$0$memwr$\nzc$../../rtl/spark_core.v:382$1213_EN[15:0]$1748 [0] $flatten\u_core.$0$memwr$\nzc$../../rtl/spark_core.v:382$1213_EN[15:0]$1748 [0] }
    Consolidated identical input bits for $mux cell $flatten\u_core.$procmux$3999:
      Old ports: A=$flatten\u_core.$2$memwr$\nzc$../../rtl/spark_core.v:382$1211_EN[15:0]$1820, B=16'0000000000000000, Y=$flatten\u_core.$0$memwr$\nzc$../../rtl/spark_core.v:382$1211_EN[15:0]$1746
      New ports: A=$flatten\u_core.$procmux$3565_Y [0], B=1'0, Y=$flatten\u_core.$0$memwr$\nzc$../../rtl/spark_core.v:382$1211_EN[15:0]$1746 [0]
      New connections: $flatten\u_core.$0$memwr$\nzc$../../rtl/spark_core.v:382$1211_EN[15:0]$1746 [15:1] = { $flatten\u_core.$0$memwr$\nzc$../../rtl/spark_core.v:382$1211_EN[15:0]$1746 [0] $flatten\u_core.$0$memwr$\nzc$../../rtl/spark_core.v:382$1211_EN[15:0]$1746 [0] $flatten\u_core.$0$memwr$\nzc$../../rtl/spark_core.v:382$1211_EN[15:0]$1746 [0] $flatten\u_core.$0$memwr$\nzc$../../rtl/spark_core.v:382$1211_EN[15:0]$1746 [0] $flatten\u_core.$0$memwr$\nzc$../../rtl/spark_core.v:382$1211_EN[15:0]$1746 [0] $flatten\u_core.$0$memwr$\nzc$../../rtl/spark_core.v:382$1211_EN[15:0]$1746 [0] $flatten\u_core.$0$memwr$\nzc$../../rtl/spark_core.v:382$1211_EN[15:0]$1746 [0] $flatten\u_core.$0$memwr$\nzc$../../rtl/spark_core.v:382$1211_EN[15:0]$1746 [0] $flatten\u_core.$0$memwr$\nzc$../../rtl/spark_core.v:382$1211_EN[15:0]$1746 [0] $flatten\u_core.$0$memwr$\nzc$../../rtl/spark_core.v:382$1211_EN[15:0]$1746 [0] $flatten\u_core.$0$memwr$\nzc$../../rtl/spark_core.v:382$1211_EN[15:0]$1746 [0] $flatten\u_core.$0$memwr$\nzc$../../rtl/spark_core.v:382$1211_EN[15:0]$1746 [0] $flatten\u_core.$0$memwr$\nzc$../../rtl/spark_core.v:382$1211_EN[15:0]$1746 [0] $flatten\u_core.$0$memwr$\nzc$../../rtl/spark_core.v:382$1211_EN[15:0]$1746 [0] $flatten\u_core.$0$memwr$\nzc$../../rtl/spark_core.v:382$1211_EN[15:0]$1746 [0] }
    Consolidated identical input bits for $mux cell $procmux$7650:
      Old ports: A=$2$memwr$\cfgb$../../rtl/spark_chip.v:93$879_EN[7:0]$935, B=8'00000000, Y=$0$memwr$\cfgb$../../rtl/spark_chip.v:93$879_EN[7:0]$903
      New ports: A=$procmux$7507_Y [0], B=1'0, Y=$0$memwr$\cfgb$../../rtl/spark_chip.v:93$879_EN[7:0]$903 [0]
      New connections: $0$memwr$\cfgb$../../rtl/spark_chip.v:93$879_EN[7:0]$903 [7:1] = { $0$memwr$\cfgb$../../rtl/spark_chip.v:93$879_EN[7:0]$903 [0] $0$memwr$\cfgb$../../rtl/spark_chip.v:93$879_EN[7:0]$903 [0] $0$memwr$\cfgb$../../rtl/spark_chip.v:93$879_EN[7:0]$903 [0] $0$memwr$\cfgb$../../rtl/spark_chip.v:93$879_EN[7:0]$903 [0] $0$memwr$\cfgb$../../rtl/spark_chip.v:93$879_EN[7:0]$903 [0] $0$memwr$\cfgb$../../rtl/spark_chip.v:93$879_EN[7:0]$903 [0] $0$memwr$\cfgb$../../rtl/spark_chip.v:93$879_EN[7:0]$903 [0] }
    Consolidated identical input bits for $mux cell $procmux$7677:
      Old ports: A=$2$memwr$\cfgb$../../rtl/spark_chip.v:83$872_EN[7:0]$926, B=8'00000000, Y=$0$memwr$\cfgb$../../rtl/spark_chip.v:83$872_EN[7:0]$894
      New ports: A=$procmux$7604_Y [0], B=1'0, Y=$0$memwr$\cfgb$../../rtl/spark_chip.v:83$872_EN[7:0]$894 [0]
      New connections: $0$memwr$\cfgb$../../rtl/spark_chip.v:83$872_EN[7:0]$894 [7:1] = { $0$memwr$\cfgb$../../rtl/spark_chip.v:83$872_EN[7:0]$894 [0] $0$memwr$\cfgb$../../rtl/spark_chip.v:83$872_EN[7:0]$894 [0] $0$memwr$\cfgb$../../rtl/spark_chip.v:83$872_EN[7:0]$894 [0] $0$memwr$\cfgb$../../rtl/spark_chip.v:83$872_EN[7:0]$894 [0] $0$memwr$\cfgb$../../rtl/spark_chip.v:83$872_EN[7:0]$894 [0] $0$memwr$\cfgb$../../rtl/spark_chip.v:83$872_EN[7:0]$894 [0] $0$memwr$\cfgb$../../rtl/spark_chip.v:83$872_EN[7:0]$894 [0] }
  Optimizing cells in module \spark_chip.
    Consolidated identical input bits for $mux cell $flatten\u_core.$procmux$3652:
      Old ports: A=16'0000000000000000, B=$flatten\u_core.$3$memwr$\nzc$../../rtl/spark_core.v:451$1220_EN[15:0]$1905, Y=$flatten\u_core.$procmux$3652_Y
      New ports: A=1'0, B=$flatten\u_core.$procmux$2856_Y [0], Y=$flatten\u_core.$procmux$3652_Y [0]
      New connections: $flatten\u_core.$procmux$3652_Y [15:1] = { $flatten\u_core.$procmux$3652_Y [0] $flatten\u_core.$procmux$3652_Y [0] $flatten\u_core.$procmux$3652_Y [0] $flatten\u_core.$procmux$3652_Y [0] $flatten\u_core.$procmux$3652_Y [0] $flatten\u_core.$procmux$3652_Y [0] $flatten\u_core.$procmux$3652_Y [0] $flatten\u_core.$procmux$3652_Y [0] $flatten\u_core.$procmux$3652_Y [0] $flatten\u_core.$procmux$3652_Y [0] $flatten\u_core.$procmux$3652_Y [0] $flatten\u_core.$procmux$3652_Y [0] $flatten\u_core.$procmux$3652_Y [0] $flatten\u_core.$procmux$3652_Y [0] $flatten\u_core.$procmux$3652_Y [0] }
  Optimizing cells in module \spark_chip.
    Consolidated identical input bits for $mux cell $flatten\u_core.$procmux$3960:
      Old ports: A=$flatten\u_core.$2$memwr$\nzc$../../rtl/spark_core.v:451$1220_EN[15:0]$1833, B=16'0000000000000000, Y=$flatten\u_core.$0$memwr$\nzc$../../rtl/spark_core.v:451$1220_EN[15:0]$1759
      New ports: A=$flatten\u_core.$procmux$3652_Y [0], B=1'0, Y=$flatten\u_core.$0$memwr$\nzc$../../rtl/spark_core.v:451$1220_EN[15:0]$1759 [0]
      New connections: $flatten\u_core.$0$memwr$\nzc$../../rtl/spark_core.v:451$1220_EN[15:0]$1759 [15:1] = { $flatten\u_core.$0$memwr$\nzc$../../rtl/spark_core.v:451$1220_EN[15:0]$1759 [0] $flatten\u_core.$0$memwr$\nzc$../../rtl/spark_core.v:451$1220_EN[15:0]$1759 [0] $flatten\u_core.$0$memwr$\nzc$../../rtl/spark_core.v:451$1220_EN[15:0]$1759 [0] $flatten\u_core.$0$memwr$\nzc$../../rtl/spark_core.v:451$1220_EN[15:0]$1759 [0] $flatten\u_core.$0$memwr$\nzc$../../rtl/spark_core.v:451$1220_EN[15:0]$1759 [0] $flatten\u_core.$0$memwr$\nzc$../../rtl/spark_core.v:451$1220_EN[15:0]$1759 [0] $flatten\u_core.$0$memwr$\nzc$../../rtl/spark_core.v:451$1220_EN[15:0]$1759 [0] $flatten\u_core.$0$memwr$\nzc$../../rtl/spark_core.v:451$1220_EN[15:0]$1759 [0] $flatten\u_core.$0$memwr$\nzc$../../rtl/spark_core.v:451$1220_EN[15:0]$1759 [0] $flatten\u_core.$0$memwr$\nzc$../../rtl/spark_core.v:451$1220_EN[15:0]$1759 [0] $flatten\u_core.$0$memwr$\nzc$../../rtl/spark_core.v:451$1220_EN[15:0]$1759 [0] $flatten\u_core.$0$memwr$\nzc$../../rtl/spark_core.v:451$1220_EN[15:0]$1759 [0] $flatten\u_core.$0$memwr$\nzc$../../rtl/spark_core.v:451$1220_EN[15:0]$1759 [0] $flatten\u_core.$0$memwr$\nzc$../../rtl/spark_core.v:451$1220_EN[15:0]$1759 [0] $flatten\u_core.$0$memwr$\nzc$../../rtl/spark_core.v:451$1220_EN[15:0]$1759 [0] }
  Optimizing cells in module \spark_chip.
Performed a total of 95 changes.

9.7.5. Executing OPT_MERGE pass (detect identical cells).
Finding identical cells in module `\spark_chip'.
<suppressed ~429 debug messages>
Removed a total of 143 cells.

9.7.6. Executing OPT_DFF pass (perform DFF optimizations).

9.7.7. Executing OPT_CLEAN pass (remove unused cells and wires).
Finding unused cells or wires in module \spark_chip..
Removed 0 unused cells and 1053 unused wires.
<suppressed ~1 debug messages>

9.7.8. Executing OPT_EXPR pass (perform const folding).
Optimizing module spark_chip.

9.7.9. Rerunning OPT passes. (Maybe there is more to do..)

9.7.10. Executing OPT_MUXTREE pass (detect dead branches in mux trees).
Running muxtree optimizer on module \spark_chip..
  Creating internal representation of mux trees.
  Evaluating internal representation of mux trees.
  Analyzing evaluation results.
Removed 0 multiplexer ports.
<suppressed ~205 debug messages>

9.7.11. Executing OPT_REDUCE pass (consolidate $*mux and $reduce_* inputs).
  Optimizing cells in module \spark_chip.
    New ctrl vector for $pmux cell $flatten\u_core.$procmux$4146: { $auto$opt_reduce.cc:134:opt_pmux$8552 $auto$opt_reduce.cc:134:opt_pmux$8542 }
    New ctrl vector for $pmux cell $flatten\u_rx.$procmux$6933: { $flatten\u_rx.$procmux$6945_CMP $flatten\u_rx.$procmux$6916_CMP $auto$opt_reduce.cc:134:opt_pmux$8554 }
  Optimizing cells in module \spark_chip.
Performed a total of 2 changes.

9.7.12. Executing OPT_MERGE pass (detect identical cells).
Finding identical cells in module `\spark_chip'.
Removed a total of 0 cells.

9.7.13. Executing OPT_DFF pass (perform DFF optimizations).

9.7.14. Executing OPT_CLEAN pass (remove unused cells and wires).
Finding unused cells or wires in module \spark_chip..

9.7.15. Executing OPT_EXPR pass (perform const folding).
Optimizing module spark_chip.

9.7.16. Rerunning OPT passes. (Maybe there is more to do..)

9.7.17. Executing OPT_MUXTREE pass (detect dead branches in mux trees).
Running muxtree optimizer on module \spark_chip..
  Creating internal representation of mux trees.
  Evaluating internal representation of mux trees.
  Analyzing evaluation results.
Removed 0 multiplexer ports.
<suppressed ~205 debug messages>

9.7.18. Executing OPT_REDUCE pass (consolidate $*mux and $reduce_* inputs).
  Optimizing cells in module \spark_chip.
Performed a total of 0 changes.

9.7.19. Executing OPT_MERGE pass (detect identical cells).
Finding identical cells in module `\spark_chip'.
Removed a total of 0 cells.

9.7.20. Executing OPT_DFF pass (perform DFF optimizations).

9.7.21. Executing OPT_CLEAN pass (remove unused cells and wires).
Finding unused cells or wires in module \spark_chip..

9.7.22. Executing OPT_EXPR pass (perform const folding).
Optimizing module spark_chip.

9.7.23. Finished OPT passes. (There is nothing left to do.)

9.8. Executing FSM pass (extract and optimize FSM).

9.8.1. Executing FSM_DETECT pass (finding FSMs in design).
Not marking spark_chip.rlen as FSM state register:
    Users of register don't seem to benefit from recoding.
Found FSM state register spark_chip.state.
Not marking spark_chip.u_core.path as FSM state register:
    Users of register don't seem to benefit from recoding.
Not marking spark_chip.u_core.state as FSM state register:
    Users of register don't seem to benefit from recoding.
Not marking spark_chip.u_core.stg as FSM state register:
    Users of register don't seem to benefit from recoding.
Not marking spark_chip.u_rx.state as FSM state register:
    Register has an initialization value.

9.8.2. Executing FSM_EXTRACT pass (extracting FSM from design).
Extracting FSM `\state' from module `\spark_chip'.
  found $dff cell for state register: $procdff$8389
  root of input selection tree: $0\state[2:0]
  found reset state: 3'000 (guessed from mux tree)
  found ctrl input: \rs [1]
  found ctrl input: $procmux$7111_CMP
  found ctrl input: $eq$../../rtl/spark_chip.v:117$998_Y
  found ctrl input: $eq$../../rtl/spark_chip.v:117$997_Y
  found ctrl input: $procmux$7935_CMP
  found ctrl input: $procmux$7224_CMP
  found ctrl input: $procmux$7450_CMP
  found ctrl input: $procmux$7818_CMP
  found state code: 3'000
  found ctrl input: $logic_and$../../rtl/spark_chip.v:108$989_Y
  found ctrl input: $eq$../../rtl/spark_chip.v:109$992_Y
  found ctrl input: \u_core.done
  found state code: 3'101
  found state code: 3'100
  found ctrl input: \u_rx.valid
  found state code: 3'011
  found ctrl input: $eq$../../rtl/spark_chip.v:94$975_Y
  found ctrl input: $eq$../../rtl/spark_chip.v:84$950_Y
  found ctrl input: $auto$opt_reduce.cc:134:opt_pmux$8548
  found ctrl input: $procmux$7953_CMP
  found ctrl input: $procmux$7954_CTRL
  found state code: 3'010
  found ctrl input: $eq$../../rtl/spark_chip.v:75$938_Y
  found state code: 3'110
  found state code: 3'001
  found ctrl output: $eq$../../rtl/spark_chip.v:117$997_Y
  found ctrl output: $eq$../../rtl/spark_chip.v:117$998_Y
  found ctrl output: $procmux$7111_CMP
  found ctrl output: $procmux$7224_CMP
  found ctrl output: $procmux$7450_CMP
  found ctrl output: $procmux$7818_CMP
  found ctrl output: $procmux$7935_CMP
  ctrl inputs: { $auto$opt_reduce.cc:134:opt_pmux$8548 \u_core.done \u_rx.valid $procmux$7954_CTRL $procmux$7953_CMP $eq$../../rtl/spark_chip.v:109$992_Y $logic_and$../../rtl/spark_chip.v:108$989_Y $eq$../../rtl/spark_chip.v:94$975_Y $eq$../../rtl/spark_chip.v:84$950_Y $eq$../../rtl/spark_chip.v:75$938_Y \rs [1] }
  ctrl outputs: { $procmux$7935_CMP $procmux$7818_CMP $procmux$7450_CMP $procmux$7224_CMP $procmux$7111_CMP $eq$../../rtl/spark_chip.v:117$998_Y $eq$../../rtl/spark_chip.v:117$997_Y $0\state[2:0] }
  transition:      3'000 11'--0-------0 ->      3'000 10'0100000000
  transition:      3'000 11'0-100-----0 ->      3'000 10'0100000000
  transition:      3'000 11'--11-----00 ->      3'110 10'0100000110
  transition:      3'000 11'--11-----10 ->      3'001 10'0100000001
  transition:      3'000 11'--1-1-----0 ->      3'010 10'0100000010
  transition:      3'000 11'1-1-------0 ->      3'101 10'0100000101
  transition:      3'000 11'----------1 ->      3'000 10'0100000000
  transition:      3'100 11'-0--------0 ->      3'100 10'0000010100
  transition:      3'100 11'-1--------0 ->      3'101 10'0000010101
  transition:      3'100 11'----------1 ->      3'000 10'0000010000
  transition:      3'010 11'--0-------0 ->      3'010 10'1000000010
  transition:      3'010 11'--1-------0 ->      3'011 10'1000000011
  transition:      3'010 11'----------1 ->      3'000 10'1000000000
  transition:      3'110 11'--0-------0 ->      3'110 10'0001000110
  transition:      3'110 11'--1----0--0 ->      3'110 10'0001000110
  transition:      3'110 11'--1----1--0 ->      3'101 10'0001000101
  transition:      3'110 11'----------1 ->      3'000 10'0001000000
  transition:      3'001 11'--0-------0 ->      3'001 10'0010000001
  transition:      3'001 11'--1-----0-0 ->      3'001 10'0010000001
  transition:      3'001 11'--1-----1-0 ->      3'101 10'0010000101
  transition:      3'001 11'----------1 ->      3'000 10'0010000000
  transition:      3'101 11'------0---0 ->      3'101 10'0000100101
  transition:      3'101 11'-----01---0 ->      3'101 10'0000100101
  transition:      3'101 11'-----11---0 ->      3'000 10'0000100000
  transition:      3'101 11'----------1 ->      3'000 10'0000100000
  transition:      3'011 11'----------0 ->      3'100 10'0000001100
  transition:      3'011 11'----------1 ->      3'000 10'0000001000

9.8.3. Executing FSM_OPT pass (simple optimizations of FSMs).
Optimizing FSM `$fsm$\state$8555' from module `\spark_chip'.

9.8.4. Executing OPT_CLEAN pass (remove unused cells and wires).
Finding unused cells or wires in module \spark_chip..
Removed 21 unused cells and 21 unused wires.
<suppressed ~22 debug messages>

9.8.5. Executing FSM_OPT pass (simple optimizations of FSMs).
Optimizing FSM `$fsm$\state$8555' from module `\spark_chip'.
  Removing unused output signal $0\state[2:0] [0].
  Removing unused output signal $0\state[2:0] [1].
  Removing unused output signal $0\state[2:0] [2].

9.8.6. Executing FSM_RECODE pass (re-assigning FSM state encoding).
Recoding FSM `$fsm$\state$8555' from module `\spark_chip' using `auto' encoding:
  mapping auto encoding to `one-hot` for this FSM.
  000 -> ------1
  100 -> -----1-
  010 -> ----1--
  110 -> ---1---
  001 -> --1----
  101 -> -1-----
  011 -> 1------

9.8.7. Executing FSM_INFO pass (dumping all available information on FSM cells).

FSM `$fsm$\state$8555' from module `spark_chip':
-------------------------------------

  Information on FSM $fsm$\state$8555 (\state):

  Number of input signals:   11
  Number of output signals:   7
  Number of state bits:       7

  Input signals:
    0: \rs [1]
    1: $eq$../../rtl/spark_chip.v:75$938_Y
    2: $eq$../../rtl/spark_chip.v:84$950_Y
    3: $eq$../../rtl/spark_chip.v:94$975_Y
    4: $logic_and$../../rtl/spark_chip.v:108$989_Y
    5: $eq$../../rtl/spark_chip.v:109$992_Y
    6: $procmux$7953_CMP
    7: $procmux$7954_CTRL
    8: \u_rx.valid
    9: \u_core.done
   10: $auto$opt_reduce.cc:134:opt_pmux$8548

  Output signals:
    0: $eq$../../rtl/spark_chip.v:117$997_Y
    1: $eq$../../rtl/spark_chip.v:117$998_Y
    2: $procmux$7111_CMP
    3: $procmux$7224_CMP
    4: $procmux$7450_CMP
    5: $procmux$7818_CMP
    6: $procmux$7935_CMP

  State encoding:
    0:  7'------1  <RESET STATE>
    1:  7'-----1-
    2:  7'----1--
    3:  7'---1---
    4:  7'--1----
    5:  7'-1-----
    6:  7'1------

  Transition Table (state_in, ctrl_in, state_out, ctrl_out):
      0:     0 11'0-100-----0   ->     0 7'0100000
      1:     0 11'--0-------0   ->     0 7'0100000
      2:     0 11'----------1   ->     0 7'0100000
      3:     0 11'--1-1-----0   ->     2 7'0100000
      4:     0 11'--11-----00   ->     3 7'0100000
      5:     0 11'--11-----10   ->     4 7'0100000
      6:     0 11'1-1-------0   ->     5 7'0100000
      7:     1 11'----------1   ->     0 7'0000010
      8:     1 11'-0--------0   ->     1 7'0000010
      9:     1 11'-1--------0   ->     5 7'0000010
     10:     2 11'----------1   ->     0 7'1000000
     11:     2 11'--0-------0   ->     2 7'1000000
     12:     2 11'--1-------0   ->     6 7'1000000
     13:     3 11'----------1   ->     0 7'0001000
     14:     3 11'--1----0--0   ->     3 7'0001000
     15:     3 11'--0-------0   ->     3 7'0001000
     16:     3 11'--1----1--0   ->     5 7'0001000
     17:     4 11'----------1   ->     0 7'0010000
     18:     4 11'--1-----0-0   ->     4 7'0010000
     19:     4 11'--0-------0   ->     4 7'0010000
     20:     4 11'--1-----1-0   ->     5 7'0010000
     21:     5 11'-----11---0   ->     0 7'0000100
     22:     5 11'----------1   ->     0 7'0000100
     23:     5 11'------0---0   ->     5 7'0000100
     24:     5 11'-----01---0   ->     5 7'0000100
     25:     6 11'----------1   ->     0 7'0000001
     26:     6 11'----------0   ->     1 7'0000001

-------------------------------------

9.8.8. Executing FSM_MAP pass (mapping FSMs to basic logic).
Mapping FSM `$fsm$\state$8555' from module `\spark_chip'.

9.9. Executing OPT pass (performing simple optimizations).

9.9.1. Executing OPT_EXPR pass (perform const folding).
Optimizing module spark_chip.
<suppressed ~8 debug messages>

9.9.2. Executing OPT_MERGE pass (detect identical cells).
Finding identical cells in module `\spark_chip'.
<suppressed ~9 debug messages>
Removed a total of 3 cells.

9.9.3. Executing OPT_MUXTREE pass (detect dead branches in mux trees).
Running muxtree optimizer on module \spark_chip..
  Creating internal representation of mux trees.
  Evaluating internal representation of mux trees.
  Analyzing evaluation results.
Removed 0 multiplexer ports.
<suppressed ~204 debug messages>

9.9.4. Executing OPT_REDUCE pass (consolidate $*mux and $reduce_* inputs).
  Optimizing cells in module \spark_chip.
Performed a total of 0 changes.

9.9.5. Executing OPT_MERGE pass (detect identical cells).
Finding identical cells in module `\spark_chip'.
Removed a total of 0 cells.

9.9.6. Executing OPT_DFF pass (perform DFF optimizations).
Adding EN signal on $procdff$8403 ($dff) from module spark_chip (D = \chk, Q = \rbuf[6]).
Adding EN signal on $procdff$8402 ($dff) from module spark_chip (D = \u_core.tok_cycles [31:24], Q = \rbuf[5]).
Adding EN signal on $procdff$8401 ($dff) from module spark_chip (D = \u_core.tok_cycles [23:16], Q = \rbuf[4]).
Adding EN signal on $procdff$8400 ($dff) from module spark_chip (D = \u_core.tok_cycles [15:8], Q = \rbuf[3]).
Adding EN signal on $procdff$8399 ($dff) from module spark_chip (D = \u_core.tok_cycles [7:0], Q = \rbuf[2]).
Adding EN signal on $procdff$8398 ($dff) from module spark_chip (D = { 6'000000 \u_core.path }, Q = \rbuf[1]).
Adding EN signal on $procdff$8397 ($dff) from module spark_chip (D = $procmux$7797_Y, Q = \rbuf[0]).
Adding SRST signal on $procdff$8395 ($dff) from module spark_chip (D = $procmux$7826_Y, Q = \tok_t, rval = 1'0).
Adding EN signal on $auto$ff.cc:266:slice$8707 ($sdff) from module spark_chip (D = $not$../../rtl/spark_chip.v:103$984_Y, Q = \tok_t).
Adding SRST signal on $procdff$8394 ($dff) from module spark_chip (D = $procmux$7842_Y, Q = \marker, rval = 1'0).
Adding EN signal on $auto$ff.cc:266:slice$8711 ($sdff) from module spark_chip (D = \u_rx.data [0], Q = \marker).
Adding SRST signal on $procdff$8393 ($dff) from module spark_chip (D = $procmux$7851_Y, Q = \rlen, rval = 4'0000).
Adding EN signal on $auto$ff.cc:266:slice$8715 ($sdff) from module spark_chip (D = $procmux$7851_Y, Q = \rlen).
Adding SRST signal on $procdff$8392 ($dff) from module spark_chip (D = $procmux$7883_Y, Q = \cnt, rval = 4'0000).
Adding EN signal on $auto$ff.cc:266:slice$8735 ($sdff) from module spark_chip (D = $procmux$7883_Y, Q = \cnt).
Adding SRST signal on $procdff$8391 ($dff) from module spark_chip (D = $procmux$7710_Y, Q = \tx_send, rval = 1'0).
Adding SRST signal on $procdff$8390 ($dff) from module spark_chip (D = $procmux$7915_Y, Q = \tx_data, rval = 8'00000000).
Adding EN signal on $auto$ff.cc:266:slice$8760 ($sdff) from module spark_chip (D = $5$mem2reg_rd$\rbuf$../../rtl/spark_chip.v:110$871_DATA[7:0]$995, Q = \tx_data).
Adding SRST signal on $procdff$8388 ($dff) from module spark_chip (D = $procmux$7972_Y, Q = \ld_data, rval = 0).
Adding EN signal on $auto$ff.cc:266:slice$8766 ($sdff) from module spark_chip (D = { \u_rx.data $memrd$\cfgb$../../rtl/spark_chip.v:87$967_DATA $memrd$\cfgb$../../rtl/spark_chip.v:87$966_DATA $memrd$\cfgb$../../rtl/spark_chip.v:87$965_DATA }, Q = \ld_data).
Adding SRST signal on $procdff$8387 ($dff) from module spark_chip (D = $procmux$7988_Y, Q = \ld_addr, rval = 12'000000000000).
Adding EN signal on $auto$ff.cc:266:slice$8770 ($sdff) from module spark_chip (D = { $memrd$\cfgb$../../rtl/spark_chip.v:87$964_DATA [3:0] $memrd$\cfgb$../../rtl/spark_chip.v:87$963_DATA }, Q = \ld_addr).
Adding SRST signal on $procdff$8386 ($dff) from module spark_chip (D = $procmux$8004_Y, Q = \ld_sel, rval = 3'000).
Adding EN signal on $auto$ff.cc:266:slice$8774 ($sdff) from module spark_chip (D = $memrd$\cfgb$../../rtl/spark_chip.v:85$957_DATA [2:0], Q = \ld_sel).
Adding SRST signal on $procdff$8385 ($dff) from module spark_chip (D = $procmux$7698_Y, Q = \ld_we, rval = 1'0).
Adding SRST signal on $procdff$8384 ($dff) from module spark_chip (D = $procmux$8021_Y, Q = \thr_en, rval = 1'1).
Adding EN signal on $auto$ff.cc:266:slice$8785 ($sdff) from module spark_chip (D = $memrd$\cfgb$../../rtl/spark_chip.v:85$957_DATA [5], Q = \thr_en).
Adding SRST signal on $procdff$8383 ($dff) from module spark_chip (D = $procmux$8038_Y, Q = \adapt_en, rval = 1'0).
Adding EN signal on $auto$ff.cc:266:slice$8789 ($sdff) from module spark_chip (D = $memrd$\cfgb$../../rtl/spark_chip.v:85$957_DATA [4], Q = \adapt_en).
Adding SRST signal on $procdff$8382 ($dff) from module spark_chip (D = $procmux$8055_Y, Q = \arb_th, rval = 16'0000000001000000).
Adding EN signal on $auto$ff.cc:266:slice$8793 ($sdff) from module spark_chip (D = { 8'00000000 \u_rx.data [7:4] 4'0000 }, Q = \arb_th).
Adding SRST signal on $procdff$8381 ($dff) from module spark_chip (D = $procmux$8072_Y, Q = \recall_mode, rval = 2'00).
Adding EN signal on $auto$ff.cc:266:slice$8797 ($sdff) from module spark_chip (D = \u_rx.data [3:2], Q = \recall_mode).
Adding SRST signal on $procdff$8380 ($dff) from module spark_chip (D = $procmux$8089_Y, Q = \conf_th, rval = 2'01).
Adding EN signal on $auto$ff.cc:266:slice$8801 ($sdff) from module spark_chip (D = \u_rx.data [1:0], Q = \conf_th).
Adding SRST signal on $procdff$8379 ($dff) from module spark_chip (D = $procmux$8106_Y, Q = \exit_th, rval = 64).
Adding EN signal on $auto$ff.cc:266:slice$8805 ($sdff) from module spark_chip (D = { $memrd$\cfgb$../../rtl/spark_chip.v:87$968_DATA $memrd$\cfgb$../../rtl/spark_chip.v:87$967_DATA $memrd$\cfgb$../../rtl/spark_chip.v:87$966_DATA $memrd$\cfgb$../../rtl/spark_chip.v:87$965_DATA }, Q = \exit_th).
Adding SRST signal on $procdff$8378 ($dff) from module spark_chip (D = $procmux$8123_Y, Q = \cap, rval = 16'0000000000000000).
Adding EN signal on $auto$ff.cc:266:slice$8809 ($sdff) from module spark_chip (D = { $memrd$\cfgb$../../rtl/spark_chip.v:87$964_DATA $memrd$\cfgb$../../rtl/spark_chip.v:87$963_DATA }, Q = \cap).
Adding SRST signal on $procdff$8377 ($dff) from module spark_chip (D = $procmux$8140_Y, Q = \recall_en, rval = 1'0).
Adding EN signal on $auto$ff.cc:266:slice$8813 ($sdff) from module spark_chip (D = $memrd$\cfgb$../../rtl/spark_chip.v:85$957_DATA [3], Q = \recall_en).
Adding SRST signal on $procdff$8376 ($dff) from module spark_chip (D = $procmux$8157_Y, Q = \exit_en, rval = 1'0).
Adding EN signal on $auto$ff.cc:266:slice$8817 ($sdff) from module spark_chip (D = $memrd$\cfgb$../../rtl/spark_chip.v:85$957_DATA [2], Q = \exit_en).
Adding SRST signal on $procdff$8375 ($dff) from module spark_chip (D = $procmux$8174_Y, Q = \delta_en, rval = 1'0).
Adding EN signal on $auto$ff.cc:266:slice$8821 ($sdff) from module spark_chip (D = $memrd$\cfgb$../../rtl/spark_chip.v:85$957_DATA [1], Q = \delta_en).
Adding SRST signal on $procdff$8374 ($dff) from module spark_chip (D = $procmux$8191_Y, Q = \sparse_en, rval = 1'1).
Adding EN signal on $auto$ff.cc:266:slice$8825 ($sdff) from module spark_chip (D = $memrd$\cfgb$../../rtl/spark_chip.v:85$957_DATA [0], Q = \sparse_en).
Adding SRST signal on $procdff$8373 ($dff) from module spark_chip (D = $procmux$8202_Y, Q = \in_byte, rval = 8'00000000).
Adding EN signal on $auto$ff.cc:266:slice$8829 ($sdff) from module spark_chip (D = \u_rx.data, Q = \in_byte).
Adding SRST signal on $procdff$8372 ($dff) from module spark_chip (D = $procmux$7734_Y, Q = \start, rval = 1'0).
Adding SRST signal on $flatten\u_tx.$procdff$8370 ($dff) from module spark_chip (D = $flatten\u_tx.$procmux$7036_Y, Q = \u_tx.act, rval = 1'0).
Adding EN signal on $flatten\u_tx.$procdff$8369 ($dff) from module spark_chip (D = $flatten\u_tx.$procmux$7050_Y, Q = \u_tx.sh).
Adding SRST signal on $flatten\u_tx.$procdff$8368 ($dff) from module spark_chip (D = $flatten\u_tx.$procmux$7064_Y, Q = \u_tx.bitn, rval = 4'0000).
Adding EN signal on $auto$ff.cc:266:slice$8846 ($sdff) from module spark_chip (D = $flatten\u_tx.$procmux$7064_Y, Q = \u_tx.bitn).
Adding SRST signal on $flatten\u_tx.$procdff$8367 ($dff) from module spark_chip (D = $flatten\u_tx.$procmux$7078_Y, Q = \u_tx.tx, rval = 1'1).
Adding EN signal on $auto$ff.cc:266:slice$8856 ($sdff) from module spark_chip (D = $flatten\u_tx.$procmux$7078_Y, Q = \u_tx.tx).
Adding SRST signal on $flatten\u_tx.$procdff$8366 ($dff) from module spark_chip (D = $flatten\u_tx.$procmux$7089_Y, Q = \u_tx.cnt, rval = 16'0000000000000000).
Adding EN signal on $auto$ff.cc:266:slice$8860 ($sdff) from module spark_chip (D = $flatten\u_tx.$procmux$7089_Y, Q = \u_tx.cnt).
Adding EN signal on $flatten\u_rx.$procdff$8335 ($dff) from module spark_chip (D = { \u_rx.rx_s \u_rx.sh [7:1] }, Q = \u_rx.sh).
Adding SRST signal on $flatten\u_rx.$procdff$8334 ($dff) from module spark_chip (D = $flatten\u_rx.$procmux$6908_Y, Q = \u_rx.bitn, rval = 3'000).
Adding EN signal on $auto$ff.cc:266:slice$8869 ($sdff) from module spark_chip (D = $flatten\u_rx.$procmux$6908_Y, Q = \u_rx.bitn).
Adding SRST signal on $flatten\u_rx.$procdff$8333 ($dff) from module spark_chip (D = $flatten\u_rx.$procmux$6886_Y, Q = \u_rx.valid, rval = 1'0).
Adding EN signal on $flatten\u_rx.$procdff$8332 ($dff) from module spark_chip (D = \u_rx.sh, Q = \u_rx.data).
Adding SRST signal on $flatten\u_rx.$procdff$8331 ($dff) from module spark_chip (D = $flatten\u_rx.$procmux$6933_Y, Q = \u_rx.cnt, rval = 16'0000000000000000).
Adding EN signal on $auto$ff.cc:266:slice$8893 ($sdff) from module spark_chip (D = $flatten\u_rx.$procmux$6933_Y, Q = \u_rx.cnt).
Adding SRST signal on $flatten\u_rx.$procdff$8330 ($dff) from module spark_chip (D = $flatten\u_rx.$procmux$6952_Y, Q = \u_rx.state, rval = 2'00).
Adding EN signal on $auto$ff.cc:266:slice$8901 ($sdff) from module spark_chip (D = $flatten\u_rx.$procmux$6952_Y, Q = \u_rx.state).
Adding SRST signal on $flatten\u_core.$procdff$8329 ($dff) from module spark_chip (D = $flatten\u_core.$procmux$4905_Y, Q = \u_core.start_q, rval = 1'0).
Adding EN signal on $auto$ff.cc:266:slice$8917 ($sdff) from module spark_chip (D = $flatten\u_core.$procmux$4905_Y, Q = \u_core.start_q).
Adding SRST signal on $flatten\u_core.$procdff$8328 ($dff) from module spark_chip (D = $flatten\u_core.$procmux$4912_Y, Q = \u_core.zbusy, rval = 1'1).
Adding SRST signal on $flatten\u_core.$procdff$8327 ($dff) from module spark_chip (D = $flatten\u_core.$procmux$4917_Y, Q = \u_core.zc, rval = 10'0000000000).
Adding EN signal on $auto$ff.cc:266:slice$8922 ($sdff) from module spark_chip (D = $flatten\u_core.$add$../../rtl/spark_core.v:358$1718_Y, Q = \u_core.zc).
Adding EN signal on $flatten\u_core.$procdff$8289 ($dff) from module spark_chip (D = $flatten\u_core.$procmux$4062_Y, Q = \u_core.q).
Adding EN signal on $flatten\u_core.$procdff$8288 ($dff) from module spark_chip (D = $flatten\u_core.$or$../../rtl/spark_core.v:0$2009_Y, Q = \u_core.s_neww).
Adding EN signal on $flatten\u_core.$procdff$8287 ($dff) from module spark_chip (D = $flatten\u_core.$or$../../rtl/spark_core.v:0$1997_Y, Q = \u_core.h_neww).
Adding EN signal on $flatten\u_core.$procdff$8286 ($dff) from module spark_chip (D = $flatten\u_core.$ternary$../../rtl/spark_core.v:475$1984_Y, Q = \u_core.po_th).
Adding EN signal on $flatten\u_core.$procdff$8285 ($dff) from module spark_chip (D = $flatten\u_core.$3$mem2reg_rd$\h_rd$../../rtl/spark_core.v:474$1210_DATA[127:0]$1983, Q = \u_core.po_h).
Adding EN signal on $flatten\u_core.$procdff$8284 ($dff) from module spark_chip (D = \u_core.acc_rd_s, Q = \u_core.po_acc).
Adding EN signal on $flatten\u_core.$procdff$8283 ($dff) from module spark_chip (D = $flatten\u_core.$procmux$4104_Y, Q = \u_core.idx).
Adding EN signal on $flatten\u_core.$procdff$8282 ($dff) from module spark_chip (D = $flatten\u_core.$procmux$4119_Y, Q = \u_core.t2).
Adding EN signal on $flatten\u_core.$procdff$8281 ($dff) from module spark_chip (D = $flatten\u_core.$procmux$4134_Y, Q = \u_core.t1).
Adding EN signal on $flatten\u_core.$procdff$8280 ($dff) from module spark_chip (D = $flatten\u_core.$procmux$4146_Y, Q = \u_core.m).
Adding EN signal on $flatten\u_core.$procdff$8279 ($dff) from module spark_chip (D = $flatten\u_core.$procmux$4168_Y, Q = \u_core.e).
Adding EN signal on $flatten\u_core.$procdff$8278 ($dff) from module spark_chip (D = $flatten\u_core.$5$mem2reg_rd$\vlat$../../rtl/spark_core.v:447$1208_DATA[4:0]$1933, Q = \u_core.ev_v).
Adding EN signal on $flatten\u_core.$procdff$8277 ($dff) from module spark_chip (D = $flatten\u_core.$add$../../rtl/spark_core.v:446$1932_Y [7:0], Q = \u_core.ev_j).
Adding EN signal on $flatten\u_core.$procdff$8276 ($dff) from module spark_chip (D = $flatten\u_core.$2$lookahead\sentw$1724[31:0]$1835, Q = \u_core.sentw).
Adding EN signal on $flatten\u_core.$procdff$8275 ($dff) from module spark_chip (D = \u_core.src_rd, Q = \u_core.srcw).
Adding EN signal on $flatten\u_core.$procdff$8274 ($dff) from module spark_chip (D = $flatten\u_core.$2$lookahead\mask$1723[7:0]$1834, Q = \u_core.mask).
Adding EN signal on $flatten\u_core.$procdff$8273 ($dff) from module spark_chip (D = $flatten\u_core.$procmux$4245_Y, Q = \u_core.c).
Adding SRST signal on $flatten\u_core.$procdff$8272 ($dff) from module spark_chip (D = $flatten\u_core.$procmux$4280_Y, Q = \u_core.started, rval = 2'00).
Adding EN signal on $auto$ff.cc:266:slice$9065 ($sdff) from module spark_chip (D = $flatten\u_core.$add$../../rtl/spark_core.v:379$1850_Y, Q = \u_core.started).
Adding SRST signal on $flatten\u_core.$procdff$8271 ($dff) from module spark_chip (D = $flatten\u_core.$procmux$4308_Y, Q = \u_core.hist2, rval = 8'00000000).
Adding EN signal on $auto$ff.cc:266:slice$9069 ($sdff) from module spark_chip (D = \u_core.hist1, Q = \u_core.hist2).
Adding SRST signal on $flatten\u_core.$procdff$8270 ($dff) from module spark_chip (D = $flatten\u_core.$procmux$4336_Y, Q = \u_core.hist1, rval = 8'00000000).
Adding EN signal on $auto$ff.cc:266:slice$9073 ($sdff) from module spark_chip (D = \u_core.byte_r, Q = \u_core.hist1).
Adding SRST signal on $flatten\u_core.$procdff$8269 ($dff) from module spark_chip (D = $flatten\u_core.$procmux$4358_Y, Q = \u_core.ctx_prev, rval = 0).
Adding EN signal on $auto$ff.cc:266:slice$9077 ($sdff) from module spark_chip (D = $flatten\u_core.$procmux$4358_Y, Q = \u_core.ctx_prev).
Adding SRST signal on $flatten\u_core.$procdff$8268 ($dff) from module spark_chip (D = $flatten\u_core.$procmux$4388_Y, Q = \u_core.ctx, rval = 0).
Adding EN signal on $auto$ff.cc:266:slice$9087 ($sdff) from module spark_chip (D = { 8'00000000 \u_core.ctx_prev [15:0] \u_core.byte_r }, Q = \u_core.ctx).
Adding SRST signal on $flatten\u_core.$procdff$8267 ($dff) from module spark_chip (D = $flatten\u_core.$procmux$4416_Y, Q = \u_core.byte_r, rval = 8'00000000).
Adding EN signal on $auto$ff.cc:266:slice$9089 ($sdff) from module spark_chip (D = \in_byte, Q = \u_core.byte_r).
Adding SRST signal on $flatten\u_core.$procdff$8266 ($dff) from module spark_chip (D = $flatten\u_core.$procmux$4434_Y, Q = \u_core.stg, rval = 2'00).
Adding EN signal on $auto$ff.cc:266:slice$9093 ($sdff) from module spark_chip (D = $flatten\u_core.$procmux$4434_Y, Q = \u_core.stg).
Adding SRST signal on $flatten\u_core.$procdff$8265 ($dff) from module spark_chip (D = $flatten\u_core.$procmux$4475_Y, Q = \u_core.rec_val, rval = 8'00000000).
Adding EN signal on $auto$ff.cc:266:slice$9111 ($sdff) from module spark_chip (D = \u_core.u_tab_dat.u.row [9:2], Q = \u_core.rec_val).
Adding SRST signal on $flatten\u_core.$procdff$8264 ($dff) from module spark_chip (D = $flatten\u_core.$procmux$4502_Y, Q = \u_core.rec_hit, rval = 1'0).
Adding EN signal on $auto$ff.cc:266:slice$9117 ($sdff) from module spark_chip (D = $flatten\u_core.$procmux$4502_Y, Q = \u_core.rec_hit).
Adding SRST signal on $flatten\u_core.$procdff$8263 ($dff) from module spark_chip (D = $flatten\u_core.$procmux$4534_Y, Q = \u_core.tokq, rval = 16'0000000000000000).
Adding EN signal on $auto$ff.cc:266:slice$9129 ($sdff) from module spark_chip (D = \u_core.tokcnt, Q = \u_core.tokq).
Adding SRST signal on $flatten\u_core.$procdff$8262 ($dff) from module spark_chip (D = $flatten\u_core.$procmux$4562_Y, Q = \u_core.tokcnt, rval = 16'0000000000000000).
Adding EN signal on $auto$ff.cc:266:slice$9133 ($sdff) from module spark_chip (D = $flatten\u_core.$add$../../rtl/spark_core.v:380$1851_Y, Q = \u_core.tokcnt).
Adding SRST signal on $flatten\u_core.$procdff$8261 ($dff) from module spark_chip (D = $flatten\u_core.$procmux$4576_Y, Q = \u_core.score, rval = 4'1000).
Adding EN signal on $auto$ff.cc:266:slice$9137 ($sdff) from module spark_chip (D = $flatten\u_core.$procmux$4572_Y, Q = \u_core.score).
Adding EN signal on $flatten\u_core.$procdff$8260 ($dff) from module spark_chip (D = $flatten\u_core.$procmux$4597_Y, Q = \u_core.n_dl).
Adding EN signal on $flatten\u_core.$procdff$8259 ($dff) from module spark_chip (D = $flatten\u_core.$procmux$4619_Y, Q = \u_core.n_nz).
Adding EN signal on $flatten\u_core.$procdff$8258 ($dff) from module spark_chip (D = $flatten\u_core.$le$../../rtl/spark_core.v:419$1870_Y, Q = \u_core.use_delta).
Adding SRST signal on $flatten\u_core.$procdff$8257 ($dff) from module spark_chip (D = $flatten\u_core.$procmux$4659_Y, Q = \u_core.state, rval = 5'00000).
Adding EN signal on $auto$ff.cc:266:slice$9164 ($sdff) from module spark_chip (D = $flatten\u_core.$procmux$4659_Y, Q = \u_core.state).
Adding EN signal on $flatten\u_core.$procdff$8251 ($dff) from module spark_chip (D = $flatten\u_core.$procmux$4841_Y, Q = \u_core.tok_cycles).
Adding EN signal on $flatten\u_core.$procdff$8250 ($dff) from module spark_chip (D = $flatten\u_core.$procmux$4862_Y, Q = \u_core.path).
Adding EN signal on $flatten\u_core.$procdff$8249 ($dff) from module spark_chip (D = $flatten\u_core.$procmux$4890_Y, Q = \u_core.pred).
Adding SRST signal on $flatten\u_core.$procdff$8248 ($dff) from module spark_chip (D = $flatten\u_core.$procmux$3942_Y, Q = \u_core.done, rval = 1'0).
Setting constant 0-bit at position 24 on $auto$ff.cc:266:slice$9088 ($sdffe) from module spark_chip.
Setting constant 0-bit at position 25 on $auto$ff.cc:266:slice$9088 ($sdffe) from module spark_chip.
Setting constant 0-bit at position 26 on $auto$ff.cc:266:slice$9088 ($sdffe) from module spark_chip.
Setting constant 0-bit at position 27 on $auto$ff.cc:266:slice$9088 ($sdffe) from module spark_chip.
Setting constant 0-bit at position 28 on $auto$ff.cc:266:slice$9088 ($sdffe) from module spark_chip.
Setting constant 0-bit at position 29 on $auto$ff.cc:266:slice$9088 ($sdffe) from module spark_chip.
Setting constant 0-bit at position 30 on $auto$ff.cc:266:slice$9088 ($sdffe) from module spark_chip.
Setting constant 0-bit at position 31 on $auto$ff.cc:266:slice$9088 ($sdffe) from module spark_chip.
Setting constant 0-bit at position 0 on $auto$ff.cc:266:slice$8794 ($sdffe) from module spark_chip.
Setting constant 0-bit at position 1 on $auto$ff.cc:266:slice$8794 ($sdffe) from module spark_chip.
Setting constant 0-bit at position 2 on $auto$ff.cc:266:slice$8794 ($sdffe) from module spark_chip.
Setting constant 0-bit at position 3 on $auto$ff.cc:266:slice$8794 ($sdffe) from module spark_chip.
Setting constant 0-bit at position 8 on $auto$ff.cc:266:slice$8794 ($sdffe) from module spark_chip.
Setting constant 0-bit at position 9 on $auto$ff.cc:266:slice$8794 ($sdffe) from module spark_chip.
Setting constant 0-bit at position 10 on $auto$ff.cc:266:slice$8794 ($sdffe) from module spark_chip.
Setting constant 0-bit at position 11 on $auto$ff.cc:266:slice$8794 ($sdffe) from module spark_chip.
Setting constant 0-bit at position 12 on $auto$ff.cc:266:slice$8794 ($sdffe) from module spark_chip.
Setting constant 0-bit at position 13 on $auto$ff.cc:266:slice$8794 ($sdffe) from module spark_chip.
Setting constant 0-bit at position 14 on $auto$ff.cc:266:slice$8794 ($sdffe) from module spark_chip.
Setting constant 0-bit at position 15 on $auto$ff.cc:266:slice$8794 ($sdffe) from module spark_chip.
Setting constant 0-bit at position 2 on $auto$ff.cc:266:slice$8681 ($dffe) from module spark_chip.
Setting constant 0-bit at position 3 on $auto$ff.cc:266:slice$8681 ($dffe) from module spark_chip.
Setting constant 0-bit at position 4 on $auto$ff.cc:266:slice$8681 ($dffe) from module spark_chip.
Setting constant 0-bit at position 5 on $auto$ff.cc:266:slice$8681 ($dffe) from module spark_chip.
Setting constant 0-bit at position 6 on $auto$ff.cc:266:slice$8681 ($dffe) from module spark_chip.
Setting constant 0-bit at position 7 on $auto$ff.cc:266:slice$8681 ($dffe) from module spark_chip.

9.9.7. Executing OPT_CLEAN pass (remove unused cells and wires).
Finding unused cells or wires in module \spark_chip..
Removed 190 unused cells and 204 unused wires.
<suppressed ~191 debug messages>

9.9.8. Executing OPT_EXPR pass (perform const folding).
Optimizing module spark_chip.
<suppressed ~25 debug messages>

9.9.9. Rerunning OPT passes. (Maybe there is more to do..)

9.9.10. Executing OPT_MUXTREE pass (detect dead branches in mux trees).
Running muxtree optimizer on module \spark_chip..
  Creating internal representation of mux trees.
  Evaluating internal representation of mux trees.
  Analyzing evaluation results.
Removed 0 multiplexer ports.
<suppressed ~163 debug messages>

9.9.11. Executing OPT_REDUCE pass (consolidate $*mux and $reduce_* inputs).
  Optimizing cells in module \spark_chip.
Performed a total of 0 changes.

9.9.12. Executing OPT_MERGE pass (detect identical cells).
Finding identical cells in module `\spark_chip'.
<suppressed ~318 debug messages>
Removed a total of 106 cells.

9.9.13. Executing OPT_DFF pass (perform DFF optimizations).

9.9.14. Executing OPT_CLEAN pass (remove unused cells and wires).
Finding unused cells or wires in module \spark_chip..
Removed 0 unused cells and 106 unused wires.
<suppressed ~1 debug messages>

9.9.15. Executing OPT_EXPR pass (perform const folding).
Optimizing module spark_chip.

9.9.16. Rerunning OPT passes. (Maybe there is more to do..)

9.9.17. Executing OPT_MUXTREE pass (detect dead branches in mux trees).
Running muxtree optimizer on module \spark_chip..
  Creating internal representation of mux trees.
  Evaluating internal representation of mux trees.
  Analyzing evaluation results.
Removed 0 multiplexer ports.
<suppressed ~164 debug messages>

9.9.18. Executing OPT_REDUCE pass (consolidate $*mux and $reduce_* inputs).
  Optimizing cells in module \spark_chip.
Performed a total of 0 changes.

9.9.19. Executing OPT_MERGE pass (detect identical cells).
Finding identical cells in module `\spark_chip'.
Removed a total of 0 cells.

9.9.20. Executing OPT_DFF pass (perform DFF optimizations).

9.9.21. Executing OPT_CLEAN pass (remove unused cells and wires).
Finding unused cells or wires in module \spark_chip..

9.9.22. Executing OPT_EXPR pass (perform const folding).
Optimizing module spark_chip.

9.9.23. Finished OPT passes. (There is nothing left to do.)

9.10. Executing WREDUCE pass (reducing word size of cells).
Removed top 30 address bits (of 32) from memory init port spark_chip.$flatten\u_core.$auto$proc_memwr.cc:45:proc_memwr$8421 (u_core.nzc).
Removed top 30 address bits (of 32) from memory init port spark_chip.$flatten\u_core.$auto$proc_memwr.cc:45:proc_memwr$8423 (u_core.nzc).
Removed top 30 address bits (of 32) from memory init port spark_chip.$flatten\u_core.$auto$proc_memwr.cc:45:proc_memwr$8425 (u_core.nzc).
Removed top 30 address bits (of 32) from memory init port spark_chip.$flatten\u_core.$auto$proc_memwr.cc:45:proc_memwr$8427 (u_core.nzc).
Removed top 2 address bits (of 6) from memory init port spark_chip.$flatten\u_core.\u_acc0.$auto$proc_memwr.cc:45:proc_memwr$8434 (u_core.u_acc0.mem).
Removed top 2 address bits (of 6) from memory read port spark_chip.$flatten\u_core.\u_acc0.$memrd$\mem$../spark_ram_asic.v:24$1077 (u_core.u_acc0.mem).
Removed top 2 address bits (of 6) from memory init port spark_chip.$flatten\u_core.\u_acc1.$auto$proc_memwr.cc:45:proc_memwr$8434 (u_core.u_acc1.mem).
Removed top 2 address bits (of 6) from memory read port spark_chip.$flatten\u_core.\u_acc1.$memrd$\mem$../spark_ram_asic.v:24$1077 (u_core.u_acc1.mem).
Removed top 1 address bits (of 6) from memory init port spark_chip.$flatten\u_core.\u_acc2.$auto$proc_memwr.cc:45:proc_memwr$8433 (u_core.u_acc2.mem).
Removed top 1 address bits (of 6) from memory read port spark_chip.$flatten\u_core.\u_acc2.$memrd$\mem$../spark_ram_asic.v:24$1087 (u_core.u_acc2.mem).
Removed top 1 address bits (of 6) from memory init port spark_chip.$flatten\u_core.\u_acc3.$auto$proc_memwr.cc:45:proc_memwr$8433 (u_core.u_acc3.mem).
Removed top 1 address bits (of 6) from memory read port spark_chip.$flatten\u_core.\u_acc3.$memrd$\mem$../spark_ram_asic.v:24$1087 (u_core.u_acc3.mem).
Removed top 2 address bits (of 6) from memory init port spark_chip.$flatten\u_core.\u_h0.$auto$proc_memwr.cc:45:proc_memwr$8434 (u_core.u_h0.mem).
Removed top 2 address bits (of 6) from memory read port spark_chip.$flatten\u_core.\u_h0.$memrd$\mem$../spark_ram_asic.v:24$1077 (u_core.u_h0.mem).
Removed top 2 address bits (of 6) from memory init port spark_chip.$flatten\u_core.\u_h1.$auto$proc_memwr.cc:45:proc_memwr$8434 (u_core.u_h1.mem).
Removed top 2 address bits (of 6) from memory read port spark_chip.$flatten\u_core.\u_h1.$memrd$\mem$../spark_ram_asic.v:24$1077 (u_core.u_h1.mem).
Removed top 2 address bits (of 6) from memory init port spark_chip.$flatten\u_core.\u_s0.$auto$proc_memwr.cc:45:proc_memwr$8436 (u_core.u_s0.mem).
Removed top 2 address bits (of 6) from memory read port spark_chip.$flatten\u_core.\u_s0.$memrd$\mem$../spark_ram_asic.v:24$1057 (u_core.u_s0.mem).
Removed top 2 address bits (of 6) from memory init port spark_chip.$flatten\u_core.\u_s1.$auto$proc_memwr.cc:45:proc_memwr$8436 (u_core.u_s1.mem).
Removed top 2 address bits (of 6) from memory read port spark_chip.$flatten\u_core.\u_s1.$memrd$\mem$../spark_ram_asic.v:24$1057 (u_core.u_s1.mem).
Removed top 1 address bits (of 6) from memory init port spark_chip.$flatten\u_core.\u_sn0.$auto$proc_memwr.cc:45:proc_memwr$8435 (u_core.u_sn0.mem).
Removed top 1 address bits (of 6) from memory read port spark_chip.$flatten\u_core.\u_sn0.$memrd$\mem$../spark_ram_asic.v:24$1067 (u_core.u_sn0.mem).
Removed top 2 address bits (of 6) from memory init port spark_chip.$flatten\u_core.\u_sn1.$auto$proc_memwr.cc:45:proc_memwr$8436 (u_core.u_sn1.mem).
Removed top 2 address bits (of 6) from memory read port spark_chip.$flatten\u_core.\u_sn1.$memrd$\mem$../spark_ram_asic.v:24$1057 (u_core.u_sn1.mem).
Removed top 2 address bits (of 6) from memory init port spark_chip.$flatten\u_core.\u_sn2.$auto$proc_memwr.cc:45:proc_memwr$8436 (u_core.u_sn2.mem).
Removed top 2 address bits (of 6) from memory read port spark_chip.$flatten\u_core.\u_sn2.$memrd$\mem$../spark_ram_asic.v:24$1057 (u_core.u_sn2.mem).
Removed top 2 address bits (of 6) from memory init port spark_chip.$flatten\u_core.\u_sn3.$auto$proc_memwr.cc:45:proc_memwr$8436 (u_core.u_sn3.mem).
Removed top 2 address bits (of 6) from memory read port spark_chip.$flatten\u_core.\u_sn3.$memrd$\mem$../spark_ram_asic.v:24$1057 (u_core.u_sn3.mem).
Removed top 2 address bits (of 6) from memory init port spark_chip.$flatten\u_core.\u_th0.$auto$proc_memwr.cc:45:proc_memwr$8431 (u_core.u_th0.mem).
Removed top 28 address bits (of 32) from memory init port spark_chip.$flatten\u_core.\u_th0.$meminit$\mem$../spark_ram_asic.v:0$1109 (u_core.u_th0.mem).
Removed top 2 address bits (of 6) from memory read port spark_chip.$flatten\u_core.\u_th0.$memrd$\mem$../spark_ram_asic.v:24$1108 (u_core.u_th0.mem).
Removed top 2 address bits (of 6) from memory init port spark_chip.$flatten\u_core.\u_th1.$auto$proc_memwr.cc:45:proc_memwr$8432 (u_core.u_th1.mem).
Removed top 28 address bits (of 32) from memory init port spark_chip.$flatten\u_core.\u_th1.$meminit$\mem$../spark_ram_asic.v:0$1098 (u_core.u_th1.mem).
Removed top 2 address bits (of 6) from memory read port spark_chip.$flatten\u_core.\u_th1.$memrd$\mem$../spark_ram_asic.v:24$1097 (u_core.u_th1.mem).
Removed top 29 address bits (of 32) from memory read port spark_chip.$memrd$\cfgb$../../rtl/spark_chip.v:85$957 (cfgb).
Removed top 29 address bits (of 32) from memory read port spark_chip.$memrd$\cfgb$../../rtl/spark_chip.v:87$963 (cfgb).
Removed top 29 address bits (of 32) from memory read port spark_chip.$memrd$\cfgb$../../rtl/spark_chip.v:87$964 (cfgb).
Removed top 29 address bits (of 32) from memory read port spark_chip.$memrd$\cfgb$../../rtl/spark_chip.v:87$965 (cfgb).
Removed top 29 address bits (of 32) from memory read port spark_chip.$memrd$\cfgb$../../rtl/spark_chip.v:87$966 (cfgb).
Removed top 29 address bits (of 32) from memory read port spark_chip.$memrd$\cfgb$../../rtl/spark_chip.v:87$967 (cfgb).
Removed top 29 address bits (of 32) from memory read port spark_chip.$memrd$\cfgb$../../rtl/spark_chip.v:87$968 (cfgb).
Removed top 6 bits (of 8) from port B of cell spark_chip.$xor$../../rtl/spark_chip.v:62$884 ($xor).
Removed top 1 bits (of 3) from port B of cell spark_chip.$auto$fsm_map.cc:77:implement_pattern_cache$8640 ($eq).
Removed top 1 bits (of 4) from port B of cell spark_chip.$eq$../../rtl/spark_chip.v:84$950 ($eq).
Removed top 1 bits (of 4) from port B of cell spark_chip.$eq$../../rtl/spark_chip.v:94$975 ($eq).
Removed top 3 bits (of 4) from port B of cell spark_chip.$add$../../rtl/spark_chip.v:110$996 ($add).
Removed top 1 bits (of 3) from port B of cell spark_chip.$procmux$7101_CMP0 ($eq).
Removed top 1 bits (of 3) from port B of cell spark_chip.$procmux$7102_CMP0 ($eq).
Removed top 2 bits (of 3) from port B of cell spark_chip.$procmux$7103_CMP0 ($eq).
Removed top 1 bits (of 5) from port B of cell spark_chip.$auto$fsm_map.cc:77:implement_pattern_cache$8573 ($eq).
Removed top 1 bits (of 2) from port B of cell spark_chip.$flatten\u_rx.$procmux$6916_CMP0 ($eq).
Removed top 2 bits (of 3) from port B of cell spark_chip.$flatten\u_rx.$add$../../board/uart_rx.v:50$2065 ($add).
Removed top 8 bits (of 16) from port B of cell spark_chip.$flatten\u_rx.$eq$../../board/uart_rx.v:46$2063 ($eq).
Removed top 15 bits (of 16) from port B of cell spark_chip.$flatten\u_rx.$add$../../board/uart_rx.v:44$2062 ($add).
Removed top 9 bits (of 16) from port B of cell spark_chip.$flatten\u_rx.$eq$../../board/uart_rx.v:40$2060 ($eq).
Removed top 15 bits (of 16) from port B of cell spark_chip.$flatten\u_tx.$add$../../board/uart_tx.v:45$2051 ($add).
Removed top 3 bits (of 4) from port B of cell spark_chip.$flatten\u_tx.$add$../../board/uart_tx.v:43$2050 ($add).
Removed top 8 bits (of 16) from port B of cell spark_chip.$flatten\u_tx.$eq$../../board/uart_tx.v:35$2048 ($eq).
Removed top 1 bits (of 3) from port B of cell spark_chip.$auto$opt_dff.cc:195:make_patterns_logic$9187 ($ne).
Removed top 1 bits (of 3) from port B of cell spark_chip.$auto$opt_dff.cc:195:make_patterns_logic$9185 ($ne).
Removed top 1 bits (of 2) from port B of cell spark_chip.$auto$opt_dff.cc:195:make_patterns_logic$9171 ($ne).
Removed top 1 bits (of 2) from port B of cell spark_chip.$auto$opt_dff.cc:195:make_patterns_logic$9169 ($ne).
Removed top 1 bits (of 2) from port B of cell spark_chip.$auto$opt_dff.cc:195:make_patterns_logic$9167 ($ne).
Removed top 1 bits (of 2) from port B of cell spark_chip.$auto$opt_dff.cc:195:make_patterns_logic$9124 ($ne).
Removed top 3 bits (of 4) from port B of cell spark_chip.$auto$opt_dff.cc:195:make_patterns_logic$9102 ($ne).
Removed top 1 bits (of 2) from port B of cell spark_chip.$auto$opt_dff.cc:195:make_patterns_logic$9084 ($ne).
Removed top 3 bits (of 4) from port B of cell spark_chip.$auto$opt_dff.cc:195:make_patterns_logic$9033 ($ne).
Removed top 1 bits (of 3) from port B of cell spark_chip.$auto$opt_dff.cc:195:make_patterns_logic$9004 ($ne).
Removed top 1 bits (of 2) from port B of cell spark_chip.$auto$opt_dff.cc:195:make_patterns_logic$8964 ($ne).
Removed top 1 bits (of 2) from port B of cell spark_chip.$auto$opt_dff.cc:195:make_patterns_logic$8960 ($ne).
Removed top 1 bits (of 2) from port B of cell spark_chip.$auto$opt_dff.cc:195:make_patterns_logic$8914 ($ne).
Removed top 1 bits (of 2) from port B of cell spark_chip.$auto$opt_dff.cc:195:make_patterns_logic$8878 ($ne).
Removed top 1 bits (of 2) from port B of cell spark_chip.$auto$opt_dff.cc:195:make_patterns_logic$8874 ($ne).
Removed top 25 bits (of 32) from port B of cell spark_chip.$flatten\u_core.\u_tab_dat.\u.$shiftx$../spark_mem_sky130.v:0$2079 ($shiftx).
Removed top 22 bits (of 32) from port Y of cell spark_chip.$flatten\u_core.\u_tab_dat.\u.$shiftx$../spark_mem_sky130.v:0$2079 ($shiftx).
Removed top 24 bits (of 32) from port B of cell spark_chip.$flatten\u_core.\u_tab_tag.\u.$shiftx$../spark_mem_sky130.v:0$2094 ($shiftx).
Removed top 31 bits (of 64) from port Y of cell spark_chip.$flatten\u_core.\u_tab_tag.\u.$shiftx$../spark_mem_sky130.v:0$2094 ($shiftx).
Removed top 2 bits (of 6) from mux cell spark_chip.$flatten\u_core.\u_sn3.$procmux$7025 ($mux).
Removed top 2 bits (of 6) from mux cell spark_chip.$flatten\u_core.\u_sn2.$procmux$7025 ($mux).
Removed top 2 bits (of 6) from mux cell spark_chip.$flatten\u_core.\u_sn1.$procmux$7025 ($mux).
Removed top 1 bits (of 6) from mux cell spark_chip.$flatten\u_core.\u_sn0.$procmux$7016 ($mux).
Removed top 2 bits (of 6) from mux cell spark_chip.$flatten\u_core.\u_h1.$procmux$7007 ($mux).
Removed top 2 bits (of 6) from mux cell spark_chip.$flatten\u_core.\u_h0.$procmux$7007 ($mux).
Removed top 1 bits (of 6) from mux cell spark_chip.$flatten\u_core.\u_acc3.$procmux$6998 ($mux).
Removed top 1 bits (of 6) from mux cell spark_chip.$flatten\u_core.\u_acc2.$procmux$6998 ($mux).
Removed top 2 bits (of 6) from mux cell spark_chip.$flatten\u_core.\u_acc1.$procmux$7007 ($mux).
Removed top 2 bits (of 6) from mux cell spark_chip.$flatten\u_core.\u_acc0.$procmux$7007 ($mux).
Removed top 23 bits (of 32) from port B of cell spark_chip.$flatten\u_core.\u_w3.\u.$shiftx$../spark_mem_sky130.v:0$2119 ($shiftx).
Removed top 1 bits (of 3) from port B of cell spark_chip.$flatten\u_core.\u_w2.\u.$eq$../spark_mem_sky130.v:30$2138 ($eq).
Removed top 1 bits (of 3) from port B of cell spark_chip.$flatten\u_core.\u_w2.\u.$eq$../spark_mem_sky130.v:30$2133 ($eq).
Removed top 2 bits (of 3) from port B of cell spark_chip.$flatten\u_core.\u_w2.\u.$eq$../spark_mem_sky130.v:30$2128 ($eq).
Removed top 23 bits (of 32) from port B of cell spark_chip.$flatten\u_core.\u_w2.\u.$shiftx$../spark_mem_sky130.v:0$2119 ($shiftx).
Removed top 1 bits (of 2) from port B of cell spark_chip.$flatten\u_core.\u_w1.\u.$eq$../spark_mem_sky130.v:30$2173 ($eq).
Removed top 24 bits (of 32) from port B of cell spark_chip.$flatten\u_core.\u_w1.\u.$shiftx$../spark_mem_sky130.v:0$2164 ($shiftx).
Removed top 1 bits (of 3) from port B of cell spark_chip.$flatten\u_core.\u_w0.\u.$eq$../spark_mem_sky130.v:30$2208 ($eq).
Removed top 1 bits (of 3) from port B of cell spark_chip.$flatten\u_core.\u_w0.\u.$eq$../spark_mem_sky130.v:28$2205 ($eq).
Removed top 1 bits (of 3) from port B of cell spark_chip.$flatten\u_core.\u_w0.\u.$eq$../spark_mem_sky130.v:30$2203 ($eq).
Removed top 1 bits (of 3) from port B of cell spark_chip.$flatten\u_core.\u_w0.\u.$eq$../spark_mem_sky130.v:28$2200 ($eq).
Removed top 2 bits (of 3) from port B of cell spark_chip.$flatten\u_core.\u_w0.\u.$eq$../spark_mem_sky130.v:30$2198 ($eq).
Removed top 2 bits (of 3) from port B of cell spark_chip.$flatten\u_core.\u_w0.\u.$eq$../spark_mem_sky130.v:28$2195 ($eq).
Removed top 23 bits (of 32) from port B of cell spark_chip.$flatten\u_core.\u_w0.\u.$shiftx$../spark_mem_sky130.v:0$2189 ($shiftx).
Removed top 1 bits (of 2) from port B of cell spark_chip.$flatten\u_core.\u_emb2.\u.$eq$../spark_mem_sky130.v:30$2173 ($eq).
Removed top 24 bits (of 32) from port B of cell spark_chip.$flatten\u_core.\u_emb2.\u.$shiftx$../spark_mem_sky130.v:0$2164 ($shiftx).
Removed top 1 bits (of 2) from port B of cell spark_chip.$flatten\u_core.\u_emb1.\u.$eq$../spark_mem_sky130.v:30$2173 ($eq).
Removed top 24 bits (of 32) from port B of cell spark_chip.$flatten\u_core.\u_emb1.\u.$shiftx$../spark_mem_sky130.v:0$2164 ($shiftx).
Removed top 1 bits (of 2) from port B of cell spark_chip.$flatten\u_core.\u_emb.\u.$eq$../spark_mem_sky130.v:30$2173 ($eq).
Removed top 1 bits (of 2) from port B of cell spark_chip.$flatten\u_core.\u_emb.\u.$eq$../spark_mem_sky130.v:28$2170 ($eq).
Removed top 24 bits (of 32) from port B of cell spark_chip.$flatten\u_core.\u_emb.\u.$shiftx$../spark_mem_sky130.v:0$2164 ($shiftx).
Removed top 12 bits (of 16) from FF cell spark_chip.$auto$ff.cc:266:slice$9130 ($sdffe).
Removed top 2 bits (of 3) from port B of cell spark_chip.$flatten\u_core.$procmux$6871_CMP0 ($eq).
Removed top 1 bits (of 4) from mux cell spark_chip.$flatten\u_core.$procmux$6854 ($mux).
Removed top 1 bits (of 4) from mux cell spark_chip.$flatten\u_core.$procmux$6851 ($mux).
Removed top 1 bits (of 4) from mux cell spark_chip.$flatten\u_core.$procmux$6848 ($mux).
Removed top 1 bits (of 4) from mux cell spark_chip.$flatten\u_core.$procmux$6845 ($mux).
Removed top 1 bits (of 4) from mux cell spark_chip.$flatten\u_core.$procmux$6842 ($mux).
Removed top 1 bits (of 4) from mux cell spark_chip.$flatten\u_core.$procmux$6839 ($mux).
Removed top 1 bits (of 4) from mux cell spark_chip.$flatten\u_core.$procmux$6836 ($mux).
Removed top 1 bits (of 4) from mux cell spark_chip.$flatten\u_core.$procmux$6833 ($mux).
Removed top 13 bits (of 17) from mux cell spark_chip.$flatten\u_core.$procmux$6830 ($mux).
Removed top 13 bits (of 17) from mux cell spark_chip.$flatten\u_core.$procmux$6815 ($mux).
Removed top 13 bits (of 17) from mux cell spark_chip.$flatten\u_core.$procmux$6800 ($mux).
Removed top 13 bits (of 17) from mux cell spark_chip.$flatten\u_core.$procmux$6785 ($mux).
Removed top 2 bits (of 6) from mux cell spark_chip.$flatten\u_core.$procmux$6594 ($pmux).
Removed top 2 bits (of 6) from mux cell spark_chip.$flatten\u_core.$procmux$6589 ($pmux).
Removed top 1 bits (of 6) from mux cell spark_chip.$flatten\u_core.$procmux$6584 ($pmux).
Removed top 1 bits (of 6) from mux cell spark_chip.$flatten\u_core.$procmux$6579 ($pmux).
Removed top 2 bits (of 6) from mux cell spark_chip.$flatten\u_core.$procmux$6515 ($mux).
Removed top 2 bits (of 6) from mux cell spark_chip.$flatten\u_core.$procmux$6511 ($mux).
Removed top 2 bits (of 6) from mux cell spark_chip.$flatten\u_core.$procmux$6163 ($mux).
Removed top 2 bits (of 6) from mux cell spark_chip.$flatten\u_core.$procmux$6153 ($mux).
Removed top 1 bits (of 6) from mux cell spark_chip.$flatten\u_core.$procmux$6143 ($mux).
Removed top 1 bits (of 6) from mux cell spark_chip.$flatten\u_core.$procmux$6133 ($mux).
Removed top 2 bits (of 6) from mux cell spark_chip.$flatten\u_core.$procmux$6118 ($pmux).
Removed top 1 bits (of 6) from mux cell spark_chip.$flatten\u_core.$procmux$6103 ($pmux).
Removed top 1 bits (of 6) from mux cell spark_chip.$flatten\u_core.$procmux$6088 ($pmux).
Removed top 2 bits (of 6) from mux cell spark_chip.$flatten\u_core.$procmux$6073 ($pmux).
Removed top 2 bits (of 6) from mux cell spark_chip.$flatten\u_core.$procmux$5036 ($mux).
Removed top 1 bits (of 6) from mux cell spark_chip.$flatten\u_core.$procmux$5027 ($mux).
Removed top 2 bits (of 6) from mux cell spark_chip.$flatten\u_core.$procmux$5018 ($mux).
Removed top 2 bits (of 6) from mux cell spark_chip.$flatten\u_core.$procmux$5009 ($mux).
Removed top 1 bits (of 6) from mux cell spark_chip.$flatten\u_core.$procmux$5000 ($mux).
Removed top 2 bits (of 6) from mux cell spark_chip.$flatten\u_core.$procmux$4991 ($mux).
Removed top 1 bits (of 6) from mux cell spark_chip.$flatten\u_core.$procmux$4982 ($mux).
Removed top 2 bits (of 6) from mux cell spark_chip.$flatten\u_core.$procmux$4973 ($mux).
Removed top 2 bits (of 6) from mux cell spark_chip.$flatten\u_core.$procmux$4955 ($mux).
Removed top 2 bits (of 6) from mux cell spark_chip.$flatten\u_core.$procmux$4937 ($mux).
Removed top 2 bits (of 5) from mux cell spark_chip.$flatten\u_core.$procmux$4707 ($mux).
Removed top 4 bits (of 5) from port B of cell spark_chip.$flatten\u_core.$procmux$4704_CMP0 ($eq).
Removed top 1 bits (of 5) from mux cell spark_chip.$flatten\u_core.$procmux$4697 ($mux).
Removed top 1 bits (of 5) from port B of cell spark_chip.$flatten\u_core.$procmux$4693_CMP0 ($eq).
Removed top 2 bits (of 5) from port B of cell spark_chip.$flatten\u_core.$procmux$4685_CMP0 ($eq).
Removed top 3 bits (of 5) from mux cell spark_chip.$flatten\u_core.$procmux$4678 ($mux).
Removed top 1 bits (of 5) from mux cell spark_chip.$flatten\u_core.$procmux$4671 ($mux).
Removed top 1 bits (of 5) from port B of cell spark_chip.$flatten\u_core.$procmux$4669_CMP0 ($eq).
Removed top 2 bits (of 5) from mux cell spark_chip.$flatten\u_core.$procmux$4662 ($mux).
Removed top 1 bits (of 5) from mux cell spark_chip.$flatten\u_core.$procmux$4655 ($mux).
Removed top 1 bits (of 5) from mux cell spark_chip.$flatten\u_core.$procmux$4650 ($mux).
Removed top 2 bits (of 5) from port B of cell spark_chip.$flatten\u_core.$procmux$4442_CMP0 ($eq).
Removed top 1 bits (of 5) from port B of cell spark_chip.$flatten\u_core.$procmux$4435_CMP0 ($eq).
Removed top 1 bits (of 2) from port B of cell spark_chip.$flatten\u_core.$procmux$4428_CMP0 ($eq).
Removed top 3 bits (of 5) from port B of cell spark_chip.$flatten\u_core.$procmux$4389_CMP0 ($eq).
Removed top 3 bits (of 5) from port B of cell spark_chip.$flatten\u_core.$procmux$4359_CMP0 ($eq).
Removed top 2 bits (of 5) from port B of cell spark_chip.$flatten\u_core.$procmux$4251_CMP0 ($eq).
Removed top 1 bits (of 5) from port B of cell spark_chip.$flatten\u_core.$procmux$4169_CMP0 ($eq).
Removed top 1 bits (of 5) from port B of cell spark_chip.$flatten\u_core.$procmux$4156_CMP0 ($eq).
Removed top 1 bits (of 5) from port B of cell spark_chip.$flatten\u_core.$procmux$4109_CMP0 ($eq).
Removed top 1 bits (of 5) from port B of cell spark_chip.$flatten\u_core.$procmux$3943_CMP0 ($eq).
Removed top 2 bits (of 5) from port B of cell spark_chip.$flatten\u_core.$procmux$3624_CMP0 ($eq).
Removed top 2 bits (of 3) from port B of cell spark_chip.$flatten\u_core.$procmux$2318_CMP0 ($eq).
Removed top 1 bits (of 3) from port B of cell spark_chip.$flatten\u_core.$procmux$2317_CMP0 ($eq).
Removed top 1 bits (of 3) from port B of cell spark_chip.$flatten\u_core.$procmux$2316_CMP0 ($eq).
Removed top 1 bits (of 5) from port B of cell spark_chip.$flatten\u_core.$procmux$2252_CMP0 ($eq).
Removed top 23 bits (of 32) from port B of cell spark_chip.$flatten\u_core.$lt$../../rtl/spark_core.v:508$2028 ($lt).
Removed top 1 bits (of 2) from port B of cell spark_chip.$flatten\u_core.$eq$../../rtl/spark_core.v:502$2025 ($eq).
Removed top 3 bits (of 4) from port B of cell spark_chip.$flatten\u_core.$sub$../../rtl/spark_core.v:500$2023 ($sub).
Removed top 2 bits (of 4) from port B of cell spark_chip.$flatten\u_core.$add$../../rtl/spark_core.v:497$2020 ($add).
Removed top 1 bits (of 2) from port B of cell spark_chip.$flatten\u_core.$eq$../../rtl/spark_core.v:484$2011 ($eq).
Removed top 1 bits (of 2) from port B of cell spark_chip.$flatten\u_core.$add$../../rtl/spark_core.v:483$2010 ($add).
Removed top 26 bits (of 33) from port A of cell spark_chip.$flatten\u_core.$neg$../../rtl/spark_core.v:0$2001 ($neg).
Converting cell spark_chip.$flatten\u_core.$neg$../../rtl/spark_core.v:0$2001 ($neg) from signed to unsigned.
Removed top 1 bits (of 7) from port A of cell spark_chip.$flatten\u_core.$neg$../../rtl/spark_core.v:0$2001 ($neg).
Removed top 24 bits (of 33) from port A of cell spark_chip.$flatten\u_core.$neg$../../rtl/spark_core.v:0$1989 ($neg).
Converting cell spark_chip.$flatten\u_core.$neg$../../rtl/spark_core.v:0$1989 ($neg) from signed to unsigned.
Removed top 1 bits (of 9) from port A of cell spark_chip.$flatten\u_core.$neg$../../rtl/spark_core.v:0$1989 ($neg).
Removed top 31 bits (of 32) from port B of cell spark_chip.$flatten\u_core.$add$../../rtl/spark_core.v:460$1976 ($add).
Removed top 25 bits (of 32) from port Y of cell spark_chip.$flatten\u_core.$add$../../rtl/spark_core.v:460$1976 ($add).
Removed top 31 bits (of 32) from port B of cell spark_chip.$flatten\u_core.$add$../../rtl/spark_core.v:451$1971 ($add).
Removed top 16 bits (of 32) from port Y of cell spark_chip.$flatten\u_core.$add$../../rtl/spark_core.v:451$1971 ($add).
Removed top 26 bits (of 32) from port B of cell spark_chip.$flatten\u_core.$shiftx$../../rtl/spark_core.v:0$1955 ($shiftx).
Removed top 27 bits (of 33) from port A of cell spark_chip.$flatten\u_core.$neg$../../rtl/spark_core.v:0$1951 ($neg).
Converting cell spark_chip.$flatten\u_core.$neg$../../rtl/spark_core.v:0$1951 ($neg) from signed to unsigned.
Removed top 1 bits (of 6) from port A of cell spark_chip.$flatten\u_core.$neg$../../rtl/spark_core.v:0$1951 ($neg).
Removed top 28 bits (of 32) from port A of cell spark_chip.$flatten\u_core.$neg$../../rtl/spark_core.v:0$1935 ($neg).
Converting cell spark_chip.$flatten\u_core.$neg$../../rtl/spark_core.v:0$1935 ($neg) from signed to unsigned.
Removed top 1 bits (of 4) from port A of cell spark_chip.$flatten\u_core.$neg$../../rtl/spark_core.v:0$1935 ($neg).
Removed top 23 bits (of 32) from port A of cell spark_chip.$flatten\u_core.$add$../../rtl/spark_core.v:446$1932 ($add).
Removed top 1 bits (of 4) from port B of cell spark_chip.$flatten\u_core.$add$../../rtl/spark_core.v:446$1932 ($add).
Removed top 24 bits (of 32) from port Y of cell spark_chip.$flatten\u_core.$add$../../rtl/spark_core.v:446$1932 ($add).
Removed top 1 bits (of 9) from port A of cell spark_chip.$flatten\u_core.$add$../../rtl/spark_core.v:446$1932 ($add).
Removed top 31 bits (of 32) from port B of cell spark_chip.$flatten\u_core.$add$../../rtl/spark_core.v:429$1879 ($add).
Removed top 24 bits (of 32) from port Y of cell spark_chip.$flatten\u_core.$add$../../rtl/spark_core.v:429$1879 ($add).
Removed top 31 bits (of 32) from port B of cell spark_chip.$flatten\u_core.$add$../../rtl/spark_core.v:418$1866 ($add).
Removed top 25 bits (of 32) from port Y of cell spark_chip.$flatten\u_core.$add$../../rtl/spark_core.v:418$1866 ($add).
Removed top 1 bits (of 5) from mux cell spark_chip.$flatten\u_core.$ternary$../../rtl/spark_core.v:411$1863 ($mux).
Removed top 8 bits (of 32) from port B of cell spark_chip.$flatten\u_core.$eq$../../rtl/spark_core.v:398$1858 ($eq).
Removed top 15 bits (of 16) from port B of cell spark_chip.$flatten\u_core.$add$../../rtl/spark_core.v:380$1851 ($add).
Removed top 1 bits (of 2) from port B of cell spark_chip.$flatten\u_core.$add$../../rtl/spark_core.v:379$1850 ($add).
Removed top 31 bits (of 32) from port B of cell spark_chip.$flatten\u_core.$add$../../rtl/spark_core.v:374$1801 ($add).
Removed top 9 bits (of 10) from port B of cell spark_chip.$flatten\u_core.$add$../../rtl/spark_core.v:358$1718 ($add).
Removed top 31 bits (of 32) from port B of cell spark_chip.$flatten\u_core.$sub$../../rtl/spark_core.v:316$1697 ($sub).
Removed top 26 bits (of 32) from port Y of cell spark_chip.$flatten\u_core.$sub$../../rtl/spark_core.v:316$1697 ($sub).
Removed top 1 bits (of 7) from port A of cell spark_chip.$flatten\u_core.$sub$../../rtl/spark_core.v:316$1697 ($sub).
Removed top 31 bits (of 32) from port B of cell spark_chip.$flatten\u_core.$ge$../../rtl/spark_core.v:315$1690 ($ge).
Removed top 19 bits (of 32) from port A of cell spark_chip.$flatten\u_core.$add$../../rtl/spark_core.v:311$1687 ($add).
Removed top 20 bits (of 32) from port Y of cell spark_chip.$flatten\u_core.$add$../../rtl/spark_core.v:311$1687 ($add).
Removed top 1 bits (of 13) from port A of cell spark_chip.$flatten\u_core.$add$../../rtl/spark_core.v:311$1687 ($add).
Removed top 20 bits (of 32) from port A of cell spark_chip.$flatten\u_core.$add$../../rtl/spark_core.v:309$1683 ($add).
Removed top 20 bits (of 32) from port Y of cell spark_chip.$flatten\u_core.$add$../../rtl/spark_core.v:309$1683 ($add).
Removed top 8 bits (of 32) from port A of cell spark_chip.$flatten\u_core.$mul$../../rtl/spark_core.v:164$1678 ($mul).
Removed top 41 bits (of 43) from mux cell spark_chip.$flatten\u_core.$ternary$../../rtl/spark_core.v:300$1677 ($mux).
Removed top 1 bits (of 2) from port B of cell spark_chip.$flatten\u_core.$add$../../rtl/spark_core.v:301$1675 ($add).
Removed top 21 bits (of 32) from port A of cell spark_chip.$flatten\u_core.$add$../../rtl/spark_core.v:282$1621 ($add).
Removed top 29 bits (of 32) from port B of cell spark_chip.$flatten\u_core.$add$../../rtl/spark_core.v:282$1621 ($add).
Removed top 21 bits (of 32) from port Y of cell spark_chip.$flatten\u_core.$add$../../rtl/spark_core.v:282$1621 ($add).
Removed top 21 bits (of 32) from port A of cell spark_chip.$flatten\u_core.$add$../../rtl/spark_core.v:281$1618 ($add).
Removed top 29 bits (of 32) from port B of cell spark_chip.$flatten\u_core.$add$../../rtl/spark_core.v:281$1618 ($add).
Removed top 21 bits (of 32) from port Y of cell spark_chip.$flatten\u_core.$add$../../rtl/spark_core.v:281$1618 ($add).
Removed top 21 bits (of 32) from port A of cell spark_chip.$flatten\u_core.$add$../../rtl/spark_core.v:280$1615 ($add).
Removed top 29 bits (of 32) from port B of cell spark_chip.$flatten\u_core.$add$../../rtl/spark_core.v:280$1615 ($add).
Removed top 21 bits (of 32) from port Y of cell spark_chip.$flatten\u_core.$add$../../rtl/spark_core.v:280$1615 ($add).
Removed top 16 bits (of 32) from port A of cell spark_chip.$flatten\u_core.$gt$../../rtl/spark_core.v:272$1560 ($gt).
Removed top 30 bits (of 32) from port B of cell spark_chip.$flatten\u_core.$add$../../rtl/spark_core.v:271$1559 ($add).
Removed top 24 bits (of 32) from port Y of cell spark_chip.$flatten\u_core.$add$../../rtl/spark_core.v:271$1559 ($add).
Removed top 24 bits (of 32) from port A of cell spark_chip.$flatten\u_core.$add$../../rtl/spark_core.v:271$1559 ($add).
Removed top 16 bits (of 32) from port A of cell spark_chip.$flatten\u_core.$gt$../../rtl/spark_core.v:271$1555 ($gt).
Removed top 16 bits (of 32) from port A of cell spark_chip.$flatten\u_core.$gt$../../rtl/spark_core.v:272$1549 ($gt).
Removed top 30 bits (of 32) from port B of cell spark_chip.$flatten\u_core.$add$../../rtl/spark_core.v:271$1548 ($add).
Removed top 24 bits (of 32) from port Y of cell spark_chip.$flatten\u_core.$add$../../rtl/spark_core.v:271$1548 ($add).
Removed top 24 bits (of 32) from port A of cell spark_chip.$flatten\u_core.$add$../../rtl/spark_core.v:271$1548 ($add).
Removed top 16 bits (of 32) from port A of cell spark_chip.$flatten\u_core.$gt$../../rtl/spark_core.v:271$1544 ($gt).
Removed top 16 bits (of 32) from port A of cell spark_chip.$flatten\u_core.$gt$../../rtl/spark_core.v:272$1538 ($gt).
Removed top 31 bits (of 32) from port B of cell spark_chip.$flatten\u_core.$add$../../rtl/spark_core.v:271$1537 ($add).
Removed top 24 bits (of 32) from port Y of cell spark_chip.$flatten\u_core.$add$../../rtl/spark_core.v:271$1537 ($add).
Removed top 24 bits (of 32) from port A of cell spark_chip.$flatten\u_core.$add$../../rtl/spark_core.v:271$1537 ($add).
Removed top 16 bits (of 32) from port A of cell spark_chip.$flatten\u_core.$gt$../../rtl/spark_core.v:271$1533 ($gt).
Removed top 16 bits (of 32) from port A of cell spark_chip.$flatten\u_core.$gt$../../rtl/spark_core.v:272$1527 ($gt).
Removed top 22 bits (of 32) from port A of cell spark_chip.$flatten\u_core.$add$../../rtl/spark_core.v:271$1525 ($add).
Removed top 28 bits (of 32) from port B of cell spark_chip.$flatten\u_core.$add$../../rtl/spark_core.v:271$1525 ($add).
Removed top 24 bits (of 32) from port Y of cell spark_chip.$flatten\u_core.$add$../../rtl/spark_core.v:271$1525 ($add).
Removed top 2 bits (of 10) from port A of cell spark_chip.$flatten\u_core.$add$../../rtl/spark_core.v:271$1525 ($add).
Removed top 16 bits (of 32) from port A of cell spark_chip.$flatten\u_core.$gt$../../rtl/spark_core.v:271$1522 ($gt).
Removed top 1 bits (of 17) from port A of cell spark_chip.$flatten\u_core.$sub$../../rtl/spark_core.v:258$1515 ($sub).
Removed top 8 bits (of 17) from port B of cell spark_chip.$flatten\u_core.$sub$../../rtl/spark_core.v:258$1515 ($sub).
Removed top 1 bits (of 17) from port Y of cell spark_chip.$flatten\u_core.$sub$../../rtl/spark_core.v:258$1515 ($sub).
Removed top 4 bits (of 18) from port A of cell spark_chip.$flatten\u_core.$gt$../../rtl/spark_core.v:256$1511 ($gt).
Removed top 28 bits (of 32) from port B of cell spark_chip.$flatten\u_core.$gt$../../rtl/spark_core.v:256$1511 ($gt).
Removed top 4 bits (of 18) from port A of cell spark_chip.$flatten\u_core.$lt$../../rtl/spark_core.v:256$1510 ($lt).
Removed top 31 bits (of 32) from port B of cell spark_chip.$flatten\u_core.$lt$../../rtl/spark_core.v:256$1510 ($lt).
Removed top 2 bits (of 18) from port A of cell spark_chip.$flatten\u_core.$sub$../../rtl/spark_core.v:254$1508 ($sub).
Removed top 2 bits (of 18) from port B of cell spark_chip.$flatten\u_core.$sub$../../rtl/spark_core.v:254$1508 ($sub).
Removed top 1 bits (of 18) from port Y of cell spark_chip.$flatten\u_core.$sub$../../rtl/spark_core.v:254$1508 ($sub).
Converting cell spark_chip.$flatten\u_core.$neg$../../rtl/spark_core.v:251$1501 ($neg) from signed to unsigned.
Removed top 1 bits (of 5) from port A of cell spark_chip.$flatten\u_core.$neg$../../rtl/spark_core.v:251$1501 ($neg).
Removed top 4 bits (of 17) from port A of cell spark_chip.$flatten\u_core.$gt$../../rtl/spark_core.v:250$1499 ($gt).
Removed top 14 bits (of 17) from port B of cell spark_chip.$flatten\u_core.$gt$../../rtl/spark_core.v:250$1499 ($gt).
Removed top 31 bits (of 32) from port B of cell spark_chip.$flatten\u_core.$lt$../../rtl/spark_core.v:248$1495 ($lt).
Removed top 10 bits (of 26) from port B of cell spark_chip.$flatten\u_core.$lt$../../rtl/spark_core.v:247$1492 ($lt).
Removed top 10 bits (of 26) from port B of cell spark_chip.$flatten\u_core.$gt$../../rtl/spark_core.v:247$1491 ($gt).
Removed top 8 bits (of 25) from port A of cell spark_chip.$flatten\u_core.$add$../../rtl/spark_core.v:246$1490 ($add).
Removed top 12 bits (of 26) from port B of cell spark_chip.$flatten\u_core.$add$../../rtl/spark_core.v:246$1490 ($add).
Removed top 8 bits (of 26) from port Y of cell spark_chip.$flatten\u_core.$add$../../rtl/spark_core.v:246$1490 ($add).
Removed top 9 bits (of 25) from port A of cell spark_chip.$flatten\u_core.$mul$../../rtl/spark_core.v:245$1487 ($mul).
Removed top 16 bits (of 24) from port B of cell spark_chip.$flatten\u_core.$mul$../../rtl/spark_core.v:245$1487 ($mul).
Removed top 28 bits (of 32) from port A of cell spark_chip.$flatten\u_core.$add$../../rtl/spark_core.v:243$1478 ($add).
Removed top 30 bits (of 32) from port B of cell spark_chip.$flatten\u_core.$add$../../rtl/spark_core.v:243$1478 ($add).
Removed top 27 bits (of 32) from port Y of cell spark_chip.$flatten\u_core.$add$../../rtl/spark_core.v:243$1478 ($add).
Removed top 1 bits (of 17) from port A of cell spark_chip.$flatten\u_core.$sub$../../rtl/spark_core.v:258$1476 ($sub).
Removed top 8 bits (of 17) from port B of cell spark_chip.$flatten\u_core.$sub$../../rtl/spark_core.v:258$1476 ($sub).
Removed top 1 bits (of 17) from port Y of cell spark_chip.$flatten\u_core.$sub$../../rtl/spark_core.v:258$1476 ($sub).
Removed top 4 bits (of 18) from port A of cell spark_chip.$flatten\u_core.$gt$../../rtl/spark_core.v:256$1472 ($gt).
Removed top 28 bits (of 32) from port B of cell spark_chip.$flatten\u_core.$gt$../../rtl/spark_core.v:256$1472 ($gt).
Removed top 4 bits (of 18) from port A of cell spark_chip.$flatten\u_core.$lt$../../rtl/spark_core.v:256$1471 ($lt).
Removed top 31 bits (of 32) from port B of cell spark_chip.$flatten\u_core.$lt$../../rtl/spark_core.v:256$1471 ($lt).
Removed top 2 bits (of 18) from port A of cell spark_chip.$flatten\u_core.$sub$../../rtl/spark_core.v:254$1469 ($sub).
Removed top 2 bits (of 18) from port B of cell spark_chip.$flatten\u_core.$sub$../../rtl/spark_core.v:254$1469 ($sub).
Removed top 1 bits (of 18) from port Y of cell spark_chip.$flatten\u_core.$sub$../../rtl/spark_core.v:254$1469 ($sub).
Converting cell spark_chip.$flatten\u_core.$neg$../../rtl/spark_core.v:251$1462 ($neg) from signed to unsigned.
Removed top 1 bits (of 5) from port A of cell spark_chip.$flatten\u_core.$neg$../../rtl/spark_core.v:251$1462 ($neg).
Removed top 4 bits (of 17) from port A of cell spark_chip.$flatten\u_core.$gt$../../rtl/spark_core.v:250$1460 ($gt).
Removed top 14 bits (of 17) from port B of cell spark_chip.$flatten\u_core.$gt$../../rtl/spark_core.v:250$1460 ($gt).
Removed top 31 bits (of 32) from port B of cell spark_chip.$flatten\u_core.$lt$../../rtl/spark_core.v:248$1456 ($lt).
Removed top 10 bits (of 26) from port B of cell spark_chip.$flatten\u_core.$lt$../../rtl/spark_core.v:247$1453 ($lt).
Removed top 10 bits (of 26) from port B of cell spark_chip.$flatten\u_core.$gt$../../rtl/spark_core.v:247$1452 ($gt).
Removed top 8 bits (of 25) from port A of cell spark_chip.$flatten\u_core.$add$../../rtl/spark_core.v:246$1451 ($add).
Removed top 12 bits (of 26) from port B of cell spark_chip.$flatten\u_core.$add$../../rtl/spark_core.v:246$1451 ($add).
Removed top 8 bits (of 26) from port Y of cell spark_chip.$flatten\u_core.$add$../../rtl/spark_core.v:246$1451 ($add).
Removed top 9 bits (of 25) from port A of cell spark_chip.$flatten\u_core.$mul$../../rtl/spark_core.v:245$1448 ($mul).
Removed top 16 bits (of 24) from port B of cell spark_chip.$flatten\u_core.$mul$../../rtl/spark_core.v:245$1448 ($mul).
Removed top 28 bits (of 32) from port A of cell spark_chip.$flatten\u_core.$add$../../rtl/spark_core.v:243$1439 ($add).
Removed top 30 bits (of 32) from port B of cell spark_chip.$flatten\u_core.$add$../../rtl/spark_core.v:243$1439 ($add).
Removed top 27 bits (of 32) from port Y of cell spark_chip.$flatten\u_core.$add$../../rtl/spark_core.v:243$1439 ($add).
Removed top 1 bits (of 17) from port A of cell spark_chip.$flatten\u_core.$sub$../../rtl/spark_core.v:258$1437 ($sub).
Removed top 8 bits (of 17) from port B of cell spark_chip.$flatten\u_core.$sub$../../rtl/spark_core.v:258$1437 ($sub).
Removed top 1 bits (of 17) from port Y of cell spark_chip.$flatten\u_core.$sub$../../rtl/spark_core.v:258$1437 ($sub).
Removed top 4 bits (of 18) from port A of cell spark_chip.$flatten\u_core.$gt$../../rtl/spark_core.v:256$1433 ($gt).
Removed top 28 bits (of 32) from port B of cell spark_chip.$flatten\u_core.$gt$../../rtl/spark_core.v:256$1433 ($gt).
Removed top 4 bits (of 18) from port A of cell spark_chip.$flatten\u_core.$lt$../../rtl/spark_core.v:256$1432 ($lt).
Removed top 31 bits (of 32) from port B of cell spark_chip.$flatten\u_core.$lt$../../rtl/spark_core.v:256$1432 ($lt).
Removed top 2 bits (of 18) from port A of cell spark_chip.$flatten\u_core.$sub$../../rtl/spark_core.v:254$1430 ($sub).
Removed top 2 bits (of 18) from port B of cell spark_chip.$flatten\u_core.$sub$../../rtl/spark_core.v:254$1430 ($sub).
Removed top 1 bits (of 18) from port Y of cell spark_chip.$flatten\u_core.$sub$../../rtl/spark_core.v:254$1430 ($sub).
Converting cell spark_chip.$flatten\u_core.$neg$../../rtl/spark_core.v:251$1423 ($neg) from signed to unsigned.
Removed top 1 bits (of 5) from port A of cell spark_chip.$flatten\u_core.$neg$../../rtl/spark_core.v:251$1423 ($neg).
Removed top 4 bits (of 17) from port A of cell spark_chip.$flatten\u_core.$gt$../../rtl/spark_core.v:250$1421 ($gt).
Removed top 14 bits (of 17) from port B of cell spark_chip.$flatten\u_core.$gt$../../rtl/spark_core.v:250$1421 ($gt).
Removed top 31 bits (of 32) from port B of cell spark_chip.$flatten\u_core.$lt$../../rtl/spark_core.v:248$1417 ($lt).
Removed top 10 bits (of 26) from port B of cell spark_chip.$flatten\u_core.$lt$../../rtl/spark_core.v:247$1414 ($lt).
Removed top 10 bits (of 26) from port B of cell spark_chip.$flatten\u_core.$gt$../../rtl/spark_core.v:247$1413 ($gt).
Removed top 8 bits (of 25) from port A of cell spark_chip.$flatten\u_core.$add$../../rtl/spark_core.v:246$1412 ($add).
Removed top 12 bits (of 26) from port B of cell spark_chip.$flatten\u_core.$add$../../rtl/spark_core.v:246$1412 ($add).
Removed top 8 bits (of 26) from port Y of cell spark_chip.$flatten\u_core.$add$../../rtl/spark_core.v:246$1412 ($add).
Removed top 9 bits (of 25) from port A of cell spark_chip.$flatten\u_core.$mul$../../rtl/spark_core.v:245$1409 ($mul).
Removed top 16 bits (of 24) from port B of cell spark_chip.$flatten\u_core.$mul$../../rtl/spark_core.v:245$1409 ($mul).
Removed top 28 bits (of 32) from port A of cell spark_chip.$flatten\u_core.$add$../../rtl/spark_core.v:243$1400 ($add).
Removed top 31 bits (of 32) from port B of cell spark_chip.$flatten\u_core.$add$../../rtl/spark_core.v:243$1400 ($add).
Removed top 27 bits (of 32) from port Y of cell spark_chip.$flatten\u_core.$add$../../rtl/spark_core.v:243$1400 ($add).
Removed top 1 bits (of 17) from port A of cell spark_chip.$flatten\u_core.$sub$../../rtl/spark_core.v:258$1398 ($sub).
Removed top 8 bits (of 17) from port B of cell spark_chip.$flatten\u_core.$sub$../../rtl/spark_core.v:258$1398 ($sub).
Removed top 1 bits (of 17) from port Y of cell spark_chip.$flatten\u_core.$sub$../../rtl/spark_core.v:258$1398 ($sub).
Removed top 4 bits (of 18) from port A of cell spark_chip.$flatten\u_core.$gt$../../rtl/spark_core.v:256$1394 ($gt).
Removed top 28 bits (of 32) from port B of cell spark_chip.$flatten\u_core.$gt$../../rtl/spark_core.v:256$1394 ($gt).
Removed top 4 bits (of 18) from port A of cell spark_chip.$flatten\u_core.$lt$../../rtl/spark_core.v:256$1393 ($lt).
Removed top 31 bits (of 32) from port B of cell spark_chip.$flatten\u_core.$lt$../../rtl/spark_core.v:256$1393 ($lt).
Removed top 2 bits (of 18) from port A of cell spark_chip.$flatten\u_core.$sub$../../rtl/spark_core.v:254$1391 ($sub).
Removed top 2 bits (of 18) from port B of cell spark_chip.$flatten\u_core.$sub$../../rtl/spark_core.v:254$1391 ($sub).
Removed top 1 bits (of 18) from port Y of cell spark_chip.$flatten\u_core.$sub$../../rtl/spark_core.v:254$1391 ($sub).
Removed top 23 bits (of 32) from port B of cell spark_chip.$flatten\u_core.$shiftx$../../rtl/spark_core.v:0$1390 ($shiftx).
Converting cell spark_chip.$flatten\u_core.$neg$../../rtl/spark_core.v:251$1384 ($neg) from signed to unsigned.
Removed top 1 bits (of 5) from port A of cell spark_chip.$flatten\u_core.$neg$../../rtl/spark_core.v:251$1384 ($neg).
Removed top 4 bits (of 17) from port A of cell spark_chip.$flatten\u_core.$gt$../../rtl/spark_core.v:250$1382 ($gt).
Removed top 14 bits (of 17) from port B of cell spark_chip.$flatten\u_core.$gt$../../rtl/spark_core.v:250$1382 ($gt).
Removed top 31 bits (of 32) from port B of cell spark_chip.$flatten\u_core.$lt$../../rtl/spark_core.v:248$1378 ($lt).
Removed top 10 bits (of 26) from port B of cell spark_chip.$flatten\u_core.$lt$../../rtl/spark_core.v:247$1375 ($lt).
Removed top 10 bits (of 26) from port B of cell spark_chip.$flatten\u_core.$gt$../../rtl/spark_core.v:247$1374 ($gt).
Removed top 8 bits (of 25) from port A of cell spark_chip.$flatten\u_core.$add$../../rtl/spark_core.v:246$1373 ($add).
Removed top 12 bits (of 26) from port B of cell spark_chip.$flatten\u_core.$add$../../rtl/spark_core.v:246$1373 ($add).
Removed top 8 bits (of 26) from port Y of cell spark_chip.$flatten\u_core.$add$../../rtl/spark_core.v:246$1373 ($add).
Removed top 9 bits (of 25) from port A of cell spark_chip.$flatten\u_core.$mul$../../rtl/spark_core.v:245$1370 ($mul).
Removed top 16 bits (of 24) from port B of cell spark_chip.$flatten\u_core.$mul$../../rtl/spark_core.v:245$1370 ($mul).
Removed top 23 bits (of 32) from port B of cell spark_chip.$flatten\u_core.$shiftx$../../rtl/spark_core.v:0$1369 ($shiftx).
Removed top 23 bits (of 32) from port B of cell spark_chip.$flatten\u_core.$shiftx$../../rtl/spark_core.v:0$1364 ($shiftx).
Removed top 12 bits (of 16) from port A of cell spark_chip.$flatten\u_core.$mul$../../rtl/spark_core.v:224$1357 ($mul).
Removed top 7 bits (of 16) from port Y of cell spark_chip.$flatten\u_core.$mul$../../rtl/spark_core.v:224$1357 ($mul).
Removed top 12 bits (of 16) from port A of cell spark_chip.$flatten\u_core.$mul$../../rtl/spark_core.v:224$1355 ($mul).
Removed top 7 bits (of 16) from port Y of cell spark_chip.$flatten\u_core.$mul$../../rtl/spark_core.v:224$1355 ($mul).
Removed top 12 bits (of 16) from port A of cell spark_chip.$flatten\u_core.$mul$../../rtl/spark_core.v:224$1353 ($mul).
Removed top 7 bits (of 16) from port Y of cell spark_chip.$flatten\u_core.$mul$../../rtl/spark_core.v:224$1353 ($mul).
Removed top 12 bits (of 16) from port A of cell spark_chip.$flatten\u_core.$mul$../../rtl/spark_core.v:224$1351 ($mul).
Removed top 7 bits (of 16) from port Y of cell spark_chip.$flatten\u_core.$mul$../../rtl/spark_core.v:224$1351 ($mul).
Removed top 12 bits (of 16) from port A of cell spark_chip.$flatten\u_core.$mul$../../rtl/spark_core.v:224$1349 ($mul).
Removed top 7 bits (of 16) from port Y of cell spark_chip.$flatten\u_core.$mul$../../rtl/spark_core.v:224$1349 ($mul).
Removed top 12 bits (of 16) from port A of cell spark_chip.$flatten\u_core.$mul$../../rtl/spark_core.v:224$1347 ($mul).
Removed top 7 bits (of 16) from port Y of cell spark_chip.$flatten\u_core.$mul$../../rtl/spark_core.v:224$1347 ($mul).
Removed top 12 bits (of 16) from port A of cell spark_chip.$flatten\u_core.$mul$../../rtl/spark_core.v:224$1345 ($mul).
Removed top 7 bits (of 16) from port Y of cell spark_chip.$flatten\u_core.$mul$../../rtl/spark_core.v:224$1345 ($mul).
Removed top 12 bits (of 16) from port A of cell spark_chip.$flatten\u_core.$mul$../../rtl/spark_core.v:224$1343 ($mul).
Removed top 7 bits (of 16) from port Y of cell spark_chip.$flatten\u_core.$mul$../../rtl/spark_core.v:224$1343 ($mul).
Removed top 1 bits (of 5) from port A of cell spark_chip.$flatten\u_core.$sub$../../rtl/spark_core.v:209$1339 ($sub).
Removed top 1 bits (of 5) from port B of cell spark_chip.$flatten\u_core.$sub$../../rtl/spark_core.v:209$1339 ($sub).
Removed top 1 bits (of 5) from port A of cell spark_chip.$flatten\u_core.$sub$../../rtl/spark_core.v:204$1334 ($sub).
Removed top 1 bits (of 5) from port B of cell spark_chip.$flatten\u_core.$sub$../../rtl/spark_core.v:204$1334 ($sub).
Removed top 1 bits (of 5) from port A of cell spark_chip.$flatten\u_core.$sub$../../rtl/spark_core.v:209$1332 ($sub).
Removed top 1 bits (of 5) from port B of cell spark_chip.$flatten\u_core.$sub$../../rtl/spark_core.v:209$1332 ($sub).
Removed top 1 bits (of 5) from port A of cell spark_chip.$flatten\u_core.$sub$../../rtl/spark_core.v:204$1327 ($sub).
Removed top 1 bits (of 5) from port B of cell spark_chip.$flatten\u_core.$sub$../../rtl/spark_core.v:204$1327 ($sub).
Removed top 1 bits (of 5) from port A of cell spark_chip.$flatten\u_core.$sub$../../rtl/spark_core.v:209$1325 ($sub).
Removed top 1 bits (of 5) from port B of cell spark_chip.$flatten\u_core.$sub$../../rtl/spark_core.v:209$1325 ($sub).
Removed top 1 bits (of 5) from port A of cell spark_chip.$flatten\u_core.$sub$../../rtl/spark_core.v:204$1320 ($sub).
Removed top 1 bits (of 5) from port B of cell spark_chip.$flatten\u_core.$sub$../../rtl/spark_core.v:204$1320 ($sub).
Removed top 1 bits (of 5) from port A of cell spark_chip.$flatten\u_core.$sub$../../rtl/spark_core.v:209$1318 ($sub).
Removed top 1 bits (of 5) from port B of cell spark_chip.$flatten\u_core.$sub$../../rtl/spark_core.v:209$1318 ($sub).
Removed top 1 bits (of 5) from port A of cell spark_chip.$flatten\u_core.$sub$../../rtl/spark_core.v:204$1313 ($sub).
Removed top 1 bits (of 5) from port B of cell spark_chip.$flatten\u_core.$sub$../../rtl/spark_core.v:204$1313 ($sub).
Removed top 1 bits (of 5) from port A of cell spark_chip.$flatten\u_core.$sub$../../rtl/spark_core.v:209$1311 ($sub).
Removed top 1 bits (of 5) from port B of cell spark_chip.$flatten\u_core.$sub$../../rtl/spark_core.v:209$1311 ($sub).
Removed top 1 bits (of 5) from port A of cell spark_chip.$flatten\u_core.$sub$../../rtl/spark_core.v:204$1306 ($sub).
Removed top 1 bits (of 5) from port B of cell spark_chip.$flatten\u_core.$sub$../../rtl/spark_core.v:204$1306 ($sub).
Removed top 1 bits (of 5) from port A of cell spark_chip.$flatten\u_core.$sub$../../rtl/spark_core.v:209$1304 ($sub).
Removed top 1 bits (of 5) from port B of cell spark_chip.$flatten\u_core.$sub$../../rtl/spark_core.v:209$1304 ($sub).
Removed top 1 bits (of 5) from port A of cell spark_chip.$flatten\u_core.$sub$../../rtl/spark_core.v:204$1299 ($sub).
Removed top 1 bits (of 5) from port B of cell spark_chip.$flatten\u_core.$sub$../../rtl/spark_core.v:204$1299 ($sub).
Removed top 1 bits (of 5) from port A of cell spark_chip.$flatten\u_core.$sub$../../rtl/spark_core.v:209$1297 ($sub).
Removed top 1 bits (of 5) from port B of cell spark_chip.$flatten\u_core.$sub$../../rtl/spark_core.v:209$1297 ($sub).
Removed top 1 bits (of 5) from port A of cell spark_chip.$flatten\u_core.$sub$../../rtl/spark_core.v:204$1292 ($sub).
Removed top 1 bits (of 5) from port B of cell spark_chip.$flatten\u_core.$sub$../../rtl/spark_core.v:204$1292 ($sub).
Removed top 1 bits (of 5) from port A of cell spark_chip.$flatten\u_core.$sub$../../rtl/spark_core.v:209$1290 ($sub).
Removed top 1 bits (of 5) from port B of cell spark_chip.$flatten\u_core.$sub$../../rtl/spark_core.v:209$1290 ($sub).
Removed top 1 bits (of 5) from port A of cell spark_chip.$flatten\u_core.$sub$../../rtl/spark_core.v:204$1285 ($sub).
Removed top 1 bits (of 5) from port B of cell spark_chip.$flatten\u_core.$sub$../../rtl/spark_core.v:204$1285 ($sub).
Removed top 7 bits (of 8) from port A of cell spark_chip.$flatten\u_core.$add$../../rtl/spark_core.v:197$1271 ($add).
Removed top 6 bits (of 8) from port Y of cell spark_chip.$flatten\u_core.$add$../../rtl/spark_core.v:197$1271 ($add).
Removed top 7 bits (of 8) from port A of cell spark_chip.$flatten\u_core.$add$../../rtl/spark_core.v:196$1270 ($add).
Removed top 6 bits (of 8) from port Y of cell spark_chip.$flatten\u_core.$add$../../rtl/spark_core.v:196$1270 ($add).
Removed top 1 bits (of 2) from port B of cell spark_chip.$flatten\u_core.$gt$../../rtl/spark_core.v:176$1261 ($gt).
Removed top 1 bits (of 3) from port B of cell spark_chip.$flatten\u_core.$eq$../../rtl/spark_core.v:126$1251 ($eq).
Removed top 1 bits (of 3) from port B of cell spark_chip.$flatten\u_core.$eq$../../rtl/spark_core.v:125$1249 ($eq).
Removed top 2 bits (of 3) from port B of cell spark_chip.$flatten\u_core.$eq$../../rtl/spark_core.v:120$1247 ($eq).
Removed top 26 bits (of 32) from mux cell spark_chip.$flatten\u_core.$ternary$../../rtl/spark_core.v:110$1240 ($mux).
Removed top 28 bits (of 32) from mux cell spark_chip.$flatten\u_core.$ternary$../../rtl/spark_core.v:109$1239 ($mux).
Removed top 1 bits (of 4) from port B of cell spark_chip.$flatten\u_core.$ge$../../rtl/spark_core.v:84$1225 ($ge).
Removed top 2 bits (of 6) from mux cell spark_chip.$flatten\u_core.$procmux$6633 ($pmux).
Removed top 2 bits (of 6) from mux cell spark_chip.$flatten\u_core.$procmux$6628 ($pmux).
Removed top 1 bits (of 6) from mux cell spark_chip.$flatten\u_core.$procmux$6623 ($pmux).
Removed top 1 bits (of 6) from mux cell spark_chip.$flatten\u_core.$procmux$6618 ($pmux).
Removed top 1 bits (of 6) from mux cell spark_chip.$flatten\u_core.$procmux$6551 ($mux).
Removed top 2 bits (of 6) from mux cell spark_chip.$flatten\u_core.$procmux$6545 ($mux).
Removed top 2 bits (of 6) from mux cell spark_chip.$flatten\u_core.$procmux$6539 ($mux).
Removed top 2 bits (of 6) from mux cell spark_chip.$flatten\u_core.$procmux$6533 ($mux).
Removed top 2 bits (of 6) from mux cell spark_chip.$flatten\u_core.$procmux$6501 ($mux).
Removed top 2 bits (of 6) from mux cell spark_chip.$flatten\u_core.$procmux$6498 ($mux).
Removed top 41 bits (of 43) from mux cell spark_chip.$flatten\u_core.$procmux$6235 ($mux).
Removed top 2 bits (of 6) from mux cell spark_chip.$flatten\u_core.$procmux$5656 ($pmux).
Removed top 2 bits (of 6) from mux cell spark_chip.$flatten\u_core.$procmux$5645 ($pmux).
Removed top 2 bits (of 6) from mux cell spark_chip.$flatten\u_core.$procmux$5634 ($pmux).
Removed top 1 bits (of 6) from mux cell spark_chip.$flatten\u_core.$procmux$5623 ($pmux).
Removed top 2 bits (of 6) from mux cell spark_chip.$flatten\u_core.$procmux$5397 ($mux).
Removed top 2 bits (of 6) from mux cell spark_chip.$flatten\u_core.$procmux$5391 ($mux).
Removed top 1 bits (of 6) from mux cell spark_chip.$flatten\u_core.$procmux$5385 ($mux).
Removed top 1 bits (of 6) from mux cell spark_chip.$flatten\u_core.$procmux$5379 ($mux).
Removed top 2 bits (of 6) from mux cell spark_chip.$flatten\u_core.$procmux$5121 ($mux).
Removed top 2 bits (of 6) from mux cell spark_chip.$flatten\u_core.$procmux$5115 ($mux).
Removed top 2 bits (of 6) from mux cell spark_chip.$flatten\u_core.$procmux$5052 ($pmux).
Removed top 2 bits (of 6) from mux cell spark_chip.$flatten\u_core.$procmux$5043 ($pmux).
Removed top 1 bits (of 7) from port B of cell spark_chip.$flatten\u_core.$eq$../../rtl/spark_core.v:459$1975 ($eq).
Removed top 1 bits (of 7) from port B of cell spark_chip.$flatten\u_core.$lt$../../rtl/spark_core.v:308$1679 ($lt).
Removed top 1 bits (of 14) from port A of cell spark_chip.$flatten\u_core.$gt$../../rtl/spark_core.v:256$1511 ($gt).
Removed top 1 bits (of 14) from port A of cell spark_chip.$flatten\u_core.$lt$../../rtl/spark_core.v:256$1510 ($lt).
Removed top 22 bits (of 32) from port B of cell spark_chip.$flatten\u_core.$shiftx$../../rtl/spark_core.v:0$1507 ($shiftx).
Removed top 22 bits (of 32) from port B of cell spark_chip.$flatten\u_core.$shiftx$../../rtl/spark_core.v:0$1486 ($shiftx).
Removed top 22 bits (of 32) from port B of cell spark_chip.$flatten\u_core.$shiftx$../../rtl/spark_core.v:0$1481 ($shiftx).
Removed top 1 bits (of 14) from port A of cell spark_chip.$flatten\u_core.$gt$../../rtl/spark_core.v:256$1472 ($gt).
Removed top 1 bits (of 14) from port A of cell spark_chip.$flatten\u_core.$lt$../../rtl/spark_core.v:256$1471 ($lt).
Removed top 22 bits (of 32) from port B of cell spark_chip.$flatten\u_core.$shiftx$../../rtl/spark_core.v:0$1468 ($shiftx).
Removed top 22 bits (of 32) from port B of cell spark_chip.$flatten\u_core.$shiftx$../../rtl/spark_core.v:0$1447 ($shiftx).
Removed top 22 bits (of 32) from port B of cell spark_chip.$flatten\u_core.$shiftx$../../rtl/spark_core.v:0$1442 ($shiftx).
Removed top 1 bits (of 14) from port A of cell spark_chip.$flatten\u_core.$gt$../../rtl/spark_core.v:256$1433 ($gt).
Removed top 1 bits (of 14) from port A of cell spark_chip.$flatten\u_core.$lt$../../rtl/spark_core.v:256$1432 ($lt).
Removed top 22 bits (of 32) from port B of cell spark_chip.$flatten\u_core.$shiftx$../../rtl/spark_core.v:0$1429 ($shiftx).
Removed top 22 bits (of 32) from port B of cell spark_chip.$flatten\u_core.$shiftx$../../rtl/spark_core.v:0$1408 ($shiftx).
Removed top 22 bits (of 32) from port B of cell spark_chip.$flatten\u_core.$shiftx$../../rtl/spark_core.v:0$1403 ($shiftx).
Removed top 1 bits (of 14) from port A of cell spark_chip.$flatten\u_core.$gt$../../rtl/spark_core.v:256$1394 ($gt).
Removed top 1 bits (of 14) from port A of cell spark_chip.$flatten\u_core.$lt$../../rtl/spark_core.v:256$1393 ($lt).
Removed top 2 bits (of 6) from mux cell spark_chip.$flatten\u_core.$procmux$5983 ($mux).
Removed top 2 bits (of 6) from mux cell spark_chip.$flatten\u_core.$procmux$5973 ($mux).
Removed top 1 bits (of 6) from mux cell spark_chip.$flatten\u_core.$procmux$5963 ($mux).
Removed top 1 bits (of 6) from mux cell spark_chip.$flatten\u_core.$procmux$5953 ($mux).
Removed top 2 bits (of 6) from mux cell spark_chip.$flatten\u_core.$procmux$5492 ($pmux).
Removed top 1 bits (of 6) from mux cell spark_chip.$flatten\u_core.$procmux$5483 ($pmux).
Removed top 1 bits (of 6) from mux cell spark_chip.$flatten\u_core.$procmux$5474 ($pmux).
Removed top 2 bits (of 6) from mux cell spark_chip.$flatten\u_core.$procmux$5465 ($pmux).
Removed top 2 bits (of 6) from mux cell spark_chip.$flatten\u_core.$procmux$5818 ($pmux).
Removed top 1 bits (of 6) from mux cell spark_chip.$flatten\u_core.$procmux$5803 ($pmux).
Removed top 1 bits (of 6) from mux cell spark_chip.$flatten\u_core.$procmux$5788 ($pmux).
Removed top 2 bits (of 6) from mux cell spark_chip.$flatten\u_core.$procmux$5773 ($pmux).
Removed top 1 bits (of 6) from port Y of cell spark_chip.$flatten\u_core.$sub$../../rtl/spark_core.v:316$1697 ($sub).
Removed top 1 bits (of 6) from port A of cell spark_chip.$flatten\u_core.$sub$../../rtl/spark_core.v:316$1697 ($sub).
Removed top 2 bits (of 6) from wire spark_chip.$flatten\u_core.$1\acc_wa[0][5:0].
Removed top 2 bits (of 6) from wire spark_chip.$flatten\u_core.$1\acc_wa[1][5:0].
Removed top 1 bits (of 6) from wire spark_chip.$flatten\u_core.$1\acc_wa[2][5:0].
Removed top 1 bits (of 6) from wire spark_chip.$flatten\u_core.$1\acc_wa[3][5:0].
Removed top 2 bits (of 6) from wire spark_chip.$flatten\u_core.$1\h_wa[0][5:0].
Removed top 2 bits (of 6) from wire spark_chip.$flatten\u_core.$1\h_wa[1][5:0].
Removed top 13 bits (of 17) from wire spark_chip.$flatten\u_core.$1\mag[16:0].
Removed top 1 bits (of 4) from wire spark_chip.$flatten\u_core.$1\sel[3:0].
Removed top 1 bits (of 6) from wire spark_chip.$flatten\u_core.$1\sn_wa[0][5:0].
Removed top 5 bits (of 6) from wire spark_chip.$flatten\u_core.$1\sn_wa[1][5:0].
Removed top 2 bits (of 6) from wire spark_chip.$flatten\u_core.$1\sn_wa[2][5:0].
Removed top 3 bits (of 6) from wire spark_chip.$flatten\u_core.$1\sn_wa[3][5:0].
Removed top 2 bits (of 6) from wire spark_chip.$flatten\u_core.$2\acc_ra[0][5:0].
Removed top 5 bits (of 6) from wire spark_chip.$flatten\u_core.$2\acc_ra[1][5:0].
Removed top 1 bits (of 6) from wire spark_chip.$flatten\u_core.$2\acc_ra[2][5:0].
Removed top 2 bits (of 6) from wire spark_chip.$flatten\u_core.$2\acc_ra[3][5:0].
Removed top 2 bits (of 6) from wire spark_chip.$flatten\u_core.$2\acc_wa[0][5:0].
Removed top 3 bits (of 6) from wire spark_chip.$flatten\u_core.$2\acc_wa[1][5:0].
Removed top 1 bits (of 6) from wire spark_chip.$flatten\u_core.$2\acc_wa[2][5:0].
Removed top 1 bits (of 6) from wire spark_chip.$flatten\u_core.$2\acc_wa[3][5:0].
Removed top 1 bits (of 128) from wire spark_chip.$flatten\u_core.$2\acc_wd[0][127:0].
Removed top 37 bits (of 128) from wire spark_chip.$flatten\u_core.$2\acc_wd[1][127:0].
Removed top 5 bits (of 128) from wire spark_chip.$flatten\u_core.$2\acc_wd[2][127:0].
Removed top 5 bits (of 128) from wire spark_chip.$flatten\u_core.$2\acc_wd[3][127:0].
Removed top 2 bits (of 6) from wire spark_chip.$flatten\u_core.$2\h_ra[0][5:0].
Removed top 3 bits (of 6) from wire spark_chip.$flatten\u_core.$2\h_ra[1][5:0].
Removed top 2 bits (of 6) from wire spark_chip.$flatten\u_core.$2\h_wa[0][5:0].
Removed top 3 bits (of 6) from wire spark_chip.$flatten\u_core.$2\h_wa[1][5:0].
Removed top 13 bits (of 17) from wire spark_chip.$flatten\u_core.$2\mag[16:0].
Removed top 1 bits (of 4) from wire spark_chip.$flatten\u_core.$2\sel[3:0].
Removed top 1 bits (of 6) from wire spark_chip.$flatten\u_core.$2\sn_wa[0][5:0].
Removed top 2 bits (of 6) from wire spark_chip.$flatten\u_core.$2\sn_wa[1][5:0].
Removed top 2 bits (of 6) from wire spark_chip.$flatten\u_core.$2\sn_wa[2][5:0].
Removed top 2 bits (of 6) from wire spark_chip.$flatten\u_core.$2\sn_wa[3][5:0].
Removed top 1 bits (of 43) from wire spark_chip.$flatten\u_core.$2\t_wd[42:0].
Removed top 2 bits (of 6) from wire spark_chip.$flatten\u_core.$3\acc_ra[0][5:0].
Removed top 5 bits (of 6) from wire spark_chip.$flatten\u_core.$3\acc_ra[1][5:0].
Removed top 1 bits (of 6) from wire spark_chip.$flatten\u_core.$3\acc_ra[2][5:0].
Removed top 2 bits (of 6) from wire spark_chip.$flatten\u_core.$3\acc_ra[3][5:0].
Removed top 2 bits (of 6) from wire spark_chip.$flatten\u_core.$3\acc_wa[0][5:0].
Removed top 1 bits (of 6) from wire spark_chip.$flatten\u_core.$3\acc_wa[2][5:0].
Removed top 3 bits (of 6) from wire spark_chip.$flatten\u_core.$3\acc_wa[3][5:0].
Removed top 21 bits (of 128) from wire spark_chip.$flatten\u_core.$3\acc_wd[0][127:0].
Removed top 21 bits (of 128) from wire spark_chip.$flatten\u_core.$3\acc_wd[1][127:0].
Removed top 21 bits (of 128) from wire spark_chip.$flatten\u_core.$3\acc_wd[2][127:0].
Removed top 21 bits (of 128) from wire spark_chip.$flatten\u_core.$3\acc_wd[3][127:0].
Removed top 13 bits (of 17) from wire spark_chip.$flatten\u_core.$3\mag[16:0].
Removed top 1 bits (of 4) from wire spark_chip.$flatten\u_core.$3\sel[3:0].
Removed top 2 bits (of 6) from wire spark_chip.$flatten\u_core.$4\acc_ra[0][5:0].
Removed top 3 bits (of 6) from wire spark_chip.$flatten\u_core.$4\acc_ra[1][5:0].
Removed top 1 bits (of 6) from wire spark_chip.$flatten\u_core.$4\acc_ra[2][5:0].
Removed top 1 bits (of 6) from wire spark_chip.$flatten\u_core.$4\acc_ra[3][5:0].
Removed top 9 bits (of 128) from wire spark_chip.$flatten\u_core.$4\acc_wd[0][127:0].
Removed top 1 bits (of 4) from wire spark_chip.$flatten\u_core.$4\sel[3:0].
Removed top 2 bits (of 6) from wire spark_chip.$flatten\u_core.$5\acc_wa[0][5:0].
Removed top 3 bits (of 6) from wire spark_chip.$flatten\u_core.$5\acc_wa[1][5:0].
Removed top 1 bits (of 6) from wire spark_chip.$flatten\u_core.$5\acc_wa[2][5:0].
Removed top 1 bits (of 6) from wire spark_chip.$flatten\u_core.$5\acc_wa[3][5:0].
Removed top 1 bits (of 128) from wire spark_chip.$flatten\u_core.$5\acc_wd[0][127:0].
Removed top 1 bits (of 4) from wire spark_chip.$flatten\u_core.$5\sel[3:0].
Removed top 1 bits (of 4) from wire spark_chip.$flatten\u_core.$6\sel[3:0].
Removed top 1 bits (of 4) from wire spark_chip.$flatten\u_core.$7\sel[3:0].
Removed top 23 bits (of 32) from wire spark_chip.$flatten\u_core.$add$../../rtl/spark_core.v:0$1402_Y.
Removed top 23 bits (of 32) from wire spark_chip.$flatten\u_core.$add$../../rtl/spark_core.v:0$1441_Y.
Removed top 23 bits (of 32) from wire spark_chip.$flatten\u_core.$add$../../rtl/spark_core.v:0$1480_Y.
Removed top 6 bits (of 8) from wire spark_chip.$flatten\u_core.$add$../../rtl/spark_core.v:196$1270_Y.
Removed top 6 bits (of 8) from wire spark_chip.$flatten\u_core.$add$../../rtl/spark_core.v:197$1271_Y.
Removed top 24 bits (of 32) from wire spark_chip.$flatten\u_core.$add$../../rtl/spark_core.v:271$1525_Y.
Removed top 24 bits (of 32) from wire spark_chip.$flatten\u_core.$add$../../rtl/spark_core.v:271$1548_Y.
Removed top 21 bits (of 32) from wire spark_chip.$flatten\u_core.$add$../../rtl/spark_core.v:280$1615_Y.
Removed top 21 bits (of 32) from wire spark_chip.$flatten\u_core.$add$../../rtl/spark_core.v:281$1618_Y.
Removed top 21 bits (of 32) from wire spark_chip.$flatten\u_core.$add$../../rtl/spark_core.v:282$1621_Y.
Removed top 20 bits (of 32) from wire spark_chip.$flatten\u_core.$add$../../rtl/spark_core.v:309$1683_Y.
Removed top 25 bits (of 32) from wire spark_chip.$flatten\u_core.$add$../../rtl/spark_core.v:418$1866_Y.
Removed top 24 bits (of 32) from wire spark_chip.$flatten\u_core.$add$../../rtl/spark_core.v:429$1879_Y.
Removed top 24 bits (of 32) from wire spark_chip.$flatten\u_core.$add$../../rtl/spark_core.v:446$1932_Y.
Removed top 16 bits (of 32) from wire spark_chip.$flatten\u_core.$add$../../rtl/spark_core.v:451$1971_Y.
Removed top 25 bits (of 32) from wire spark_chip.$flatten\u_core.$add$../../rtl/spark_core.v:460$1976_Y.
Removed top 28 bits (of 32) from wire spark_chip.$flatten\u_core.$and$../../rtl/spark_core.v:0$1956_Y.
Removed top 8 bits (of 16) from wire spark_chip.$flatten\u_core.$mul$../../rtl/spark_core.v:224$1343_Y.
Removed top 8 bits (of 16) from wire spark_chip.$flatten\u_core.$mul$../../rtl/spark_core.v:224$1345_Y.
Removed top 8 bits (of 16) from wire spark_chip.$flatten\u_core.$mul$../../rtl/spark_core.v:224$1347_Y.
Removed top 8 bits (of 16) from wire spark_chip.$flatten\u_core.$mul$../../rtl/spark_core.v:224$1349_Y.
Removed top 8 bits (of 16) from wire spark_chip.$flatten\u_core.$mul$../../rtl/spark_core.v:224$1351_Y.
Removed top 8 bits (of 16) from wire spark_chip.$flatten\u_core.$mul$../../rtl/spark_core.v:224$1353_Y.
Removed top 8 bits (of 16) from wire spark_chip.$flatten\u_core.$mul$../../rtl/spark_core.v:224$1355_Y.
Removed top 8 bits (of 16) from wire spark_chip.$flatten\u_core.$mul$../../rtl/spark_core.v:224$1357_Y.
Removed top 1 bits (of 5) from wire spark_chip.$flatten\u_core.$neg$../../rtl/spark_core.v:251$1423_Y.
Removed top 1 bits (of 5) from wire spark_chip.$flatten\u_core.$procmux$4650_Y.
Removed top 1 bits (of 5) from wire spark_chip.$flatten\u_core.$procmux$4652_Y.
Removed top 2 bits (of 5) from wire spark_chip.$flatten\u_core.$procmux$4655_Y.
Removed top 1 bits (of 5) from wire spark_chip.$flatten\u_core.$procmux$4659_Y.
Removed top 3 bits (of 5) from wire spark_chip.$flatten\u_core.$procmux$4662_Y.
Removed top 1 bits (of 5) from wire spark_chip.$flatten\u_core.$procmux$4671_Y.
Removed top 3 bits (of 5) from wire spark_chip.$flatten\u_core.$procmux$4678_Y.
Removed top 1 bits (of 5) from wire spark_chip.$flatten\u_core.$procmux$4697_Y.
Removed top 2 bits (of 5) from wire spark_chip.$flatten\u_core.$procmux$4707_Y.
Removed top 1 bits (of 5) from wire spark_chip.$flatten\u_core.$procmux$4709_Y.
Removed top 3 bits (of 16) from wire spark_chip.$flatten\u_core.$shiftx$../../rtl/spark_core.v:0$1364_Y.
Removed top 7 bits (of 16) from wire spark_chip.$flatten\u_core.$shiftx$../../rtl/spark_core.v:0$1369_Y.
Removed top 3 bits (of 16) from wire spark_chip.$flatten\u_core.$shiftx$../../rtl/spark_core.v:0$1403_Y.
Removed top 3 bits (of 16) from wire spark_chip.$flatten\u_core.$shiftx$../../rtl/spark_core.v:0$1408_Y.
Removed top 4 bits (of 17) from wire spark_chip.$flatten\u_core.$shr$../../rtl/spark_core.v:249$1381_Y.
Removed top 4 bits (of 17) from wire spark_chip.$flatten\u_core.$shr$../../rtl/spark_core.v:249$1420_Y.
Removed top 4 bits (of 17) from wire spark_chip.$flatten\u_core.$shr$../../rtl/spark_core.v:249$1459_Y.
Removed top 4 bits (of 17) from wire spark_chip.$flatten\u_core.$shr$../../rtl/spark_core.v:249$1498_Y.
Removed top 1 bits (of 17) from wire spark_chip.$flatten\u_core.$sub$../../rtl/spark_core.v:258$1398_Y.
Removed top 1 bits (of 17) from wire spark_chip.$flatten\u_core.$sub$../../rtl/spark_core.v:258$1437_Y.
Removed top 1 bits (of 17) from wire spark_chip.$flatten\u_core.$sub$../../rtl/spark_core.v:258$1476_Y.
Removed top 28 bits (of 32) from wire spark_chip.$flatten\u_core.$ternary$../../rtl/spark_core.v:109$1239_Y.
Removed top 26 bits (of 32) from wire spark_chip.$flatten\u_core.$ternary$../../rtl/spark_core.v:110$1240_Y.
Removed top 13 bits (of 17) from wire spark_chip.$flatten\u_core.$ternary$../../rtl/spark_core.v:248$1380_Y.
Removed top 13 bits (of 17) from wire spark_chip.$flatten\u_core.$ternary$../../rtl/spark_core.v:248$1419_Y.
Removed top 13 bits (of 17) from wire spark_chip.$flatten\u_core.$ternary$../../rtl/spark_core.v:248$1458_Y.
Removed top 13 bits (of 17) from wire spark_chip.$flatten\u_core.$ternary$../../rtl/spark_core.v:248$1497_Y.
Removed top 3 bits (of 5) from wire spark_chip.$flatten\u_core.$ternary$../../rtl/spark_core.v:251$1424_Y.
Removed top 1 bits (of 43) from wire spark_chip.$flatten\u_core.$ternary$../../rtl/spark_core.v:300$1677_Y.
Removed top 1 bits (of 5) from wire spark_chip.$flatten\u_core.$ternary$../../rtl/spark_core.v:411$1863_Y.
Removed top 2 bits (of 6) from wire spark_chip.$flatten\u_core.\u_acc0.$0$memwr$\mem$../spark_ram_asic.v:23$1069_ADDR[5:0]$1071.
Removed top 2 bits (of 6) from wire spark_chip.$flatten\u_core.\u_acc1.$0$memwr$\mem$../spark_ram_asic.v:23$1069_ADDR[5:0]$1071.
Removed top 1 bits (of 6) from wire spark_chip.$flatten\u_core.\u_acc2.$0$memwr$\mem$../spark_ram_asic.v:23$1079_ADDR[5:0]$1081.
Removed top 1 bits (of 6) from wire spark_chip.$flatten\u_core.\u_acc3.$0$memwr$\mem$../spark_ram_asic.v:23$1079_ADDR[5:0]$1081.
Removed top 2 bits (of 6) from wire spark_chip.$flatten\u_core.\u_h0.$0$memwr$\mem$../spark_ram_asic.v:23$1069_ADDR[5:0]$1071.
Removed top 2 bits (of 6) from wire spark_chip.$flatten\u_core.\u_h1.$0$memwr$\mem$../spark_ram_asic.v:23$1069_ADDR[5:0]$1071.
Removed top 1 bits (of 6) from wire spark_chip.$flatten\u_core.\u_sn0.$0$memwr$\mem$../spark_ram_asic.v:23$1059_ADDR[5:0]$1061.
Removed top 2 bits (of 6) from wire spark_chip.$flatten\u_core.\u_sn1.$0$memwr$\mem$../spark_ram_asic.v:23$1049_ADDR[5:0]$1051.
Removed top 2 bits (of 6) from wire spark_chip.$flatten\u_core.\u_sn2.$0$memwr$\mem$../spark_ram_asic.v:23$1049_ADDR[5:0]$1051.
Removed top 2 bits (of 6) from wire spark_chip.$flatten\u_core.\u_sn3.$0$memwr$\mem$../spark_ram_asic.v:23$1049_ADDR[5:0]$1051.
Removed top 8 bits (of 16) from wire spark_chip.arb_th.
Removed top 6 bits (of 8) from wire spark_chip.rbuf[1].

9.11. Executing PEEPOPT pass (run peephole optimizers).

9.12. Executing OPT_CLEAN pass (remove unused cells and wires).
Finding unused cells or wires in module \spark_chip..
Removed 0 unused cells and 141 unused wires.
<suppressed ~1 debug messages>

9.13. Executing ALUMACC pass (create $alu and $macc cells).
Extracting $alu and $macc cells in module spark_chip:
  creating $macc model for $add$../../rtl/spark_chip.v:110$996 ($add).
  creating $macc model for $flatten\u_core.$add$../../rtl/spark_core.v:196$1270 ($add).
  creating $macc model for $flatten\u_core.$add$../../rtl/spark_core.v:196$1272 ($add).
  creating $macc model for $flatten\u_core.$add$../../rtl/spark_core.v:196$1274 ($add).
  creating $macc model for $flatten\u_core.$add$../../rtl/spark_core.v:196$1276 ($add).
  creating $macc model for $flatten\u_core.$add$../../rtl/spark_core.v:196$1278 ($add).
  creating $macc model for $flatten\u_core.$add$../../rtl/spark_core.v:196$1280 ($add).
  creating $macc model for $flatten\u_core.$add$../../rtl/spark_core.v:196$1282 ($add).
  creating $macc model for $flatten\u_core.$add$../../rtl/spark_core.v:197$1271 ($add).
  creating $macc model for $flatten\u_core.$add$../../rtl/spark_core.v:197$1273 ($add).
  creating $macc model for $flatten\u_core.$add$../../rtl/spark_core.v:197$1275 ($add).
  creating $macc model for $flatten\u_core.$add$../../rtl/spark_core.v:197$1277 ($add).
  creating $macc model for $flatten\u_core.$add$../../rtl/spark_core.v:197$1279 ($add).
  creating $macc model for $flatten\u_core.$add$../../rtl/spark_core.v:197$1281 ($add).
  creating $macc model for $flatten\u_core.$add$../../rtl/spark_core.v:197$1283 ($add).
  creating $macc model for $flatten\u_core.$add$../../rtl/spark_core.v:223$1344 ($add).
  creating $macc model for $flatten\u_core.$add$../../rtl/spark_core.v:223$1346 ($add).
  creating $macc model for $flatten\u_core.$add$../../rtl/spark_core.v:223$1348 ($add).
  creating $macc model for $flatten\u_core.$add$../../rtl/spark_core.v:223$1350 ($add).
  creating $macc model for $flatten\u_core.$add$../../rtl/spark_core.v:223$1352 ($add).
  creating $macc model for $flatten\u_core.$add$../../rtl/spark_core.v:223$1354 ($add).
  creating $macc model for $flatten\u_core.$add$../../rtl/spark_core.v:223$1356 ($add).
  creating $macc model for $flatten\u_core.$add$../../rtl/spark_core.v:223$1358 ($add).
  creating $macc model for $flatten\u_core.$add$../../rtl/spark_core.v:243$1400 ($add).
  creating $macc model for $flatten\u_core.$add$../../rtl/spark_core.v:243$1439 ($add).
  creating $macc model for $flatten\u_core.$add$../../rtl/spark_core.v:243$1478 ($add).
  creating $macc model for $flatten\u_core.$add$../../rtl/spark_core.v:246$1373 ($add).
  creating $macc model for $flatten\u_core.$add$../../rtl/spark_core.v:246$1412 ($add).
  creating $macc model for $flatten\u_core.$add$../../rtl/spark_core.v:246$1451 ($add).
  creating $macc model for $flatten\u_core.$add$../../rtl/spark_core.v:246$1490 ($add).
  creating $macc model for $flatten\u_core.$add$../../rtl/spark_core.v:271$1525 ($add).
  creating $macc model for $flatten\u_core.$add$../../rtl/spark_core.v:271$1537 ($add).
  creating $macc model for $flatten\u_core.$add$../../rtl/spark_core.v:271$1548 ($add).
  creating $macc model for $flatten\u_core.$add$../../rtl/spark_core.v:271$1559 ($add).
  creating $macc model for $flatten\u_core.$add$../../rtl/spark_core.v:280$1615 ($add).
  creating $macc model for $flatten\u_core.$add$../../rtl/spark_core.v:281$1618 ($add).
  creating $macc model for $flatten\u_core.$add$../../rtl/spark_core.v:282$1621 ($add).
  creating $macc model for $flatten\u_core.$add$../../rtl/spark_core.v:301$1675 ($add).
  creating $macc model for $flatten\u_core.$add$../../rtl/spark_core.v:309$1683 ($add).
  creating $macc model for $flatten\u_core.$add$../../rtl/spark_core.v:311$1687 ($add).
  creating $macc model for $flatten\u_core.$add$../../rtl/spark_core.v:358$1718 ($add).
  creating $macc model for $flatten\u_core.$add$../../rtl/spark_core.v:374$1801 ($add).
  creating $macc model for $flatten\u_core.$add$../../rtl/spark_core.v:379$1850 ($add).
  creating $macc model for $flatten\u_core.$add$../../rtl/spark_core.v:380$1851 ($add).
  creating $macc model for $flatten\u_core.$add$../../rtl/spark_core.v:418$1866 ($add).
  creating $macc model for $flatten\u_core.$add$../../rtl/spark_core.v:419$1868 ($add).
  creating $macc model for $flatten\u_core.$add$../../rtl/spark_core.v:419$1869 ($add).
  creating $macc model for $flatten\u_core.$add$../../rtl/spark_core.v:429$1879 ($add).
  creating $macc model for $flatten\u_core.$add$../../rtl/spark_core.v:446$1932 ($add).
  creating $macc model for $flatten\u_core.$add$../../rtl/spark_core.v:451$1971 ($add).
  creating $macc model for $flatten\u_core.$add$../../rtl/spark_core.v:460$1976 ($add).
  creating $macc model for $flatten\u_core.$add$../../rtl/spark_core.v:483$2010 ($add).
  creating $macc model for $flatten\u_core.$add$../../rtl/spark_core.v:497$2020 ($add).
  creating $macc model for $flatten\u_core.$mul$../../rtl/spark_core.v:164$1622 ($mul).
  creating $macc model for $flatten\u_core.$mul$../../rtl/spark_core.v:164$1678 ($mul).
  creating $macc model for $flatten\u_core.$mul$../../rtl/spark_core.v:224$1343 ($mul).
  creating $macc model for $flatten\u_core.$mul$../../rtl/spark_core.v:224$1345 ($mul).
  creating $macc model for $flatten\u_core.$mul$../../rtl/spark_core.v:224$1347 ($mul).
  creating $macc model for $flatten\u_core.$mul$../../rtl/spark_core.v:224$1349 ($mul).
  creating $macc model for $flatten\u_core.$mul$../../rtl/spark_core.v:224$1351 ($mul).
  creating $macc model for $flatten\u_core.$mul$../../rtl/spark_core.v:224$1353 ($mul).
  creating $macc model for $flatten\u_core.$mul$../../rtl/spark_core.v:224$1355 ($mul).
  creating $macc model for $flatten\u_core.$mul$../../rtl/spark_core.v:224$1357 ($mul).
  creating $macc model for $flatten\u_core.$mul$../../rtl/spark_core.v:245$1370 ($mul).
  creating $macc model for $flatten\u_core.$mul$../../rtl/spark_core.v:245$1409 ($mul).
  creating $macc model for $flatten\u_core.$mul$../../rtl/spark_core.v:245$1448 ($mul).
  creating $macc model for $flatten\u_core.$mul$../../rtl/spark_core.v:245$1487 ($mul).
  creating $macc model for $flatten\u_core.$neg$../../rtl/spark_core.v:0$1935 ($neg).
  creating $macc model for $flatten\u_core.$neg$../../rtl/spark_core.v:0$1951 ($neg).
  creating $macc model for $flatten\u_core.$neg$../../rtl/spark_core.v:0$1989 ($neg).
  creating $macc model for $flatten\u_core.$neg$../../rtl/spark_core.v:0$2001 ($neg).
  creating $macc model for $flatten\u_core.$neg$../../rtl/spark_core.v:248$1379 ($neg).
  creating $macc model for $flatten\u_core.$neg$../../rtl/spark_core.v:248$1418 ($neg).
  creating $macc model for $flatten\u_core.$neg$../../rtl/spark_core.v:248$1457 ($neg).
  creating $macc model for $flatten\u_core.$neg$../../rtl/spark_core.v:248$1496 ($neg).
  creating $macc model for $flatten\u_core.$neg$../../rtl/spark_core.v:251$1384 ($neg).
  creating $macc model for $flatten\u_core.$neg$../../rtl/spark_core.v:251$1423 ($neg).
  creating $macc model for $flatten\u_core.$neg$../../rtl/spark_core.v:251$1462 ($neg).
  creating $macc model for $flatten\u_core.$neg$../../rtl/spark_core.v:251$1501 ($neg).
  creating $macc model for $flatten\u_core.$sub$../../rtl/spark_core.v:204$1285 ($sub).
  creating $macc model for $flatten\u_core.$sub$../../rtl/spark_core.v:204$1292 ($sub).
  creating $macc model for $flatten\u_core.$sub$../../rtl/spark_core.v:204$1299 ($sub).
  creating $macc model for $flatten\u_core.$sub$../../rtl/spark_core.v:204$1306 ($sub).
  creating $macc model for $flatten\u_core.$sub$../../rtl/spark_core.v:204$1313 ($sub).
  creating $macc model for $flatten\u_core.$sub$../../rtl/spark_core.v:204$1320 ($sub).
  creating $macc model for $flatten\u_core.$sub$../../rtl/spark_core.v:204$1327 ($sub).
  creating $macc model for $flatten\u_core.$sub$../../rtl/spark_core.v:204$1334 ($sub).
  creating $macc model for $flatten\u_core.$sub$../../rtl/spark_core.v:209$1290 ($sub).
  creating $macc model for $flatten\u_core.$sub$../../rtl/spark_core.v:209$1297 ($sub).
  creating $macc model for $flatten\u_core.$sub$../../rtl/spark_core.v:209$1304 ($sub).
  creating $macc model for $flatten\u_core.$sub$../../rtl/spark_core.v:209$1311 ($sub).
  creating $macc model for $flatten\u_core.$sub$../../rtl/spark_core.v:209$1318 ($sub).
  creating $macc model for $flatten\u_core.$sub$../../rtl/spark_core.v:209$1325 ($sub).
  creating $macc model for $flatten\u_core.$sub$../../rtl/spark_core.v:209$1332 ($sub).
  creating $macc model for $flatten\u_core.$sub$../../rtl/spark_core.v:209$1339 ($sub).
  creating $macc model for $flatten\u_core.$sub$../../rtl/spark_core.v:254$1391 ($sub).
  creating $macc model for $flatten\u_core.$sub$../../rtl/spark_core.v:254$1430 ($sub).
  creating $macc model for $flatten\u_core.$sub$../../rtl/spark_core.v:254$1469 ($sub).
  creating $macc model for $flatten\u_core.$sub$../../rtl/spark_core.v:254$1508 ($sub).
  creating $macc model for $flatten\u_core.$sub$../../rtl/spark_core.v:258$1398 ($sub).
  creating $macc model for $flatten\u_core.$sub$../../rtl/spark_core.v:258$1437 ($sub).
  creating $macc model for $flatten\u_core.$sub$../../rtl/spark_core.v:258$1476 ($sub).
  creating $macc model for $flatten\u_core.$sub$../../rtl/spark_core.v:258$1515 ($sub).
  creating $macc model for $flatten\u_core.$sub$../../rtl/spark_core.v:316$1697 ($sub).
  creating $macc model for $flatten\u_core.$sub$../../rtl/spark_core.v:495$2017 ($sub).
  creating $macc model for $flatten\u_core.$sub$../../rtl/spark_core.v:500$2023 ($sub).
  creating $macc model for $flatten\u_rx.$add$../../board/uart_rx.v:44$2062 ($add).
  creating $macc model for $flatten\u_rx.$add$../../board/uart_rx.v:50$2065 ($add).
  creating $macc model for $flatten\u_tx.$add$../../board/uart_tx.v:43$2050 ($add).
  creating $macc model for $flatten\u_tx.$add$../../board/uart_tx.v:45$2051 ($add).
  merging $macc model for $flatten\u_core.$add$../../rtl/spark_core.v:196$1282 into $flatten\u_core.$add$../../rtl/spark_core.v:419$1869.
  merging $macc model for $flatten\u_core.$add$../../rtl/spark_core.v:196$1280 into $flatten\u_core.$add$../../rtl/spark_core.v:419$1869.
  merging $macc model for $flatten\u_core.$add$../../rtl/spark_core.v:196$1278 into $flatten\u_core.$add$../../rtl/spark_core.v:419$1869.
  merging $macc model for $flatten\u_core.$add$../../rtl/spark_core.v:196$1276 into $flatten\u_core.$add$../../rtl/spark_core.v:419$1869.
  merging $macc model for $flatten\u_core.$add$../../rtl/spark_core.v:196$1274 into $flatten\u_core.$add$../../rtl/spark_core.v:419$1869.
  merging $macc model for $flatten\u_core.$add$../../rtl/spark_core.v:196$1272 into $flatten\u_core.$add$../../rtl/spark_core.v:419$1869.
  merging $macc model for $flatten\u_core.$add$../../rtl/spark_core.v:197$1283 into $flatten\u_core.$add$../../rtl/spark_core.v:419$1868.
  merging $macc model for $flatten\u_core.$add$../../rtl/spark_core.v:197$1281 into $flatten\u_core.$add$../../rtl/spark_core.v:419$1868.
  merging $macc model for $flatten\u_core.$add$../../rtl/spark_core.v:197$1279 into $flatten\u_core.$add$../../rtl/spark_core.v:419$1868.
  merging $macc model for $flatten\u_core.$add$../../rtl/spark_core.v:197$1277 into $flatten\u_core.$add$../../rtl/spark_core.v:419$1868.
  merging $macc model for $flatten\u_core.$add$../../rtl/spark_core.v:197$1275 into $flatten\u_core.$add$../../rtl/spark_core.v:419$1868.
  merging $macc model for $flatten\u_core.$add$../../rtl/spark_core.v:197$1273 into $flatten\u_core.$add$../../rtl/spark_core.v:419$1868.
  creating $alu model for $macc $flatten\u_core.$sub$../../rtl/spark_core.v:254$1469.
  creating $alu model for $macc $flatten\u_core.$sub$../../rtl/spark_core.v:254$1430.
  creating $alu model for $macc $flatten\u_core.$sub$../../rtl/spark_core.v:254$1391.
  creating $alu model for $macc $flatten\u_core.$sub$../../rtl/spark_core.v:209$1339.
  creating $alu model for $macc $flatten\u_core.$sub$../../rtl/spark_core.v:209$1332.
  creating $alu model for $macc $flatten\u_core.$sub$../../rtl/spark_core.v:209$1325.
  creating $alu model for $macc $flatten\u_core.$sub$../../rtl/spark_core.v:209$1318.
  creating $alu model for $macc $flatten\u_core.$sub$../../rtl/spark_core.v:209$1311.
  creating $alu model for $macc $flatten\u_core.$sub$../../rtl/spark_core.v:209$1304.
  creating $alu model for $macc $flatten\u_core.$sub$../../rtl/spark_core.v:209$1297.
  creating $alu model for $macc $flatten\u_core.$sub$../../rtl/spark_core.v:209$1290.
  creating $alu model for $macc $flatten\u_core.$sub$../../rtl/spark_core.v:204$1334.
  creating $alu model for $macc $flatten\u_core.$sub$../../rtl/spark_core.v:204$1327.
  creating $alu model for $macc $flatten\u_core.$sub$../../rtl/spark_core.v:204$1320.
  creating $alu model for $macc $flatten\u_core.$sub$../../rtl/spark_core.v:204$1313.
  creating $alu model for $macc $flatten\u_core.$sub$../../rtl/spark_core.v:204$1306.
  creating $alu model for $macc $flatten\u_core.$sub$../../rtl/spark_core.v:204$1299.
  creating $alu model for $macc $flatten\u_core.$sub$../../rtl/spark_core.v:204$1292.
  creating $alu model for $macc $flatten\u_core.$sub$../../rtl/spark_core.v:204$1285.
  creating $alu model for $macc $flatten\u_core.$neg$../../rtl/spark_core.v:251$1501.
  creating $alu model for $macc $flatten\u_core.$neg$../../rtl/spark_core.v:251$1462.
  creating $alu model for $macc $flatten\u_core.$neg$../../rtl/spark_core.v:251$1423.
  creating $alu model for $macc $flatten\u_core.$neg$../../rtl/spark_core.v:251$1384.
  creating $alu model for $macc $flatten\u_core.$neg$../../rtl/spark_core.v:248$1496.
  creating $alu model for $macc $flatten\u_core.$neg$../../rtl/spark_core.v:248$1457.
  creating $alu model for $macc $flatten\u_core.$neg$../../rtl/spark_core.v:248$1418.
  creating $alu model for $macc $flatten\u_core.$neg$../../rtl/spark_core.v:248$1379.
  creating $alu model for $macc $flatten\u_core.$neg$../../rtl/spark_core.v:0$2001.
  creating $alu model for $macc $flatten\u_core.$neg$../../rtl/spark_core.v:0$1989.
  creating $alu model for $macc $flatten\u_core.$neg$../../rtl/spark_core.v:0$1951.
  creating $alu model for $macc $flatten\u_core.$neg$../../rtl/spark_core.v:0$1935.
  creating $alu model for $macc $flatten\u_core.$add$../../rtl/spark_core.v:497$2020.
  creating $alu model for $macc $flatten\u_core.$add$../../rtl/spark_core.v:483$2010.
  creating $alu model for $macc $flatten\u_core.$add$../../rtl/spark_core.v:460$1976.
  creating $alu model for $macc $flatten\u_core.$add$../../rtl/spark_core.v:451$1971.
  creating $alu model for $macc $flatten\u_core.$add$../../rtl/spark_core.v:446$1932.
  creating $alu model for $macc $flatten\u_core.$add$../../rtl/spark_core.v:429$1879.
  creating $alu model for $macc $flatten\u_core.$add$../../rtl/spark_core.v:418$1866.
  creating $alu model for $macc $flatten\u_core.$add$../../rtl/spark_core.v:380$1851.
  creating $alu model for $macc $flatten\u_core.$add$../../rtl/spark_core.v:379$1850.
  creating $alu model for $macc $flatten\u_core.$add$../../rtl/spark_core.v:374$1801.
  creating $alu model for $macc $flatten\u_core.$add$../../rtl/spark_core.v:358$1718.
  creating $alu model for $macc $flatten\u_core.$add$../../rtl/spark_core.v:311$1687.
  creating $alu model for $macc $flatten\u_core.$add$../../rtl/spark_core.v:309$1683.
  creating $alu model for $macc $flatten\u_core.$add$../../rtl/spark_core.v:301$1675.
  creating $alu model for $macc $flatten\u_core.$add$../../rtl/spark_core.v:282$1621.
  creating $alu model for $macc $flatten\u_core.$add$../../rtl/spark_core.v:281$1618.
  creating $alu model for $macc $flatten\u_core.$add$../../rtl/spark_core.v:280$1615.
  creating $alu model for $macc $flatten\u_core.$add$../../rtl/spark_core.v:271$1559.
  creating $alu model for $macc $flatten\u_core.$add$../../rtl/spark_core.v:271$1548.
  creating $alu model for $macc $flatten\u_core.$add$../../rtl/spark_core.v:271$1537.
  creating $alu model for $macc $flatten\u_core.$add$../../rtl/spark_core.v:271$1525.
  creating $alu model for $macc $flatten\u_core.$add$../../rtl/spark_core.v:246$1490.
  creating $alu model for $macc $flatten\u_core.$add$../../rtl/spark_core.v:246$1451.
  creating $alu model for $macc $flatten\u_core.$add$../../rtl/spark_core.v:246$1412.
  creating $alu model for $macc $flatten\u_core.$add$../../rtl/spark_core.v:246$1373.
  creating $alu model for $macc $flatten\u_core.$add$../../rtl/spark_core.v:243$1478.
  creating $alu model for $macc $flatten\u_core.$add$../../rtl/spark_core.v:243$1439.
  creating $alu model for $macc $flatten\u_core.$add$../../rtl/spark_core.v:243$1400.
  creating $alu model for $macc $flatten\u_core.$add$../../rtl/spark_core.v:223$1358.
  creating $alu model for $macc $flatten\u_core.$add$../../rtl/spark_core.v:223$1356.
  creating $alu model for $macc $flatten\u_core.$add$../../rtl/spark_core.v:223$1354.
  creating $alu model for $macc $flatten\u_core.$add$../../rtl/spark_core.v:223$1352.
  creating $alu model for $macc $flatten\u_core.$add$../../rtl/spark_core.v:223$1350.
  creating $alu model for $macc $flatten\u_core.$add$../../rtl/spark_core.v:223$1348.
  creating $alu model for $macc $flatten\u_core.$add$../../rtl/spark_core.v:223$1346.
  creating $alu model for $macc $flatten\u_core.$add$../../rtl/spark_core.v:223$1344.
  creating $alu model for $macc $flatten\u_core.$sub$../../rtl/spark_core.v:495$2017.
  creating $alu model for $macc $flatten\u_core.$sub$../../rtl/spark_core.v:500$2023.
  creating $alu model for $macc $flatten\u_rx.$add$../../board/uart_rx.v:44$2062.
  creating $alu model for $macc $flatten\u_rx.$add$../../board/uart_rx.v:50$2065.
  creating $alu model for $macc $flatten\u_tx.$add$../../board/uart_tx.v:43$2050.
  creating $alu model for $macc $flatten\u_tx.$add$../../board/uart_tx.v:45$2051.
  creating $alu model for $macc $flatten\u_core.$add$../../rtl/spark_core.v:197$1271.
  creating $alu model for $macc $flatten\u_core.$sub$../../rtl/spark_core.v:254$1508.
  creating $alu model for $macc $flatten\u_core.$sub$../../rtl/spark_core.v:258$1398.
  creating $alu model for $macc $flatten\u_core.$sub$../../rtl/spark_core.v:258$1437.
  creating $alu model for $macc $flatten\u_core.$sub$../../rtl/spark_core.v:258$1476.
  creating $alu model for $macc $flatten\u_core.$sub$../../rtl/spark_core.v:258$1515.
  creating $alu model for $macc $flatten\u_core.$sub$../../rtl/spark_core.v:316$1697.
  creating $alu model for $macc $flatten\u_core.$add$../../rtl/spark_core.v:196$1270.
  creating $alu model for $macc $add$../../rtl/spark_chip.v:110$996.
  creating $macc cell for $flatten\u_core.$mul$../../rtl/spark_core.v:245$1487: $auto$alumacc.cc:365:replace_macc$9345
  creating $macc cell for $flatten\u_core.$add$../../rtl/spark_core.v:419$1869: $auto$alumacc.cc:365:replace_macc$9346
  creating $macc cell for $flatten\u_core.$add$../../rtl/spark_core.v:419$1868: $auto$alumacc.cc:365:replace_macc$9347
  creating $macc cell for $flatten\u_core.$mul$../../rtl/spark_core.v:164$1622: $auto$alumacc.cc:365:replace_macc$9348
  creating $macc cell for $flatten\u_core.$mul$../../rtl/spark_core.v:164$1678: $auto$alumacc.cc:365:replace_macc$9349
  creating $macc cell for $flatten\u_core.$mul$../../rtl/spark_core.v:224$1343: $auto$alumacc.cc:365:replace_macc$9350
  creating $macc cell for $flatten\u_core.$mul$../../rtl/spark_core.v:224$1345: $auto$alumacc.cc:365:replace_macc$9351
  creating $macc cell for $flatten\u_core.$mul$../../rtl/spark_core.v:224$1347: $auto$alumacc.cc:365:replace_macc$9352
  creating $macc cell for $flatten\u_core.$mul$../../rtl/spark_core.v:224$1349: $auto$alumacc.cc:365:replace_macc$9353
  creating $macc cell for $flatten\u_core.$mul$../../rtl/spark_core.v:224$1351: $auto$alumacc.cc:365:replace_macc$9354
  creating $macc cell for $flatten\u_core.$mul$../../rtl/spark_core.v:224$1353: $auto$alumacc.cc:365:replace_macc$9355
  creating $macc cell for $flatten\u_core.$mul$../../rtl/spark_core.v:224$1355: $auto$alumacc.cc:365:replace_macc$9356
  creating $macc cell for $flatten\u_core.$mul$../../rtl/spark_core.v:224$1357: $auto$alumacc.cc:365:replace_macc$9357
  creating $macc cell for $flatten\u_core.$mul$../../rtl/spark_core.v:245$1370: $auto$alumacc.cc:365:replace_macc$9358
  creating $macc cell for $flatten\u_core.$mul$../../rtl/spark_core.v:245$1409: $auto$alumacc.cc:365:replace_macc$9359
  creating $macc cell for $flatten\u_core.$mul$../../rtl/spark_core.v:245$1448: $auto$alumacc.cc:365:replace_macc$9360
  creating $alu model for $flatten\u_core.$ge$../../rtl/spark_core.v:315$1690 ($ge): new $alu
  creating $alu model for $flatten\u_core.$ge$../../rtl/spark_core.v:398$1860 ($ge): new $alu
  creating $alu model for $flatten\u_core.$ge$../../rtl/spark_core.v:443$1911 ($ge): new $alu
  creating $alu model for $flatten\u_core.$ge$../../rtl/spark_core.v:495$2018 ($ge): new $alu
  creating $alu model for $flatten\u_core.$ge$../../rtl/spark_core.v:497$2019 ($ge): new $alu
  creating $alu model for $flatten\u_core.$ge$../../rtl/spark_core.v:84$1225 ($ge): new $alu
  creating $alu model for $flatten\u_core.$gt$../../rtl/spark_core.v:176$1261 ($gt): new $alu
  creating $alu model for $flatten\u_core.$gt$../../rtl/spark_core.v:177$1263 ($gt): new $alu
  creating $alu model for $flatten\u_core.$gt$../../rtl/spark_core.v:247$1374 ($gt): new $alu
  creating $alu model for $flatten\u_core.$gt$../../rtl/spark_core.v:247$1413 ($gt): new $alu
  creating $alu model for $flatten\u_core.$gt$../../rtl/spark_core.v:247$1452 ($gt): new $alu
  creating $alu model for $flatten\u_core.$gt$../../rtl/spark_core.v:247$1491 ($gt): new $alu
  creating $alu model for $flatten\u_core.$gt$../../rtl/spark_core.v:250$1382 ($gt): new $alu
  creating $alu model for $flatten\u_core.$gt$../../rtl/spark_core.v:250$1421 ($gt): new $alu
  creating $alu model for $flatten\u_core.$gt$../../rtl/spark_core.v:250$1460 ($gt): new $alu
  creating $alu model for $flatten\u_core.$gt$../../rtl/spark_core.v:250$1499 ($gt): new $alu
  creating $alu model for $flatten\u_core.$gt$../../rtl/spark_core.v:256$1394 ($gt): new $alu
  creating $alu model for $flatten\u_core.$gt$../../rtl/spark_core.v:256$1433 ($gt): new $alu
  creating $alu model for $flatten\u_core.$gt$../../rtl/spark_core.v:256$1472 ($gt): new $alu
  creating $alu model for $flatten\u_core.$gt$../../rtl/spark_core.v:256$1511 ($gt): new $alu
  creating $alu model for $flatten\u_core.$gt$../../rtl/spark_core.v:271$1522 ($gt): new $alu
  creating $alu model for $flatten\u_core.$gt$../../rtl/spark_core.v:271$1533 ($gt): new $alu
  creating $alu model for $flatten\u_core.$gt$../../rtl/spark_core.v:271$1544 ($gt): new $alu
  creating $alu model for $flatten\u_core.$gt$../../rtl/spark_core.v:271$1555 ($gt): new $alu
  creating $alu model for $flatten\u_core.$gt$../../rtl/spark_core.v:272$1527 ($gt): new $alu
  creating $alu model for $flatten\u_core.$gt$../../rtl/spark_core.v:272$1538 ($gt): new $alu
  creating $alu model for $flatten\u_core.$gt$../../rtl/spark_core.v:272$1549 ($gt): new $alu
  creating $alu model for $flatten\u_core.$gt$../../rtl/spark_core.v:272$1560 ($gt): new $alu
  creating $alu model for $flatten\u_core.$le$../../rtl/spark_core.v:419$1870 ($le): new $alu
  creating $alu model for $flatten\u_core.$lt$../../rtl/spark_core.v:247$1375 ($lt): new $alu
  creating $alu model for $flatten\u_core.$lt$../../rtl/spark_core.v:247$1414 ($lt): new $alu
  creating $alu model for $flatten\u_core.$lt$../../rtl/spark_core.v:247$1453 ($lt): new $alu
  creating $alu model for $flatten\u_core.$lt$../../rtl/spark_core.v:247$1492 ($lt): new $alu
  creating $alu model for $flatten\u_core.$lt$../../rtl/spark_core.v:248$1378 ($lt): new $alu
  creating $alu model for $flatten\u_core.$lt$../../rtl/spark_core.v:248$1417 ($lt): new $alu
  creating $alu model for $flatten\u_core.$lt$../../rtl/spark_core.v:248$1456 ($lt): new $alu
  creating $alu model for $flatten\u_core.$lt$../../rtl/spark_core.v:248$1495 ($lt): new $alu
  creating $alu model for $flatten\u_core.$lt$../../rtl/spark_core.v:256$1393 ($lt): new $alu
  creating $alu model for $flatten\u_core.$lt$../../rtl/spark_core.v:256$1432 ($lt): new $alu
  creating $alu model for $flatten\u_core.$lt$../../rtl/spark_core.v:256$1471 ($lt): new $alu
  creating $alu model for $flatten\u_core.$lt$../../rtl/spark_core.v:256$1510 ($lt): new $alu
  creating $alu model for $flatten\u_core.$lt$../../rtl/spark_core.v:308$1679 ($lt): new $alu
  creating $alu model for $flatten\u_core.$lt$../../rtl/spark_core.v:508$2028 ($lt): new $alu
  creating $alu model for $flatten\u_core.$eq$../../rtl/spark_core.v:459$1975 ($eq): merged with $flatten\u_core.$lt$../../rtl/spark_core.v:308$1679.
  creating $alu cell for $flatten\u_core.$lt$../../rtl/spark_core.v:508$2028: $auto$alumacc.cc:485:replace_alu$9404
  creating $alu cell for $flatten\u_core.$lt$../../rtl/spark_core.v:308$1679, $flatten\u_core.$eq$../../rtl/spark_core.v:459$1975: $auto$alumacc.cc:485:replace_alu$9417
  creating $alu cell for $flatten\u_core.$lt$../../rtl/spark_core.v:256$1510: $auto$alumacc.cc:485:replace_alu$9428
  creating $alu cell for $flatten\u_core.$lt$../../rtl/spark_core.v:256$1471: $auto$alumacc.cc:485:replace_alu$9441
  creating $alu cell for $flatten\u_core.$lt$../../rtl/spark_core.v:256$1432: $auto$alumacc.cc:485:replace_alu$9454
  creating $alu cell for $flatten\u_core.$lt$../../rtl/spark_core.v:256$1393: $auto$alumacc.cc:485:replace_alu$9467
  creating $alu cell for $flatten\u_core.$lt$../../rtl/spark_core.v:248$1495: $auto$alumacc.cc:485:replace_alu$9480
  creating $alu cell for $flatten\u_core.$lt$../../rtl/spark_core.v:248$1456: $auto$alumacc.cc:485:replace_alu$9493
  creating $alu cell for $flatten\u_core.$lt$../../rtl/spark_core.v:248$1417: $auto$alumacc.cc:485:replace_alu$9506
  creating $alu cell for $flatten\u_core.$lt$../../rtl/spark_core.v:248$1378: $auto$alumacc.cc:485:replace_alu$9519
  creating $alu cell for $flatten\u_core.$lt$../../rtl/spark_core.v:247$1492: $auto$alumacc.cc:485:replace_alu$9532
  creating $alu cell for $flatten\u_core.$lt$../../rtl/spark_core.v:247$1453: $auto$alumacc.cc:485:replace_alu$9545
  creating $alu cell for $flatten\u_core.$lt$../../rtl/spark_core.v:247$1414: $auto$alumacc.cc:485:replace_alu$9558
  creating $alu cell for $flatten\u_core.$lt$../../rtl/spark_core.v:247$1375: $auto$alumacc.cc:485:replace_alu$9571
  creating $alu cell for $flatten\u_core.$le$../../rtl/spark_core.v:419$1870: $auto$alumacc.cc:485:replace_alu$9584
  creating $alu cell for $flatten\u_core.$gt$../../rtl/spark_core.v:272$1560: $auto$alumacc.cc:485:replace_alu$9593
  creating $alu cell for $flatten\u_core.$gt$../../rtl/spark_core.v:272$1549: $auto$alumacc.cc:485:replace_alu$9606
  creating $alu cell for $flatten\u_core.$gt$../../rtl/spark_core.v:272$1538: $auto$alumacc.cc:485:replace_alu$9619
  creating $alu cell for $flatten\u_core.$gt$../../rtl/spark_core.v:272$1527: $auto$alumacc.cc:485:replace_alu$9632
  creating $alu cell for $flatten\u_core.$gt$../../rtl/spark_core.v:271$1555: $auto$alumacc.cc:485:replace_alu$9645
  creating $alu cell for $flatten\u_core.$gt$../../rtl/spark_core.v:271$1544: $auto$alumacc.cc:485:replace_alu$9658
  creating $alu cell for $flatten\u_core.$gt$../../rtl/spark_core.v:271$1533: $auto$alumacc.cc:485:replace_alu$9671
  creating $alu cell for $flatten\u_core.$gt$../../rtl/spark_core.v:271$1522: $auto$alumacc.cc:485:replace_alu$9684
  creating $alu cell for $flatten\u_core.$gt$../../rtl/spark_core.v:256$1511: $auto$alumacc.cc:485:replace_alu$9697
  creating $alu cell for $flatten\u_core.$gt$../../rtl/spark_core.v:256$1472: $auto$alumacc.cc:485:replace_alu$9704
  creating $alu cell for $flatten\u_core.$gt$../../rtl/spark_core.v:256$1433: $auto$alumacc.cc:485:replace_alu$9711
  creating $alu cell for $flatten\u_core.$gt$../../rtl/spark_core.v:256$1394: $auto$alumacc.cc:485:replace_alu$9718
  creating $alu cell for $flatten\u_core.$gt$../../rtl/spark_core.v:250$1499: $auto$alumacc.cc:485:replace_alu$9725
  creating $alu cell for $flatten\u_core.$gt$../../rtl/spark_core.v:250$1460: $auto$alumacc.cc:485:replace_alu$9730
  creating $alu cell for $flatten\u_core.$gt$../../rtl/spark_core.v:250$1421: $auto$alumacc.cc:485:replace_alu$9735
  creating $alu cell for $flatten\u_core.$gt$../../rtl/spark_core.v:250$1382: $auto$alumacc.cc:485:replace_alu$9740
  creating $alu cell for $flatten\u_core.$gt$../../rtl/spark_core.v:247$1491: $auto$alumacc.cc:485:replace_alu$9745
  creating $alu cell for $flatten\u_core.$gt$../../rtl/spark_core.v:247$1452: $auto$alumacc.cc:485:replace_alu$9752
  creating $alu cell for $flatten\u_core.$gt$../../rtl/spark_core.v:247$1413: $auto$alumacc.cc:485:replace_alu$9759
  creating $alu cell for $flatten\u_core.$gt$../../rtl/spark_core.v:247$1374: $auto$alumacc.cc:485:replace_alu$9766
  creating $alu cell for $flatten\u_core.$gt$../../rtl/spark_core.v:177$1263: $auto$alumacc.cc:485:replace_alu$9773
  creating $alu cell for $flatten\u_core.$ge$../../rtl/spark_core.v:84$1225: $auto$alumacc.cc:485:replace_alu$9778
  creating $alu cell for $flatten\u_core.$ge$../../rtl/spark_core.v:497$2019: $auto$alumacc.cc:485:replace_alu$9787
  creating $alu cell for $flatten\u_core.$ge$../../rtl/spark_core.v:495$2018: $auto$alumacc.cc:485:replace_alu$9800
  creating $alu cell for $flatten\u_core.$ge$../../rtl/spark_core.v:443$1911: $auto$alumacc.cc:485:replace_alu$9815
  creating $alu cell for $flatten\u_core.$ge$../../rtl/spark_core.v:398$1860: $auto$alumacc.cc:485:replace_alu$9828
  creating $alu cell for $add$../../rtl/spark_chip.v:110$996: $auto$alumacc.cc:485:replace_alu$9841
  creating $alu cell for $flatten\u_core.$add$../../rtl/spark_core.v:196$1270: $auto$alumacc.cc:485:replace_alu$9844
  creating $alu cell for $flatten\u_core.$sub$../../rtl/spark_core.v:316$1697: $auto$alumacc.cc:485:replace_alu$9847
  creating $alu cell for $flatten\u_core.$sub$../../rtl/spark_core.v:258$1515: $auto$alumacc.cc:485:replace_alu$9850
  creating $alu cell for $flatten\u_core.$sub$../../rtl/spark_core.v:258$1476: $auto$alumacc.cc:485:replace_alu$9853
  creating $alu cell for $flatten\u_core.$sub$../../rtl/spark_core.v:258$1437: $auto$alumacc.cc:485:replace_alu$9856
  creating $alu cell for $flatten\u_core.$sub$../../rtl/spark_core.v:258$1398: $auto$alumacc.cc:485:replace_alu$9859
  creating $alu cell for $flatten\u_core.$sub$../../rtl/spark_core.v:254$1508: $auto$alumacc.cc:485:replace_alu$9862
  creating $alu cell for $flatten\u_core.$add$../../rtl/spark_core.v:197$1271: $auto$alumacc.cc:485:replace_alu$9865
  creating $alu cell for $flatten\u_tx.$add$../../board/uart_tx.v:45$2051: $auto$alumacc.cc:485:replace_alu$9868
  creating $alu cell for $flatten\u_tx.$add$../../board/uart_tx.v:43$2050: $auto$alumacc.cc:485:replace_alu$9871
  creating $alu cell for $flatten\u_rx.$add$../../board/uart_rx.v:50$2065: $auto$alumacc.cc:485:replace_alu$9874
  creating $alu cell for $flatten\u_rx.$add$../../board/uart_rx.v:44$2062: $auto$alumacc.cc:485:replace_alu$9877
  creating $alu cell for $flatten\u_core.$sub$../../rtl/spark_core.v:500$2023: $auto$alumacc.cc:485:replace_alu$9880
  creating $alu cell for $flatten\u_core.$sub$../../rtl/spark_core.v:495$2017: $auto$alumacc.cc:485:replace_alu$9883
  creating $alu cell for $flatten\u_core.$add$../../rtl/spark_core.v:223$1344: $auto$alumacc.cc:485:replace_alu$9886
  creating $alu cell for $flatten\u_core.$add$../../rtl/spark_core.v:223$1346: $auto$alumacc.cc:485:replace_alu$9889
  creating $alu cell for $flatten\u_core.$add$../../rtl/spark_core.v:223$1348: $auto$alumacc.cc:485:replace_alu$9892
  creating $alu cell for $flatten\u_core.$add$../../rtl/spark_core.v:223$1350: $auto$alumacc.cc:485:replace_alu$9895
  creating $alu cell for $flatten\u_core.$add$../../rtl/spark_core.v:223$1352: $auto$alumacc.cc:485:replace_alu$9898
  creating $alu cell for $flatten\u_core.$add$../../rtl/spark_core.v:223$1354: $auto$alumacc.cc:485:replace_alu$9901
  creating $alu cell for $flatten\u_core.$add$../../rtl/spark_core.v:223$1356: $auto$alumacc.cc:485:replace_alu$9904
  creating $alu cell for $flatten\u_core.$add$../../rtl/spark_core.v:223$1358: $auto$alumacc.cc:485:replace_alu$9907
  creating $alu cell for $flatten\u_core.$add$../../rtl/spark_core.v:243$1400: $auto$alumacc.cc:485:replace_alu$9910
  creating $alu cell for $flatten\u_core.$add$../../rtl/spark_core.v:243$1439: $auto$alumacc.cc:485:replace_alu$9913
  creating $alu cell for $flatten\u_core.$add$../../rtl/spark_core.v:243$1478: $auto$alumacc.cc:485:replace_alu$9916
  creating $alu cell for $flatten\u_core.$add$../../rtl/spark_core.v:246$1373: $auto$alumacc.cc:485:replace_alu$9919
  creating $alu cell for $flatten\u_core.$add$../../rtl/spark_core.v:246$1412: $auto$alumacc.cc:485:replace_alu$9922
  creating $alu cell for $flatten\u_core.$add$../../rtl/spark_core.v:246$1451: $auto$alumacc.cc:485:replace_alu$9925
  creating $alu cell for $flatten\u_core.$add$../../rtl/spark_core.v:246$1490: $auto$alumacc.cc:485:replace_alu$9928
  creating $alu cell for $flatten\u_core.$add$../../rtl/spark_core.v:271$1525: $auto$alumacc.cc:485:replace_alu$9931
  creating $alu cell for $flatten\u_core.$add$../../rtl/spark_core.v:271$1537: $auto$alumacc.cc:485:replace_alu$9934
  creating $alu cell for $flatten\u_core.$add$../../rtl/spark_core.v:271$1548: $auto$alumacc.cc:485:replace_alu$9937
  creating $alu cell for $flatten\u_core.$add$../../rtl/spark_core.v:271$1559: $auto$alumacc.cc:485:replace_alu$9940
  creating $alu cell for $flatten\u_core.$add$../../rtl/spark_core.v:280$1615: $auto$alumacc.cc:485:replace_alu$9943
  creating $alu cell for $flatten\u_core.$add$../../rtl/spark_core.v:281$1618: $auto$alumacc.cc:485:replace_alu$9946
  creating $alu cell for $flatten\u_core.$add$../../rtl/spark_core.v:282$1621: $auto$alumacc.cc:485:replace_alu$9949
  creating $alu cell for $flatten\u_core.$add$../../rtl/spark_core.v:301$1675: $auto$alumacc.cc:485:replace_alu$9952
  creating $alu cell for $flatten\u_core.$add$../../rtl/spark_core.v:309$1683: $auto$alumacc.cc:485:replace_alu$9955
  creating $alu cell for $flatten\u_core.$add$../../rtl/spark_core.v:311$1687: $auto$alumacc.cc:485:replace_alu$9958
  creating $alu cell for $flatten\u_core.$add$../../rtl/spark_core.v:358$1718: $auto$alumacc.cc:485:replace_alu$9961
  creating $alu cell for $flatten\u_core.$add$../../rtl/spark_core.v:374$1801: $auto$alumacc.cc:485:replace_alu$9964
  creating $alu cell for $flatten\u_core.$gt$../../rtl/spark_core.v:176$1261: $auto$alumacc.cc:485:replace_alu$9967
  creating $alu cell for $flatten\u_core.$add$../../rtl/spark_core.v:379$1850: $auto$alumacc.cc:485:replace_alu$9972
  creating $alu cell for $flatten\u_core.$add$../../rtl/spark_core.v:380$1851: $auto$alumacc.cc:485:replace_alu$9975
  creating $alu cell for $flatten\u_core.$add$../../rtl/spark_core.v:418$1866: $auto$alumacc.cc:485:replace_alu$9978
  creating $alu cell for $flatten\u_core.$add$../../rtl/spark_core.v:429$1879: $auto$alumacc.cc:485:replace_alu$9981
  creating $alu cell for $flatten\u_core.$add$../../rtl/spark_core.v:446$1932: $auto$alumacc.cc:485:replace_alu$9984
  creating $alu cell for $flatten\u_core.$add$../../rtl/spark_core.v:451$1971: $auto$alumacc.cc:485:replace_alu$9987
  creating $alu cell for $flatten\u_core.$ge$../../rtl/spark_core.v:315$1690: $auto$alumacc.cc:485:replace_alu$9990
  creating $alu cell for $flatten\u_core.$add$../../rtl/spark_core.v:460$1976: $auto$alumacc.cc:485:replace_alu$9999
  creating $alu cell for $flatten\u_core.$add$../../rtl/spark_core.v:483$2010: $auto$alumacc.cc:485:replace_alu$10002
  creating $alu cell for $flatten\u_core.$add$../../rtl/spark_core.v:497$2020: $auto$alumacc.cc:485:replace_alu$10005
  creating $alu cell for $flatten\u_core.$neg$../../rtl/spark_core.v:0$1935: $auto$alumacc.cc:485:replace_alu$10008
  creating $alu cell for $flatten\u_core.$neg$../../rtl/spark_core.v:0$1951: $auto$alumacc.cc:485:replace_alu$10011
  creating $alu cell for $flatten\u_core.$neg$../../rtl/spark_core.v:0$1989: $auto$alumacc.cc:485:replace_alu$10014
  creating $alu cell for $flatten\u_core.$neg$../../rtl/spark_core.v:0$2001: $auto$alumacc.cc:485:replace_alu$10017
  creating $alu cell for $flatten\u_core.$neg$../../rtl/spark_core.v:248$1379: $auto$alumacc.cc:485:replace_alu$10020
  creating $alu cell for $flatten\u_core.$neg$../../rtl/spark_core.v:248$1418: $auto$alumacc.cc:485:replace_alu$10023
  creating $alu cell for $flatten\u_core.$neg$../../rtl/spark_core.v:248$1457: $auto$alumacc.cc:485:replace_alu$10026
  creating $alu cell for $flatten\u_core.$neg$../../rtl/spark_core.v:248$1496: $auto$alumacc.cc:485:replace_alu$10029
  creating $alu cell for $flatten\u_core.$neg$../../rtl/spark_core.v:251$1384: $auto$alumacc.cc:485:replace_alu$10032
  creating $alu cell for $flatten\u_core.$neg$../../rtl/spark_core.v:251$1423: $auto$alumacc.cc:485:replace_alu$10035
  creating $alu cell for $flatten\u_core.$neg$../../rtl/spark_core.v:251$1462: $auto$alumacc.cc:485:replace_alu$10038
  creating $alu cell for $flatten\u_core.$neg$../../rtl/spark_core.v:251$1501: $auto$alumacc.cc:485:replace_alu$10041
  creating $alu cell for $flatten\u_core.$sub$../../rtl/spark_core.v:204$1285: $auto$alumacc.cc:485:replace_alu$10044
  creating $alu cell for $flatten\u_core.$sub$../../rtl/spark_core.v:204$1292: $auto$alumacc.cc:485:replace_alu$10047
  creating $alu cell for $flatten\u_core.$sub$../../rtl/spark_core.v:204$1299: $auto$alumacc.cc:485:replace_alu$10050
  creating $alu cell for $flatten\u_core.$sub$../../rtl/spark_core.v:204$1306: $auto$alumacc.cc:485:replace_alu$10053
  creating $alu cell for $flatten\u_core.$sub$../../rtl/spark_core.v:204$1313: $auto$alumacc.cc:485:replace_alu$10056
  creating $alu cell for $flatten\u_core.$sub$../../rtl/spark_core.v:204$1320: $auto$alumacc.cc:485:replace_alu$10059
  creating $alu cell for $flatten\u_core.$sub$../../rtl/spark_core.v:204$1327: $auto$alumacc.cc:485:replace_alu$10062
  creating $alu cell for $flatten\u_core.$sub$../../rtl/spark_core.v:204$1334: $auto$alumacc.cc:485:replace_alu$10065
  creating $alu cell for $flatten\u_core.$sub$../../rtl/spark_core.v:209$1290: $auto$alumacc.cc:485:replace_alu$10068
  creating $alu cell for $flatten\u_core.$sub$../../rtl/spark_core.v:209$1297: $auto$alumacc.cc:485:replace_alu$10071
  creating $alu cell for $flatten\u_core.$sub$../../rtl/spark_core.v:209$1304: $auto$alumacc.cc:485:replace_alu$10074
  creating $alu cell for $flatten\u_core.$sub$../../rtl/spark_core.v:209$1311: $auto$alumacc.cc:485:replace_alu$10077
  creating $alu cell for $flatten\u_core.$sub$../../rtl/spark_core.v:209$1318: $auto$alumacc.cc:485:replace_alu$10080
  creating $alu cell for $flatten\u_core.$sub$../../rtl/spark_core.v:209$1325: $auto$alumacc.cc:485:replace_alu$10083
  creating $alu cell for $flatten\u_core.$sub$../../rtl/spark_core.v:209$1332: $auto$alumacc.cc:485:replace_alu$10086
  creating $alu cell for $flatten\u_core.$sub$../../rtl/spark_core.v:209$1339: $auto$alumacc.cc:485:replace_alu$10089
  creating $alu cell for $flatten\u_core.$sub$../../rtl/spark_core.v:254$1391: $auto$alumacc.cc:485:replace_alu$10092
  creating $alu cell for $flatten\u_core.$sub$../../rtl/spark_core.v:254$1430: $auto$alumacc.cc:485:replace_alu$10095
  creating $alu cell for $flatten\u_core.$sub$../../rtl/spark_core.v:254$1469: $auto$alumacc.cc:485:replace_alu$10098
  created 125 $alu and 16 $macc cells.

9.14. Executing SHARE pass (SAT-based resource sharing).

9.15. Executing OPT pass (performing simple optimizations).

9.15.1. Executing OPT_EXPR pass (perform const folding).
Optimizing module spark_chip.
<suppressed ~44 debug messages>

9.15.2. Executing OPT_MERGE pass (detect identical cells).
Finding identical cells in module `\spark_chip'.
Removed a total of 0 cells.

9.15.3. Executing OPT_MUXTREE pass (detect dead branches in mux trees).
Running muxtree optimizer on module \spark_chip..
  Creating internal representation of mux trees.
  Evaluating internal representation of mux trees.
  Analyzing evaluation results.
Removed 0 multiplexer ports.
<suppressed ~164 debug messages>

9.15.4. Executing OPT_REDUCE pass (consolidate $*mux and $reduce_* inputs).
  Optimizing cells in module \spark_chip.
Performed a total of 0 changes.

9.15.5. Executing OPT_MERGE pass (detect identical cells).
Finding identical cells in module `\spark_chip'.
Removed a total of 0 cells.

9.15.6. Executing OPT_DFF pass (perform DFF optimizations).

9.15.7. Executing OPT_CLEAN pass (remove unused cells and wires).
Finding unused cells or wires in module \spark_chip..
Removed 35 unused cells and 79 unused wires.
<suppressed ~38 debug messages>

9.15.8. Executing OPT_EXPR pass (perform const folding).
Optimizing module spark_chip.

9.15.9. Rerunning OPT passes. (Maybe there is more to do..)

9.15.10. Executing OPT_MUXTREE pass (detect dead branches in mux trees).
Running muxtree optimizer on module \spark_chip..
  Creating internal representation of mux trees.
  Evaluating internal representation of mux trees.
  Analyzing evaluation results.
Removed 0 multiplexer ports.
<suppressed ~164 debug messages>

9.15.11. Executing OPT_REDUCE pass (consolidate $*mux and $reduce_* inputs).
  Optimizing cells in module \spark_chip.
Performed a total of 0 changes.

9.15.12. Executing OPT_MERGE pass (detect identical cells).
Finding identical cells in module `\spark_chip'.
Removed a total of 0 cells.

9.15.13. Executing OPT_DFF pass (perform DFF optimizations).

9.15.14. Executing OPT_CLEAN pass (remove unused cells and wires).
Finding unused cells or wires in module \spark_chip..

9.15.15. Executing OPT_EXPR pass (perform const folding).
Optimizing module spark_chip.

9.15.16. Finished OPT passes. (There is nothing left to do.)

9.16. Executing MEMORY pass.

9.16.1. Executing OPT_MEM pass (optimize memories).
spark_chip.u_core.u_th0.mem: removing const-0 lane 20
spark_chip.u_core.u_th0.mem: removing const-0 lane 21
spark_chip.u_core.u_th0.mem: removing const-0 lane 22
spark_chip.u_core.u_th0.mem: removing const-0 lane 23
spark_chip.u_core.u_th0.mem: removing const-0 lane 24
spark_chip.u_core.u_th0.mem: removing const-0 lane 25
spark_chip.u_core.u_th0.mem: removing const-0 lane 26
spark_chip.u_core.u_th0.mem: removing const-0 lane 27
spark_chip.u_core.u_th0.mem: removing const-0 lane 28
spark_chip.u_core.u_th0.mem: removing const-0 lane 29
spark_chip.u_core.u_th0.mem: removing const-0 lane 30
spark_chip.u_core.u_th0.mem: removing const-0 lane 31
spark_chip.u_core.u_th0.mem: removing const-0 lane 69
spark_chip.u_core.u_th0.mem: removing const-0 lane 70
spark_chip.u_core.u_th0.mem: removing const-0 lane 71
spark_chip.u_core.u_th0.mem: removing const-0 lane 72
spark_chip.u_core.u_th0.mem: removing const-0 lane 73
spark_chip.u_core.u_th0.mem: removing const-0 lane 74
spark_chip.u_core.u_th0.mem: removing const-0 lane 75
spark_chip.u_core.u_th0.mem: removing const-0 lane 76
spark_chip.u_core.u_th0.mem: removing const-0 lane 77
spark_chip.u_core.u_th0.mem: removing const-0 lane 78
spark_chip.u_core.u_th0.mem: removing const-0 lane 79
spark_chip.u_core.u_th0.mem: removing const-0 lane 85
spark_chip.u_core.u_th0.mem: removing const-0 lane 86
spark_chip.u_core.u_th0.mem: removing const-0 lane 87
spark_chip.u_core.u_th0.mem: removing const-0 lane 88
spark_chip.u_core.u_th0.mem: removing const-0 lane 89
spark_chip.u_core.u_th0.mem: removing const-0 lane 90
spark_chip.u_core.u_th0.mem: removing const-0 lane 91
spark_chip.u_core.u_th0.mem: removing const-0 lane 92
spark_chip.u_core.u_th0.mem: removing const-0 lane 93
spark_chip.u_core.u_th0.mem: removing const-0 lane 94
spark_chip.u_core.u_th0.mem: removing const-0 lane 95
spark_chip.u_core.u_th0.mem: removing const-0 lane 117
spark_chip.u_core.u_th0.mem: removing const-0 lane 118
spark_chip.u_core.u_th0.mem: removing const-0 lane 119
spark_chip.u_core.u_th0.mem: removing const-0 lane 120
spark_chip.u_core.u_th0.mem: removing const-0 lane 121
spark_chip.u_core.u_th0.mem: removing const-0 lane 122
spark_chip.u_core.u_th0.mem: removing const-0 lane 123
spark_chip.u_core.u_th0.mem: removing const-0 lane 124
spark_chip.u_core.u_th0.mem: removing const-0 lane 125
spark_chip.u_core.u_th0.mem: removing const-0 lane 126
spark_chip.u_core.u_th0.mem: removing const-0 lane 127
Performed a total of 3 transformations.

9.16.2. Executing OPT_MEM_PRIORITY pass (removing unnecessary memory write priority relations).
Performed a total of 6 transformations.

9.16.3. Executing OPT_MEM_FEEDBACK pass (finding memory read-to-write feedback paths).
  Analyzing spark_chip.cfgb write port 0.
  Analyzing spark_chip.cfgb write port 1.
  Analyzing spark_chip.u_core.nzc write port 0.
  Analyzing spark_chip.u_core.nzc write port 1.
  Analyzing spark_chip.u_core.nzc write port 2.
  Analyzing spark_chip.u_core.nzc write port 3.
  Analyzing spark_chip.u_core.nzc write port 4.
  Analyzing spark_chip.u_core.u_acc0.mem write port 0.
  Analyzing spark_chip.u_core.u_acc1.mem write port 0.
  Analyzing spark_chip.u_core.u_acc2.mem write port 0.
  Analyzing spark_chip.u_core.u_acc3.mem write port 0.
  Analyzing spark_chip.u_core.u_h0.mem write port 0.
  Analyzing spark_chip.u_core.u_h1.mem write port 0.
  Analyzing spark_chip.u_core.u_s0.mem write port 0.
  Analyzing spark_chip.u_core.u_s1.mem write port 0.
  Analyzing spark_chip.u_core.u_sn0.mem write port 0.
  Analyzing spark_chip.u_core.u_sn1.mem write port 0.
  Analyzing spark_chip.u_core.u_sn2.mem write port 0.
  Analyzing spark_chip.u_core.u_sn3.mem write port 0.

9.16.4. Executing MEMORY_BMUX2ROM pass (converting muxes to ROMs).

9.16.5. Executing MEMORY_DFF pass (merging $dff cells to $memrd).
Checking read port `\cfgb'[0] in module `\spark_chip': merging output FF to cell.
    Write port 0: don't care on collision.
    Write port 1: don't care on collision.
Checking read port `\cfgb'[1] in module `\spark_chip': no output FF found.
Checking read port `\cfgb'[2] in module `\spark_chip': no output FF found.
Checking read port `\cfgb'[3] in module `\spark_chip': no output FF found.
Checking read port `\cfgb'[4] in module `\spark_chip': no output FF found.
Checking read port `\cfgb'[5] in module `\spark_chip': no output FF found.
Checking read port `\cfgb'[6] in module `\spark_chip': no output FF found.
Checking read port `\u_core.nzc'[0] in module `\spark_chip': no output FF found.
Checking read port `\u_core.u_acc0.mem'[0] in module `\spark_chip': merging output FF to cell.
    Write port 0: non-transparent.
Checking read port `\u_core.u_acc1.mem'[0] in module `\spark_chip': merging output FF to cell.
    Write port 0: non-transparent.
Checking read port `\u_core.u_acc2.mem'[0] in module `\spark_chip': merging output FF to cell.
    Write port 0: non-transparent.
Checking read port `\u_core.u_acc3.mem'[0] in module `\spark_chip': merging output FF to cell.
    Write port 0: non-transparent.
Checking read port `\u_core.u_h0.mem'[0] in module `\spark_chip': merging output FF to cell.
    Write port 0: non-transparent.
Checking read port `\u_core.u_h1.mem'[0] in module `\spark_chip': merging output FF to cell.
    Write port 0: non-transparent.
Checking read port `\u_core.u_s0.mem'[0] in module `\spark_chip': merging output FF to cell.
    Write port 0: non-transparent.
Checking read port `\u_core.u_s1.mem'[0] in module `\spark_chip': merging output FF to cell.
    Write port 0: non-transparent.
Checking read port `\u_core.u_sn0.mem'[0] in module `\spark_chip': merging output FF to cell.
    Write port 0: non-transparent.
Checking read port `\u_core.u_sn1.mem'[0] in module `\spark_chip': merging output FF to cell.
    Write port 0: non-transparent.
Checking read port `\u_core.u_sn2.mem'[0] in module `\spark_chip': merging output FF to cell.
    Write port 0: non-transparent.
Checking read port `\u_core.u_sn3.mem'[0] in module `\spark_chip': merging output FF to cell.
    Write port 0: non-transparent.
Checking read port `\u_core.u_th0.mem'[0] in module `\spark_chip': merging output FF to cell.
Checking read port `\u_core.u_th1.mem'[0] in module `\spark_chip': merging output FF to cell.
Checking read port address `\cfgb'[1] in module `\spark_chip': no address FF found.
Checking read port address `\cfgb'[2] in module `\spark_chip': no address FF found.
Checking read port address `\cfgb'[3] in module `\spark_chip': no address FF found.
Checking read port address `\cfgb'[4] in module `\spark_chip': no address FF found.
Checking read port address `\cfgb'[5] in module `\spark_chip': no address FF found.
Checking read port address `\cfgb'[6] in module `\spark_chip': no address FF found.
Checking read port address `\u_core.nzc'[0] in module `\spark_chip': merged address FF to cell.

9.16.6. Executing OPT_CLEAN pass (remove unused cells and wires).
Finding unused cells or wires in module \spark_chip..
Removed 13 unused cells and 1101 unused wires.
<suppressed ~14 debug messages>

9.16.7. Executing MEMORY_SHARE pass (consolidating $memrd/$memwr cells).
Consolidating read ports of memory spark_chip.cfgb by address:
  Merging ports 1, 2 (address 3'101).
  Merging ports 3, 4 (address 3'011).
  Merging ports 3, 5 (address 3'010).
  Merging ports 3, 6 (address 3'000).
Consolidating read ports of memory spark_chip.cfgb by address:
  Merging ports 1, 2 (address 3'100).
Consolidating read ports of memory spark_chip.cfgb by address:
Consolidating write ports of memory spark_chip.cfgb by address:
  Merging ports 0, 1 (address \cnt [2:0]).
Consolidating write ports of memory spark_chip.u_core.nzc by address:
  Merging ports 0, 1 (address 2'00).
  Merging ports 0, 2 (address 2'00).
Consolidating write ports of memory spark_chip.u_core.nzc by address:
Consolidating write ports of memory spark_chip.u_core.nzc using sat-based resource sharing:
  Checking group clocked with posedge \clk, width 16: ports 1, 2.
  Common input cone for all EN signals: 62 cells.
  Size of unconstrained SAT problem: 2143 variables, 5603 clauses
  Merging port 2 into port 1.

9.16.8. Executing OPT_MEM_WIDEN pass (optimize memories where all ports are wide).
Performed a total of 0 transformations.

9.16.9. Executing OPT_CLEAN pass (remove unused cells and wires).
Finding unused cells or wires in module \spark_chip..
Removed 5 unused cells and 12 unused wires.
<suppressed ~6 debug messages>

9.16.10. Executing MEMORY_COLLECT pass (generating $mem cells).

9.17. Executing OPT_CLEAN pass (remove unused cells and wires).
Finding unused cells or wires in module \spark_chip..

9.18. Executing OPT pass (performing simple optimizations).

9.18.1. Executing OPT_EXPR pass (perform const folding).
Optimizing module spark_chip.
<suppressed ~450 debug messages>

9.18.2. Executing OPT_MERGE pass (detect identical cells).
Finding identical cells in module `\spark_chip'.
<suppressed ~12 debug messages>
Removed a total of 4 cells.

9.18.3. Executing OPT_DFF pass (perform DFF optimizations).
Adding SRST signal on $auto$ff.cc:266:slice$9177 ($dffe) from module spark_chip (D = $flatten\u_core.$procmux$4855_Y, Q = \u_core.path, rval = 2'10).
Adding SRST signal on $auto$ff.cc:266:slice$9150 ($dffe) from module spark_chip (D = $flatten\u_core.$procmux$4617_Y, Q = \u_core.n_nz, rval = 8'00000000).
Adding SRST signal on $auto$ff.cc:266:slice$9141 ($dffe) from module spark_chip (D = $flatten\u_core.$procmux$4595_Y, Q = \u_core.n_dl, rval = 8'00000000).
Adding EN signal on $auto$ff.cc:266:slice$9138 ($sdffe) from module spark_chip (D = $flatten\u_core.$procmux$4572_Y [0], Q = \u_core.score [0]).
Adding SRST signal on $auto$ff.cc:266:slice$9000 ($dffe) from module spark_chip (D = $auto$wreduce.cc:461:run$9292 [6:0], Q = \u_core.e, rval = 7'0000000).
Adding SRST signal on $auto$ff.cc:266:slice$8991 ($dffe) from module spark_chip (D = $auto$wreduce.cc:461:run$9289 [6:0], Q = \u_core.m, rval = 7'0000000).
Adding SRST signal on $auto$ff.cc:266:slice$8980 ($dffe) from module spark_chip (D = $flatten\u_core.$procmux$4132_Y, Q = \u_core.t1, rval = 32'11000000000000000000000000000000).
Adding SRST signal on $auto$ff.cc:266:slice$8969 ($dffe) from module spark_chip (D = $flatten\u_core.$procmux$4117_Y, Q = \u_core.t2, rval = 32'11000000000000000000000000000000).
Adding SRST signal on $auto$ff.cc:266:slice$8956 ($dffe) from module spark_chip (D = $flatten\u_core.$procmux$4102_Y, Q = \u_core.idx, rval = 8'00000000).
Adding SRST signal on $auto$ff.cc:266:slice$8924 ($dffe) from module spark_chip (D = $flatten\u_core.$add$../../rtl/spark_core.v:483$2010_Y, Q = \u_core.q, rval = 2'00).
Setting constant 1-bit at position 0 on $flatten\u_core.\u_th0.$procdff$8338 ($dff) from module spark_chip.
Setting constant 1-bit at position 1 on $flatten\u_core.\u_th0.$procdff$8338 ($dff) from module spark_chip.
Setting constant 1-bit at position 2 on $flatten\u_core.\u_th0.$procdff$8338 ($dff) from module spark_chip.
Setting constant 1-bit at position 3 on $flatten\u_core.\u_th0.$procdff$8338 ($dff) from module spark_chip.
Setting constant 1-bit at position 4 on $flatten\u_core.\u_th0.$procdff$8338 ($dff) from module spark_chip.
Setting constant 1-bit at position 5 on $flatten\u_core.\u_th0.$procdff$8338 ($dff) from module spark_chip.
Setting constant 1-bit at position 6 on $flatten\u_core.\u_th0.$procdff$8338 ($dff) from module spark_chip.
Setting constant 1-bit at position 7 on $flatten\u_core.\u_th0.$procdff$8338 ($dff) from module spark_chip.
Setting constant 1-bit at position 8 on $flatten\u_core.\u_th0.$procdff$8338 ($dff) from module spark_chip.
Setting constant 1-bit at position 9 on $flatten\u_core.\u_th0.$procdff$8338 ($dff) from module spark_chip.
Setting constant 1-bit at position 10 on $flatten\u_core.\u_th0.$procdff$8338 ($dff) from module spark_chip.
Setting constant 1-bit at position 11 on $flatten\u_core.\u_th0.$procdff$8338 ($dff) from module spark_chip.
Setting constant 1-bit at position 12 on $flatten\u_core.\u_th0.$procdff$8338 ($dff) from module spark_chip.
Setting constant 1-bit at position 13 on $flatten\u_core.\u_th0.$procdff$8338 ($dff) from module spark_chip.
Setting constant 1-bit at position 14 on $flatten\u_core.\u_th0.$procdff$8338 ($dff) from module spark_chip.
Setting constant 1-bit at position 15 on $flatten\u_core.\u_th0.$procdff$8338 ($dff) from module spark_chip.
Setting constant 1-bit at position 16 on $flatten\u_core.\u_th0.$procdff$8338 ($dff) from module spark_chip.
Setting constant 1-bit at position 17 on $flatten\u_core.\u_th0.$procdff$8338 ($dff) from module spark_chip.
Setting constant 1-bit at position 18 on $flatten\u_core.\u_th0.$procdff$8338 ($dff) from module spark_chip.
Setting constant 1-bit at position 19 on $flatten\u_core.\u_th0.$procdff$8338 ($dff) from module spark_chip.
Setting constant 0-bit at position 20 on $flatten\u_core.\u_th0.$procdff$8338 ($dff) from module spark_chip.
Setting constant 0-bit at position 21 on $flatten\u_core.\u_th0.$procdff$8338 ($dff) from module spark_chip.
Setting constant 0-bit at position 22 on $flatten\u_core.\u_th0.$procdff$8338 ($dff) from module spark_chip.
Setting constant 0-bit at position 23 on $flatten\u_core.\u_th0.$procdff$8338 ($dff) from module spark_chip.
Setting constant 0-bit at position 24 on $flatten\u_core.\u_th0.$procdff$8338 ($dff) from module spark_chip.
Setting constant 0-bit at position 25 on $flatten\u_core.\u_th0.$procdff$8338 ($dff) from module spark_chip.
Setting constant 0-bit at position 26 on $flatten\u_core.\u_th0.$procdff$8338 ($dff) from module spark_chip.
Setting constant 0-bit at position 27 on $flatten\u_core.\u_th0.$procdff$8338 ($dff) from module spark_chip.
Setting constant 0-bit at position 28 on $flatten\u_core.\u_th0.$procdff$8338 ($dff) from module spark_chip.
Setting constant 0-bit at position 29 on $flatten\u_core.\u_th0.$procdff$8338 ($dff) from module spark_chip.
Setting constant 0-bit at position 30 on $flatten\u_core.\u_th0.$procdff$8338 ($dff) from module spark_chip.
Setting constant 0-bit at position 31 on $flatten\u_core.\u_th0.$procdff$8338 ($dff) from module spark_chip.
Setting constant 1-bit at position 32 on $flatten\u_core.\u_th0.$procdff$8338 ($dff) from module spark_chip.
Setting constant 1-bit at position 33 on $flatten\u_core.\u_th0.$procdff$8338 ($dff) from module spark_chip.
Setting constant 1-bit at position 34 on $flatten\u_core.\u_th0.$procdff$8338 ($dff) from module spark_chip.
Setting constant 1-bit at position 35 on $flatten\u_core.\u_th0.$procdff$8338 ($dff) from module spark_chip.
Setting constant 1-bit at position 36 on $flatten\u_core.\u_th0.$procdff$8338 ($dff) from module spark_chip.
Setting constant 1-bit at position 37 on $flatten\u_core.\u_th0.$procdff$8338 ($dff) from module spark_chip.
Setting constant 1-bit at position 38 on $flatten\u_core.\u_th0.$procdff$8338 ($dff) from module spark_chip.
Setting constant 1-bit at position 39 on $flatten\u_core.\u_th0.$procdff$8338 ($dff) from module spark_chip.
Setting constant 1-bit at position 40 on $flatten\u_core.\u_th0.$procdff$8338 ($dff) from module spark_chip.
Setting constant 1-bit at position 41 on $flatten\u_core.\u_th0.$procdff$8338 ($dff) from module spark_chip.
Setting constant 1-bit at position 42 on $flatten\u_core.\u_th0.$procdff$8338 ($dff) from module spark_chip.
Setting constant 1-bit at position 43 on $flatten\u_core.\u_th0.$procdff$8338 ($dff) from module spark_chip.
Setting constant 1-bit at position 44 on $flatten\u_core.\u_th0.$procdff$8338 ($dff) from module spark_chip.
Setting constant 1-bit at position 45 on $flatten\u_core.\u_th0.$procdff$8338 ($dff) from module spark_chip.
Setting constant 1-bit at position 46 on $flatten\u_core.\u_th0.$procdff$8338 ($dff) from module spark_chip.
Setting constant 1-bit at position 47 on $flatten\u_core.\u_th0.$procdff$8338 ($dff) from module spark_chip.
Setting constant 1-bit at position 48 on $flatten\u_core.\u_th0.$procdff$8338 ($dff) from module spark_chip.
Setting constant 1-bit at position 49 on $flatten\u_core.\u_th0.$procdff$8338 ($dff) from module spark_chip.
Setting constant 1-bit at position 50 on $flatten\u_core.\u_th0.$procdff$8338 ($dff) from module spark_chip.
Setting constant 1-bit at position 51 on $flatten\u_core.\u_th0.$procdff$8338 ($dff) from module spark_chip.
Setting constant 1-bit at position 52 on $flatten\u_core.\u_th0.$procdff$8338 ($dff) from module spark_chip.
Setting constant 1-bit at position 53 on $flatten\u_core.\u_th0.$procdff$8338 ($dff) from module spark_chip.
Setting constant 1-bit at position 54 on $flatten\u_core.\u_th0.$procdff$8338 ($dff) from module spark_chip.
Setting constant 1-bit at position 55 on $flatten\u_core.\u_th0.$procdff$8338 ($dff) from module spark_chip.
Setting constant 1-bit at position 56 on $flatten\u_core.\u_th0.$procdff$8338 ($dff) from module spark_chip.
Setting constant 1-bit at position 57 on $flatten\u_core.\u_th0.$procdff$8338 ($dff) from module spark_chip.
Setting constant 1-bit at position 58 on $flatten\u_core.\u_th0.$procdff$8338 ($dff) from module spark_chip.
Setting constant 1-bit at position 59 on $flatten\u_core.\u_th0.$procdff$8338 ($dff) from module spark_chip.
Setting constant 1-bit at position 60 on $flatten\u_core.\u_th0.$procdff$8338 ($dff) from module spark_chip.
Setting constant 1-bit at position 61 on $flatten\u_core.\u_th0.$procdff$8338 ($dff) from module spark_chip.
Setting constant 1-bit at position 62 on $flatten\u_core.\u_th0.$procdff$8338 ($dff) from module spark_chip.
Setting constant 1-bit at position 63 on $flatten\u_core.\u_th0.$procdff$8338 ($dff) from module spark_chip.
Setting constant 1-bit at position 64 on $flatten\u_core.\u_th0.$procdff$8338 ($dff) from module spark_chip.
Setting constant 1-bit at position 65 on $flatten\u_core.\u_th0.$procdff$8338 ($dff) from module spark_chip.
Setting constant 1-bit at position 66 on $flatten\u_core.\u_th0.$procdff$8338 ($dff) from module spark_chip.
Setting constant 1-bit at position 67 on $flatten\u_core.\u_th0.$procdff$8338 ($dff) from module spark_chip.
Setting constant 1-bit at position 68 on $flatten\u_core.\u_th0.$procdff$8338 ($dff) from module spark_chip.
Setting constant 0-bit at position 69 on $flatten\u_core.\u_th0.$procdff$8338 ($dff) from module spark_chip.
Setting constant 0-bit at position 70 on $flatten\u_core.\u_th0.$procdff$8338 ($dff) from module spark_chip.
Setting constant 0-bit at position 71 on $flatten\u_core.\u_th0.$procdff$8338 ($dff) from module spark_chip.
Setting constant 0-bit at position 72 on $flatten\u_core.\u_th0.$procdff$8338 ($dff) from module spark_chip.
Setting constant 0-bit at position 73 on $flatten\u_core.\u_th0.$procdff$8338 ($dff) from module spark_chip.
Setting constant 0-bit at position 74 on $flatten\u_core.\u_th0.$procdff$8338 ($dff) from module spark_chip.
Setting constant 0-bit at position 75 on $flatten\u_core.\u_th0.$procdff$8338 ($dff) from module spark_chip.
Setting constant 0-bit at position 76 on $flatten\u_core.\u_th0.$procdff$8338 ($dff) from module spark_chip.
Setting constant 0-bit at position 77 on $flatten\u_core.\u_th0.$procdff$8338 ($dff) from module spark_chip.
Setting constant 0-bit at position 78 on $flatten\u_core.\u_th0.$procdff$8338 ($dff) from module spark_chip.
Setting constant 0-bit at position 79 on $flatten\u_core.\u_th0.$procdff$8338 ($dff) from module spark_chip.
Setting constant 1-bit at position 80 on $flatten\u_core.\u_th0.$procdff$8338 ($dff) from module spark_chip.
Setting constant 1-bit at position 81 on $flatten\u_core.\u_th0.$procdff$8338 ($dff) from module spark_chip.
Setting constant 1-bit at position 82 on $flatten\u_core.\u_th0.$procdff$8338 ($dff) from module spark_chip.
Setting constant 1-bit at position 83 on $flatten\u_core.\u_th0.$procdff$8338 ($dff) from module spark_chip.
Setting constant 1-bit at position 84 on $flatten\u_core.\u_th0.$procdff$8338 ($dff) from module spark_chip.
Setting constant 0-bit at position 85 on $flatten\u_core.\u_th0.$procdff$8338 ($dff) from module spark_chip.
Setting constant 0-bit at position 86 on $flatten\u_core.\u_th0.$procdff$8338 ($dff) from module spark_chip.
Setting constant 0-bit at position 87 on $flatten\u_core.\u_th0.$procdff$8338 ($dff) from module spark_chip.
Setting constant 0-bit at position 88 on $flatten\u_core.\u_th0.$procdff$8338 ($dff) from module spark_chip.
Setting constant 0-bit at position 89 on $flatten\u_core.\u_th0.$procdff$8338 ($dff) from module spark_chip.
Setting constant 0-bit at position 90 on $flatten\u_core.\u_th0.$procdff$8338 ($dff) from module spark_chip.
Setting constant 0-bit at position 91 on $flatten\u_core.\u_th0.$procdff$8338 ($dff) from module spark_chip.
Setting constant 0-bit at position 92 on $flatten\u_core.\u_th0.$procdff$8338 ($dff) from module spark_chip.
Setting constant 0-bit at position 93 on $flatten\u_core.\u_th0.$procdff$8338 ($dff) from module spark_chip.
Setting constant 0-bit at position 94 on $flatten\u_core.\u_th0.$procdff$8338 ($dff) from module spark_chip.
Setting constant 0-bit at position 95 on $flatten\u_core.\u_th0.$procdff$8338 ($dff) from module spark_chip.
Setting constant 1-bit at position 96 on $flatten\u_core.\u_th0.$procdff$8338 ($dff) from module spark_chip.
Setting constant 1-bit at position 97 on $flatten\u_core.\u_th0.$procdff$8338 ($dff) from module spark_chip.
Setting constant 1-bit at position 98 on $flatten\u_core.\u_th0.$procdff$8338 ($dff) from module spark_chip.
Setting constant 1-bit at position 99 on $flatten\u_core.\u_th0.$procdff$8338 ($dff) from module spark_chip.
Setting constant 1-bit at position 100 on $flatten\u_core.\u_th0.$procdff$8338 ($dff) from module spark_chip.
Setting constant 1-bit at position 101 on $flatten\u_core.\u_th0.$procdff$8338 ($dff) from module spark_chip.
Setting constant 1-bit at position 102 on $flatten\u_core.\u_th0.$procdff$8338 ($dff) from module spark_chip.
Setting constant 1-bit at position 103 on $flatten\u_core.\u_th0.$procdff$8338 ($dff) from module spark_chip.
Setting constant 1-bit at position 104 on $flatten\u_core.\u_th0.$procdff$8338 ($dff) from module spark_chip.
Setting constant 1-bit at position 105 on $flatten\u_core.\u_th0.$procdff$8338 ($dff) from module spark_chip.
Setting constant 1-bit at position 106 on $flatten\u_core.\u_th0.$procdff$8338 ($dff) from module spark_chip.
Setting constant 1-bit at position 107 on $flatten\u_core.\u_th0.$procdff$8338 ($dff) from module spark_chip.
Setting constant 1-bit at position 108 on $flatten\u_core.\u_th0.$procdff$8338 ($dff) from module spark_chip.
Setting constant 1-bit at position 109 on $flatten\u_core.\u_th0.$procdff$8338 ($dff) from module spark_chip.
Setting constant 1-bit at position 110 on $flatten\u_core.\u_th0.$procdff$8338 ($dff) from module spark_chip.
Setting constant 1-bit at position 111 on $flatten\u_core.\u_th0.$procdff$8338 ($dff) from module spark_chip.
Setting constant 1-bit at position 112 on $flatten\u_core.\u_th0.$procdff$8338 ($dff) from module spark_chip.
Setting constant 1-bit at position 113 on $flatten\u_core.\u_th0.$procdff$8338 ($dff) from module spark_chip.
Setting constant 1-bit at position 114 on $flatten\u_core.\u_th0.$procdff$8338 ($dff) from module spark_chip.
Setting constant 1-bit at position 115 on $flatten\u_core.\u_th0.$procdff$8338 ($dff) from module spark_chip.
Setting constant 1-bit at position 116 on $flatten\u_core.\u_th0.$procdff$8338 ($dff) from module spark_chip.
Setting constant 0-bit at position 117 on $flatten\u_core.\u_th0.$procdff$8338 ($dff) from module spark_chip.
Setting constant 0-bit at position 118 on $flatten\u_core.\u_th0.$procdff$8338 ($dff) from module spark_chip.
Setting constant 0-bit at position 119 on $flatten\u_core.\u_th0.$procdff$8338 ($dff) from module spark_chip.
Setting constant 0-bit at position 120 on $flatten\u_core.\u_th0.$procdff$8338 ($dff) from module spark_chip.
Setting constant 0-bit at position 121 on $flatten\u_core.\u_th0.$procdff$8338 ($dff) from module spark_chip.
Setting constant 0-bit at position 122 on $flatten\u_core.\u_th0.$procdff$8338 ($dff) from module spark_chip.
Setting constant 0-bit at position 123 on $flatten\u_core.\u_th0.$procdff$8338 ($dff) from module spark_chip.
Setting constant 0-bit at position 124 on $flatten\u_core.\u_th0.$procdff$8338 ($dff) from module spark_chip.
Setting constant 0-bit at position 125 on $flatten\u_core.\u_th0.$procdff$8338 ($dff) from module spark_chip.
Setting constant 0-bit at position 126 on $flatten\u_core.\u_th0.$procdff$8338 ($dff) from module spark_chip.
Setting constant 0-bit at position 127 on $flatten\u_core.\u_th0.$procdff$8338 ($dff) from module spark_chip.

9.18.4. Executing OPT_CLEAN pass (remove unused cells and wires).
Finding unused cells or wires in module \spark_chip..
Removed 115 unused cells and 381 unused wires.
<suppressed ~122 debug messages>

9.18.5. Rerunning OPT passes. (Removed registers in this run.)

9.18.6. Executing OPT_EXPR pass (perform const folding).
Optimizing module spark_chip.
<suppressed ~1 debug messages>

9.18.7. Executing OPT_MERGE pass (detect identical cells).
Finding identical cells in module `\spark_chip'.
Removed a total of 0 cells.

9.18.8. Executing OPT_DFF pass (perform DFF optimizations).
Adding SRST signal on $auto$ff.cc:266:slice$8941 ($dffe) from module spark_chip (D = { \u_core.u_th1.rd [127:117] \u_core.u_th1.rd [95:85] \u_core.u_th1.rd [79:69] \u_core.u_th1.rd [31:20] }, Q = { \u_core.po_th [127:117] \u_core.po_th [95:85] \u_core.po_th [79:69] \u_core.po_th [31:20] }, rval = 45'000000000000000000000000000000000000000000000).
Setting constant 0-bit at position 24 on $auto$ff.cc:266:slice$8806 ($sdffe) from module spark_chip.
Setting constant 0-bit at position 25 on $auto$ff.cc:266:slice$8806 ($sdffe) from module spark_chip.
Setting constant 0-bit at position 26 on $auto$ff.cc:266:slice$8806 ($sdffe) from module spark_chip.
Setting constant 0-bit at position 27 on $auto$ff.cc:266:slice$8806 ($sdffe) from module spark_chip.
Setting constant 0-bit at position 28 on $auto$ff.cc:266:slice$8806 ($sdffe) from module spark_chip.
Setting constant 0-bit at position 29 on $auto$ff.cc:266:slice$8806 ($sdffe) from module spark_chip.
Setting constant 0-bit at position 30 on $auto$ff.cc:266:slice$8806 ($sdffe) from module spark_chip.
Setting constant 0-bit at position 31 on $auto$ff.cc:266:slice$8806 ($sdffe) from module spark_chip.

9.18.9. Executing OPT_CLEAN pass (remove unused cells and wires).
Finding unused cells or wires in module \spark_chip..
Removed 0 unused cells and 9 unused wires.
<suppressed ~1 debug messages>

9.18.10. Rerunning OPT passes. (Removed registers in this run.)

9.18.11. Executing OPT_EXPR pass (perform const folding).
Optimizing module spark_chip.

9.18.12. Executing OPT_MERGE pass (detect identical cells).
Finding identical cells in module `\spark_chip'.
Removed a total of 0 cells.

9.18.13. Executing OPT_DFF pass (perform DFF optimizations).

9.18.14. Executing OPT_CLEAN pass (remove unused cells and wires).
Finding unused cells or wires in module \spark_chip..

9.18.15. Finished fast OPT passes.

9.19. Executing MEMORY_MAP pass (converting memories to logic and flip-flops).
Mapping memory \cfgb in module \spark_chip:
  created 8 $dff cells and 0 static cells of width 8.
Extracted data FF from read port 0 of spark_chip.cfgb: $\cfgb$rdreg[0]
  read interface: 1 $dff and 7 $mux cells.
  write interface: 8 write mux blocks.
Mapping memory \u_core.nzc in module \spark_chip:
  created 4 $dff cells and 0 static cells of width 16.
Extracted addr FF from read port 0 of spark_chip.u_core.nzc: $\u_core.nzc$rdreg[0]
  read interface: 1 $dff and 3 $mux cells.
  write interface: 8 write mux blocks.
Mapping memory \u_core.u_acc0.mem in module \spark_chip:
  created 16 $dff cells and 0 static cells of width 128.
Extracted data FF from read port 0 of spark_chip.u_core.u_acc0.mem: $\u_core.u_acc0.mem$rdreg[0]
  read interface: 1 $dff and 15 $mux cells.
  write interface: 16 write mux blocks.
Mapping memory \u_core.u_acc1.mem in module \spark_chip:
  created 16 $dff cells and 0 static cells of width 128.
Extracted data FF from read port 0 of spark_chip.u_core.u_acc1.mem: $\u_core.u_acc1.mem$rdreg[0]
  read interface: 1 $dff and 15 $mux cells.
  write interface: 16 write mux blocks.
Mapping memory \u_core.u_acc2.mem in module \spark_chip:
  created 32 $dff cells and 0 static cells of width 128.
Extracted data FF from read port 0 of spark_chip.u_core.u_acc2.mem: $\u_core.u_acc2.mem$rdreg[0]
  read interface: 1 $dff and 31 $mux cells.
  write interface: 32 write mux blocks.
Mapping memory \u_core.u_acc3.mem in module \spark_chip:
  created 32 $dff cells and 0 static cells of width 128.
Extracted data FF from read port 0 of spark_chip.u_core.u_acc3.mem: $\u_core.u_acc3.mem$rdreg[0]
  read interface: 1 $dff and 31 $mux cells.
  write interface: 32 write mux blocks.
Mapping memory \u_core.u_h0.mem in module \spark_chip:
  created 16 $dff cells and 0 static cells of width 128.
Extracted data FF from read port 0 of spark_chip.u_core.u_h0.mem: $\u_core.u_h0.mem$rdreg[0]
  read interface: 1 $dff and 15 $mux cells.
  write interface: 16 write mux blocks.
Mapping memory \u_core.u_h1.mem in module \spark_chip:
  created 16 $dff cells and 0 static cells of width 128.
Extracted data FF from read port 0 of spark_chip.u_core.u_h1.mem: $\u_core.u_h1.mem$rdreg[0]
  read interface: 1 $dff and 15 $mux cells.
  write interface: 16 write mux blocks.
Mapping memory \u_core.u_s0.mem in module \spark_chip:
  created 16 $dff cells and 0 static cells of width 32.
Extracted data FF from read port 0 of spark_chip.u_core.u_s0.mem: $\u_core.u_s0.mem$rdreg[0]
  read interface: 1 $dff and 15 $mux cells.
  write interface: 16 write mux blocks.
Mapping memory \u_core.u_s1.mem in module \spark_chip:
  created 16 $dff cells and 0 static cells of width 32.
Extracted data FF from read port 0 of spark_chip.u_core.u_s1.mem: $\u_core.u_s1.mem$rdreg[0]
  read interface: 1 $dff and 15 $mux cells.
  write interface: 16 write mux blocks.
Mapping memory \u_core.u_sn0.mem in module \spark_chip:
  created 24 $dff cells and 0 static cells of width 32.
Extracted data FF from read port 0 of spark_chip.u_core.u_sn0.mem: $\u_core.u_sn0.mem$rdreg[0]
  read interface: 1 $dff and 31 $mux cells.
  write interface: 24 write mux blocks.
Mapping memory \u_core.u_sn1.mem in module \spark_chip:
  created 16 $dff cells and 0 static cells of width 32.
Extracted data FF from read port 0 of spark_chip.u_core.u_sn1.mem: $\u_core.u_sn1.mem$rdreg[0]
  read interface: 1 $dff and 15 $mux cells.
  write interface: 16 write mux blocks.
Mapping memory \u_core.u_sn2.mem in module \spark_chip:
  created 16 $dff cells and 0 static cells of width 32.
Extracted data FF from read port 0 of spark_chip.u_core.u_sn2.mem: $\u_core.u_sn2.mem$rdreg[0]
  read interface: 1 $dff and 15 $mux cells.
  write interface: 16 write mux blocks.
Mapping memory \u_core.u_sn3.mem in module \spark_chip:
  created 16 $dff cells and 0 static cells of width 32.
Extracted data FF from read port 0 of spark_chip.u_core.u_sn3.mem: $\u_core.u_sn3.mem$rdreg[0]
  read interface: 1 $dff and 15 $mux cells.
  write interface: 16 write mux blocks.
Mapping memory \u_core.u_th0.mem in module \spark_chip:
  created 16 $dff cells and 0 static cells of width 83.
Extracted data FF from read port 0 of spark_chip.u_core.u_th0.mem: $\u_core.u_th0.mem$rdreg[0]
  read interface: 1 $dff and 15 $mux cells.
  write interface: 0 write mux blocks.
Mapping memory \u_core.u_th1.mem in module \spark_chip:
  created 16 $dff cells and 0 static cells of width 128.
Extracted data FF from read port 0 of spark_chip.u_core.u_th1.mem: $\u_core.u_th1.mem$rdreg[0]
  read interface: 1 $dff and 15 $mux cells.
  write interface: 0 write mux blocks.

9.20. Executing OPT pass (performing simple optimizations).

9.20.1. Executing OPT_EXPR pass (perform const folding).
Optimizing module spark_chip.
<suppressed ~213 debug messages>

9.20.2. Executing OPT_MERGE pass (detect identical cells).
Finding identical cells in module `\spark_chip'.
<suppressed ~96 debug messages>
Removed a total of 32 cells.

9.20.3. Executing OPT_MUXTREE pass (detect dead branches in mux trees).
Running muxtree optimizer on module \spark_chip..
  Creating internal representation of mux trees.
  Evaluating internal representation of mux trees.
      Replacing known input bits on port B of cell $auto$memory_share.cc:453:consolidate_wr_using_sat$11329: $auto$rtlil.cc:2405:ReduceOr$11323 -> 1'1
  Analyzing evaluation results.
Removed 0 multiplexer ports.
<suppressed ~378 debug messages>

9.20.4. Executing OPT_REDUCE pass (consolidate $*mux and $reduce_* inputs).
  Optimizing cells in module \spark_chip.
    New input vector for $reduce_and cell $auto$opt_dff.cc:220:make_patterns_logic$11559: { $auto$opt_dff.cc:194:make_patterns_logic$11556 $flatten\u_core.$procmux$4432_CMP $flatten\u_core.$procmux$4435_CMP }
    Consolidated identical input bits for $mux cell $memory\u_core.u_th1.mem$rdmux[0][3][6]$14679:
      Old ports: A=128'00000000000000010000000000000100000000000000001011111111111111111111111111111111000000000000000111111111111111100000000000000001, B=128'00000000000000011111111111111101000000000000010011111111111111001111111111111111000000000000010000000000000000010000000000001001, Y=$memory\u_core.u_th1.mem$rdmux[0][2][3]$a$14659
      New ports: A=2'10, B=2'01, Y={ $memory\u_core.u_th1.mem$rdmux[0][2][3]$a$14659 [17] $memory\u_core.u_th1.mem$rdmux[0][2][3]$a$14659 [3] }
      New connections: { $memory\u_core.u_th1.mem$rdmux[0][2][3]$a$14659 [127:18] $memory\u_core.u_th1.mem$rdmux[0][2][3]$a$14659 [16:4] $memory\u_core.u_th1.mem$rdmux[0][2][3]$a$14659 [2:0] } = { 16'0000000000000001 $memory\u_core.u_th1.mem$rdmux[0][2][3]$a$14659 [3] $memory\u_core.u_th1.mem$rdmux[0][2][3]$a$14659 [3] $memory\u_core.u_th1.mem$rdmux[0][2][3]$a$14659 [3] $memory\u_core.u_th1.mem$rdmux[0][2][3]$a$14659 [3] $memory\u_core.u_th1.mem$rdmux[0][2][3]$a$14659 [3] $memory\u_core.u_th1.mem$rdmux[0][2][3]$a$14659 [3] $memory\u_core.u_th1.mem$rdmux[0][2][3]$a$14659 [3] $memory\u_core.u_th1.mem$rdmux[0][2][3]$a$14659 [3] $memory\u_core.u_th1.mem$rdmux[0][2][3]$a$14659 [3] $memory\u_core.u_th1.mem$rdmux[0][2][3]$a$14659 [3] $memory\u_core.u_th1.mem$rdmux[0][2][3]$a$14659 [3] $memory\u_core.u_th1.mem$rdmux[0][2][3]$a$14659 [3] $memory\u_core.u_th1.mem$rdmux[0][2][3]$a$14659 [3] 2'10 $memory\u_core.u_th1.mem$rdmux[0][2][3]$a$14659 [3] 13'0000000000000 $memory\u_core.u_th1.mem$rdmux[0][2][3]$a$14659 [3] $memory\u_core.u_th1.mem$rdmux[0][2][3]$a$14659 [17] 15'011111111111111 $memory\u_core.u_th1.mem$rdmux[0][2][3]$a$14659 [17] $memory\u_core.u_th1.mem$rdmux[0][2][3]$a$14659 [17] 29'11111111111111110000000000000 $memory\u_core.u_th1.mem$rdmux[0][2][3]$a$14659 [3] 1'0 $memory\u_core.u_th1.mem$rdmux[0][2][3]$a$14659 [17] $memory\u_core.u_th1.mem$rdmux[0][2][3]$a$14659 [17] $memory\u_core.u_th1.mem$rdmux[0][2][3]$a$14659 [17] $memory\u_core.u_th1.mem$rdmux[0][2][3]$a$14659 [17] $memory\u_core.u_th1.mem$rdmux[0][2][3]$a$14659 [17] $memory\u_core.u_th1.mem$rdmux[0][2][3]$a$14659 [17] $memory\u_core.u_th1.mem$rdmux[0][2][3]$a$14659 [17] $memory\u_core.u_th1.mem$rdmux[0][2][3]$a$14659 [17] $memory\u_core.u_th1.mem$rdmux[0][2][3]$a$14659 [17] $memory\u_core.u_th1.mem$rdmux[0][2][3]$a$14659 [17] $memory\u_core.u_th1.mem$rdmux[0][2][3]$a$14659 [17] $memory\u_core.u_th1.mem$rdmux[0][2][3]$a$14659 [17] $memory\u_core.u_th1.mem$rdmux[0][2][3]$a$14659 [17] $memory\u_core.u_th1.mem$rdmux[0][2][3]$a$14659 [17] $memory\u_core.u_th1.mem$rdmux[0][2][3]$a$14659 [17] $memory\u_core.u_th1.mem$rdmux[0][2][3]$a$14659 [3] 15'000000000000001 }
    Consolidated identical input bits for $mux cell $memory\u_core.u_th1.mem$rdmux[0][3][0]$14661:
      Old ports: A=128'11111111111111011111111111111111000000000000000000000000000000010000000000000001000000000000000100000000000000010000000000000000, B=128'00000000000000101111111111111110000000000000000111111111111111010000000000000001000000000000000000000000000000010000000000000100, Y=$memory\u_core.u_th1.mem$rdmux[0][2][0]$a$14650
      New ports: A=2'10, B=2'01, Y={ $memory\u_core.u_th1.mem$rdmux[0][2][0]$a$14650 [32] $memory\u_core.u_th1.mem$rdmux[0][2][0]$a$14650 [2] }
      New connections: { $memory\u_core.u_th1.mem$rdmux[0][2][0]$a$14650 [127:33] $memory\u_core.u_th1.mem$rdmux[0][2][0]$a$14650 [31:3] $memory\u_core.u_th1.mem$rdmux[0][2][0]$a$14650 [1:0] } = { $memory\u_core.u_th1.mem$rdmux[0][2][0]$a$14650 [32] $memory\u_core.u_th1.mem$rdmux[0][2][0]$a$14650 [32] $memory\u_core.u_th1.mem$rdmux[0][2][0]$a$14650 [32] $memory\u_core.u_th1.mem$rdmux[0][2][0]$a$14650 [32] $memory\u_core.u_th1.mem$rdmux[0][2][0]$a$14650 [32] $memory\u_core.u_th1.mem$rdmux[0][2][0]$a$14650 [32] $memory\u_core.u_th1.mem$rdmux[0][2][0]$a$14650 [32] $memory\u_core.u_th1.mem$rdmux[0][2][0]$a$14650 [32] $memory\u_core.u_th1.mem$rdmux[0][2][0]$a$14650 [32] $memory\u_core.u_th1.mem$rdmux[0][2][0]$a$14650 [32] $memory\u_core.u_th1.mem$rdmux[0][2][0]$a$14650 [32] $memory\u_core.u_th1.mem$rdmux[0][2][0]$a$14650 [32] $memory\u_core.u_th1.mem$rdmux[0][2][0]$a$14650 [32] $memory\u_core.u_th1.mem$rdmux[0][2][0]$a$14650 [32] $memory\u_core.u_th1.mem$rdmux[0][2][0]$a$14650 [2] $memory\u_core.u_th1.mem$rdmux[0][2][0]$a$14650 [32] 15'111111111111111 $memory\u_core.u_th1.mem$rdmux[0][2][0]$a$14650 [32] 15'000000000000000 $memory\u_core.u_th1.mem$rdmux[0][2][0]$a$14650 [2] $memory\u_core.u_th1.mem$rdmux[0][2][0]$a$14650 [2] $memory\u_core.u_th1.mem$rdmux[0][2][0]$a$14650 [2] $memory\u_core.u_th1.mem$rdmux[0][2][0]$a$14650 [2] $memory\u_core.u_th1.mem$rdmux[0][2][0]$a$14650 [2] $memory\u_core.u_th1.mem$rdmux[0][2][0]$a$14650 [2] $memory\u_core.u_th1.mem$rdmux[0][2][0]$a$14650 [2] $memory\u_core.u_th1.mem$rdmux[0][2][0]$a$14650 [2] $memory\u_core.u_th1.mem$rdmux[0][2][0]$a$14650 [2] $memory\u_core.u_th1.mem$rdmux[0][2][0]$a$14650 [2] $memory\u_core.u_th1.mem$rdmux[0][2][0]$a$14650 [2] $memory\u_core.u_th1.mem$rdmux[0][2][0]$a$14650 [2] $memory\u_core.u_th1.mem$rdmux[0][2][0]$a$14650 [2] $memory\u_core.u_th1.mem$rdmux[0][2][0]$a$14650 [2] $memory\u_core.u_th1.mem$rdmux[0][2][0]$a$14650 [2] 64'0100000000000000010000000000000000000000000000001000000000000000 }
    Consolidated identical input bits for $mux cell $memory\u_core.u_th1.mem$rdmux[0][3][1]$14664:
      Old ports: A=128'00000000000001010000000000000001000000000000001011111111111111000000000000000100000000000000000000000000000000100000000000000001, B=128'11111111111111100000000000000000000000000000001011111111111110010000000000000010000000000000000111111111111111010000000000000000, Y=$memory\u_core.u_th1.mem$rdmux[0][2][0]$b$14651
      New ports: A=2'01, B=2'10, Y={ $memory\u_core.u_th1.mem$rdmux[0][2][0]$b$14651 [16] $memory\u_core.u_th1.mem$rdmux[0][2][0]$b$14651 [0] }
      New connections: { $memory\u_core.u_th1.mem$rdmux[0][2][0]$b$14651 [127:17] $memory\u_core.u_th1.mem$rdmux[0][2][0]$b$14651 [15:1] } = { $memory\u_core.u_th1.mem$rdmux[0][2][0]$b$14651 [16] $memory\u_core.u_th1.mem$rdmux[0][2][0]$b$14651 [16] $memory\u_core.u_th1.mem$rdmux[0][2][0]$b$14651 [16] $memory\u_core.u_th1.mem$rdmux[0][2][0]$b$14651 [16] $memory\u_core.u_th1.mem$rdmux[0][2][0]$b$14651 [16] $memory\u_core.u_th1.mem$rdmux[0][2][0]$b$14651 [16] $memory\u_core.u_th1.mem$rdmux[0][2][0]$b$14651 [16] $memory\u_core.u_th1.mem$rdmux[0][2][0]$b$14651 [16] $memory\u_core.u_th1.mem$rdmux[0][2][0]$b$14651 [16] $memory\u_core.u_th1.mem$rdmux[0][2][0]$b$14651 [16] $memory\u_core.u_th1.mem$rdmux[0][2][0]$b$14651 [16] $memory\u_core.u_th1.mem$rdmux[0][2][0]$b$14651 [16] $memory\u_core.u_th1.mem$rdmux[0][2][0]$b$14651 [16] 1'1 $memory\u_core.u_th1.mem$rdmux[0][2][0]$b$14651 [16] $memory\u_core.u_th1.mem$rdmux[0][2][0]$b$14651 [0] 15'000000000000000 $memory\u_core.u_th1.mem$rdmux[0][2][0]$b$14651 [0] 29'00000000000000101111111111111 $memory\u_core.u_th1.mem$rdmux[0][2][0]$b$14651 [0] 1'0 $memory\u_core.u_th1.mem$rdmux[0][2][0]$b$14651 [16] 13'0000000000000 $memory\u_core.u_th1.mem$rdmux[0][2][0]$b$14651 [0] $memory\u_core.u_th1.mem$rdmux[0][2][0]$b$14651 [16] 16'0000000000000000 $memory\u_core.u_th1.mem$rdmux[0][2][0]$b$14651 [16] $memory\u_core.u_th1.mem$rdmux[0][2][0]$b$14651 [16] $memory\u_core.u_th1.mem$rdmux[0][2][0]$b$14651 [16] $memory\u_core.u_th1.mem$rdmux[0][2][0]$b$14651 [16] $memory\u_core.u_th1.mem$rdmux[0][2][0]$b$14651 [16] $memory\u_core.u_th1.mem$rdmux[0][2][0]$b$14651 [16] $memory\u_core.u_th1.mem$rdmux[0][2][0]$b$14651 [16] $memory\u_core.u_th1.mem$rdmux[0][2][0]$b$14651 [16] $memory\u_core.u_th1.mem$rdmux[0][2][0]$b$14651 [16] $memory\u_core.u_th1.mem$rdmux[0][2][0]$b$14651 [16] $memory\u_core.u_th1.mem$rdmux[0][2][0]$b$14651 [16] $memory\u_core.u_th1.mem$rdmux[0][2][0]$b$14651 [16] $memory\u_core.u_th1.mem$rdmux[0][2][0]$b$14651 [16] $memory\u_core.u_th1.mem$rdmux[0][2][0]$b$14651 [16] $memory\u_core.u_th1.mem$rdmux[0][2][0]$b$14651 [16] $memory\u_core.u_th1.mem$rdmux[0][2][0]$b$14651 [0] 15'000000000000000 }
    Consolidated identical input bits for $mux cell $memory\u_core.u_th1.mem$rdmux[0][3][2]$14667:
      Old ports: A=128'00000000000000001111111111111110111111111111111111111111111111010000000000000000000000000000001000000000000000011111111111111101, B=128'00000000000000000000000000000000111111111111111111111111111111100000000000000001111111111111111100000000000001001111111111111110, Y=$memory\u_core.u_th1.mem$rdmux[0][2][1]$a$14653
      New ports: A=2'01, B=2'10, Y=$memory\u_core.u_th1.mem$rdmux[0][2][1]$a$14653 [1:0]
      New connections: $memory\u_core.u_th1.mem$rdmux[0][2][1]$a$14653 [127:2] = { 16'0000000000000000 $memory\u_core.u_th1.mem$rdmux[0][2][1]$a$14653 [0] $memory\u_core.u_th1.mem$rdmux[0][2][1]$a$14653 [0] $memory\u_core.u_th1.mem$rdmux[0][2][1]$a$14653 [0] $memory\u_core.u_th1.mem$rdmux[0][2][1]$a$14653 [0] $memory\u_core.u_th1.mem$rdmux[0][2][1]$a$14653 [0] $memory\u_core.u_th1.mem$rdmux[0][2][1]$a$14653 [0] $memory\u_core.u_th1.mem$rdmux[0][2][1]$a$14653 [0] $memory\u_core.u_th1.mem$rdmux[0][2][1]$a$14653 [0] $memory\u_core.u_th1.mem$rdmux[0][2][1]$a$14653 [0] $memory\u_core.u_th1.mem$rdmux[0][2][1]$a$14653 [0] $memory\u_core.u_th1.mem$rdmux[0][2][1]$a$14653 [0] $memory\u_core.u_th1.mem$rdmux[0][2][1]$a$14653 [0] $memory\u_core.u_th1.mem$rdmux[0][2][1]$a$14653 [0] $memory\u_core.u_th1.mem$rdmux[0][2][1]$a$14653 [0] $memory\u_core.u_th1.mem$rdmux[0][2][1]$a$14653 [0] 31'0111111111111111111111111111111 $memory\u_core.u_th1.mem$rdmux[0][2][1]$a$14653 [1:0] 15'000000000000000 $memory\u_core.u_th1.mem$rdmux[0][2][1]$a$14653 [1] $memory\u_core.u_th1.mem$rdmux[0][2][1]$a$14653 [1] $memory\u_core.u_th1.mem$rdmux[0][2][1]$a$14653 [1] $memory\u_core.u_th1.mem$rdmux[0][2][1]$a$14653 [1] $memory\u_core.u_th1.mem$rdmux[0][2][1]$a$14653 [1] $memory\u_core.u_th1.mem$rdmux[0][2][1]$a$14653 [1] $memory\u_core.u_th1.mem$rdmux[0][2][1]$a$14653 [1] $memory\u_core.u_th1.mem$rdmux[0][2][1]$a$14653 [1] $memory\u_core.u_th1.mem$rdmux[0][2][1]$a$14653 [1] $memory\u_core.u_th1.mem$rdmux[0][2][1]$a$14653 [1] $memory\u_core.u_th1.mem$rdmux[0][2][1]$a$14653 [1] $memory\u_core.u_th1.mem$rdmux[0][2][1]$a$14653 [1] $memory\u_core.u_th1.mem$rdmux[0][2][1]$a$14653 [1] $memory\u_core.u_th1.mem$rdmux[0][2][1]$a$14653 [1] $memory\u_core.u_th1.mem$rdmux[0][2][1]$a$14653 [1] 1'1 $memory\u_core.u_th1.mem$rdmux[0][2][1]$a$14653 [1] 13'0000000000000 $memory\u_core.u_th1.mem$rdmux[0][2][1]$a$14653 [1] 1'0 $memory\u_core.u_th1.mem$rdmux[0][2][1]$a$14653 [0] 14'11111111111111 }
    Consolidated identical input bits for $mux cell $memory\u_core.u_th0.mem$rdmux[0][3][5]$14631:
      Old ports: A=83'10001000000000000100101000010110000000000000101111111111111110101010000000000001000, B=83'01111000000000000011001010110110000000000001001000000000000110011000000000000001001, Y=$memory\u_core.u_th0.mem$rdmux[0][2][2]$b$14612
      New ports: A=2'10, B=2'01, Y={ $memory\u_core.u_th0.mem$rdmux[0][2][2]$b$14612 [16] $memory\u_core.u_th0.mem$rdmux[0][2][2]$b$14612 [0] }
      New connections: { $memory\u_core.u_th0.mem$rdmux[0][2][2]$b$14612 [82:17] $memory\u_core.u_th0.mem$rdmux[0][2][2]$b$14612 [15:1] } = { $memory\u_core.u_th0.mem$rdmux[0][2][2]$b$14612 [16] $memory\u_core.u_th0.mem$rdmux[0][2][2]$b$14612 [0] $memory\u_core.u_th0.mem$rdmux[0][2][2]$b$14612 [0] $memory\u_core.u_th0.mem$rdmux[0][2][2]$b$14612 [0] 13'1000000000000 $memory\u_core.u_th0.mem$rdmux[0][2][2]$b$14612 [16] $memory\u_core.u_th0.mem$rdmux[0][2][2]$b$14612 [0] $memory\u_core.u_th0.mem$rdmux[0][2][2]$b$14612 [0] $memory\u_core.u_th0.mem$rdmux[0][2][2]$b$14612 [16] 3'010 $memory\u_core.u_th0.mem$rdmux[0][2][2]$b$14612 [0] 1'0 $memory\u_core.u_th0.mem$rdmux[0][2][2]$b$14612 [0] 16'1011000000000000 $memory\u_core.u_th0.mem$rdmux[0][2][2]$b$14612 [0] $memory\u_core.u_th0.mem$rdmux[0][2][2]$b$14612 [16] 2'01 $memory\u_core.u_th0.mem$rdmux[0][2][2]$b$14612 [16] $memory\u_core.u_th0.mem$rdmux[0][2][2]$b$14612 [16] $memory\u_core.u_th0.mem$rdmux[0][2][2]$b$14612 [16] $memory\u_core.u_th0.mem$rdmux[0][2][2]$b$14612 [16] $memory\u_core.u_th0.mem$rdmux[0][2][2]$b$14612 [16] $memory\u_core.u_th0.mem$rdmux[0][2][2]$b$14612 [16] $memory\u_core.u_th0.mem$rdmux[0][2][2]$b$14612 [16] $memory\u_core.u_th0.mem$rdmux[0][2][2]$b$14612 [16] $memory\u_core.u_th0.mem$rdmux[0][2][2]$b$14612 [16] $memory\u_core.u_th0.mem$rdmux[0][2][2]$b$14612 [16] $memory\u_core.u_th0.mem$rdmux[0][2][2]$b$14612 [16] $memory\u_core.u_th0.mem$rdmux[0][2][2]$b$14612 [16] 3'110 $memory\u_core.u_th0.mem$rdmux[0][2][2]$b$14612 [16] $memory\u_core.u_th0.mem$rdmux[0][2][2]$b$14612 [0] 17'10000000000000100 }
    Consolidated identical input bits for $mux cell $memory\u_core.u_th0.mem$rdmux[0][3][6]$14634:
      Old ports: A=83'01101000000000000100001110100010000000000001000000000000001000001100000000000000110, B=83'00111000000000000110000101010100000000000001000000000000000100100100000000000000001, Y=$memory\u_core.u_th0.mem$rdmux[0][2][3]$a$14614
      New ports: A=2'10, B=2'01, Y=$memory\u_core.u_th0.mem$rdmux[0][2][3]$a$14614 [1:0]
      New connections: $memory\u_core.u_th0.mem$rdmux[0][2][3]$a$14614 [82:2] = { 1'0 $memory\u_core.u_th0.mem$rdmux[0][2][3]$a$14614 [1] 1'1 $memory\u_core.u_th0.mem$rdmux[0][2][3]$a$14614 [0] 14'10000000000001 $memory\u_core.u_th0.mem$rdmux[0][2][3]$a$14614 [0] 3'000 $memory\u_core.u_th0.mem$rdmux[0][2][3]$a$14614 [1] 1'1 $memory\u_core.u_th0.mem$rdmux[0][2][3]$a$14614 [1:0] $memory\u_core.u_th0.mem$rdmux[0][2][3]$a$14614 [1:0] 1'0 $memory\u_core.u_th0.mem$rdmux[0][2][3]$a$14614 [0] $memory\u_core.u_th0.mem$rdmux[0][2][3]$a$14614 [1] 27'000000000000100000000000000 $memory\u_core.u_th0.mem$rdmux[0][2][3]$a$14614 [1:0] 2'00 $memory\u_core.u_th0.mem$rdmux[0][2][3]$a$14614 [0] 1'0 $memory\u_core.u_th0.mem$rdmux[0][2][3]$a$14614 [1] 15'100000000000000 $memory\u_core.u_th0.mem$rdmux[0][2][3]$a$14614 [1] }
    Consolidated identical input bits for $mux cell $memory\u_core.u_th1.mem$rdmux[0][3][5]$14676:
      Old ports: A=128'00000000000000001111111111111110111111111111111011111111111110000000000000000011111111111111111011111111111110100000000000000010, B=128'00000000000000010000000000000001000000000000000111111111111110100000000000000011000000000000000100000000000000110000000000000001, Y=$memory\u_core.u_th1.mem$rdmux[0][2][2]$b$14657
      New ports: A=2'10, B=2'01, Y=$memory\u_core.u_th1.mem$rdmux[0][2][2]$b$14657 [1:0]
      New connections: $memory\u_core.u_th1.mem$rdmux[0][2][2]$b$14657 [127:2] = { 15'000000000000000 $memory\u_core.u_th1.mem$rdmux[0][2][2]$b$14657 [0] $memory\u_core.u_th1.mem$rdmux[0][2][2]$b$14657 [1] $memory\u_core.u_th1.mem$rdmux[0][2][2]$b$14657 [1] $memory\u_core.u_th1.mem$rdmux[0][2][2]$b$14657 [1] $memory\u_core.u_th1.mem$rdmux[0][2][2]$b$14657 [1] $memory\u_core.u_th1.mem$rdmux[0][2][2]$b$14657 [1] $memory\u_core.u_th1.mem$rdmux[0][2][2]$b$14657 [1] $memory\u_core.u_th1.mem$rdmux[0][2][2]$b$14657 [1] $memory\u_core.u_th1.mem$rdmux[0][2][2]$b$14657 [1] $memory\u_core.u_th1.mem$rdmux[0][2][2]$b$14657 [1] $memory\u_core.u_th1.mem$rdmux[0][2][2]$b$14657 [1] $memory\u_core.u_th1.mem$rdmux[0][2][2]$b$14657 [1] $memory\u_core.u_th1.mem$rdmux[0][2][2]$b$14657 [1] $memory\u_core.u_th1.mem$rdmux[0][2][2]$b$14657 [1] $memory\u_core.u_th1.mem$rdmux[0][2][2]$b$14657 [1] $memory\u_core.u_th1.mem$rdmux[0][2][2]$b$14657 [1:0] $memory\u_core.u_th1.mem$rdmux[0][2][2]$b$14657 [1] $memory\u_core.u_th1.mem$rdmux[0][2][2]$b$14657 [1] $memory\u_core.u_th1.mem$rdmux[0][2][2]$b$14657 [1] $memory\u_core.u_th1.mem$rdmux[0][2][2]$b$14657 [1] $memory\u_core.u_th1.mem$rdmux[0][2][2]$b$14657 [1] $memory\u_core.u_th1.mem$rdmux[0][2][2]$b$14657 [1] $memory\u_core.u_th1.mem$rdmux[0][2][2]$b$14657 [1] $memory\u_core.u_th1.mem$rdmux[0][2][2]$b$14657 [1] $memory\u_core.u_th1.mem$rdmux[0][2][2]$b$14657 [1] $memory\u_core.u_th1.mem$rdmux[0][2][2]$b$14657 [1] $memory\u_core.u_th1.mem$rdmux[0][2][2]$b$14657 [1] $memory\u_core.u_th1.mem$rdmux[0][2][2]$b$14657 [1] $memory\u_core.u_th1.mem$rdmux[0][2][2]$b$14657 [1] $memory\u_core.u_th1.mem$rdmux[0][2][2]$b$14657 [1] $memory\u_core.u_th1.mem$rdmux[0][2][2]$b$14657 [1:0] 14'11111111111110 $memory\u_core.u_th1.mem$rdmux[0][2][2]$b$14657 [0] 17'00000000000000011 $memory\u_core.u_th1.mem$rdmux[0][2][2]$b$14657 [1] $memory\u_core.u_th1.mem$rdmux[0][2][2]$b$14657 [1] $memory\u_core.u_th1.mem$rdmux[0][2][2]$b$14657 [1] $memory\u_core.u_th1.mem$rdmux[0][2][2]$b$14657 [1] $memory\u_core.u_th1.mem$rdmux[0][2][2]$b$14657 [1] $memory\u_core.u_th1.mem$rdmux[0][2][2]$b$14657 [1] $memory\u_core.u_th1.mem$rdmux[0][2][2]$b$14657 [1] $memory\u_core.u_th1.mem$rdmux[0][2][2]$b$14657 [1] $memory\u_core.u_th1.mem$rdmux[0][2][2]$b$14657 [1] $memory\u_core.u_th1.mem$rdmux[0][2][2]$b$14657 [1] $memory\u_core.u_th1.mem$rdmux[0][2][2]$b$14657 [1] $memory\u_core.u_th1.mem$rdmux[0][2][2]$b$14657 [1] $memory\u_core.u_th1.mem$rdmux[0][2][2]$b$14657 [1] $memory\u_core.u_th1.mem$rdmux[0][2][2]$b$14657 [1] $memory\u_core.u_th1.mem$rdmux[0][2][2]$b$14657 [1:0] $memory\u_core.u_th1.mem$rdmux[0][2][2]$b$14657 [1] $memory\u_core.u_th1.mem$rdmux[0][2][2]$b$14657 [1] $memory\u_core.u_th1.mem$rdmux[0][2][2]$b$14657 [1] $memory\u_core.u_th1.mem$rdmux[0][2][2]$b$14657 [1] $memory\u_core.u_th1.mem$rdmux[0][2][2]$b$14657 [1] $memory\u_core.u_th1.mem$rdmux[0][2][2]$b$14657 [1] $memory\u_core.u_th1.mem$rdmux[0][2][2]$b$14657 [1] $memory\u_core.u_th1.mem$rdmux[0][2][2]$b$14657 [1] $memory\u_core.u_th1.mem$rdmux[0][2][2]$b$14657 [1] $memory\u_core.u_th1.mem$rdmux[0][2][2]$b$14657 [1] $memory\u_core.u_th1.mem$rdmux[0][2][2]$b$14657 [1] $memory\u_core.u_th1.mem$rdmux[0][2][2]$b$14657 [1] $memory\u_core.u_th1.mem$rdmux[0][2][2]$b$14657 [1] 2'01 $memory\u_core.u_th1.mem$rdmux[0][2][2]$b$14657 [0] 14'00000000000000 }
    Consolidated identical input bits for $mux cell $memory\u_core.u_th1.mem$rdmux[0][3][4]$14673:
      Old ports: A=128'00000000000001011111111111111100000000000000000100000000000000110000000000000001000000000000000100000000000000011111111111111100, B=128'00000000000000010000000000000011000000000000000011111111111111111111111111111110000000000000001100000000000000010000000000000010, Y=$memory\u_core.u_th1.mem$rdmux[0][2][2]$a$14656
      New ports: A=2'10, B=2'01, Y=$memory\u_core.u_th1.mem$rdmux[0][2][2]$a$14656 [2:1]
      New connections: { $memory\u_core.u_th1.mem$rdmux[0][2][2]$a$14656 [127:3] $memory\u_core.u_th1.mem$rdmux[0][2][2]$a$14656 [0] } = { 13'0000000000000 $memory\u_core.u_th1.mem$rdmux[0][2][2]$a$14656 [2] 2'01 $memory\u_core.u_th1.mem$rdmux[0][2][2]$a$14656 [2] $memory\u_core.u_th1.mem$rdmux[0][2][2]$a$14656 [2] $memory\u_core.u_th1.mem$rdmux[0][2][2]$a$14656 [2] $memory\u_core.u_th1.mem$rdmux[0][2][2]$a$14656 [2] $memory\u_core.u_th1.mem$rdmux[0][2][2]$a$14656 [2] $memory\u_core.u_th1.mem$rdmux[0][2][2]$a$14656 [2] $memory\u_core.u_th1.mem$rdmux[0][2][2]$a$14656 [2] $memory\u_core.u_th1.mem$rdmux[0][2][2]$a$14656 [2] $memory\u_core.u_th1.mem$rdmux[0][2][2]$a$14656 [2] $memory\u_core.u_th1.mem$rdmux[0][2][2]$a$14656 [2] $memory\u_core.u_th1.mem$rdmux[0][2][2]$a$14656 [2] $memory\u_core.u_th1.mem$rdmux[0][2][2]$a$14656 [2] $memory\u_core.u_th1.mem$rdmux[0][2][2]$a$14656 [2] $memory\u_core.u_th1.mem$rdmux[0][2][2]$a$14656 [2:1] $memory\u_core.u_th1.mem$rdmux[0][2][2]$a$14656 [1] 15'000000000000000 $memory\u_core.u_th1.mem$rdmux[0][2][2]$a$14656 [2:1] $memory\u_core.u_th1.mem$rdmux[0][2][2]$a$14656 [1] $memory\u_core.u_th1.mem$rdmux[0][2][2]$a$14656 [1] $memory\u_core.u_th1.mem$rdmux[0][2][2]$a$14656 [1] $memory\u_core.u_th1.mem$rdmux[0][2][2]$a$14656 [1] $memory\u_core.u_th1.mem$rdmux[0][2][2]$a$14656 [1] $memory\u_core.u_th1.mem$rdmux[0][2][2]$a$14656 [1] $memory\u_core.u_th1.mem$rdmux[0][2][2]$a$14656 [1] $memory\u_core.u_th1.mem$rdmux[0][2][2]$a$14656 [1] $memory\u_core.u_th1.mem$rdmux[0][2][2]$a$14656 [1] $memory\u_core.u_th1.mem$rdmux[0][2][2]$a$14656 [1] $memory\u_core.u_th1.mem$rdmux[0][2][2]$a$14656 [1] $memory\u_core.u_th1.mem$rdmux[0][2][2]$a$14656 [1] $memory\u_core.u_th1.mem$rdmux[0][2][2]$a$14656 [1] 2'11 $memory\u_core.u_th1.mem$rdmux[0][2][2]$a$14656 [1] $memory\u_core.u_th1.mem$rdmux[0][2][2]$a$14656 [1] $memory\u_core.u_th1.mem$rdmux[0][2][2]$a$14656 [1] $memory\u_core.u_th1.mem$rdmux[0][2][2]$a$14656 [1] $memory\u_core.u_th1.mem$rdmux[0][2][2]$a$14656 [1] $memory\u_core.u_th1.mem$rdmux[0][2][2]$a$14656 [1] $memory\u_core.u_th1.mem$rdmux[0][2][2]$a$14656 [1] $memory\u_core.u_th1.mem$rdmux[0][2][2]$a$14656 [1] $memory\u_core.u_th1.mem$rdmux[0][2][2]$a$14656 [1] $memory\u_core.u_th1.mem$rdmux[0][2][2]$a$14656 [1] $memory\u_core.u_th1.mem$rdmux[0][2][2]$a$14656 [1] $memory\u_core.u_th1.mem$rdmux[0][2][2]$a$14656 [1] $memory\u_core.u_th1.mem$rdmux[0][2][2]$a$14656 [1] $memory\u_core.u_th1.mem$rdmux[0][2][2]$a$14656 [1] $memory\u_core.u_th1.mem$rdmux[0][2][2]$a$14656 [1] $memory\u_core.u_th1.mem$rdmux[0][2][2]$a$14656 [2] 14'00000000000000 $memory\u_core.u_th1.mem$rdmux[0][2][2]$a$14656 [1] 17'10000000000000001 $memory\u_core.u_th1.mem$rdmux[0][2][2]$a$14656 [2] $memory\u_core.u_th1.mem$rdmux[0][2][2]$a$14656 [2] $memory\u_core.u_th1.mem$rdmux[0][2][2]$a$14656 [2] $memory\u_core.u_th1.mem$rdmux[0][2][2]$a$14656 [2] $memory\u_core.u_th1.mem$rdmux[0][2][2]$a$14656 [2] $memory\u_core.u_th1.mem$rdmux[0][2][2]$a$14656 [2] $memory\u_core.u_th1.mem$rdmux[0][2][2]$a$14656 [2] $memory\u_core.u_th1.mem$rdmux[0][2][2]$a$14656 [2] $memory\u_core.u_th1.mem$rdmux[0][2][2]$a$14656 [2] $memory\u_core.u_th1.mem$rdmux[0][2][2]$a$14656 [2] $memory\u_core.u_th1.mem$rdmux[0][2][2]$a$14656 [2] $memory\u_core.u_th1.mem$rdmux[0][2][2]$a$14656 [2] $memory\u_core.u_th1.mem$rdmux[0][2][2]$a$14656 [2] 1'0 }
    Consolidated identical input bits for $mux cell $memory\u_core.u_th1.mem$rdmux[0][3][3]$14670:
      Old ports: A=128'00000000000001010000000000000001000000000000000100000000000000010000000000000000000000000000000000000000000000101111111111111101, B=128'00000000000000010000000000000010111111111111111011111111111111111111111111111111111111111111111100000000000000010000000000000001, Y=$memory\u_core.u_th1.mem$rdmux[0][2][1]$b$14654
      New ports: A=2'01, B=2'10, Y={ $memory\u_core.u_th1.mem$rdmux[0][2][1]$b$14654 [16] $memory\u_core.u_th1.mem$rdmux[0][2][1]$b$14654 [2] }
      New connections: { $memory\u_core.u_th1.mem$rdmux[0][2][1]$b$14654 [127:17] $memory\u_core.u_th1.mem$rdmux[0][2][1]$b$14654 [15:3] $memory\u_core.u_th1.mem$rdmux[0][2][1]$b$14654 [1:0] } = { 13'0000000000000 $memory\u_core.u_th1.mem$rdmux[0][2][1]$b$14654 [2] 16'0100000000000000 $memory\u_core.u_th1.mem$rdmux[0][2][1]$b$14654 [16] $memory\u_core.u_th1.mem$rdmux[0][2][1]$b$14654 [2] $memory\u_core.u_th1.mem$rdmux[0][2][1]$b$14654 [16] $memory\u_core.u_th1.mem$rdmux[0][2][1]$b$14654 [16] $memory\u_core.u_th1.mem$rdmux[0][2][1]$b$14654 [16] $memory\u_core.u_th1.mem$rdmux[0][2][1]$b$14654 [16] $memory\u_core.u_th1.mem$rdmux[0][2][1]$b$14654 [16] $memory\u_core.u_th1.mem$rdmux[0][2][1]$b$14654 [16] $memory\u_core.u_th1.mem$rdmux[0][2][1]$b$14654 [16] $memory\u_core.u_th1.mem$rdmux[0][2][1]$b$14654 [16] $memory\u_core.u_th1.mem$rdmux[0][2][1]$b$14654 [16] $memory\u_core.u_th1.mem$rdmux[0][2][1]$b$14654 [16] $memory\u_core.u_th1.mem$rdmux[0][2][1]$b$14654 [16] $memory\u_core.u_th1.mem$rdmux[0][2][1]$b$14654 [16] $memory\u_core.u_th1.mem$rdmux[0][2][1]$b$14654 [16] $memory\u_core.u_th1.mem$rdmux[0][2][1]$b$14654 [16] $memory\u_core.u_th1.mem$rdmux[0][2][1]$b$14654 [16] $memory\u_core.u_th1.mem$rdmux[0][2][1]$b$14654 [2] $memory\u_core.u_th1.mem$rdmux[0][2][1]$b$14654 [16] $memory\u_core.u_th1.mem$rdmux[0][2][1]$b$14654 [16] $memory\u_core.u_th1.mem$rdmux[0][2][1]$b$14654 [16] $memory\u_core.u_th1.mem$rdmux[0][2][1]$b$14654 [16] $memory\u_core.u_th1.mem$rdmux[0][2][1]$b$14654 [16] $memory\u_core.u_th1.mem$rdmux[0][2][1]$b$14654 [16] $memory\u_core.u_th1.mem$rdmux[0][2][1]$b$14654 [16] $memory\u_core.u_th1.mem$rdmux[0][2][1]$b$14654 [16] $memory\u_core.u_th1.mem$rdmux[0][2][1]$b$14654 [16] $memory\u_core.u_th1.mem$rdmux[0][2][1]$b$14654 [16] $memory\u_core.u_th1.mem$rdmux[0][2][1]$b$14654 [16] $memory\u_core.u_th1.mem$rdmux[0][2][1]$b$14654 [16] $memory\u_core.u_th1.mem$rdmux[0][2][1]$b$14654 [16] $memory\u_core.u_th1.mem$rdmux[0][2][1]$b$14654 [16] $memory\u_core.u_th1.mem$rdmux[0][2][1]$b$14654 [16] 1'1 $memory\u_core.u_th1.mem$rdmux[0][2][1]$b$14654 [16] $memory\u_core.u_th1.mem$rdmux[0][2][1]$b$14654 [16] $memory\u_core.u_th1.mem$rdmux[0][2][1]$b$14654 [16] $memory\u_core.u_th1.mem$rdmux[0][2][1]$b$14654 [16] $memory\u_core.u_th1.mem$rdmux[0][2][1]$b$14654 [16] $memory\u_core.u_th1.mem$rdmux[0][2][1]$b$14654 [16] $memory\u_core.u_th1.mem$rdmux[0][2][1]$b$14654 [16] $memory\u_core.u_th1.mem$rdmux[0][2][1]$b$14654 [16] $memory\u_core.u_th1.mem$rdmux[0][2][1]$b$14654 [16] $memory\u_core.u_th1.mem$rdmux[0][2][1]$b$14654 [16] $memory\u_core.u_th1.mem$rdmux[0][2][1]$b$14654 [16] $memory\u_core.u_th1.mem$rdmux[0][2][1]$b$14654 [16] $memory\u_core.u_th1.mem$rdmux[0][2][1]$b$14654 [16] $memory\u_core.u_th1.mem$rdmux[0][2][1]$b$14654 [16] $memory\u_core.u_th1.mem$rdmux[0][2][1]$b$14654 [16] $memory\u_core.u_th1.mem$rdmux[0][2][1]$b$14654 [16] $memory\u_core.u_th1.mem$rdmux[0][2][1]$b$14654 [16] $memory\u_core.u_th1.mem$rdmux[0][2][1]$b$14654 [16] $memory\u_core.u_th1.mem$rdmux[0][2][1]$b$14654 [16] $memory\u_core.u_th1.mem$rdmux[0][2][1]$b$14654 [16] $memory\u_core.u_th1.mem$rdmux[0][2][1]$b$14654 [16] $memory\u_core.u_th1.mem$rdmux[0][2][1]$b$14654 [16] $memory\u_core.u_th1.mem$rdmux[0][2][1]$b$14654 [16] $memory\u_core.u_th1.mem$rdmux[0][2][1]$b$14654 [16] $memory\u_core.u_th1.mem$rdmux[0][2][1]$b$14654 [16] $memory\u_core.u_th1.mem$rdmux[0][2][1]$b$14654 [16] $memory\u_core.u_th1.mem$rdmux[0][2][1]$b$14654 [16] $memory\u_core.u_th1.mem$rdmux[0][2][1]$b$14654 [16] $memory\u_core.u_th1.mem$rdmux[0][2][1]$b$14654 [16] $memory\u_core.u_th1.mem$rdmux[0][2][1]$b$14654 [16] $memory\u_core.u_th1.mem$rdmux[0][2][1]$b$14654 [16] $memory\u_core.u_th1.mem$rdmux[0][2][1]$b$14654 [16] 14'00000000000000 $memory\u_core.u_th1.mem$rdmux[0][2][1]$b$14654 [2] $memory\u_core.u_th1.mem$rdmux[0][2][1]$b$14654 [2] $memory\u_core.u_th1.mem$rdmux[0][2][1]$b$14654 [2] $memory\u_core.u_th1.mem$rdmux[0][2][1]$b$14654 [2] $memory\u_core.u_th1.mem$rdmux[0][2][1]$b$14654 [2] $memory\u_core.u_th1.mem$rdmux[0][2][1]$b$14654 [2] $memory\u_core.u_th1.mem$rdmux[0][2][1]$b$14654 [2] $memory\u_core.u_th1.mem$rdmux[0][2][1]$b$14654 [2] $memory\u_core.u_th1.mem$rdmux[0][2][1]$b$14654 [2] $memory\u_core.u_th1.mem$rdmux[0][2][1]$b$14654 [2] $memory\u_core.u_th1.mem$rdmux[0][2][1]$b$14654 [2] $memory\u_core.u_th1.mem$rdmux[0][2][1]$b$14654 [2] $memory\u_core.u_th1.mem$rdmux[0][2][1]$b$14654 [2] $memory\u_core.u_th1.mem$rdmux[0][2][1]$b$14654 [2] 2'01 }
    Consolidated identical input bits for $mux cell $memory\u_core.u_th0.mem$rdmux[0][3][1]$14619:
      Old ports: A=83'00110000000000000011101101001010000000000000110000000000000010110110000000000001101, B=83'00101000000000000011101100010110000000000010001000000000000100111000000000000001100, Y=$memory\u_core.u_th0.mem$rdmux[0][2][0]$b$14606
      New ports: A=2'01, B=2'10, Y={ $memory\u_core.u_th0.mem$rdmux[0][2][0]$b$14606 [18] $memory\u_core.u_th0.mem$rdmux[0][2][0]$b$14606 [0] }
      New connections: { $memory\u_core.u_th0.mem$rdmux[0][2][0]$b$14606 [82:19] $memory\u_core.u_th0.mem$rdmux[0][2][0]$b$14606 [17:1] } = { 3'001 $memory\u_core.u_th0.mem$rdmux[0][2][0]$b$14606 [0] $memory\u_core.u_th0.mem$rdmux[0][2][0]$b$14606 [18] 20'00000000000001110110 $memory\u_core.u_th0.mem$rdmux[0][2][0]$b$14606 [0] 1'0 $memory\u_core.u_th0.mem$rdmux[0][2][0]$b$14606 [18] $memory\u_core.u_th0.mem$rdmux[0][2][0]$b$14606 [0] $memory\u_core.u_th0.mem$rdmux[0][2][0]$b$14606 [18] 12'100000000000 $memory\u_core.u_th0.mem$rdmux[0][2][0]$b$14606 [18] 1'0 $memory\u_core.u_th0.mem$rdmux[0][2][0]$b$14606 [0] $memory\u_core.u_th0.mem$rdmux[0][2][0]$b$14606 [0] $memory\u_core.u_th0.mem$rdmux[0][2][0]$b$14606 [18] 12'000000000000 $memory\u_core.u_th0.mem$rdmux[0][2][0]$b$14606 [18] $memory\u_core.u_th0.mem$rdmux[0][2][0]$b$14606 [0] 3'011 $memory\u_core.u_th0.mem$rdmux[0][2][0]$b$14606 [0] $memory\u_core.u_th0.mem$rdmux[0][2][0]$b$14606 [0] 15'000000000000110 }
    Consolidated identical input bits for $mux cell $memory\u_core.u_th0.mem$rdmux[0][3][2]$14622:
      Old ports: A=83'01001000000000000100011011010010000000000000110000000000000011101011111111111001111, B=83'00101000000000000011001001010110000000000001011000000000000110010010000000000001010, Y=$memory\u_core.u_th0.mem$rdmux[0][2][1]$a$14608
      New ports: A=2'01, B=2'10, Y={ $memory\u_core.u_th0.mem$rdmux[0][2][1]$a$14608 [19] $memory\u_core.u_th0.mem$rdmux[0][2][1]$a$14608 [0] }
      New connections: { $memory\u_core.u_th0.mem$rdmux[0][2][1]$a$14608 [82:20] $memory\u_core.u_th0.mem$rdmux[0][2][1]$a$14608 [18:1] } = { 1'0 $memory\u_core.u_th0.mem$rdmux[0][2][1]$a$14608 [0] $memory\u_core.u_th0.mem$rdmux[0][2][1]$a$14608 [19] 14'01000000000000 $memory\u_core.u_th0.mem$rdmux[0][2][1]$a$14608 [0] $memory\u_core.u_th0.mem$rdmux[0][2][1]$a$14608 [19] $memory\u_core.u_th0.mem$rdmux[0][2][1]$a$14608 [19] 1'0 $memory\u_core.u_th0.mem$rdmux[0][2][1]$a$14608 [0] 2'10 $memory\u_core.u_th0.mem$rdmux[0][2][1]$a$14608 [0] 4'1010 $memory\u_core.u_th0.mem$rdmux[0][2][1]$a$14608 [19] 13'1000000000000 $memory\u_core.u_th0.mem$rdmux[0][2][1]$a$14608 [19] $memory\u_core.u_th0.mem$rdmux[0][2][1]$a$14608 [0] 1'1 $memory\u_core.u_th0.mem$rdmux[0][2][1]$a$14608 [19] 12'000000000000 $memory\u_core.u_th0.mem$rdmux[0][2][1]$a$14608 [19] 1'1 $memory\u_core.u_th0.mem$rdmux[0][2][1]$a$14608 [0] $memory\u_core.u_th0.mem$rdmux[0][2][1]$a$14608 [0] $memory\u_core.u_th0.mem$rdmux[0][2][1]$a$14608 [0] 2'01 $memory\u_core.u_th0.mem$rdmux[0][2][1]$a$14608 [0] $memory\u_core.u_th0.mem$rdmux[0][2][1]$a$14608 [0] $memory\u_core.u_th0.mem$rdmux[0][2][1]$a$14608 [0] $memory\u_core.u_th0.mem$rdmux[0][2][1]$a$14608 [0] $memory\u_core.u_th0.mem$rdmux[0][2][1]$a$14608 [0] $memory\u_core.u_th0.mem$rdmux[0][2][1]$a$14608 [0] $memory\u_core.u_th0.mem$rdmux[0][2][1]$a$14608 [0] $memory\u_core.u_th0.mem$rdmux[0][2][1]$a$14608 [0] $memory\u_core.u_th0.mem$rdmux[0][2][1]$a$14608 [0] $memory\u_core.u_th0.mem$rdmux[0][2][1]$a$14608 [0] 3'001 $memory\u_core.u_th0.mem$rdmux[0][2][1]$a$14608 [0] 1'1 }
    Consolidated identical input bits for $mux cell $memory\u_core.u_th0.mem$rdmux[0][3][4]$14628:
      Old ports: A=83'01010000000000000101001001011110000000000000111000000000000101010000000000000000101, B=83'01100000000000000100101000010110000000000001011000000000000100010000000000000001011, Y=$memory\u_core.u_th0.mem$rdmux[0][2][2]$a$14611
      New ports: A=2'10, B=2'01, Y=$memory\u_core.u_th0.mem$rdmux[0][2][2]$a$14611 [2:1]
      New connections: { $memory\u_core.u_th0.mem$rdmux[0][2][2]$a$14611 [82:3] $memory\u_core.u_th0.mem$rdmux[0][2][2]$a$14611 [0] } = { 2'01 $memory\u_core.u_th0.mem$rdmux[0][2][2]$a$14611 [1] $memory\u_core.u_th0.mem$rdmux[0][2][2]$a$14611 [2] 15'000000000000010 $memory\u_core.u_th0.mem$rdmux[0][2][2]$a$14611 [2:1] 4'0100 $memory\u_core.u_th0.mem$rdmux[0][2][2]$a$14611 [2] 2'01 $memory\u_core.u_th0.mem$rdmux[0][2][2]$a$14611 [2] 14'11000000000000 $memory\u_core.u_th0.mem$rdmux[0][2][2]$a$14611 [1] $memory\u_core.u_th0.mem$rdmux[0][2][2]$a$14611 [2] 16'1100000000000010 $memory\u_core.u_th0.mem$rdmux[0][2][2]$a$14611 [2] 17'01000000000000000 $memory\u_core.u_th0.mem$rdmux[0][2][2]$a$14611 [1] 1'1 }
    Consolidated identical input bits for $mux cell $memory\u_core.u_th0.mem$rdmux[0][3][0]$14616:
      Old ports: A=83'01100000000000000100010001010010000000000001000000000000000101101100000000000001010, B=83'01010000000000000110000110010100000000000001100000000000000011101110000000000010010, Y=$memory\u_core.u_th0.mem$rdmux[0][2][0]$a$14605
      New ports: A=2'01, B=2'10, Y=$memory\u_core.u_th0.mem$rdmux[0][2][0]$a$14605 [4:3]
      New connections: { $memory\u_core.u_th0.mem$rdmux[0][2][0]$a$14605 [82:5] $memory\u_core.u_th0.mem$rdmux[0][2][0]$a$14605 [2:0] } = { 2'01 $memory\u_core.u_th0.mem$rdmux[0][2][0]$a$14605 [3] $memory\u_core.u_th0.mem$rdmux[0][2][0]$a$14605 [4] 14'00000000000001 $memory\u_core.u_th0.mem$rdmux[0][2][0]$a$14605 [4] 2'00 $memory\u_core.u_th0.mem$rdmux[0][2][0]$a$14605 [3] 1'0 $memory\u_core.u_th0.mem$rdmux[0][2][0]$a$14605 [4] $memory\u_core.u_th0.mem$rdmux[0][2][0]$a$14605 [4:3] 3'010 $memory\u_core.u_th0.mem$rdmux[0][2][0]$a$14605 [4:3] 13'0000000000001 $memory\u_core.u_th0.mem$rdmux[0][2][0]$a$14605 [4] 14'00000000000000 $memory\u_core.u_th0.mem$rdmux[0][2][0]$a$14605 [3] $memory\u_core.u_th0.mem$rdmux[0][2][0]$a$14605 [4] 5'11011 $memory\u_core.u_th0.mem$rdmux[0][2][0]$a$14605 [4] 14'00000000000010 }
    Consolidated identical input bits for $mux cell $memory\u_core.u_th0.mem$rdmux[0][3][3]$14625:
      Old ports: A=83'01011000000000000010001010010010000000000000111000000000000110110111111111111111011, B=83'01010111111111111010101000001101111111111111111000000000001010101000000000000001001, Y=$memory\u_core.u_th0.mem$rdmux[0][2][1]$b$14609
      New ports: A=2'01, B=2'10, Y={ $memory\u_core.u_th0.mem$rdmux[0][2][1]$b$14609 [18] $memory\u_core.u_th0.mem$rdmux[0][2][1]$b$14609 [1] }
      New connections: { $memory\u_core.u_th0.mem$rdmux[0][2][1]$b$14609 [82:19] $memory\u_core.u_th0.mem$rdmux[0][2][1]$b$14609 [17:2] $memory\u_core.u_th0.mem$rdmux[0][2][1]$b$14609 [0] } = { 4'0101 $memory\u_core.u_th0.mem$rdmux[0][2][1]$b$14609 [1] $memory\u_core.u_th0.mem$rdmux[0][2][1]$b$14609 [18] $memory\u_core.u_th0.mem$rdmux[0][2][1]$b$14609 [18] $memory\u_core.u_th0.mem$rdmux[0][2][1]$b$14609 [18] $memory\u_core.u_th0.mem$rdmux[0][2][1]$b$14609 [18] $memory\u_core.u_th0.mem$rdmux[0][2][1]$b$14609 [18] $memory\u_core.u_th0.mem$rdmux[0][2][1]$b$14609 [18] $memory\u_core.u_th0.mem$rdmux[0][2][1]$b$14609 [18] $memory\u_core.u_th0.mem$rdmux[0][2][1]$b$14609 [18] $memory\u_core.u_th0.mem$rdmux[0][2][1]$b$14609 [18] $memory\u_core.u_th0.mem$rdmux[0][2][1]$b$14609 [18] $memory\u_core.u_th0.mem$rdmux[0][2][1]$b$14609 [18] $memory\u_core.u_th0.mem$rdmux[0][2][1]$b$14609 [18] 3'010 $memory\u_core.u_th0.mem$rdmux[0][2][1]$b$14609 [18] 3'010 $memory\u_core.u_th0.mem$rdmux[0][2][1]$b$14609 [1] 2'00 $memory\u_core.u_th0.mem$rdmux[0][2][1]$b$14609 [1] $memory\u_core.u_th0.mem$rdmux[0][2][1]$b$14609 [18] $memory\u_core.u_th0.mem$rdmux[0][2][1]$b$14609 [18] $memory\u_core.u_th0.mem$rdmux[0][2][1]$b$14609 [1] $memory\u_core.u_th0.mem$rdmux[0][2][1]$b$14609 [18] $memory\u_core.u_th0.mem$rdmux[0][2][1]$b$14609 [18] $memory\u_core.u_th0.mem$rdmux[0][2][1]$b$14609 [18] $memory\u_core.u_th0.mem$rdmux[0][2][1]$b$14609 [18] $memory\u_core.u_th0.mem$rdmux[0][2][1]$b$14609 [18] $memory\u_core.u_th0.mem$rdmux[0][2][1]$b$14609 [18] $memory\u_core.u_th0.mem$rdmux[0][2][1]$b$14609 [18] $memory\u_core.u_th0.mem$rdmux[0][2][1]$b$14609 [18] $memory\u_core.u_th0.mem$rdmux[0][2][1]$b$14609 [18] $memory\u_core.u_th0.mem$rdmux[0][2][1]$b$14609 [18] $memory\u_core.u_th0.mem$rdmux[0][2][1]$b$14609 [18] $memory\u_core.u_th0.mem$rdmux[0][2][1]$b$14609 [18] $memory\u_core.u_th0.mem$rdmux[0][2][1]$b$14609 [18] 14'11100000000000 $memory\u_core.u_th0.mem$rdmux[0][2][1]$b$14609 [18] $memory\u_core.u_th0.mem$rdmux[0][2][1]$b$14609 [1] 3'101 $memory\u_core.u_th0.mem$rdmux[0][2][1]$b$14609 [1] $memory\u_core.u_th0.mem$rdmux[0][2][1]$b$14609 [1] $memory\u_core.u_th0.mem$rdmux[0][2][1]$b$14609 [1] $memory\u_core.u_th0.mem$rdmux[0][2][1]$b$14609 [1] $memory\u_core.u_th0.mem$rdmux[0][2][1]$b$14609 [1] $memory\u_core.u_th0.mem$rdmux[0][2][1]$b$14609 [1] $memory\u_core.u_th0.mem$rdmux[0][2][1]$b$14609 [1] $memory\u_core.u_th0.mem$rdmux[0][2][1]$b$14609 [1] $memory\u_core.u_th0.mem$rdmux[0][2][1]$b$14609 [1] $memory\u_core.u_th0.mem$rdmux[0][2][1]$b$14609 [1] $memory\u_core.u_th0.mem$rdmux[0][2][1]$b$14609 [1] $memory\u_core.u_th0.mem$rdmux[0][2][1]$b$14609 [1] $memory\u_core.u_th0.mem$rdmux[0][2][1]$b$14609 [1] $memory\u_core.u_th0.mem$rdmux[0][2][1]$b$14609 [1] $memory\u_core.u_th0.mem$rdmux[0][2][1]$b$14609 [1] 3'101 }
    Consolidated identical input bits for $mux cell $flatten\u_core.$procmux$4358:
      Old ports: A={ 8'00000000 \u_core.ctx_prev [15:0] \in_byte }, B={ 8'00000000 \u_core.ctx [23:0] }, Y=$flatten\u_core.$procmux$4358_Y
      New ports: A={ \u_core.ctx_prev [15:0] \in_byte }, B=\u_core.ctx [23:0], Y=$flatten\u_core.$procmux$4358_Y [23:0]
      New connections: $flatten\u_core.$procmux$4358_Y [31:24] = 8'00000000
    New ctrl vector for $pmux cell $flatten\u_core.$procmux$4434: $flatten\u_core.$procmux$4435_CMP
    Consolidated identical input bits for $mux cell $flatten\u_core.$procmux$4650:
      Old ports: A=4'0101, B=4'1101, Y=$auto$wreduce.cc:461:run$9303 [3:0]
      New ports: A=1'0, B=1'1, Y=$auto$wreduce.cc:461:run$9303 [3]
      New connections: $auto$wreduce.cc:461:run$9303 [2:0] = 3'101
    Consolidated identical input bits for $pmux cell $flatten\u_core.$procmux$4652:
      Old ports: A=5'01101, B={ 6'001010 $auto$wreduce.cc:461:run$9305 [3:0] 1'0 $auto$wreduce.cc:461:run$9303 [3:0] }, Y=$auto$wreduce.cc:461:run$9304
      New ports: A=4'1101, B={ 4'0101 $auto$wreduce.cc:461:run$9305 [3:0] $auto$wreduce.cc:461:run$9303 [3:0] }, Y=$auto$wreduce.cc:461:run$9304 [3:0]
      New connections: $auto$wreduce.cc:461:run$9304 [4] = 1'0
    Consolidated identical input bits for $mux cell $flatten\u_core.$procmux$4655:
      Old ports: A=4'0101, B=4'1101, Y=$auto$wreduce.cc:461:run$9305 [3:0]
      New ports: A=1'0, B=1'1, Y=$auto$wreduce.cc:461:run$9305 [3]
      New connections: $auto$wreduce.cc:461:run$9305 [2:0] = 3'101
    New ctrl vector for $pmux cell $flatten\u_core.$procmux$4659: { $flatten\u_core.$procmux$3198_CMP $flatten\u_core.$procmux$4704_CMP $flatten\u_core.$1\t_we[0:0] $flatten\u_core.$procmux$4359_CMP $flatten\u_core.$procmux$4442_CMP $flatten\u_core.$procmux$4251_CMP $flatten\u_core.$procmux$4693_CMP $flatten\u_core.$procmux$4156_CMP $flatten\u_core.$procmux$4152_CMP $flatten\u_core.$procmux$4685_CMP $flatten\u_core.$procmux$2252_CMP $auto$opt_reduce.cc:134:opt_pmux$14686 $flatten\u_core.$procmux$4109_CMP $flatten\u_core.$procmux$4669_CMP $flatten\u_core.$procmux$2229_CMP $flatten\u_core.$procmux$3600_CMP $flatten\u_core.$procmux$4147_CMP $flatten\u_core.$procmux$4435_CMP }
    Consolidated identical input bits for $mux cell $flatten\u_core.$procmux$4662:
      Old ports: A=3'011, B=3'100, Y=$auto$wreduce.cc:461:run$9307 [2:0]
      New ports: A=2'01, B=2'10, Y={ $auto$wreduce.cc:461:run$9307 [2] $auto$wreduce.cc:461:run$9307 [0] }
      New connections: $auto$wreduce.cc:461:run$9307 [1] = $auto$wreduce.cc:461:run$9307 [0]
    Consolidated identical input bits for $mux cell $flatten\u_core.$procmux$4671:
      Old ports: A=4'0110, B=4'1011, Y=$auto$wreduce.cc:461:run$9308 [3:0]
      New ports: A=2'10, B=2'01, Y={ $auto$wreduce.cc:461:run$9308 [2] $auto$wreduce.cc:461:run$9308 [0] }
      New connections: { $auto$wreduce.cc:461:run$9308 [3] $auto$wreduce.cc:461:run$9308 [1] } = { $auto$wreduce.cc:461:run$9308 [0] 1'1 }
    Consolidated identical input bits for $mux cell $flatten\u_core.$procmux$4681:
      Old ports: A={ 3'010 $auto$wreduce.cc:461:run$9309 [1:0] }, B=5'01010, Y=$flatten\u_core.$procmux$4681_Y
      New ports: A=$auto$wreduce.cc:461:run$9309 [1:0], B=2'10, Y=$flatten\u_core.$procmux$4681_Y [1:0]
      New connections: $flatten\u_core.$procmux$4681_Y [4:2] = 3'010
    Consolidated identical input bits for $mux cell $flatten\u_core.$procmux$4697:
      Old ports: A=4'0101, B=4'1101, Y=$auto$wreduce.cc:461:run$9310 [3:0]
      New ports: A=1'0, B=1'1, Y=$auto$wreduce.cc:461:run$9310 [3]
      New connections: $auto$wreduce.cc:461:run$9310 [2:0] = 3'101
    Consolidated identical input bits for $mux cell $flatten\u_core.$procmux$4699:
      Old ports: A=5'00101, B={ 1'0 $auto$wreduce.cc:461:run$9310 [3:0] }, Y=$flatten\u_core.$procmux$4699_Y
      New ports: A=4'0101, B=$auto$wreduce.cc:461:run$9310 [3:0], Y=$flatten\u_core.$procmux$4699_Y [3:0]
      New connections: $flatten\u_core.$procmux$4699_Y [4] = 1'0
    Consolidated identical input bits for $mux cell $flatten\u_core.$procmux$4707:
      Old ports: A=3'101, B=3'001, Y=$auto$wreduce.cc:461:run$9311 [2:0]
      New ports: A=1'1, B=1'0, Y=$auto$wreduce.cc:461:run$9311 [2]
      New connections: $auto$wreduce.cc:461:run$9311 [1:0] = 2'01
    Consolidated identical input bits for $mux cell $flatten\u_core.$procmux$4849:
      Old ports: A=2'00, B=2'10, Y=$flatten\u_core.$procmux$4849_Y
      New ports: A=1'0, B=1'1, Y=$flatten\u_core.$procmux$4849_Y [1]
      New connections: $flatten\u_core.$procmux$4849_Y [0] = 1'0
    New ctrl vector for $pmux cell $flatten\u_core.$procmux$6598: $flatten\u_core.$procmux$4169_CMP
    New ctrl vector for $pmux cell $flatten\u_core.$procmux$6603: $flatten\u_core.$procmux$4169_CMP
    New ctrl vector for $pmux cell $flatten\u_core.$procmux$6608: $flatten\u_core.$procmux$4169_CMP
    New ctrl vector for $pmux cell $flatten\u_core.$procmux$6613: $flatten\u_core.$procmux$4169_CMP
    Consolidated identical input bits for $mux cell $flatten\u_core.$procmux$6749:
      Old ports: A={ $auto$alumacc.cc:501:replace_alu$9935 [7:3] \u_core.q [0] 2'01 }, B={ $auto$alumacc.cc:501:replace_alu$9935 [7:3] \u_core.q [0] 2'00 }, Y=$flatten\u_core.$2\nidx[7:0]
      New ports: A=1'1, B=1'0, Y=$flatten\u_core.$2\nidx[7:0] [0]
      New connections: $flatten\u_core.$2\nidx[7:0] [7:1] = { $auto$alumacc.cc:501:replace_alu$9935 [7:3] \u_core.q [0] 1'0 }
    Consolidated identical input bits for $mux cell $flatten\u_core.$procmux$6854:
      Old ports: A=3'000, B=3'111, Y=$auto$wreduce.cc:461:run$9222 [2:0]
      New ports: A=1'0, B=1'1, Y=$auto$wreduce.cc:461:run$9222 [0]
      New connections: $auto$wreduce.cc:461:run$9222 [2:1] = { $auto$wreduce.cc:461:run$9222 [0] $auto$wreduce.cc:461:run$9222 [0] }
    Consolidated identical input bits for $mux cell $flatten\u_core.$ternary$../../rtl/spark_core.v:109$1239:
      Old ports: A=4'0000, B=4'1000, Y=\u_core.nin_ch [3:0]
      New ports: A=1'0, B=1'1, Y=\u_core.nin_ch [3]
      New connections: \u_core.nin_ch [2:0] = 3'000
    Consolidated identical input bits for $mux cell $flatten\u_core.$ternary$../../rtl/spark_core.v:110$1240:
      Old ports: A=6'010000, B=6'100000, Y=\u_core.nc [5:0]
      New ports: A=2'01, B=2'10, Y=\u_core.nc [5:4]
      New connections: \u_core.nc [3:0] = 4'0000
    Consolidated identical input bits for $mux cell $flatten\u_core.$ternary$../../rtl/spark_core.v:411$1863:
      Old ports: A=4'0110, B=4'1110, Y=$auto$wreduce.cc:461:run$9332 [3:0]
      New ports: A=1'0, B=1'1, Y=$auto$wreduce.cc:461:run$9332 [3]
      New connections: $auto$wreduce.cc:461:run$9332 [2:0] = 3'110
    Consolidated identical input bits for $mux cell $flatten\u_core.$ternary$../../rtl/spark_core.v:421$1874:
      Old ports: A=5'10000, B=5'00110, Y=$flatten\u_core.$ternary$../../rtl/spark_core.v:421$1874_Y
      New ports: A=2'10, B=2'01, Y={ $flatten\u_core.$ternary$../../rtl/spark_core.v:421$1874_Y [4] $flatten\u_core.$ternary$../../rtl/spark_core.v:421$1874_Y [1] }
      New connections: { $flatten\u_core.$ternary$../../rtl/spark_core.v:421$1874_Y [3:2] $flatten\u_core.$ternary$../../rtl/spark_core.v:421$1874_Y [0] } = { 1'0 $flatten\u_core.$ternary$../../rtl/spark_core.v:421$1874_Y [1] 1'0 }
    Consolidated identical input bits for $mux cell $flatten\u_rx.$procmux$6962:
      Old ports: A=2'10, B=2'00, Y=$flatten\u_rx.$procmux$6962_Y
      New ports: A=1'1, B=1'0, Y=$flatten\u_rx.$procmux$6962_Y [1]
      New connections: $flatten\u_rx.$procmux$6962_Y [0] = 1'0
    Consolidated identical input bits for $mux cell $flatten\u_tx.$procmux$7050:
      Old ports: A={ 1'1 \tx_data }, B={ 1'1 \u_tx.sh [8:1] }, Y=$flatten\u_tx.$procmux$7050_Y
      New ports: A=\tx_data, B=\u_tx.sh [8:1], Y=$flatten\u_tx.$procmux$7050_Y [7:0]
      New connections: $flatten\u_tx.$procmux$7050_Y [8] = 1'1
    Consolidated identical input bits for $pmux cell $procmux$7851:
      Old ports: A=4'0001, B=12'000100010111, Y=$procmux$7851_Y
      New ports: A=1'0, B=3'001, Y=$procmux$7851_Y [1]
      New connections: { $procmux$7851_Y [3:2] $procmux$7851_Y [0] } = { 1'0 $procmux$7851_Y [1] 1'1 }
    New ctrl vector for $pmux cell $procmux$7851: \state [1]
    New ctrl vector for $pmux cell $procmux$7883: { \state [4:3] \state [5] }
    Consolidated identical input bits for $mux cell $memory\u_core.u_th0.mem$rdmux[0][3][7]$14637:
      Old ports: A=83'00111000000000000010010000011100000000000000110000000000000010110000000000000010111, B=83'01101000000000000101001110011110000000000000111000000000000101110010000000000001001, Y=$memory\u_core.u_th0.mem$rdmux[0][2][3]$b$14615
      New ports: A=2'01, B=2'10, Y={ $memory\u_core.u_th0.mem$rdmux[0][2][3]$b$14615 [3] $memory\u_core.u_th0.mem$rdmux[0][2][3]$b$14615 [1] }
      New connections: { $memory\u_core.u_th0.mem$rdmux[0][2][3]$b$14615 [82:4] $memory\u_core.u_th0.mem$rdmux[0][2][3]$b$14615 [2] $memory\u_core.u_th0.mem$rdmux[0][2][3]$b$14615 [0] } = { 1'0 $memory\u_core.u_th0.mem$rdmux[0][2][3]$b$14615 [3] 1'1 $memory\u_core.u_th0.mem$rdmux[0][2][3]$b$14615 [1] 13'1000000000000 $memory\u_core.u_th0.mem$rdmux[0][2][3]$b$14615 [3] $memory\u_core.u_th0.mem$rdmux[0][2][3]$b$14615 [1] $memory\u_core.u_th0.mem$rdmux[0][2][3]$b$14615 [3] 1'0 $memory\u_core.u_th0.mem$rdmux[0][2][3]$b$14615 [1] $memory\u_core.u_th0.mem$rdmux[0][2][3]$b$14615 [3] $memory\u_core.u_th0.mem$rdmux[0][2][3]$b$14615 [3] $memory\u_core.u_th0.mem$rdmux[0][2][3]$b$14615 [3] 5'00111 $memory\u_core.u_th0.mem$rdmux[0][2][3]$b$14615 [3] 15'000000000000011 $memory\u_core.u_th0.mem$rdmux[0][2][3]$b$14615 [3] 12'000000000000 $memory\u_core.u_th0.mem$rdmux[0][2][3]$b$14615 [3] $memory\u_core.u_th0.mem$rdmux[0][2][3]$b$14615 [1] $memory\u_core.u_th0.mem$rdmux[0][2][3]$b$14615 [3] 4'1100 $memory\u_core.u_th0.mem$rdmux[0][2][3]$b$14615 [3] 11'00000000000 $memory\u_core.u_th0.mem$rdmux[0][2][3]$b$14615 [1] $memory\u_core.u_th0.mem$rdmux[0][2][3]$b$14615 [1] 1'1 }
    Consolidated identical input bits for $mux cell $memory\u_core.u_th1.mem$rdmux[0][3][7]$14682:
      Old ports: A=128'00000000000001010000000000000010000000000000000100000000000000010000000000000010111111111111111000000000000000100000000000000001, B=128'11111111111111101111111111111111000000000000001000000000000000010000000000000001000000000000000011111111111111100000000000000010, Y=$memory\u_core.u_th1.mem$rdmux[0][2][3]$b$14660
      New ports: A=2'01, B=2'10, Y=$memory\u_core.u_th1.mem$rdmux[0][2][3]$b$14660 [1:0]
      New connections: $memory\u_core.u_th1.mem$rdmux[0][2][3]$b$14660 [127:2] = { $memory\u_core.u_th1.mem$rdmux[0][2][3]$b$14660 [1] $memory\u_core.u_th1.mem$rdmux[0][2][3]$b$14660 [1] $memory\u_core.u_th1.mem$rdmux[0][2][3]$b$14660 [1] $memory\u_core.u_th1.mem$rdmux[0][2][3]$b$14660 [1] $memory\u_core.u_th1.mem$rdmux[0][2][3]$b$14660 [1] $memory\u_core.u_th1.mem$rdmux[0][2][3]$b$14660 [1] $memory\u_core.u_th1.mem$rdmux[0][2][3]$b$14660 [1] $memory\u_core.u_th1.mem$rdmux[0][2][3]$b$14660 [1] $memory\u_core.u_th1.mem$rdmux[0][2][3]$b$14660 [1] $memory\u_core.u_th1.mem$rdmux[0][2][3]$b$14660 [1] $memory\u_core.u_th1.mem$rdmux[0][2][3]$b$14660 [1] $memory\u_core.u_th1.mem$rdmux[0][2][3]$b$14660 [1] $memory\u_core.u_th1.mem$rdmux[0][2][3]$b$14660 [1] 1'1 $memory\u_core.u_th1.mem$rdmux[0][2][3]$b$14660 [1:0] $memory\u_core.u_th1.mem$rdmux[0][2][3]$b$14660 [1] $memory\u_core.u_th1.mem$rdmux[0][2][3]$b$14660 [1] $memory\u_core.u_th1.mem$rdmux[0][2][3]$b$14660 [1] $memory\u_core.u_th1.mem$rdmux[0][2][3]$b$14660 [1] $memory\u_core.u_th1.mem$rdmux[0][2][3]$b$14660 [1] $memory\u_core.u_th1.mem$rdmux[0][2][3]$b$14660 [1] $memory\u_core.u_th1.mem$rdmux[0][2][3]$b$14660 [1] $memory\u_core.u_th1.mem$rdmux[0][2][3]$b$14660 [1] $memory\u_core.u_th1.mem$rdmux[0][2][3]$b$14660 [1] $memory\u_core.u_th1.mem$rdmux[0][2][3]$b$14660 [1] $memory\u_core.u_th1.mem$rdmux[0][2][3]$b$14660 [1] $memory\u_core.u_th1.mem$rdmux[0][2][3]$b$14660 [1] $memory\u_core.u_th1.mem$rdmux[0][2][3]$b$14660 [1] $memory\u_core.u_th1.mem$rdmux[0][2][3]$b$14660 [1] 1'1 $memory\u_core.u_th1.mem$rdmux[0][2][3]$b$14660 [1] 14'00000000000000 $memory\u_core.u_th1.mem$rdmux[0][2][3]$b$14660 [1:0] 30'000000000000000100000000000000 $memory\u_core.u_th1.mem$rdmux[0][2][3]$b$14660 [0] $memory\u_core.u_th1.mem$rdmux[0][2][3]$b$14660 [1:0] $memory\u_core.u_th1.mem$rdmux[0][2][3]$b$14660 [0] $memory\u_core.u_th1.mem$rdmux[0][2][3]$b$14660 [0] $memory\u_core.u_th1.mem$rdmux[0][2][3]$b$14660 [0] $memory\u_core.u_th1.mem$rdmux[0][2][3]$b$14660 [0] $memory\u_core.u_th1.mem$rdmux[0][2][3]$b$14660 [0] $memory\u_core.u_th1.mem$rdmux[0][2][3]$b$14660 [0] $memory\u_core.u_th1.mem$rdmux[0][2][3]$b$14660 [0] $memory\u_core.u_th1.mem$rdmux[0][2][3]$b$14660 [0] $memory\u_core.u_th1.mem$rdmux[0][2][3]$b$14660 [0] $memory\u_core.u_th1.mem$rdmux[0][2][3]$b$14660 [0] $memory\u_core.u_th1.mem$rdmux[0][2][3]$b$14660 [0] $memory\u_core.u_th1.mem$rdmux[0][2][3]$b$14660 [0] $memory\u_core.u_th1.mem$rdmux[0][2][3]$b$14660 [0] $memory\u_core.u_th1.mem$rdmux[0][2][3]$b$14660 [0] 1'0 $memory\u_core.u_th1.mem$rdmux[0][2][3]$b$14660 [1] $memory\u_core.u_th1.mem$rdmux[0][2][3]$b$14660 [1] $memory\u_core.u_th1.mem$rdmux[0][2][3]$b$14660 [1] $memory\u_core.u_th1.mem$rdmux[0][2][3]$b$14660 [1] $memory\u_core.u_th1.mem$rdmux[0][2][3]$b$14660 [1] $memory\u_core.u_th1.mem$rdmux[0][2][3]$b$14660 [1] $memory\u_core.u_th1.mem$rdmux[0][2][3]$b$14660 [1] $memory\u_core.u_th1.mem$rdmux[0][2][3]$b$14660 [1] $memory\u_core.u_th1.mem$rdmux[0][2][3]$b$14660 [1] $memory\u_core.u_th1.mem$rdmux[0][2][3]$b$14660 [1] $memory\u_core.u_th1.mem$rdmux[0][2][3]$b$14660 [1] $memory\u_core.u_th1.mem$rdmux[0][2][3]$b$14660 [1] $memory\u_core.u_th1.mem$rdmux[0][2][3]$b$14660 [1] $memory\u_core.u_th1.mem$rdmux[0][2][3]$b$14660 [1] 16'1000000000000000 }
  Optimizing cells in module \spark_chip.
    Consolidated identical input bits for $mux cell $memory\u_core.u_th1.mem$rdmux[0][2][0]$14649:
      Old ports: A=$memory\u_core.u_th1.mem$rdmux[0][2][0]$a$14650, B=$memory\u_core.u_th1.mem$rdmux[0][2][0]$b$14651, Y=$memory\u_core.u_th1.mem$rdmux[0][1][0]$a$14644
      New ports: A={ $memory\u_core.u_th1.mem$rdmux[0][2][0]$a$14650 [32] $memory\u_core.u_th1.mem$rdmux[0][2][0]$a$14650 [2] $memory\u_core.u_th1.mem$rdmux[0][2][0]$a$14650 [32] 1'0 $memory\u_core.u_th1.mem$rdmux[0][2][0]$a$14650 [2] $memory\u_core.u_th1.mem$rdmux[0][2][0]$a$14650 [2] 1'1 $memory\u_core.u_th1.mem$rdmux[0][2][0]$a$14650 [32] 2'01 $memory\u_core.u_th1.mem$rdmux[0][2][0]$a$14650 [2] 1'0 }, B={ 1'1 $memory\u_core.u_th1.mem$rdmux[0][2][0]$b$14651 [16] $memory\u_core.u_th1.mem$rdmux[0][2][0]$b$14651 [0] 2'11 $memory\u_core.u_th1.mem$rdmux[0][2][0]$b$14651 [0] 1'0 $memory\u_core.u_th1.mem$rdmux[0][2][0]$b$14651 [16] $memory\u_core.u_th1.mem$rdmux[0][2][0]$b$14651 [16] $memory\u_core.u_th1.mem$rdmux[0][2][0]$b$14651 [16] 1'0 $memory\u_core.u_th1.mem$rdmux[0][2][0]$b$14651 [0] }, Y={ $memory\u_core.u_th1.mem$rdmux[0][1][0]$a$14644 [114:113] $memory\u_core.u_th1.mem$rdmux[0][1][0]$a$14644 [96] $memory\u_core.u_th1.mem$rdmux[0][1][0]$a$14644 [81] $memory\u_core.u_th1.mem$rdmux[0][1][0]$a$14644 [67:66] $memory\u_core.u_th1.mem$rdmux[0][1][0]$a$14644 [48] $memory\u_core.u_th1.mem$rdmux[0][1][0]$a$14644 [32] $memory\u_core.u_th1.mem$rdmux[0][1][0]$a$14644 [18] $memory\u_core.u_th1.mem$rdmux[0][1][0]$a$14644 [16] $memory\u_core.u_th1.mem$rdmux[0][1][0]$a$14644 [2] $memory\u_core.u_th1.mem$rdmux[0][1][0]$a$14644 [0] }
      New connections: { $memory\u_core.u_th1.mem$rdmux[0][1][0]$a$14644 [127:115] $memory\u_core.u_th1.mem$rdmux[0][1][0]$a$14644 [112:97] $memory\u_core.u_th1.mem$rdmux[0][1][0]$a$14644 [95:82] $memory\u_core.u_th1.mem$rdmux[0][1][0]$a$14644 [80:68] $memory\u_core.u_th1.mem$rdmux[0][1][0]$a$14644 [65:49] $memory\u_core.u_th1.mem$rdmux[0][1][0]$a$14644 [47:33] $memory\u_core.u_th1.mem$rdmux[0][1][0]$a$14644 [31:19] $memory\u_core.u_th1.mem$rdmux[0][1][0]$a$14644 [17] $memory\u_core.u_th1.mem$rdmux[0][1][0]$a$14644 [15:3] $memory\u_core.u_th1.mem$rdmux[0][1][0]$a$14644 [1] } = { $memory\u_core.u_th1.mem$rdmux[0][1][0]$a$14644 [32] $memory\u_core.u_th1.mem$rdmux[0][1][0]$a$14644 [32] $memory\u_core.u_th1.mem$rdmux[0][1][0]$a$14644 [32] $memory\u_core.u_th1.mem$rdmux[0][1][0]$a$14644 [32] $memory\u_core.u_th1.mem$rdmux[0][1][0]$a$14644 [32] $memory\u_core.u_th1.mem$rdmux[0][1][0]$a$14644 [32] $memory\u_core.u_th1.mem$rdmux[0][1][0]$a$14644 [32] $memory\u_core.u_th1.mem$rdmux[0][1][0]$a$14644 [32] $memory\u_core.u_th1.mem$rdmux[0][1][0]$a$14644 [32] $memory\u_core.u_th1.mem$rdmux[0][1][0]$a$14644 [32] $memory\u_core.u_th1.mem$rdmux[0][1][0]$a$14644 [32] $memory\u_core.u_th1.mem$rdmux[0][1][0]$a$14644 [32] $memory\u_core.u_th1.mem$rdmux[0][1][0]$a$14644 [32] $memory\u_core.u_th1.mem$rdmux[0][1][0]$a$14644 [96] $memory\u_core.u_th1.mem$rdmux[0][1][0]$a$14644 [48] $memory\u_core.u_th1.mem$rdmux[0][1][0]$a$14644 [48] $memory\u_core.u_th1.mem$rdmux[0][1][0]$a$14644 [48] $memory\u_core.u_th1.mem$rdmux[0][1][0]$a$14644 [48] $memory\u_core.u_th1.mem$rdmux[0][1][0]$a$14644 [48] $memory\u_core.u_th1.mem$rdmux[0][1][0]$a$14644 [48] $memory\u_core.u_th1.mem$rdmux[0][1][0]$a$14644 [48] $memory\u_core.u_th1.mem$rdmux[0][1][0]$a$14644 [48] $memory\u_core.u_th1.mem$rdmux[0][1][0]$a$14644 [48] $memory\u_core.u_th1.mem$rdmux[0][1][0]$a$14644 [48] $memory\u_core.u_th1.mem$rdmux[0][1][0]$a$14644 [48] $memory\u_core.u_th1.mem$rdmux[0][1][0]$a$14644 [48] $memory\u_core.u_th1.mem$rdmux[0][1][0]$a$14644 [48] $memory\u_core.u_th1.mem$rdmux[0][1][0]$a$14644 [48] $memory\u_core.u_th1.mem$rdmux[0][1][0]$a$14644 [48] 14'00000000000000 $memory\u_core.u_th1.mem$rdmux[0][1][0]$a$14644 [2] $memory\u_core.u_th1.mem$rdmux[0][1][0]$a$14644 [67] $memory\u_core.u_th1.mem$rdmux[0][1][0]$a$14644 [67] $memory\u_core.u_th1.mem$rdmux[0][1][0]$a$14644 [67] $memory\u_core.u_th1.mem$rdmux[0][1][0]$a$14644 [67] $memory\u_core.u_th1.mem$rdmux[0][1][0]$a$14644 [67] $memory\u_core.u_th1.mem$rdmux[0][1][0]$a$14644 [67] $memory\u_core.u_th1.mem$rdmux[0][1][0]$a$14644 [67] $memory\u_core.u_th1.mem$rdmux[0][1][0]$a$14644 [67] $memory\u_core.u_th1.mem$rdmux[0][1][0]$a$14644 [67] $memory\u_core.u_th1.mem$rdmux[0][1][0]$a$14644 [67] $memory\u_core.u_th1.mem$rdmux[0][1][0]$a$14644 [67] $memory\u_core.u_th1.mem$rdmux[0][1][0]$a$14644 [67] 1'0 $memory\u_core.u_th1.mem$rdmux[0][1][0]$a$14644 [16] 13'0000000000000 $memory\u_core.u_th1.mem$rdmux[0][1][0]$a$14644 [0] $memory\u_core.u_th1.mem$rdmux[0][1][0]$a$14644 [18] 15'000000000000000 $memory\u_core.u_th1.mem$rdmux[0][1][0]$a$14644 [18] $memory\u_core.u_th1.mem$rdmux[0][1][0]$a$14644 [18] $memory\u_core.u_th1.mem$rdmux[0][1][0]$a$14644 [18] $memory\u_core.u_th1.mem$rdmux[0][1][0]$a$14644 [18] $memory\u_core.u_th1.mem$rdmux[0][1][0]$a$14644 [18] $memory\u_core.u_th1.mem$rdmux[0][1][0]$a$14644 [18] $memory\u_core.u_th1.mem$rdmux[0][1][0]$a$14644 [18] $memory\u_core.u_th1.mem$rdmux[0][1][0]$a$14644 [18] $memory\u_core.u_th1.mem$rdmux[0][1][0]$a$14644 [18] $memory\u_core.u_th1.mem$rdmux[0][1][0]$a$14644 [18] $memory\u_core.u_th1.mem$rdmux[0][1][0]$a$14644 [18] $memory\u_core.u_th1.mem$rdmux[0][1][0]$a$14644 [18] $memory\u_core.u_th1.mem$rdmux[0][1][0]$a$14644 [18] $memory\u_core.u_th1.mem$rdmux[0][1][0]$a$14644 [0] 14'00000000000000 }
    Consolidated identical input bits for $mux cell $memory\u_core.u_th0.mem$rdmux[0][2][1]$14607:
      Old ports: A=$memory\u_core.u_th0.mem$rdmux[0][2][1]$a$14608, B=$memory\u_core.u_th0.mem$rdmux[0][2][1]$b$14609, Y=$memory\u_core.u_th0.mem$rdmux[0][1][0]$b$14600
      New ports: A={ 1'0 $memory\u_core.u_th0.mem$rdmux[0][2][1]$a$14608 [19] 1'1 $memory\u_core.u_th0.mem$rdmux[0][2][1]$a$14608 [19] $memory\u_core.u_th0.mem$rdmux[0][2][1]$a$14608 [19] 1'0 $memory\u_core.u_th0.mem$rdmux[0][2][1]$a$14608 [19] $memory\u_core.u_th0.mem$rdmux[0][2][1]$a$14608 [0] $memory\u_core.u_th0.mem$rdmux[0][2][1]$a$14608 [0] 1'0 $memory\u_core.u_th0.mem$rdmux[0][2][1]$a$14608 [0] 1'1 $memory\u_core.u_th0.mem$rdmux[0][2][1]$a$14608 [0] }, B={ 3'100 $memory\u_core.u_th0.mem$rdmux[0][2][1]$b$14609 [18] 1'1 $memory\u_core.u_th0.mem$rdmux[0][2][1]$b$14609 [18] $memory\u_core.u_th0.mem$rdmux[0][2][1]$b$14609 [1] $memory\u_core.u_th0.mem$rdmux[0][2][1]$b$14609 [18] $memory\u_core.u_th0.mem$rdmux[0][2][1]$b$14609 [1] $memory\u_core.u_th0.mem$rdmux[0][2][1]$b$14609 [1] 1'0 $memory\u_core.u_th0.mem$rdmux[0][2][1]$b$14609 [1] 1'1 }, Y={ $memory\u_core.u_th0.mem$rdmux[0][1][0]$b$14600 [79] $memory\u_core.u_th0.mem$rdmux[0][1][0]$b$14600 [63] $memory\u_core.u_th0.mem$rdmux[0][1][0]$b$14600 [57] $memory\u_core.u_th0.mem$rdmux[0][1][0]$b$14600 [39] $memory\u_core.u_th0.mem$rdmux[0][1][0]$b$14600 [36] $memory\u_core.u_th0.mem$rdmux[0][1][0]$b$14600 [24] $memory\u_core.u_th0.mem$rdmux[0][1][0]$b$14600 [19:18] $memory\u_core.u_th0.mem$rdmux[0][1][0]$b$14600 [6] $memory\u_core.u_th0.mem$rdmux[0][1][0]$b$14600 [4] $memory\u_core.u_th0.mem$rdmux[0][1][0]$b$14600 [2:0] }
      New connections: { $memory\u_core.u_th0.mem$rdmux[0][1][0]$b$14600 [82:80] $memory\u_core.u_th0.mem$rdmux[0][1][0]$b$14600 [78:64] $memory\u_core.u_th0.mem$rdmux[0][1][0]$b$14600 [62:58] $memory\u_core.u_th0.mem$rdmux[0][1][0]$b$14600 [56:40] $memory\u_core.u_th0.mem$rdmux[0][1][0]$b$14600 [38:37] $memory\u_core.u_th0.mem$rdmux[0][1][0]$b$14600 [35:25] $memory\u_core.u_th0.mem$rdmux[0][1][0]$b$14600 [23:20] $memory\u_core.u_th0.mem$rdmux[0][1][0]$b$14600 [17:7] $memory\u_core.u_th0.mem$rdmux[0][1][0]$b$14600 [5] $memory\u_core.u_th0.mem$rdmux[0][1][0]$b$14600 [3] } = { 1'0 $memory\u_core.u_th0.mem$rdmux[0][1][0]$b$14600 [0] $memory\u_core.u_th0.mem$rdmux[0][1][0]$b$14600 [63] $memory\u_core.u_th0.mem$rdmux[0][1][0]$b$14600 [1] $memory\u_core.u_th0.mem$rdmux[0][1][0]$b$14600 [24] $memory\u_core.u_th0.mem$rdmux[0][1][0]$b$14600 [24] $memory\u_core.u_th0.mem$rdmux[0][1][0]$b$14600 [24] $memory\u_core.u_th0.mem$rdmux[0][1][0]$b$14600 [24] $memory\u_core.u_th0.mem$rdmux[0][1][0]$b$14600 [24] $memory\u_core.u_th0.mem$rdmux[0][1][0]$b$14600 [24] $memory\u_core.u_th0.mem$rdmux[0][1][0]$b$14600 [24] $memory\u_core.u_th0.mem$rdmux[0][1][0]$b$14600 [24] $memory\u_core.u_th0.mem$rdmux[0][1][0]$b$14600 [24] $memory\u_core.u_th0.mem$rdmux[0][1][0]$b$14600 [24] $memory\u_core.u_th0.mem$rdmux[0][1][0]$b$14600 [24] $memory\u_core.u_th0.mem$rdmux[0][1][0]$b$14600 [24] $memory\u_core.u_th0.mem$rdmux[0][1][0]$b$14600 [2] $memory\u_core.u_th0.mem$rdmux[0][1][0]$b$14600 [36] $memory\u_core.u_th0.mem$rdmux[0][1][0]$b$14600 [24] $memory\u_core.u_th0.mem$rdmux[0][1][0]$b$14600 [2] 2'10 $memory\u_core.u_th0.mem$rdmux[0][1][0]$b$14600 [6] 1'0 $memory\u_core.u_th0.mem$rdmux[0][1][0]$b$14600 [1] $memory\u_core.u_th0.mem$rdmux[0][1][0]$b$14600 [24] $memory\u_core.u_th0.mem$rdmux[0][1][0]$b$14600 [39] $memory\u_core.u_th0.mem$rdmux[0][1][0]$b$14600 [1] $memory\u_core.u_th0.mem$rdmux[0][1][0]$b$14600 [24] $memory\u_core.u_th0.mem$rdmux[0][1][0]$b$14600 [24] $memory\u_core.u_th0.mem$rdmux[0][1][0]$b$14600 [24] $memory\u_core.u_th0.mem$rdmux[0][1][0]$b$14600 [24] $memory\u_core.u_th0.mem$rdmux[0][1][0]$b$14600 [24] $memory\u_core.u_th0.mem$rdmux[0][1][0]$b$14600 [24] $memory\u_core.u_th0.mem$rdmux[0][1][0]$b$14600 [24] $memory\u_core.u_th0.mem$rdmux[0][1][0]$b$14600 [24] $memory\u_core.u_th0.mem$rdmux[0][1][0]$b$14600 [24] $memory\u_core.u_th0.mem$rdmux[0][1][0]$b$14600 [24] $memory\u_core.u_th0.mem$rdmux[0][1][0]$b$14600 [24] $memory\u_core.u_th0.mem$rdmux[0][1][0]$b$14600 [24] $memory\u_core.u_th0.mem$rdmux[0][1][0]$b$14600 [0] 12'100000000000 $memory\u_core.u_th0.mem$rdmux[0][1][0]$b$14600 [19] 1'1 $memory\u_core.u_th0.mem$rdmux[0][1][0]$b$14600 [2] $memory\u_core.u_th0.mem$rdmux[0][1][0]$b$14600 [0] $memory\u_core.u_th0.mem$rdmux[0][1][0]$b$14600 [4] $memory\u_core.u_th0.mem$rdmux[0][1][0]$b$14600 [1] $memory\u_core.u_th0.mem$rdmux[0][1][0]$b$14600 [6] $memory\u_core.u_th0.mem$rdmux[0][1][0]$b$14600 [6] $memory\u_core.u_th0.mem$rdmux[0][1][0]$b$14600 [6] $memory\u_core.u_th0.mem$rdmux[0][1][0]$b$14600 [6] $memory\u_core.u_th0.mem$rdmux[0][1][0]$b$14600 [6] $memory\u_core.u_th0.mem$rdmux[0][1][0]$b$14600 [6] $memory\u_core.u_th0.mem$rdmux[0][1][0]$b$14600 [6] $memory\u_core.u_th0.mem$rdmux[0][1][0]$b$14600 [6] $memory\u_core.u_th0.mem$rdmux[0][1][0]$b$14600 [6] $memory\u_core.u_th0.mem$rdmux[0][1][0]$b$14600 [4] 1'1 }
    Consolidated identical input bits for $mux cell $memory\u_core.u_th0.mem$rdmux[0][2][0]$14604:
      Old ports: A=$memory\u_core.u_th0.mem$rdmux[0][2][0]$a$14605, B=$memory\u_core.u_th0.mem$rdmux[0][2][0]$b$14606, Y=$memory\u_core.u_th0.mem$rdmux[0][1][0]$a$14599
      New ports: A={ $memory\u_core.u_th0.mem$rdmux[0][2][0]$a$14605 [3] $memory\u_core.u_th0.mem$rdmux[0][2][0]$a$14605 [4:3] $memory\u_core.u_th0.mem$rdmux[0][2][0]$a$14605 [4] 1'0 $memory\u_core.u_th0.mem$rdmux[0][2][0]$a$14605 [3] 2'11 $memory\u_core.u_th0.mem$rdmux[0][2][0]$a$14605 [4] $memory\u_core.u_th0.mem$rdmux[0][2][0]$a$14605 [4:3] 3'010 }, B={ 2'01 $memory\u_core.u_th0.mem$rdmux[0][2][0]$b$14606 [0] $memory\u_core.u_th0.mem$rdmux[0][2][0]$b$14606 [18] $memory\u_core.u_th0.mem$rdmux[0][2][0]$b$14606 [18] $memory\u_core.u_th0.mem$rdmux[0][2][0]$b$14606 [18] $memory\u_core.u_th0.mem$rdmux[0][2][0]$b$14606 [18] $memory\u_core.u_th0.mem$rdmux[0][2][0]$b$14606 [0] $memory\u_core.u_th0.mem$rdmux[0][2][0]$b$14606 [0] 4'0110 $memory\u_core.u_th0.mem$rdmux[0][2][0]$b$14606 [0] }, Y={ $memory\u_core.u_th0.mem$rdmux[0][1][0]$a$14599 [61] $memory\u_core.u_th0.mem$rdmux[0][1][0]$a$14599 [59] $memory\u_core.u_th0.mem$rdmux[0][1][0]$a$14599 [57] $memory\u_core.u_th0.mem$rdmux[0][1][0]$a$14599 [53] $memory\u_core.u_th0.mem$rdmux[0][1][0]$a$14599 [36] $memory\u_core.u_th0.mem$rdmux[0][1][0]$a$14599 [23] $memory\u_core.u_th0.mem$rdmux[0][1][0]$a$14599 [18:16] $memory\u_core.u_th0.mem$rdmux[0][1][0]$a$14599 [4:0] }
      New connections: { $memory\u_core.u_th0.mem$rdmux[0][1][0]$a$14599 [82:62] $memory\u_core.u_th0.mem$rdmux[0][1][0]$a$14599 [60] $memory\u_core.u_th0.mem$rdmux[0][1][0]$a$14599 [58] $memory\u_core.u_th0.mem$rdmux[0][1][0]$a$14599 [56:54] $memory\u_core.u_th0.mem$rdmux[0][1][0]$a$14599 [52:37] $memory\u_core.u_th0.mem$rdmux[0][1][0]$a$14599 [35:24] $memory\u_core.u_th0.mem$rdmux[0][1][0]$a$14599 [22:19] $memory\u_core.u_th0.mem$rdmux[0][1][0]$a$14599 [15:5] } = { 1'0 $memory\u_core.u_th0.mem$rdmux[0][1][0]$a$14599 [1] $memory\u_core.u_th0.mem$rdmux[0][1][0]$a$14599 [3] $memory\u_core.u_th0.mem$rdmux[0][1][0]$a$14599 [16] $memory\u_core.u_th0.mem$rdmux[0][1][0]$a$14599 [36] 12'000000000000 $memory\u_core.u_th0.mem$rdmux[0][1][0]$a$14599 [1] $memory\u_core.u_th0.mem$rdmux[0][1][0]$a$14599 [59] $memory\u_core.u_th0.mem$rdmux[0][1][0]$a$14599 [2] $memory\u_core.u_th0.mem$rdmux[0][1][0]$a$14599 [2] $memory\u_core.u_th0.mem$rdmux[0][1][0]$a$14599 [2] $memory\u_core.u_th0.mem$rdmux[0][1][0]$a$14599 [4] 1'0 $memory\u_core.u_th0.mem$rdmux[0][1][0]$a$14599 [18] $memory\u_core.u_th0.mem$rdmux[0][1][0]$a$14599 [0] $memory\u_core.u_th0.mem$rdmux[0][1][0]$a$14599 [3] 11'00000000000 $memory\u_core.u_th0.mem$rdmux[0][1][0]$a$14599 [36] $memory\u_core.u_th0.mem$rdmux[0][1][0]$a$14599 [1] $memory\u_core.u_th0.mem$rdmux[0][1][0]$a$14599 [16] $memory\u_core.u_th0.mem$rdmux[0][1][0]$a$14599 [0] 12'000000000000 $memory\u_core.u_th0.mem$rdmux[0][1][0]$a$14599 [16] $memory\u_core.u_th0.mem$rdmux[0][1][0]$a$14599 [1] 1'1 $memory\u_core.u_th0.mem$rdmux[0][1][0]$a$14599 [2] 11'00000000000 }
    Consolidated identical input bits for $mux cell $memory\u_core.u_th0.mem$rdmux[0][2][2]$14610:
      Old ports: A=$memory\u_core.u_th0.mem$rdmux[0][2][2]$a$14611, B=$memory\u_core.u_th0.mem$rdmux[0][2][2]$b$14612, Y=$memory\u_core.u_th0.mem$rdmux[0][1][1]$a$14602
      New ports: A={ 1'1 $memory\u_core.u_th0.mem$rdmux[0][2][2]$a$14611 [2:1] 1'0 $memory\u_core.u_th0.mem$rdmux[0][2][2]$a$14611 [1] $memory\u_core.u_th0.mem$rdmux[0][2][2]$a$14611 [2] 3'100 $memory\u_core.u_th0.mem$rdmux[0][2][2]$a$14611 [1] $memory\u_core.u_th0.mem$rdmux[0][2][2]$a$14611 [2:1] 1'1 }, B={ $memory\u_core.u_th0.mem$rdmux[0][2][2]$b$14612 [16] $memory\u_core.u_th0.mem$rdmux[0][2][2]$b$14612 [0] $memory\u_core.u_th0.mem$rdmux[0][2][2]$b$14612 [16] $memory\u_core.u_th0.mem$rdmux[0][2][2]$b$14612 [0] $memory\u_core.u_th0.mem$rdmux[0][2][2]$b$14612 [0] $memory\u_core.u_th0.mem$rdmux[0][2][2]$b$14612 [16] 2'01 $memory\u_core.u_th0.mem$rdmux[0][2][2]$b$14612 [16] 3'100 $memory\u_core.u_th0.mem$rdmux[0][2][2]$b$14612 [0] }, Y={ $memory\u_core.u_th0.mem$rdmux[0][1][1]$a$14602 [65] $memory\u_core.u_th0.mem$rdmux[0][1][1]$a$14602 [63:62] $memory\u_core.u_th0.mem$rdmux[0][1][1]$a$14602 [56] $memory\u_core.u_th0.mem$rdmux[0][1][1]$a$14602 [39:37] $memory\u_core.u_th0.mem$rdmux[0][1][1]$a$14602 [18] $memory\u_core.u_th0.mem$rdmux[0][1][1]$a$14602 [16] $memory\u_core.u_th0.mem$rdmux[0][1][1]$a$14602 [3:0] }
      New connections: { $memory\u_core.u_th0.mem$rdmux[0][1][1]$a$14602 [82:66] $memory\u_core.u_th0.mem$rdmux[0][1][1]$a$14602 [64] $memory\u_core.u_th0.mem$rdmux[0][1][1]$a$14602 [61:57] $memory\u_core.u_th0.mem$rdmux[0][1][1]$a$14602 [55:40] $memory\u_core.u_th0.mem$rdmux[0][1][1]$a$14602 [36:19] $memory\u_core.u_th0.mem$rdmux[0][1][1]$a$14602 [17] $memory\u_core.u_th0.mem$rdmux[0][1][1]$a$14602 [15:4] } = { $memory\u_core.u_th0.mem$rdmux[0][1][1]$a$14602 [16] $memory\u_core.u_th0.mem$rdmux[0][1][1]$a$14602 [0] $memory\u_core.u_th0.mem$rdmux[0][1][1]$a$14602 [39] $memory\u_core.u_th0.mem$rdmux[0][1][1]$a$14602 [63] $memory\u_core.u_th0.mem$rdmux[0][1][1]$a$14602 [18] 12'000000000000 $memory\u_core.u_th0.mem$rdmux[0][1][1]$a$14602 [56] 3'010 $memory\u_core.u_th0.mem$rdmux[0][1][1]$a$14602 [56] $memory\u_core.u_th0.mem$rdmux[0][1][1]$a$14602 [2] 1'1 $memory\u_core.u_th0.mem$rdmux[0][1][1]$a$14602 [2] 15'110000000000001 $memory\u_core.u_th0.mem$rdmux[0][1][1]$a$14602 [16] $memory\u_core.u_th0.mem$rdmux[0][1][1]$a$14602 [16] $memory\u_core.u_th0.mem$rdmux[0][1][1]$a$14602 [16] $memory\u_core.u_th0.mem$rdmux[0][1][1]$a$14602 [16] $memory\u_core.u_th0.mem$rdmux[0][1][1]$a$14602 [16] $memory\u_core.u_th0.mem$rdmux[0][1][1]$a$14602 [16] $memory\u_core.u_th0.mem$rdmux[0][1][1]$a$14602 [16] $memory\u_core.u_th0.mem$rdmux[0][1][1]$a$14602 [16] $memory\u_core.u_th0.mem$rdmux[0][1][1]$a$14602 [16] $memory\u_core.u_th0.mem$rdmux[0][1][1]$a$14602 [16] $memory\u_core.u_th0.mem$rdmux[0][1][1]$a$14602 [16] $memory\u_core.u_th0.mem$rdmux[0][1][1]$a$14602 [16] 1'1 $memory\u_core.u_th0.mem$rdmux[0][1][1]$a$14602 [18] $memory\u_core.u_th0.mem$rdmux[0][1][1]$a$14602 [2] $memory\u_core.u_th0.mem$rdmux[0][1][1]$a$14602 [16] $memory\u_core.u_th0.mem$rdmux[0][1][1]$a$14602 [0] 13'0000000000000 }
    Consolidated identical input bits for $mux cell $memory\u_core.u_th0.mem$rdmux[0][2][3]$14613:
      Old ports: A=$memory\u_core.u_th0.mem$rdmux[0][2][3]$a$14614, B=$memory\u_core.u_th0.mem$rdmux[0][2][3]$b$14615, Y=$memory\u_core.u_th0.mem$rdmux[0][1][1]$b$14603
      New ports: A={ $memory\u_core.u_th0.mem$rdmux[0][2][3]$a$14614 [0] 1'1 $memory\u_core.u_th0.mem$rdmux[0][2][3]$a$14614 [0] $memory\u_core.u_th0.mem$rdmux[0][2][3]$a$14614 [1:0] 1'0 $memory\u_core.u_th0.mem$rdmux[0][2][3]$a$14614 [1] 3'100 $memory\u_core.u_th0.mem$rdmux[0][2][3]$a$14614 [1:0] }, B={ $memory\u_core.u_th0.mem$rdmux[0][2][3]$b$14615 [1] $memory\u_core.u_th0.mem$rdmux[0][2][3]$b$14615 [3] 1'0 $memory\u_core.u_th0.mem$rdmux[0][2][3]$b$14615 [3] $memory\u_core.u_th0.mem$rdmux[0][2][3]$b$14615 [3] 3'100 $memory\u_core.u_th0.mem$rdmux[0][2][3]$b$14615 [1] $memory\u_core.u_th0.mem$rdmux[0][2][3]$b$14615 [3] $memory\u_core.u_th0.mem$rdmux[0][2][3]$b$14615 [1] 1'1 }, Y={ $memory\u_core.u_th0.mem$rdmux[0][1][1]$b$14603 [64] $memory\u_core.u_th0.mem$rdmux[0][1][1]$b$14603 [59] $memory\u_core.u_th0.mem$rdmux[0][1][1]$b$14603 [57] $memory\u_core.u_th0.mem$rdmux[0][1][1]$b$14603 [52] $memory\u_core.u_th0.mem$rdmux[0][1][1]$b$14603 [23] $memory\u_core.u_th0.mem$rdmux[0][1][1]$b$14603 [19:17] $memory\u_core.u_th0.mem$rdmux[0][1][1]$b$14603 [4:3] $memory\u_core.u_th0.mem$rdmux[0][1][1]$b$14603 [1:0] }
      New connections: { $memory\u_core.u_th0.mem$rdmux[0][1][1]$b$14603 [82:65] $memory\u_core.u_th0.mem$rdmux[0][1][1]$b$14603 [63:60] $memory\u_core.u_th0.mem$rdmux[0][1][1]$b$14603 [58] $memory\u_core.u_th0.mem$rdmux[0][1][1]$b$14603 [56:53] $memory\u_core.u_th0.mem$rdmux[0][1][1]$b$14603 [51:24] $memory\u_core.u_th0.mem$rdmux[0][1][1]$b$14603 [22:20] $memory\u_core.u_th0.mem$rdmux[0][1][1]$b$14603 [16:5] $memory\u_core.u_th0.mem$rdmux[0][1][1]$b$14603 [2] } = { 1'0 $memory\u_core.u_th0.mem$rdmux[0][1][1]$b$14603 [52] 1'1 $memory\u_core.u_th0.mem$rdmux[0][1][1]$b$14603 [64] 13'1000000000000 $memory\u_core.u_th0.mem$rdmux[0][1][1]$b$14603 [59] $memory\u_core.u_th0.mem$rdmux[0][1][1]$b$14603 [3] 1'0 $memory\u_core.u_th0.mem$rdmux[0][1][1]$b$14603 [4] $memory\u_core.u_th0.mem$rdmux[0][1][1]$b$14603 [52] $memory\u_core.u_th0.mem$rdmux[0][1][1]$b$14603 [52] $memory\u_core.u_th0.mem$rdmux[0][1][1]$b$14603 [18] $memory\u_core.u_th0.mem$rdmux[0][1][1]$b$14603 [0] $memory\u_core.u_th0.mem$rdmux[0][1][1]$b$14603 [19] $memory\u_core.u_th0.mem$rdmux[0][1][1]$b$14603 [0] 12'000000000000 $memory\u_core.u_th0.mem$rdmux[0][1][1]$b$14603 [17] $memory\u_core.u_th0.mem$rdmux[0][1][1]$b$14603 [19] $memory\u_core.u_th0.mem$rdmux[0][1][1]$b$14603 [19] $memory\u_core.u_th0.mem$rdmux[0][1][1]$b$14603 [3] 11'00000000000 $memory\u_core.u_th0.mem$rdmux[0][1][1]$b$14603 [18] $memory\u_core.u_th0.mem$rdmux[0][1][1]$b$14603 [4:3] $memory\u_core.u_th0.mem$rdmux[0][1][1]$b$14603 [0] $memory\u_core.u_th0.mem$rdmux[0][1][1]$b$14603 [3] 11'00000000000 $memory\u_core.u_th0.mem$rdmux[0][1][1]$b$14603 [1] }
    Consolidated identical input bits for $mux cell $memory\u_core.u_th1.mem$rdmux[0][2][2]$14655:
      Old ports: A=$memory\u_core.u_th1.mem$rdmux[0][2][2]$a$14656, B=$memory\u_core.u_th1.mem$rdmux[0][2][2]$b$14657, Y=$memory\u_core.u_th1.mem$rdmux[0][1][1]$a$14647
      New ports: A={ $memory\u_core.u_th1.mem$rdmux[0][2][2]$a$14656 [2:1] $memory\u_core.u_th1.mem$rdmux[0][2][2]$a$14656 [2] 1'1 $memory\u_core.u_th1.mem$rdmux[0][2][2]$a$14656 [1] $memory\u_core.u_th1.mem$rdmux[0][2][2]$a$14656 [1] $memory\u_core.u_th1.mem$rdmux[0][2][2]$a$14656 [2] 3'001 $memory\u_core.u_th1.mem$rdmux[0][2][2]$a$14656 [2:1] 1'0 }, B={ $memory\u_core.u_th1.mem$rdmux[0][2][2]$b$14657 [1:0] $memory\u_core.u_th1.mem$rdmux[0][2][2]$b$14657 [0] 4'0011 $memory\u_core.u_th1.mem$rdmux[0][2][2]$b$14657 [1] 1'1 $memory\u_core.u_th1.mem$rdmux[0][2][2]$b$14657 [0] 1'0 $memory\u_core.u_th1.mem$rdmux[0][2][2]$b$14657 [1:0] }, Y={ $memory\u_core.u_th1.mem$rdmux[0][1][1]$a$14647 [98] $memory\u_core.u_th1.mem$rdmux[0][1][1]$a$14647 [96] $memory\u_core.u_th1.mem$rdmux[0][1][1]$a$14647 [80] $memory\u_core.u_th1.mem$rdmux[0][1][1]$a$14647 [64] $memory\u_core.u_th1.mem$rdmux[0][1][1]$a$14647 [50:48] $memory\u_core.u_th1.mem$rdmux[0][1][1]$a$14647 [19] $memory\u_core.u_th1.mem$rdmux[0][1][1]$a$14647 [17:16] $memory\u_core.u_th1.mem$rdmux[0][1][1]$a$14647 [2:0] }
      New connections: { $memory\u_core.u_th1.mem$rdmux[0][1][1]$a$14647 [127:99] $memory\u_core.u_th1.mem$rdmux[0][1][1]$a$14647 [97] $memory\u_core.u_th1.mem$rdmux[0][1][1]$a$14647 [95:81] $memory\u_core.u_th1.mem$rdmux[0][1][1]$a$14647 [79:65] $memory\u_core.u_th1.mem$rdmux[0][1][1]$a$14647 [63:51] $memory\u_core.u_th1.mem$rdmux[0][1][1]$a$14647 [47:20] $memory\u_core.u_th1.mem$rdmux[0][1][1]$a$14647 [18] $memory\u_core.u_th1.mem$rdmux[0][1][1]$a$14647 [15:3] } = { 13'0000000000000 $memory\u_core.u_th1.mem$rdmux[0][1][1]$a$14647 [2] 1'0 $memory\u_core.u_th1.mem$rdmux[0][1][1]$a$14647 [16] $memory\u_core.u_th1.mem$rdmux[0][1][1]$a$14647 [98] $memory\u_core.u_th1.mem$rdmux[0][1][1]$a$14647 [98] $memory\u_core.u_th1.mem$rdmux[0][1][1]$a$14647 [98] $memory\u_core.u_th1.mem$rdmux[0][1][1]$a$14647 [98] $memory\u_core.u_th1.mem$rdmux[0][1][1]$a$14647 [98] $memory\u_core.u_th1.mem$rdmux[0][1][1]$a$14647 [98] $memory\u_core.u_th1.mem$rdmux[0][1][1]$a$14647 [98] $memory\u_core.u_th1.mem$rdmux[0][1][1]$a$14647 [98] $memory\u_core.u_th1.mem$rdmux[0][1][1]$a$14647 [98] $memory\u_core.u_th1.mem$rdmux[0][1][1]$a$14647 [98] $memory\u_core.u_th1.mem$rdmux[0][1][1]$a$14647 [98] $memory\u_core.u_th1.mem$rdmux[0][1][1]$a$14647 [98] $memory\u_core.u_th1.mem$rdmux[0][1][1]$a$14647 [98] $memory\u_core.u_th1.mem$rdmux[0][1][1]$a$14647 [1] $memory\u_core.u_th1.mem$rdmux[0][1][1]$a$14647 [19] $memory\u_core.u_th1.mem$rdmux[0][1][1]$a$14647 [19] $memory\u_core.u_th1.mem$rdmux[0][1][1]$a$14647 [19] $memory\u_core.u_th1.mem$rdmux[0][1][1]$a$14647 [19] $memory\u_core.u_th1.mem$rdmux[0][1][1]$a$14647 [19] $memory\u_core.u_th1.mem$rdmux[0][1][1]$a$14647 [19] $memory\u_core.u_th1.mem$rdmux[0][1][1]$a$14647 [19] $memory\u_core.u_th1.mem$rdmux[0][1][1]$a$14647 [19] $memory\u_core.u_th1.mem$rdmux[0][1][1]$a$14647 [19] $memory\u_core.u_th1.mem$rdmux[0][1][1]$a$14647 [19] $memory\u_core.u_th1.mem$rdmux[0][1][1]$a$14647 [19] $memory\u_core.u_th1.mem$rdmux[0][1][1]$a$14647 [19] $memory\u_core.u_th1.mem$rdmux[0][1][1]$a$14647 [19] $memory\u_core.u_th1.mem$rdmux[0][1][1]$a$14647 [19] $memory\u_core.u_th1.mem$rdmux[0][1][1]$a$14647 [19] $memory\u_core.u_th1.mem$rdmux[0][1][1]$a$14647 [49] $memory\u_core.u_th1.mem$rdmux[0][1][1]$a$14647 [49] $memory\u_core.u_th1.mem$rdmux[0][1][1]$a$14647 [49] $memory\u_core.u_th1.mem$rdmux[0][1][1]$a$14647 [49] $memory\u_core.u_th1.mem$rdmux[0][1][1]$a$14647 [49] $memory\u_core.u_th1.mem$rdmux[0][1][1]$a$14647 [49] $memory\u_core.u_th1.mem$rdmux[0][1][1]$a$14647 [49] $memory\u_core.u_th1.mem$rdmux[0][1][1]$a$14647 [49] $memory\u_core.u_th1.mem$rdmux[0][1][1]$a$14647 [49] $memory\u_core.u_th1.mem$rdmux[0][1][1]$a$14647 [49] $memory\u_core.u_th1.mem$rdmux[0][1][1]$a$14647 [49] $memory\u_core.u_th1.mem$rdmux[0][1][1]$a$14647 [49] $memory\u_core.u_th1.mem$rdmux[0][1][1]$a$14647 [49] $memory\u_core.u_th1.mem$rdmux[0][1][1]$a$14647 [50] $memory\u_core.u_th1.mem$rdmux[0][1][1]$a$14647 [16] $memory\u_core.u_th1.mem$rdmux[0][1][1]$a$14647 [50] $memory\u_core.u_th1.mem$rdmux[0][1][1]$a$14647 [50] $memory\u_core.u_th1.mem$rdmux[0][1][1]$a$14647 [50] $memory\u_core.u_th1.mem$rdmux[0][1][1]$a$14647 [50] $memory\u_core.u_th1.mem$rdmux[0][1][1]$a$14647 [50] $memory\u_core.u_th1.mem$rdmux[0][1][1]$a$14647 [50] $memory\u_core.u_th1.mem$rdmux[0][1][1]$a$14647 [50] $memory\u_core.u_th1.mem$rdmux[0][1][1]$a$14647 [50] $memory\u_core.u_th1.mem$rdmux[0][1][1]$a$14647 [50] $memory\u_core.u_th1.mem$rdmux[0][1][1]$a$14647 [50] $memory\u_core.u_th1.mem$rdmux[0][1][1]$a$14647 [50] $memory\u_core.u_th1.mem$rdmux[0][1][1]$a$14647 [50] $memory\u_core.u_th1.mem$rdmux[0][1][1]$a$14647 [50] $memory\u_core.u_th1.mem$rdmux[0][1][1]$a$14647 [19] $memory\u_core.u_th1.mem$rdmux[0][1][1]$a$14647 [19] $memory\u_core.u_th1.mem$rdmux[0][1][1]$a$14647 [19] $memory\u_core.u_th1.mem$rdmux[0][1][1]$a$14647 [19] $memory\u_core.u_th1.mem$rdmux[0][1][1]$a$14647 [19] $memory\u_core.u_th1.mem$rdmux[0][1][1]$a$14647 [19] $memory\u_core.u_th1.mem$rdmux[0][1][1]$a$14647 [19] $memory\u_core.u_th1.mem$rdmux[0][1][1]$a$14647 [19] $memory\u_core.u_th1.mem$rdmux[0][1][1]$a$14647 [19] $memory\u_core.u_th1.mem$rdmux[0][1][1]$a$14647 [19] $memory\u_core.u_th1.mem$rdmux[0][1][1]$a$14647 [19] $memory\u_core.u_th1.mem$rdmux[0][1][1]$a$14647 [19] $memory\u_core.u_th1.mem$rdmux[0][1][1]$a$14647 [19] $memory\u_core.u_th1.mem$rdmux[0][1][1]$a$14647 [19] $memory\u_core.u_th1.mem$rdmux[0][1][1]$a$14647 [1] $memory\u_core.u_th1.mem$rdmux[0][1][1]$a$14647 [16] $memory\u_core.u_th1.mem$rdmux[0][1][1]$a$14647 [19] $memory\u_core.u_th1.mem$rdmux[0][1][1]$a$14647 [19] $memory\u_core.u_th1.mem$rdmux[0][1][1]$a$14647 [19] $memory\u_core.u_th1.mem$rdmux[0][1][1]$a$14647 [19] $memory\u_core.u_th1.mem$rdmux[0][1][1]$a$14647 [19] $memory\u_core.u_th1.mem$rdmux[0][1][1]$a$14647 [19] $memory\u_core.u_th1.mem$rdmux[0][1][1]$a$14647 [19] $memory\u_core.u_th1.mem$rdmux[0][1][1]$a$14647 [19] $memory\u_core.u_th1.mem$rdmux[0][1][1]$a$14647 [19] $memory\u_core.u_th1.mem$rdmux[0][1][1]$a$14647 [19] $memory\u_core.u_th1.mem$rdmux[0][1][1]$a$14647 [19] $memory\u_core.u_th1.mem$rdmux[0][1][1]$a$14647 [19] 1'0 $memory\u_core.u_th1.mem$rdmux[0][1][1]$a$14647 [2] $memory\u_core.u_th1.mem$rdmux[0][1][1]$a$14647 [2] $memory\u_core.u_th1.mem$rdmux[0][1][1]$a$14647 [2] $memory\u_core.u_th1.mem$rdmux[0][1][1]$a$14647 [2] $memory\u_core.u_th1.mem$rdmux[0][1][1]$a$14647 [2] $memory\u_core.u_th1.mem$rdmux[0][1][1]$a$14647 [2] $memory\u_core.u_th1.mem$rdmux[0][1][1]$a$14647 [2] $memory\u_core.u_th1.mem$rdmux[0][1][1]$a$14647 [2] $memory\u_core.u_th1.mem$rdmux[0][1][1]$a$14647 [2] $memory\u_core.u_th1.mem$rdmux[0][1][1]$a$14647 [2] $memory\u_core.u_th1.mem$rdmux[0][1][1]$a$14647 [2] $memory\u_core.u_th1.mem$rdmux[0][1][1]$a$14647 [2] $memory\u_core.u_th1.mem$rdmux[0][1][1]$a$14647 [2] }
    Consolidated identical input bits for $mux cell $memory\u_core.u_th1.mem$rdmux[0][2][1]$14652:
      Old ports: A=$memory\u_core.u_th1.mem$rdmux[0][2][1]$a$14653, B=$memory\u_core.u_th1.mem$rdmux[0][2][1]$b$14654, Y=$memory\u_core.u_th1.mem$rdmux[0][1][0]$b$14645
      New ports: A={ 1'0 $memory\u_core.u_th1.mem$rdmux[0][2][1]$a$14653 [0] 2'01 $memory\u_core.u_th1.mem$rdmux[0][2][1]$a$14653 [1] 1'0 $memory\u_core.u_th1.mem$rdmux[0][2][1]$a$14653 [0] 1'1 $memory\u_core.u_th1.mem$rdmux[0][2][1]$a$14653 [1:0] }, B={ 2'10 $memory\u_core.u_th1.mem$rdmux[0][2][1]$b$14654 [16] $memory\u_core.u_th1.mem$rdmux[0][2][1]$b$14654 [16] $memory\u_core.u_th1.mem$rdmux[0][2][1]$b$14654 [16] $memory\u_core.u_th1.mem$rdmux[0][2][1]$b$14654 [2] $memory\u_core.u_th1.mem$rdmux[0][2][1]$b$14654 [16] $memory\u_core.u_th1.mem$rdmux[0][2][1]$b$14654 [2] 2'01 }, Y={ $memory\u_core.u_th1.mem$rdmux[0][1][0]$b$14645 [112] $memory\u_core.u_th1.mem$rdmux[0][1][0]$b$14645 [98] $memory\u_core.u_th1.mem$rdmux[0][1][0]$b$14645 [49] $memory\u_core.u_th1.mem$rdmux[0][1][0]$b$14645 [33:32] $memory\u_core.u_th1.mem$rdmux[0][1][0]$b$14645 [17:16] $memory\u_core.u_th1.mem$rdmux[0][1][0]$b$14645 [2:0] }
      New connections: { $memory\u_core.u_th1.mem$rdmux[0][1][0]$b$14645 [127:113] $memory\u_core.u_th1.mem$rdmux[0][1][0]$b$14645 [111:99] $memory\u_core.u_th1.mem$rdmux[0][1][0]$b$14645 [97:50] $memory\u_core.u_th1.mem$rdmux[0][1][0]$b$14645 [48:34] $memory\u_core.u_th1.mem$rdmux[0][1][0]$b$14645 [31:18] $memory\u_core.u_th1.mem$rdmux[0][1][0]$b$14645 [15:3] } = { 13'0000000000000 $memory\u_core.u_th1.mem$rdmux[0][1][0]$b$14645 [17] 1'0 $memory\u_core.u_th1.mem$rdmux[0][1][0]$b$14645 [98] $memory\u_core.u_th1.mem$rdmux[0][1][0]$b$14645 [98] $memory\u_core.u_th1.mem$rdmux[0][1][0]$b$14645 [98] $memory\u_core.u_th1.mem$rdmux[0][1][0]$b$14645 [98] $memory\u_core.u_th1.mem$rdmux[0][1][0]$b$14645 [98] $memory\u_core.u_th1.mem$rdmux[0][1][0]$b$14645 [98] $memory\u_core.u_th1.mem$rdmux[0][1][0]$b$14645 [98] $memory\u_core.u_th1.mem$rdmux[0][1][0]$b$14645 [98] $memory\u_core.u_th1.mem$rdmux[0][1][0]$b$14645 [98] $memory\u_core.u_th1.mem$rdmux[0][1][0]$b$14645 [98] $memory\u_core.u_th1.mem$rdmux[0][1][0]$b$14645 [98] $memory\u_core.u_th1.mem$rdmux[0][1][0]$b$14645 [98] $memory\u_core.u_th1.mem$rdmux[0][1][0]$b$14645 [98] $memory\u_core.u_th1.mem$rdmux[0][1][0]$b$14645 [16] $memory\u_core.u_th1.mem$rdmux[0][1][0]$b$14645 [17] $memory\u_core.u_th1.mem$rdmux[0][1][0]$b$14645 [33] $memory\u_core.u_th1.mem$rdmux[0][1][0]$b$14645 [33] $memory\u_core.u_th1.mem$rdmux[0][1][0]$b$14645 [33] $memory\u_core.u_th1.mem$rdmux[0][1][0]$b$14645 [33] $memory\u_core.u_th1.mem$rdmux[0][1][0]$b$14645 [33] $memory\u_core.u_th1.mem$rdmux[0][1][0]$b$14645 [33] $memory\u_core.u_th1.mem$rdmux[0][1][0]$b$14645 [33] $memory\u_core.u_th1.mem$rdmux[0][1][0]$b$14645 [33] $memory\u_core.u_th1.mem$rdmux[0][1][0]$b$14645 [33] $memory\u_core.u_th1.mem$rdmux[0][1][0]$b$14645 [33] $memory\u_core.u_th1.mem$rdmux[0][1][0]$b$14645 [33] $memory\u_core.u_th1.mem$rdmux[0][1][0]$b$14645 [33] $memory\u_core.u_th1.mem$rdmux[0][1][0]$b$14645 [33] $memory\u_core.u_th1.mem$rdmux[0][1][0]$b$14645 [33] $memory\u_core.u_th1.mem$rdmux[0][1][0]$b$14645 [33] $memory\u_core.u_th1.mem$rdmux[0][1][0]$b$14645 [2] $memory\u_core.u_th1.mem$rdmux[0][1][0]$b$14645 [33] $memory\u_core.u_th1.mem$rdmux[0][1][0]$b$14645 [33] $memory\u_core.u_th1.mem$rdmux[0][1][0]$b$14645 [33] $memory\u_core.u_th1.mem$rdmux[0][1][0]$b$14645 [33] $memory\u_core.u_th1.mem$rdmux[0][1][0]$b$14645 [33] $memory\u_core.u_th1.mem$rdmux[0][1][0]$b$14645 [33] $memory\u_core.u_th1.mem$rdmux[0][1][0]$b$14645 [33] $memory\u_core.u_th1.mem$rdmux[0][1][0]$b$14645 [33] $memory\u_core.u_th1.mem$rdmux[0][1][0]$b$14645 [33] $memory\u_core.u_th1.mem$rdmux[0][1][0]$b$14645 [33] $memory\u_core.u_th1.mem$rdmux[0][1][0]$b$14645 [33] $memory\u_core.u_th1.mem$rdmux[0][1][0]$b$14645 [33] $memory\u_core.u_th1.mem$rdmux[0][1][0]$b$14645 [33] $memory\u_core.u_th1.mem$rdmux[0][1][0]$b$14645 [33:32] $memory\u_core.u_th1.mem$rdmux[0][1][0]$b$14645 [0] $memory\u_core.u_th1.mem$rdmux[0][1][0]$b$14645 [49] $memory\u_core.u_th1.mem$rdmux[0][1][0]$b$14645 [49] $memory\u_core.u_th1.mem$rdmux[0][1][0]$b$14645 [49] $memory\u_core.u_th1.mem$rdmux[0][1][0]$b$14645 [49] $memory\u_core.u_th1.mem$rdmux[0][1][0]$b$14645 [49] $memory\u_core.u_th1.mem$rdmux[0][1][0]$b$14645 [49] $memory\u_core.u_th1.mem$rdmux[0][1][0]$b$14645 [49] $memory\u_core.u_th1.mem$rdmux[0][1][0]$b$14645 [49] $memory\u_core.u_th1.mem$rdmux[0][1][0]$b$14645 [49] $memory\u_core.u_th1.mem$rdmux[0][1][0]$b$14645 [49] $memory\u_core.u_th1.mem$rdmux[0][1][0]$b$14645 [49] $memory\u_core.u_th1.mem$rdmux[0][1][0]$b$14645 [49] $memory\u_core.u_th1.mem$rdmux[0][1][0]$b$14645 [49] $memory\u_core.u_th1.mem$rdmux[0][1][0]$b$14645 [49] $memory\u_core.u_th1.mem$rdmux[0][1][0]$b$14645 [32] $memory\u_core.u_th1.mem$rdmux[0][1][0]$b$14645 [32] $memory\u_core.u_th1.mem$rdmux[0][1][0]$b$14645 [32] $memory\u_core.u_th1.mem$rdmux[0][1][0]$b$14645 [32] $memory\u_core.u_th1.mem$rdmux[0][1][0]$b$14645 [32] $memory\u_core.u_th1.mem$rdmux[0][1][0]$b$14645 [32] $memory\u_core.u_th1.mem$rdmux[0][1][0]$b$14645 [32] $memory\u_core.u_th1.mem$rdmux[0][1][0]$b$14645 [32] $memory\u_core.u_th1.mem$rdmux[0][1][0]$b$14645 [32] $memory\u_core.u_th1.mem$rdmux[0][1][0]$b$14645 [32] $memory\u_core.u_th1.mem$rdmux[0][1][0]$b$14645 [32] $memory\u_core.u_th1.mem$rdmux[0][1][0]$b$14645 [32] $memory\u_core.u_th1.mem$rdmux[0][1][0]$b$14645 [32] $memory\u_core.u_th1.mem$rdmux[0][1][0]$b$14645 [32] $memory\u_core.u_th1.mem$rdmux[0][1][0]$b$14645 [32] 13'0000000000000 $memory\u_core.u_th1.mem$rdmux[0][1][0]$b$14645 [1] $memory\u_core.u_th1.mem$rdmux[0][1][0]$b$14645 [2] $memory\u_core.u_th1.mem$rdmux[0][1][0]$b$14645 [2] $memory\u_core.u_th1.mem$rdmux[0][1][0]$b$14645 [2] $memory\u_core.u_th1.mem$rdmux[0][1][0]$b$14645 [2] $memory\u_core.u_th1.mem$rdmux[0][1][0]$b$14645 [2] $memory\u_core.u_th1.mem$rdmux[0][1][0]$b$14645 [2] $memory\u_core.u_th1.mem$rdmux[0][1][0]$b$14645 [2] $memory\u_core.u_th1.mem$rdmux[0][1][0]$b$14645 [2] $memory\u_core.u_th1.mem$rdmux[0][1][0]$b$14645 [2] $memory\u_core.u_th1.mem$rdmux[0][1][0]$b$14645 [2] $memory\u_core.u_th1.mem$rdmux[0][1][0]$b$14645 [2] $memory\u_core.u_th1.mem$rdmux[0][1][0]$b$14645 [2] $memory\u_core.u_th1.mem$rdmux[0][1][0]$b$14645 [2] }
    Consolidated identical input bits for $mux cell $memory\u_core.u_th1.mem$rdmux[0][2][3]$14658:
      Old ports: A=$memory\u_core.u_th1.mem$rdmux[0][2][3]$a$14659, B=$memory\u_core.u_th1.mem$rdmux[0][2][3]$b$14660, Y=$memory\u_core.u_th1.mem$rdmux[0][1][1]$b$14648
      New ports: A={ 1'0 $memory\u_core.u_th1.mem$rdmux[0][2][3]$a$14659 [3] 2'11 $memory\u_core.u_th1.mem$rdmux[0][2][3]$a$14659 [3] 1'0 $memory\u_core.u_th1.mem$rdmux[0][2][3]$a$14659 [17] $memory\u_core.u_th1.mem$rdmux[0][2][3]$a$14659 [17] $memory\u_core.u_th1.mem$rdmux[0][2][3]$a$14659 [17] $memory\u_core.u_th1.mem$rdmux[0][2][3]$a$14659 [3] 2'01 }, B={ 1'1 $memory\u_core.u_th1.mem$rdmux[0][2][3]$b$14660 [1] 1'0 $memory\u_core.u_th1.mem$rdmux[0][2][3]$b$14660 [1:0] $memory\u_core.u_th1.mem$rdmux[0][2][3]$b$14660 [0] 1'0 $memory\u_core.u_th1.mem$rdmux[0][2][3]$b$14660 [1] 2'10 $memory\u_core.u_th1.mem$rdmux[0][2][3]$b$14660 [1:0] }, Y={ $memory\u_core.u_th1.mem$rdmux[0][1][1]$b$14648 [97:96] $memory\u_core.u_th1.mem$rdmux[0][1][1]$b$14648 [50] $memory\u_core.u_th1.mem$rdmux[0][1][1]$b$14648 [48] $memory\u_core.u_th1.mem$rdmux[0][1][1]$b$14648 [34:32] $memory\u_core.u_th1.mem$rdmux[0][1][1]$b$14648 [18:17] $memory\u_core.u_th1.mem$rdmux[0][1][1]$b$14648 [3] $memory\u_core.u_th1.mem$rdmux[0][1][1]$b$14648 [1:0] }
      New connections: { $memory\u_core.u_th1.mem$rdmux[0][1][1]$b$14648 [127:98] $memory\u_core.u_th1.mem$rdmux[0][1][1]$b$14648 [95:51] $memory\u_core.u_th1.mem$rdmux[0][1][1]$b$14648 [49] $memory\u_core.u_th1.mem$rdmux[0][1][1]$b$14648 [47:35] $memory\u_core.u_th1.mem$rdmux[0][1][1]$b$14648 [31:19] $memory\u_core.u_th1.mem$rdmux[0][1][1]$b$14648 [16:4] $memory\u_core.u_th1.mem$rdmux[0][1][1]$b$14648 [2] } = { $memory\u_core.u_th1.mem$rdmux[0][1][1]$b$14648 [1] $memory\u_core.u_th1.mem$rdmux[0][1][1]$b$14648 [1] $memory\u_core.u_th1.mem$rdmux[0][1][1]$b$14648 [1] $memory\u_core.u_th1.mem$rdmux[0][1][1]$b$14648 [1] $memory\u_core.u_th1.mem$rdmux[0][1][1]$b$14648 [1] $memory\u_core.u_th1.mem$rdmux[0][1][1]$b$14648 [1] $memory\u_core.u_th1.mem$rdmux[0][1][1]$b$14648 [1] $memory\u_core.u_th1.mem$rdmux[0][1][1]$b$14648 [1] $memory\u_core.u_th1.mem$rdmux[0][1][1]$b$14648 [1] $memory\u_core.u_th1.mem$rdmux[0][1][1]$b$14648 [1] $memory\u_core.u_th1.mem$rdmux[0][1][1]$b$14648 [1] $memory\u_core.u_th1.mem$rdmux[0][1][1]$b$14648 [1] $memory\u_core.u_th1.mem$rdmux[0][1][1]$b$14648 [1] $memory\u_core.u_th1.mem$rdmux[0][1][1]$b$14648 [97] $memory\u_core.u_th1.mem$rdmux[0][1][1]$b$14648 [1:0] $memory\u_core.u_th1.mem$rdmux[0][1][1]$b$14648 [96] $memory\u_core.u_th1.mem$rdmux[0][1][1]$b$14648 [96] $memory\u_core.u_th1.mem$rdmux[0][1][1]$b$14648 [96] $memory\u_core.u_th1.mem$rdmux[0][1][1]$b$14648 [96] $memory\u_core.u_th1.mem$rdmux[0][1][1]$b$14648 [96] $memory\u_core.u_th1.mem$rdmux[0][1][1]$b$14648 [96] $memory\u_core.u_th1.mem$rdmux[0][1][1]$b$14648 [96] $memory\u_core.u_th1.mem$rdmux[0][1][1]$b$14648 [96] $memory\u_core.u_th1.mem$rdmux[0][1][1]$b$14648 [96] $memory\u_core.u_th1.mem$rdmux[0][1][1]$b$14648 [96] $memory\u_core.u_th1.mem$rdmux[0][1][1]$b$14648 [96] $memory\u_core.u_th1.mem$rdmux[0][1][1]$b$14648 [96] $memory\u_core.u_th1.mem$rdmux[0][1][1]$b$14648 [96] $memory\u_core.u_th1.mem$rdmux[0][1][1]$b$14648 [48] 13'0000000000000 $memory\u_core.u_th1.mem$rdmux[0][1][1]$b$14648 [3] $memory\u_core.u_th1.mem$rdmux[0][1][1]$b$14648 [18] $memory\u_core.u_th1.mem$rdmux[0][1][1]$b$14648 [33] $memory\u_core.u_th1.mem$rdmux[0][1][1]$b$14648 [50] $memory\u_core.u_th1.mem$rdmux[0][1][1]$b$14648 [50] $memory\u_core.u_th1.mem$rdmux[0][1][1]$b$14648 [50] $memory\u_core.u_th1.mem$rdmux[0][1][1]$b$14648 [50] $memory\u_core.u_th1.mem$rdmux[0][1][1]$b$14648 [50] $memory\u_core.u_th1.mem$rdmux[0][1][1]$b$14648 [50] $memory\u_core.u_th1.mem$rdmux[0][1][1]$b$14648 [50] $memory\u_core.u_th1.mem$rdmux[0][1][1]$b$14648 [50] $memory\u_core.u_th1.mem$rdmux[0][1][1]$b$14648 [50] $memory\u_core.u_th1.mem$rdmux[0][1][1]$b$14648 [50] $memory\u_core.u_th1.mem$rdmux[0][1][1]$b$14648 [50] $memory\u_core.u_th1.mem$rdmux[0][1][1]$b$14648 [50] $memory\u_core.u_th1.mem$rdmux[0][1][1]$b$14648 [50] $memory\u_core.u_th1.mem$rdmux[0][1][1]$b$14648 [50] $memory\u_core.u_th1.mem$rdmux[0][1][1]$b$14648 [32] $memory\u_core.u_th1.mem$rdmux[0][1][1]$b$14648 [17] $memory\u_core.u_th1.mem$rdmux[0][1][1]$b$14648 [50] $memory\u_core.u_th1.mem$rdmux[0][1][1]$b$14648 [50] $memory\u_core.u_th1.mem$rdmux[0][1][1]$b$14648 [50] $memory\u_core.u_th1.mem$rdmux[0][1][1]$b$14648 [50] $memory\u_core.u_th1.mem$rdmux[0][1][1]$b$14648 [50] $memory\u_core.u_th1.mem$rdmux[0][1][1]$b$14648 [50] $memory\u_core.u_th1.mem$rdmux[0][1][1]$b$14648 [50] $memory\u_core.u_th1.mem$rdmux[0][1][1]$b$14648 [50] $memory\u_core.u_th1.mem$rdmux[0][1][1]$b$14648 [50] $memory\u_core.u_th1.mem$rdmux[0][1][1]$b$14648 [50] $memory\u_core.u_th1.mem$rdmux[0][1][1]$b$14648 [50] $memory\u_core.u_th1.mem$rdmux[0][1][1]$b$14648 [50] $memory\u_core.u_th1.mem$rdmux[0][1][1]$b$14648 [50] $memory\u_core.u_th1.mem$rdmux[0][1][1]$b$14648 [0] $memory\u_core.u_th1.mem$rdmux[0][1][1]$b$14648 [33] $memory\u_core.u_th1.mem$rdmux[0][1][1]$b$14648 [33] $memory\u_core.u_th1.mem$rdmux[0][1][1]$b$14648 [33] $memory\u_core.u_th1.mem$rdmux[0][1][1]$b$14648 [33] $memory\u_core.u_th1.mem$rdmux[0][1][1]$b$14648 [33] $memory\u_core.u_th1.mem$rdmux[0][1][1]$b$14648 [33] $memory\u_core.u_th1.mem$rdmux[0][1][1]$b$14648 [33] $memory\u_core.u_th1.mem$rdmux[0][1][1]$b$14648 [33] $memory\u_core.u_th1.mem$rdmux[0][1][1]$b$14648 [33] $memory\u_core.u_th1.mem$rdmux[0][1][1]$b$14648 [33] $memory\u_core.u_th1.mem$rdmux[0][1][1]$b$14648 [33] $memory\u_core.u_th1.mem$rdmux[0][1][1]$b$14648 [33] $memory\u_core.u_th1.mem$rdmux[0][1][1]$b$14648 [33] $memory\u_core.u_th1.mem$rdmux[0][1][1]$b$14648 [18] $memory\u_core.u_th1.mem$rdmux[0][1][1]$b$14648 [18] $memory\u_core.u_th1.mem$rdmux[0][1][1]$b$14648 [18] $memory\u_core.u_th1.mem$rdmux[0][1][1]$b$14648 [18] $memory\u_core.u_th1.mem$rdmux[0][1][1]$b$14648 [18] $memory\u_core.u_th1.mem$rdmux[0][1][1]$b$14648 [18] $memory\u_core.u_th1.mem$rdmux[0][1][1]$b$14648 [18] $memory\u_core.u_th1.mem$rdmux[0][1][1]$b$14648 [18] $memory\u_core.u_th1.mem$rdmux[0][1][1]$b$14648 [18] $memory\u_core.u_th1.mem$rdmux[0][1][1]$b$14648 [18] $memory\u_core.u_th1.mem$rdmux[0][1][1]$b$14648 [18] $memory\u_core.u_th1.mem$rdmux[0][1][1]$b$14648 [18] $memory\u_core.u_th1.mem$rdmux[0][1][1]$b$14648 [18] $memory\u_core.u_th1.mem$rdmux[0][1][1]$b$14648 [3] 13'0000000000000 }
    Consolidated identical input bits for $pmux cell $flatten\u_core.$procmux$4652:
      Old ports: A=4'1101, B={ 4'0101 $auto$wreduce.cc:461:run$9305 [3:0] $auto$wreduce.cc:461:run$9303 [3:0] }, Y=$auto$wreduce.cc:461:run$9304 [3:0]
      New ports: A=1'1, B={ 1'0 $auto$wreduce.cc:461:run$9305 [3] $auto$wreduce.cc:461:run$9303 [3] }, Y=$auto$wreduce.cc:461:run$9304 [3]
      New connections: $auto$wreduce.cc:461:run$9304 [2:0] = 3'101
    Consolidated identical input bits for $mux cell $flatten\u_core.$procmux$4690:
      Old ports: A=5'01110, B=$flatten\u_core.$ternary$../../rtl/spark_core.v:421$1874_Y, Y=$flatten\u_core.$procmux$4690_Y
      New ports: A=3'011, B={ $flatten\u_core.$ternary$../../rtl/spark_core.v:421$1874_Y [4] 1'0 $flatten\u_core.$ternary$../../rtl/spark_core.v:421$1874_Y [1] }, Y={ $flatten\u_core.$procmux$4690_Y [4:3] $flatten\u_core.$procmux$4690_Y [1] }
      New connections: { $flatten\u_core.$procmux$4690_Y [2] $flatten\u_core.$procmux$4690_Y [0] } = { $flatten\u_core.$procmux$4690_Y [1] 1'0 }
    Consolidated identical input bits for $mux cell $flatten\u_core.$procmux$4699:
      Old ports: A=4'0101, B=$auto$wreduce.cc:461:run$9310 [3:0], Y=$flatten\u_core.$procmux$4699_Y [3:0]
      New ports: A=1'0, B=$auto$wreduce.cc:461:run$9310 [3], Y=$flatten\u_core.$procmux$4699_Y [3]
      New connections: $flatten\u_core.$procmux$4699_Y [2:0] = 3'101
    Consolidated identical input bits for $mux cell $flatten\u_core.$procmux$6734:
      Old ports: A={ $auto$alumacc.cc:501:replace_alu$9935 [7:3] \u_core.q [0] 2'10 }, B=$flatten\u_core.$2\nidx[7:0], Y=$flatten\u_core.$3\nidx[7:0]
      New ports: A=2'10, B={ 1'0 $flatten\u_core.$2\nidx[7:0] [0] }, Y=$flatten\u_core.$3\nidx[7:0] [1:0]
      New connections: $flatten\u_core.$3\nidx[7:0] [7:2] = { $auto$alumacc.cc:501:replace_alu$9935 [7:3] \u_core.q [0] }
    Consolidated identical input bits for $mux cell $flatten\u_core.$procmux$6851:
      Old ports: A=$auto$wreduce.cc:461:run$9222 [2:0], B=3'110, Y=$auto$wreduce.cc:461:run$9244 [2:0]
      New ports: A={ $auto$wreduce.cc:461:run$9222 [0] $auto$wreduce.cc:461:run$9222 [0] }, B=2'10, Y=$auto$wreduce.cc:461:run$9244 [1:0]
      New connections: $auto$wreduce.cc:461:run$9244 [2] = $auto$wreduce.cc:461:run$9244 [1]
  Optimizing cells in module \spark_chip.
    Consolidated identical input bits for $mux cell $memory\u_core.u_th1.mem$rdmux[0][1][1]$14646:
      Old ports: A=$memory\u_core.u_th1.mem$rdmux[0][1][1]$a$14647, B=$memory\u_core.u_th1.mem$rdmux[0][1][1]$b$14648, Y=$memory\u_core.u_th1.mem$rdmux[0][0][0]$b$14642
      New ports: A={ $memory\u_core.u_th1.mem$rdmux[0][1][1]$a$14647 [2] 1'0 $memory\u_core.u_th1.mem$rdmux[0][1][1]$a$14647 [16] $memory\u_core.u_th1.mem$rdmux[0][1][1]$a$14647 [98] $memory\u_core.u_th1.mem$rdmux[0][1][1]$a$14647 [98] $memory\u_core.u_th1.mem$rdmux[0][1][1]$a$14647 [1] $memory\u_core.u_th1.mem$rdmux[0][1][1]$a$14647 [96] $memory\u_core.u_th1.mem$rdmux[0][1][1]$a$14647 [19] $memory\u_core.u_th1.mem$rdmux[0][1][1]$a$14647 [19] $memory\u_core.u_th1.mem$rdmux[0][1][1]$a$14647 [80] $memory\u_core.u_th1.mem$rdmux[0][1][1]$a$14647 [49] $memory\u_core.u_th1.mem$rdmux[0][1][1]$a$14647 [64] $memory\u_core.u_th1.mem$rdmux[0][1][1]$a$14647 [50:48] $memory\u_core.u_th1.mem$rdmux[0][1][1]$a$14647 [19] $memory\u_core.u_th1.mem$rdmux[0][1][1]$a$14647 [19] $memory\u_core.u_th1.mem$rdmux[0][1][1]$a$14647 [1] $memory\u_core.u_th1.mem$rdmux[0][1][1]$a$14647 [16] $memory\u_core.u_th1.mem$rdmux[0][1][1]$a$14647 [19] 1'0 $memory\u_core.u_th1.mem$rdmux[0][1][1]$a$14647 [17:16] $memory\u_core.u_th1.mem$rdmux[0][1][1]$a$14647 [2] $memory\u_core.u_th1.mem$rdmux[0][1][1]$a$14647 [2:0] }, B={ $memory\u_core.u_th1.mem$rdmux[0][1][1]$b$14648 [97] $memory\u_core.u_th1.mem$rdmux[0][1][1]$b$14648 [1:0] $memory\u_core.u_th1.mem$rdmux[0][1][1]$b$14648 [96] $memory\u_core.u_th1.mem$rdmux[0][1][1]$b$14648 [48] $memory\u_core.u_th1.mem$rdmux[0][1][1]$b$14648 [97:96] 1'0 $memory\u_core.u_th1.mem$rdmux[0][1][1]$b$14648 [3] $memory\u_core.u_th1.mem$rdmux[0][1][1]$b$14648 [33] $memory\u_core.u_th1.mem$rdmux[0][1][1]$b$14648 [50] $memory\u_core.u_th1.mem$rdmux[0][1][1]$b$14648 [17] $memory\u_core.u_th1.mem$rdmux[0][1][1]$b$14648 [50] $memory\u_core.u_th1.mem$rdmux[0][1][1]$b$14648 [0] $memory\u_core.u_th1.mem$rdmux[0][1][1]$b$14648 [48] $memory\u_core.u_th1.mem$rdmux[0][1][1]$b$14648 [33] $memory\u_core.u_th1.mem$rdmux[0][1][1]$b$14648 [34:32] $memory\u_core.u_th1.mem$rdmux[0][1][1]$b$14648 [18] $memory\u_core.u_th1.mem$rdmux[0][1][1]$b$14648 [18:17] $memory\u_core.u_th1.mem$rdmux[0][1][1]$b$14648 [3] $memory\u_core.u_th1.mem$rdmux[0][1][1]$b$14648 [3] 1'0 $memory\u_core.u_th1.mem$rdmux[0][1][1]$b$14648 [1:0] }, Y={ $memory\u_core.u_th1.mem$rdmux[0][0][0]$b$14642 [114:112] $memory\u_core.u_th1.mem$rdmux[0][0][0]$b$14642 [99:96] $memory\u_core.u_th1.mem$rdmux[0][0][0]$b$14642 [83:82] $memory\u_core.u_th1.mem$rdmux[0][0][0]$b$14642 [80] $memory\u_core.u_th1.mem$rdmux[0][0][0]$b$14642 [67] $memory\u_core.u_th1.mem$rdmux[0][0][0]$b$14642 [64] $memory\u_core.u_th1.mem$rdmux[0][0][0]$b$14642 [50:48] $memory\u_core.u_th1.mem$rdmux[0][0][0]$b$14642 [35:32] $memory\u_core.u_th1.mem$rdmux[0][0][0]$b$14642 [19:16] $memory\u_core.u_th1.mem$rdmux[0][0][0]$b$14642 [3:0] }
      New connections: { $memory\u_core.u_th1.mem$rdmux[0][0][0]$b$14642 [127:115] $memory\u_core.u_th1.mem$rdmux[0][0][0]$b$14642 [111:100] $memory\u_core.u_th1.mem$rdmux[0][0][0]$b$14642 [95:84] $memory\u_core.u_th1.mem$rdmux[0][0][0]$b$14642 [81] $memory\u_core.u_th1.mem$rdmux[0][0][0]$b$14642 [79:68] $memory\u_core.u_th1.mem$rdmux[0][0][0]$b$14642 [66:65] $memory\u_core.u_th1.mem$rdmux[0][0][0]$b$14642 [63:51] $memory\u_core.u_th1.mem$rdmux[0][0][0]$b$14642 [47:36] $memory\u_core.u_th1.mem$rdmux[0][0][0]$b$14642 [31:20] $memory\u_core.u_th1.mem$rdmux[0][0][0]$b$14642 [15:4] } = { $memory\u_core.u_th1.mem$rdmux[0][0][0]$b$14642 [113] $memory\u_core.u_th1.mem$rdmux[0][0][0]$b$14642 [113] $memory\u_core.u_th1.mem$rdmux[0][0][0]$b$14642 [113] $memory\u_core.u_th1.mem$rdmux[0][0][0]$b$14642 [113] $memory\u_core.u_th1.mem$rdmux[0][0][0]$b$14642 [113] $memory\u_core.u_th1.mem$rdmux[0][0][0]$b$14642 [113] $memory\u_core.u_th1.mem$rdmux[0][0][0]$b$14642 [113] $memory\u_core.u_th1.mem$rdmux[0][0][0]$b$14642 [113] $memory\u_core.u_th1.mem$rdmux[0][0][0]$b$14642 [113] $memory\u_core.u_th1.mem$rdmux[0][0][0]$b$14642 [113] $memory\u_core.u_th1.mem$rdmux[0][0][0]$b$14642 [113] $memory\u_core.u_th1.mem$rdmux[0][0][0]$b$14642 [113] $memory\u_core.u_th1.mem$rdmux[0][0][0]$b$14642 [113] $memory\u_core.u_th1.mem$rdmux[0][0][0]$b$14642 [99] $memory\u_core.u_th1.mem$rdmux[0][0][0]$b$14642 [99] $memory\u_core.u_th1.mem$rdmux[0][0][0]$b$14642 [99] $memory\u_core.u_th1.mem$rdmux[0][0][0]$b$14642 [99] $memory\u_core.u_th1.mem$rdmux[0][0][0]$b$14642 [99] $memory\u_core.u_th1.mem$rdmux[0][0][0]$b$14642 [99] $memory\u_core.u_th1.mem$rdmux[0][0][0]$b$14642 [99] $memory\u_core.u_th1.mem$rdmux[0][0][0]$b$14642 [99] $memory\u_core.u_th1.mem$rdmux[0][0][0]$b$14642 [99] $memory\u_core.u_th1.mem$rdmux[0][0][0]$b$14642 [99] $memory\u_core.u_th1.mem$rdmux[0][0][0]$b$14642 [99] $memory\u_core.u_th1.mem$rdmux[0][0][0]$b$14642 [99] $memory\u_core.u_th1.mem$rdmux[0][0][0]$b$14642 [83] $memory\u_core.u_th1.mem$rdmux[0][0][0]$b$14642 [83] $memory\u_core.u_th1.mem$rdmux[0][0][0]$b$14642 [83] $memory\u_core.u_th1.mem$rdmux[0][0][0]$b$14642 [83] $memory\u_core.u_th1.mem$rdmux[0][0][0]$b$14642 [83] $memory\u_core.u_th1.mem$rdmux[0][0][0]$b$14642 [83] $memory\u_core.u_th1.mem$rdmux[0][0][0]$b$14642 [83] $memory\u_core.u_th1.mem$rdmux[0][0][0]$b$14642 [83] $memory\u_core.u_th1.mem$rdmux[0][0][0]$b$14642 [83] $memory\u_core.u_th1.mem$rdmux[0][0][0]$b$14642 [83] $memory\u_core.u_th1.mem$rdmux[0][0][0]$b$14642 [83] $memory\u_core.u_th1.mem$rdmux[0][0][0]$b$14642 [83] $memory\u_core.u_th1.mem$rdmux[0][0][0]$b$14642 [19] $memory\u_core.u_th1.mem$rdmux[0][0][0]$b$14642 [67] $memory\u_core.u_th1.mem$rdmux[0][0][0]$b$14642 [67] $memory\u_core.u_th1.mem$rdmux[0][0][0]$b$14642 [67] $memory\u_core.u_th1.mem$rdmux[0][0][0]$b$14642 [67] $memory\u_core.u_th1.mem$rdmux[0][0][0]$b$14642 [67] $memory\u_core.u_th1.mem$rdmux[0][0][0]$b$14642 [67] $memory\u_core.u_th1.mem$rdmux[0][0][0]$b$14642 [67] $memory\u_core.u_th1.mem$rdmux[0][0][0]$b$14642 [67] $memory\u_core.u_th1.mem$rdmux[0][0][0]$b$14642 [67] $memory\u_core.u_th1.mem$rdmux[0][0][0]$b$14642 [67] $memory\u_core.u_th1.mem$rdmux[0][0][0]$b$14642 [67] $memory\u_core.u_th1.mem$rdmux[0][0][0]$b$14642 [67] $memory\u_core.u_th1.mem$rdmux[0][0][0]$b$14642 [50] $memory\u_core.u_th1.mem$rdmux[0][0][0]$b$14642 [32] $memory\u_core.u_th1.mem$rdmux[0][0][0]$b$14642 [50] $memory\u_core.u_th1.mem$rdmux[0][0][0]$b$14642 [50] $memory\u_core.u_th1.mem$rdmux[0][0][0]$b$14642 [50] $memory\u_core.u_th1.mem$rdmux[0][0][0]$b$14642 [50] $memory\u_core.u_th1.mem$rdmux[0][0][0]$b$14642 [50] $memory\u_core.u_th1.mem$rdmux[0][0][0]$b$14642 [50] $memory\u_core.u_th1.mem$rdmux[0][0][0]$b$14642 [50] $memory\u_core.u_th1.mem$rdmux[0][0][0]$b$14642 [50] $memory\u_core.u_th1.mem$rdmux[0][0][0]$b$14642 [50] $memory\u_core.u_th1.mem$rdmux[0][0][0]$b$14642 [50] $memory\u_core.u_th1.mem$rdmux[0][0][0]$b$14642 [50] $memory\u_core.u_th1.mem$rdmux[0][0][0]$b$14642 [50] $memory\u_core.u_th1.mem$rdmux[0][0][0]$b$14642 [50] $memory\u_core.u_th1.mem$rdmux[0][0][0]$b$14642 [35] $memory\u_core.u_th1.mem$rdmux[0][0][0]$b$14642 [35] $memory\u_core.u_th1.mem$rdmux[0][0][0]$b$14642 [35] $memory\u_core.u_th1.mem$rdmux[0][0][0]$b$14642 [35] $memory\u_core.u_th1.mem$rdmux[0][0][0]$b$14642 [35] $memory\u_core.u_th1.mem$rdmux[0][0][0]$b$14642 [35] $memory\u_core.u_th1.mem$rdmux[0][0][0]$b$14642 [35] $memory\u_core.u_th1.mem$rdmux[0][0][0]$b$14642 [35] $memory\u_core.u_th1.mem$rdmux[0][0][0]$b$14642 [35] $memory\u_core.u_th1.mem$rdmux[0][0][0]$b$14642 [35] $memory\u_core.u_th1.mem$rdmux[0][0][0]$b$14642 [35] $memory\u_core.u_th1.mem$rdmux[0][0][0]$b$14642 [35] $memory\u_core.u_th1.mem$rdmux[0][0][0]$b$14642 [19] $memory\u_core.u_th1.mem$rdmux[0][0][0]$b$14642 [19] $memory\u_core.u_th1.mem$rdmux[0][0][0]$b$14642 [19] $memory\u_core.u_th1.mem$rdmux[0][0][0]$b$14642 [19] $memory\u_core.u_th1.mem$rdmux[0][0][0]$b$14642 [19] $memory\u_core.u_th1.mem$rdmux[0][0][0]$b$14642 [19] $memory\u_core.u_th1.mem$rdmux[0][0][0]$b$14642 [19] $memory\u_core.u_th1.mem$rdmux[0][0][0]$b$14642 [19] $memory\u_core.u_th1.mem$rdmux[0][0][0]$b$14642 [19] $memory\u_core.u_th1.mem$rdmux[0][0][0]$b$14642 [19] $memory\u_core.u_th1.mem$rdmux[0][0][0]$b$14642 [19] $memory\u_core.u_th1.mem$rdmux[0][0][0]$b$14642 [19] $memory\u_core.u_th1.mem$rdmux[0][0][0]$b$14642 [2] $memory\u_core.u_th1.mem$rdmux[0][0][0]$b$14642 [2] $memory\u_core.u_th1.mem$rdmux[0][0][0]$b$14642 [2] $memory\u_core.u_th1.mem$rdmux[0][0][0]$b$14642 [2] $memory\u_core.u_th1.mem$rdmux[0][0][0]$b$14642 [2] $memory\u_core.u_th1.mem$rdmux[0][0][0]$b$14642 [2] $memory\u_core.u_th1.mem$rdmux[0][0][0]$b$14642 [2] $memory\u_core.u_th1.mem$rdmux[0][0][0]$b$14642 [2] $memory\u_core.u_th1.mem$rdmux[0][0][0]$b$14642 [2] $memory\u_core.u_th1.mem$rdmux[0][0][0]$b$14642 [2] $memory\u_core.u_th1.mem$rdmux[0][0][0]$b$14642 [2] $memory\u_core.u_th1.mem$rdmux[0][0][0]$b$14642 [2] }
    Consolidated identical input bits for $mux cell $memory\u_core.u_th1.mem$rdmux[0][1][0]$14643:
      Old ports: A=$memory\u_core.u_th1.mem$rdmux[0][1][0]$a$14644, B=$memory\u_core.u_th1.mem$rdmux[0][1][0]$b$14645, Y=$memory\u_core.u_th1.mem$rdmux[0][0][0]$a$14641
      New ports: A={ $memory\u_core.u_th1.mem$rdmux[0][1][0]$a$14644 [32] $memory\u_core.u_th1.mem$rdmux[0][1][0]$a$14644 [114:113] $memory\u_core.u_th1.mem$rdmux[0][1][0]$a$14644 [96] $memory\u_core.u_th1.mem$rdmux[0][1][0]$a$14644 [48] $memory\u_core.u_th1.mem$rdmux[0][1][0]$a$14644 [48] $memory\u_core.u_th1.mem$rdmux[0][1][0]$a$14644 [96] $memory\u_core.u_th1.mem$rdmux[0][1][0]$a$14644 [81] $memory\u_core.u_th1.mem$rdmux[0][1][0]$a$14644 [67:66] $memory\u_core.u_th1.mem$rdmux[0][1][0]$a$14644 [16] 1'0 $memory\u_core.u_th1.mem$rdmux[0][1][0]$a$14644 [0] $memory\u_core.u_th1.mem$rdmux[0][1][0]$a$14644 [18] $memory\u_core.u_th1.mem$rdmux[0][1][0]$a$14644 [48] 2'00 $memory\u_core.u_th1.mem$rdmux[0][1][0]$a$14644 [32] $memory\u_core.u_th1.mem$rdmux[0][1][0]$a$14644 [18] $memory\u_core.u_th1.mem$rdmux[0][1][0]$a$14644 [18] $memory\u_core.u_th1.mem$rdmux[0][1][0]$a$14644 [0] $memory\u_core.u_th1.mem$rdmux[0][1][0]$a$14644 [16] 1'0 $memory\u_core.u_th1.mem$rdmux[0][1][0]$a$14644 [2] 1'0 $memory\u_core.u_th1.mem$rdmux[0][1][0]$a$14644 [0] }, B={ 1'0 $memory\u_core.u_th1.mem$rdmux[0][1][0]$b$14645 [17] 1'0 $memory\u_core.u_th1.mem$rdmux[0][1][0]$b$14645 [112] $memory\u_core.u_th1.mem$rdmux[0][1][0]$b$14645 [98] $memory\u_core.u_th1.mem$rdmux[0][1][0]$b$14645 [16] $memory\u_core.u_th1.mem$rdmux[0][1][0]$b$14645 [17] $memory\u_core.u_th1.mem$rdmux[0][1][0]$b$14645 [33] $memory\u_core.u_th1.mem$rdmux[0][1][0]$b$14645 [33] $memory\u_core.u_th1.mem$rdmux[0][1][0]$b$14645 [33] $memory\u_core.u_th1.mem$rdmux[0][1][0]$b$14645 [0] $memory\u_core.u_th1.mem$rdmux[0][1][0]$b$14645 [49] $memory\u_core.u_th1.mem$rdmux[0][1][0]$b$14645 [49] $memory\u_core.u_th1.mem$rdmux[0][1][0]$b$14645 [49] $memory\u_core.u_th1.mem$rdmux[0][1][0]$b$14645 [32] $memory\u_core.u_th1.mem$rdmux[0][1][0]$b$14645 [32] $memory\u_core.u_th1.mem$rdmux[0][1][0]$b$14645 [33:32] 1'0 $memory\u_core.u_th1.mem$rdmux[0][1][0]$b$14645 [1] $memory\u_core.u_th1.mem$rdmux[0][1][0]$b$14645 [17:16] $memory\u_core.u_th1.mem$rdmux[0][1][0]$b$14645 [2] $memory\u_core.u_th1.mem$rdmux[0][1][0]$b$14645 [2:0] }, Y={ $memory\u_core.u_th1.mem$rdmux[0][0][0]$a$14641 [115:112] $memory\u_core.u_th1.mem$rdmux[0][0][0]$a$14641 [98:96] $memory\u_core.u_th1.mem$rdmux[0][0][0]$a$14641 [81] $memory\u_core.u_th1.mem$rdmux[0][0][0]$a$14641 [67:66] $memory\u_core.u_th1.mem$rdmux[0][0][0]$a$14641 [64] $memory\u_core.u_th1.mem$rdmux[0][0][0]$a$14641 [51:48] $memory\u_core.u_th1.mem$rdmux[0][0][0]$a$14641 [34:32] $memory\u_core.u_th1.mem$rdmux[0][0][0]$a$14641 [19:16] $memory\u_core.u_th1.mem$rdmux[0][0][0]$a$14641 [3:0] }
      New connections: { $memory\u_core.u_th1.mem$rdmux[0][0][0]$a$14641 [127:116] $memory\u_core.u_th1.mem$rdmux[0][0][0]$a$14641 [111:99] $memory\u_core.u_th1.mem$rdmux[0][0][0]$a$14641 [95:82] $memory\u_core.u_th1.mem$rdmux[0][0][0]$a$14641 [80:68] $memory\u_core.u_th1.mem$rdmux[0][0][0]$a$14641 [65] $memory\u_core.u_th1.mem$rdmux[0][0][0]$a$14641 [63:52] $memory\u_core.u_th1.mem$rdmux[0][0][0]$a$14641 [47:35] $memory\u_core.u_th1.mem$rdmux[0][0][0]$a$14641 [31:20] $memory\u_core.u_th1.mem$rdmux[0][0][0]$a$14641 [15:4] } = { $memory\u_core.u_th1.mem$rdmux[0][0][0]$a$14641 [115] $memory\u_core.u_th1.mem$rdmux[0][0][0]$a$14641 [115] $memory\u_core.u_th1.mem$rdmux[0][0][0]$a$14641 [115] $memory\u_core.u_th1.mem$rdmux[0][0][0]$a$14641 [115] $memory\u_core.u_th1.mem$rdmux[0][0][0]$a$14641 [115] $memory\u_core.u_th1.mem$rdmux[0][0][0]$a$14641 [115] $memory\u_core.u_th1.mem$rdmux[0][0][0]$a$14641 [115] $memory\u_core.u_th1.mem$rdmux[0][0][0]$a$14641 [115] $memory\u_core.u_th1.mem$rdmux[0][0][0]$a$14641 [115] $memory\u_core.u_th1.mem$rdmux[0][0][0]$a$14641 [115] $memory\u_core.u_th1.mem$rdmux[0][0][0]$a$14641 [115] $memory\u_core.u_th1.mem$rdmux[0][0][0]$a$14641 [115] $memory\u_core.u_th1.mem$rdmux[0][0][0]$a$14641 [98] $memory\u_core.u_th1.mem$rdmux[0][0][0]$a$14641 [98] $memory\u_core.u_th1.mem$rdmux[0][0][0]$a$14641 [98] $memory\u_core.u_th1.mem$rdmux[0][0][0]$a$14641 [98] $memory\u_core.u_th1.mem$rdmux[0][0][0]$a$14641 [98] $memory\u_core.u_th1.mem$rdmux[0][0][0]$a$14641 [98] $memory\u_core.u_th1.mem$rdmux[0][0][0]$a$14641 [98] $memory\u_core.u_th1.mem$rdmux[0][0][0]$a$14641 [98] $memory\u_core.u_th1.mem$rdmux[0][0][0]$a$14641 [98] $memory\u_core.u_th1.mem$rdmux[0][0][0]$a$14641 [98] $memory\u_core.u_th1.mem$rdmux[0][0][0]$a$14641 [98] $memory\u_core.u_th1.mem$rdmux[0][0][0]$a$14641 [98] $memory\u_core.u_th1.mem$rdmux[0][0][0]$a$14641 [98] $memory\u_core.u_th1.mem$rdmux[0][0][0]$a$14641 [33] $memory\u_core.u_th1.mem$rdmux[0][0][0]$a$14641 [33] $memory\u_core.u_th1.mem$rdmux[0][0][0]$a$14641 [33] $memory\u_core.u_th1.mem$rdmux[0][0][0]$a$14641 [33] $memory\u_core.u_th1.mem$rdmux[0][0][0]$a$14641 [33] $memory\u_core.u_th1.mem$rdmux[0][0][0]$a$14641 [33] $memory\u_core.u_th1.mem$rdmux[0][0][0]$a$14641 [33] $memory\u_core.u_th1.mem$rdmux[0][0][0]$a$14641 [33] $memory\u_core.u_th1.mem$rdmux[0][0][0]$a$14641 [33] $memory\u_core.u_th1.mem$rdmux[0][0][0]$a$14641 [33] $memory\u_core.u_th1.mem$rdmux[0][0][0]$a$14641 [33] $memory\u_core.u_th1.mem$rdmux[0][0][0]$a$14641 [33] $memory\u_core.u_th1.mem$rdmux[0][0][0]$a$14641 [33] $memory\u_core.u_th1.mem$rdmux[0][0][0]$a$14641 [33] $memory\u_core.u_th1.mem$rdmux[0][0][0]$a$14641 [2] $memory\u_core.u_th1.mem$rdmux[0][0][0]$a$14641 [67] $memory\u_core.u_th1.mem$rdmux[0][0][0]$a$14641 [67] $memory\u_core.u_th1.mem$rdmux[0][0][0]$a$14641 [67] $memory\u_core.u_th1.mem$rdmux[0][0][0]$a$14641 [67] $memory\u_core.u_th1.mem$rdmux[0][0][0]$a$14641 [67] $memory\u_core.u_th1.mem$rdmux[0][0][0]$a$14641 [67] $memory\u_core.u_th1.mem$rdmux[0][0][0]$a$14641 [67] $memory\u_core.u_th1.mem$rdmux[0][0][0]$a$14641 [67] $memory\u_core.u_th1.mem$rdmux[0][0][0]$a$14641 [67] $memory\u_core.u_th1.mem$rdmux[0][0][0]$a$14641 [67] $memory\u_core.u_th1.mem$rdmux[0][0][0]$a$14641 [67] $memory\u_core.u_th1.mem$rdmux[0][0][0]$a$14641 [67] $memory\u_core.u_th1.mem$rdmux[0][0][0]$a$14641 [34] $memory\u_core.u_th1.mem$rdmux[0][0][0]$a$14641 [51] $memory\u_core.u_th1.mem$rdmux[0][0][0]$a$14641 [51] $memory\u_core.u_th1.mem$rdmux[0][0][0]$a$14641 [51] $memory\u_core.u_th1.mem$rdmux[0][0][0]$a$14641 [51] $memory\u_core.u_th1.mem$rdmux[0][0][0]$a$14641 [51] $memory\u_core.u_th1.mem$rdmux[0][0][0]$a$14641 [51] $memory\u_core.u_th1.mem$rdmux[0][0][0]$a$14641 [51] $memory\u_core.u_th1.mem$rdmux[0][0][0]$a$14641 [51] $memory\u_core.u_th1.mem$rdmux[0][0][0]$a$14641 [51] $memory\u_core.u_th1.mem$rdmux[0][0][0]$a$14641 [51] $memory\u_core.u_th1.mem$rdmux[0][0][0]$a$14641 [51] $memory\u_core.u_th1.mem$rdmux[0][0][0]$a$14641 [51] $memory\u_core.u_th1.mem$rdmux[0][0][0]$a$14641 [34] $memory\u_core.u_th1.mem$rdmux[0][0][0]$a$14641 [34] $memory\u_core.u_th1.mem$rdmux[0][0][0]$a$14641 [34] $memory\u_core.u_th1.mem$rdmux[0][0][0]$a$14641 [34] $memory\u_core.u_th1.mem$rdmux[0][0][0]$a$14641 [34] $memory\u_core.u_th1.mem$rdmux[0][0][0]$a$14641 [34] $memory\u_core.u_th1.mem$rdmux[0][0][0]$a$14641 [34] $memory\u_core.u_th1.mem$rdmux[0][0][0]$a$14641 [34] $memory\u_core.u_th1.mem$rdmux[0][0][0]$a$14641 [34] $memory\u_core.u_th1.mem$rdmux[0][0][0]$a$14641 [34] $memory\u_core.u_th1.mem$rdmux[0][0][0]$a$14641 [34] $memory\u_core.u_th1.mem$rdmux[0][0][0]$a$14641 [34] $memory\u_core.u_th1.mem$rdmux[0][0][0]$a$14641 [34] $memory\u_core.u_th1.mem$rdmux[0][0][0]$a$14641 [19] $memory\u_core.u_th1.mem$rdmux[0][0][0]$a$14641 [19] $memory\u_core.u_th1.mem$rdmux[0][0][0]$a$14641 [19] $memory\u_core.u_th1.mem$rdmux[0][0][0]$a$14641 [19] $memory\u_core.u_th1.mem$rdmux[0][0][0]$a$14641 [19] $memory\u_core.u_th1.mem$rdmux[0][0][0]$a$14641 [19] $memory\u_core.u_th1.mem$rdmux[0][0][0]$a$14641 [19] $memory\u_core.u_th1.mem$rdmux[0][0][0]$a$14641 [19] $memory\u_core.u_th1.mem$rdmux[0][0][0]$a$14641 [19] $memory\u_core.u_th1.mem$rdmux[0][0][0]$a$14641 [19] $memory\u_core.u_th1.mem$rdmux[0][0][0]$a$14641 [19] $memory\u_core.u_th1.mem$rdmux[0][0][0]$a$14641 [19] $memory\u_core.u_th1.mem$rdmux[0][0][0]$a$14641 [3] $memory\u_core.u_th1.mem$rdmux[0][0][0]$a$14641 [3] $memory\u_core.u_th1.mem$rdmux[0][0][0]$a$14641 [3] $memory\u_core.u_th1.mem$rdmux[0][0][0]$a$14641 [3] $memory\u_core.u_th1.mem$rdmux[0][0][0]$a$14641 [3] $memory\u_core.u_th1.mem$rdmux[0][0][0]$a$14641 [3] $memory\u_core.u_th1.mem$rdmux[0][0][0]$a$14641 [3] $memory\u_core.u_th1.mem$rdmux[0][0][0]$a$14641 [3] $memory\u_core.u_th1.mem$rdmux[0][0][0]$a$14641 [3] $memory\u_core.u_th1.mem$rdmux[0][0][0]$a$14641 [3] $memory\u_core.u_th1.mem$rdmux[0][0][0]$a$14641 [3] $memory\u_core.u_th1.mem$rdmux[0][0][0]$a$14641 [3] }
    Consolidated identical input bits for $mux cell $memory\u_core.u_th0.mem$rdmux[0][1][0]$14598:
      Old ports: A=$memory\u_core.u_th0.mem$rdmux[0][1][0]$a$14599, B=$memory\u_core.u_th0.mem$rdmux[0][1][0]$b$14600, Y=$memory\u_core.u_th0.mem$rdmux[0][0][0]$a$14596
      New ports: A={ $memory\u_core.u_th0.mem$rdmux[0][1][0]$a$14599 [1] $memory\u_core.u_th0.mem$rdmux[0][1][0]$a$14599 [3] $memory\u_core.u_th0.mem$rdmux[0][1][0]$a$14599 [16] $memory\u_core.u_th0.mem$rdmux[0][1][0]$a$14599 [36] $memory\u_core.u_th0.mem$rdmux[0][1][0]$a$14599 [59] $memory\u_core.u_th0.mem$rdmux[0][1][0]$a$14599 [2] $memory\u_core.u_th0.mem$rdmux[0][1][0]$a$14599 [2] $memory\u_core.u_th0.mem$rdmux[0][1][0]$a$14599 [61] $memory\u_core.u_th0.mem$rdmux[0][1][0]$a$14599 [2] $memory\u_core.u_th0.mem$rdmux[0][1][0]$a$14599 [59] $memory\u_core.u_th0.mem$rdmux[0][1][0]$a$14599 [4] $memory\u_core.u_th0.mem$rdmux[0][1][0]$a$14599 [57] $memory\u_core.u_th0.mem$rdmux[0][1][0]$a$14599 [18] $memory\u_core.u_th0.mem$rdmux[0][1][0]$a$14599 [0] $memory\u_core.u_th0.mem$rdmux[0][1][0]$a$14599 [53] $memory\u_core.u_th0.mem$rdmux[0][1][0]$a$14599 [3] $memory\u_core.u_th0.mem$rdmux[0][1][0]$a$14599 [36] $memory\u_core.u_th0.mem$rdmux[0][1][0]$a$14599 [1] $memory\u_core.u_th0.mem$rdmux[0][1][0]$a$14599 [16] $memory\u_core.u_th0.mem$rdmux[0][1][0]$a$14599 [0] $memory\u_core.u_th0.mem$rdmux[0][1][0]$a$14599 [36] 1'0 $memory\u_core.u_th0.mem$rdmux[0][1][0]$a$14599 [23] $memory\u_core.u_th0.mem$rdmux[0][1][0]$a$14599 [16] $memory\u_core.u_th0.mem$rdmux[0][1][0]$a$14599 [1] 1'1 $memory\u_core.u_th0.mem$rdmux[0][1][0]$a$14599 [2] $memory\u_core.u_th0.mem$rdmux[0][1][0]$a$14599 [18:16] 2'00 $memory\u_core.u_th0.mem$rdmux[0][1][0]$a$14599 [4:0] }, B={ $memory\u_core.u_th0.mem$rdmux[0][1][0]$b$14600 [0] $memory\u_core.u_th0.mem$rdmux[0][1][0]$b$14600 [63] $memory\u_core.u_th0.mem$rdmux[0][1][0]$b$14600 [79] $memory\u_core.u_th0.mem$rdmux[0][1][0]$b$14600 [1] $memory\u_core.u_th0.mem$rdmux[0][1][0]$b$14600 [36] $memory\u_core.u_th0.mem$rdmux[0][1][0]$b$14600 [63] $memory\u_core.u_th0.mem$rdmux[0][1][0]$b$14600 [24] $memory\u_core.u_th0.mem$rdmux[0][1][0]$b$14600 [2] 2'10 $memory\u_core.u_th0.mem$rdmux[0][1][0]$b$14600 [6] $memory\u_core.u_th0.mem$rdmux[0][1][0]$b$14600 [57] $memory\u_core.u_th0.mem$rdmux[0][1][0]$b$14600 [1] $memory\u_core.u_th0.mem$rdmux[0][1][0]$b$14600 [24] $memory\u_core.u_th0.mem$rdmux[0][1][0]$b$14600 [39] $memory\u_core.u_th0.mem$rdmux[0][1][0]$b$14600 [1] $memory\u_core.u_th0.mem$rdmux[0][1][0]$b$14600 [24] $memory\u_core.u_th0.mem$rdmux[0][1][0]$b$14600 [39] $memory\u_core.u_th0.mem$rdmux[0][1][0]$b$14600 [0] 1'1 $memory\u_core.u_th0.mem$rdmux[0][1][0]$b$14600 [36] $memory\u_core.u_th0.mem$rdmux[0][1][0]$b$14600 [24] $memory\u_core.u_th0.mem$rdmux[0][1][0]$b$14600 [19] 1'1 $memory\u_core.u_th0.mem$rdmux[0][1][0]$b$14600 [2] $memory\u_core.u_th0.mem$rdmux[0][1][0]$b$14600 [0] $memory\u_core.u_th0.mem$rdmux[0][1][0]$b$14600 [19:18] $memory\u_core.u_th0.mem$rdmux[0][1][0]$b$14600 [4] $memory\u_core.u_th0.mem$rdmux[0][1][0]$b$14600 [1] $memory\u_core.u_th0.mem$rdmux[0][1][0]$b$14600 [6] $memory\u_core.u_th0.mem$rdmux[0][1][0]$b$14600 [4] $memory\u_core.u_th0.mem$rdmux[0][1][0]$b$14600 [4] 1'1 $memory\u_core.u_th0.mem$rdmux[0][1][0]$b$14600 [2:0] }, Y={ $memory\u_core.u_th0.mem$rdmux[0][0][0]$a$14596 [81:78] $memory\u_core.u_th0.mem$rdmux[0][0][0]$a$14596 [64:57] $memory\u_core.u_th0.mem$rdmux[0][0][0]$a$14596 [55:52] $memory\u_core.u_th0.mem$rdmux[0][0][0]$a$14596 [40:36] $memory\u_core.u_th0.mem$rdmux[0][0][0]$a$14596 [24:16] $memory\u_core.u_th0.mem$rdmux[0][0][0]$a$14596 [6:0] }
      New connections: { $memory\u_core.u_th0.mem$rdmux[0][0][0]$a$14596 [82] $memory\u_core.u_th0.mem$rdmux[0][0][0]$a$14596 [77:65] $memory\u_core.u_th0.mem$rdmux[0][0][0]$a$14596 [56] $memory\u_core.u_th0.mem$rdmux[0][0][0]$a$14596 [51:41] $memory\u_core.u_th0.mem$rdmux[0][0][0]$a$14596 [35:25] $memory\u_core.u_th0.mem$rdmux[0][0][0]$a$14596 [15:7] } = { 1'0 $memory\u_core.u_th0.mem$rdmux[0][0][0]$a$14596 [24] $memory\u_core.u_th0.mem$rdmux[0][0][0]$a$14596 [24] $memory\u_core.u_th0.mem$rdmux[0][0][0]$a$14596 [24] $memory\u_core.u_th0.mem$rdmux[0][0][0]$a$14596 [24] $memory\u_core.u_th0.mem$rdmux[0][0][0]$a$14596 [24] $memory\u_core.u_th0.mem$rdmux[0][0][0]$a$14596 [24] $memory\u_core.u_th0.mem$rdmux[0][0][0]$a$14596 [24] $memory\u_core.u_th0.mem$rdmux[0][0][0]$a$14596 [24] $memory\u_core.u_th0.mem$rdmux[0][0][0]$a$14596 [24] $memory\u_core.u_th0.mem$rdmux[0][0][0]$a$14596 [24] $memory\u_core.u_th0.mem$rdmux[0][0][0]$a$14596 [24] $memory\u_core.u_th0.mem$rdmux[0][0][0]$a$14596 [24] $memory\u_core.u_th0.mem$rdmux[0][0][0]$a$14596 [21] 1'0 $memory\u_core.u_th0.mem$rdmux[0][0][0]$a$14596 [24] $memory\u_core.u_th0.mem$rdmux[0][0][0]$a$14596 [24] $memory\u_core.u_th0.mem$rdmux[0][0][0]$a$14596 [24] $memory\u_core.u_th0.mem$rdmux[0][0][0]$a$14596 [24] $memory\u_core.u_th0.mem$rdmux[0][0][0]$a$14596 [24] $memory\u_core.u_th0.mem$rdmux[0][0][0]$a$14596 [24] $memory\u_core.u_th0.mem$rdmux[0][0][0]$a$14596 [24] $memory\u_core.u_th0.mem$rdmux[0][0][0]$a$14596 [24] $memory\u_core.u_th0.mem$rdmux[0][0][0]$a$14596 [24] $memory\u_core.u_th0.mem$rdmux[0][0][0]$a$14596 [24] $memory\u_core.u_th0.mem$rdmux[0][0][0]$a$14596 [24] 11'00000000000 $memory\u_core.u_th0.mem$rdmux[0][0][0]$a$14596 [6] $memory\u_core.u_th0.mem$rdmux[0][0][0]$a$14596 [6] $memory\u_core.u_th0.mem$rdmux[0][0][0]$a$14596 [6] $memory\u_core.u_th0.mem$rdmux[0][0][0]$a$14596 [6] $memory\u_core.u_th0.mem$rdmux[0][0][0]$a$14596 [6] $memory\u_core.u_th0.mem$rdmux[0][0][0]$a$14596 [6] $memory\u_core.u_th0.mem$rdmux[0][0][0]$a$14596 [6] $memory\u_core.u_th0.mem$rdmux[0][0][0]$a$14596 [6] $memory\u_core.u_th0.mem$rdmux[0][0][0]$a$14596 [6] }
    Consolidated identical input bits for $mux cell $memory\u_core.u_th0.mem$rdmux[0][1][1]$14601:
      Old ports: A=$memory\u_core.u_th0.mem$rdmux[0][1][1]$a$14602, B=$memory\u_core.u_th0.mem$rdmux[0][1][1]$b$14603, Y=$memory\u_core.u_th0.mem$rdmux[0][0][0]$b$14597
      New ports: A={ $memory\u_core.u_th0.mem$rdmux[0][1][1]$a$14602 [0] $memory\u_core.u_th0.mem$rdmux[0][1][1]$a$14602 [39] $memory\u_core.u_th0.mem$rdmux[0][1][1]$a$14602 [63] $memory\u_core.u_th0.mem$rdmux[0][1][1]$a$14602 [18] $memory\u_core.u_th0.mem$rdmux[0][1][1]$a$14602 [65] $memory\u_core.u_th0.mem$rdmux[0][1][1]$a$14602 [56] $memory\u_core.u_th0.mem$rdmux[0][1][1]$a$14602 [63:62] 1'0 $memory\u_core.u_th0.mem$rdmux[0][1][1]$a$14602 [56] $memory\u_core.u_th0.mem$rdmux[0][1][1]$a$14602 [2] $memory\u_core.u_th0.mem$rdmux[0][1][1]$a$14602 [56] $memory\u_core.u_th0.mem$rdmux[0][1][1]$a$14602 [2] 2'11 $memory\u_core.u_th0.mem$rdmux[0][1][1]$a$14602 [39:37] 1'1 $memory\u_core.u_th0.mem$rdmux[0][1][1]$a$14602 [16] $memory\u_core.u_th0.mem$rdmux[0][1][1]$a$14602 [16] 1'1 $memory\u_core.u_th0.mem$rdmux[0][1][1]$a$14602 [18] $memory\u_core.u_th0.mem$rdmux[0][1][1]$a$14602 [2] $memory\u_core.u_th0.mem$rdmux[0][1][1]$a$14602 [16] $memory\u_core.u_th0.mem$rdmux[0][1][1]$a$14602 [0] $memory\u_core.u_th0.mem$rdmux[0][1][1]$a$14602 [18] 1'0 $memory\u_core.u_th0.mem$rdmux[0][1][1]$a$14602 [16] 1'0 $memory\u_core.u_th0.mem$rdmux[0][1][1]$a$14602 [3:0] }, B={ $memory\u_core.u_th0.mem$rdmux[0][1][1]$b$14603 [52] 1'1 $memory\u_core.u_th0.mem$rdmux[0][1][1]$b$14603 [64] 1'1 $memory\u_core.u_th0.mem$rdmux[0][1][1]$b$14603 [59] $memory\u_core.u_th0.mem$rdmux[0][1][1]$b$14603 [64] $memory\u_core.u_th0.mem$rdmux[0][1][1]$b$14603 [3] 1'0 $memory\u_core.u_th0.mem$rdmux[0][1][1]$b$14603 [59] $memory\u_core.u_th0.mem$rdmux[0][1][1]$b$14603 [52] $memory\u_core.u_th0.mem$rdmux[0][1][1]$b$14603 [57] $memory\u_core.u_th0.mem$rdmux[0][1][1]$b$14603 [18] $memory\u_core.u_th0.mem$rdmux[0][1][1]$b$14603 [19] $memory\u_core.u_th0.mem$rdmux[0][1][1]$b$14603 [0] $memory\u_core.u_th0.mem$rdmux[0][1][1]$b$14603 [52] $memory\u_core.u_th0.mem$rdmux[0][1][1]$b$14603 [17] $memory\u_core.u_th0.mem$rdmux[0][1][1]$b$14603 [19] $memory\u_core.u_th0.mem$rdmux[0][1][1]$b$14603 [19] $memory\u_core.u_th0.mem$rdmux[0][1][1]$b$14603 [3] 1'0 $memory\u_core.u_th0.mem$rdmux[0][1][1]$b$14603 [18] $memory\u_core.u_th0.mem$rdmux[0][1][1]$b$14603 [23] $memory\u_core.u_th0.mem$rdmux[0][1][1]$b$14603 [4:3] $memory\u_core.u_th0.mem$rdmux[0][1][1]$b$14603 [0] $memory\u_core.u_th0.mem$rdmux[0][1][1]$b$14603 [19:17] $memory\u_core.u_th0.mem$rdmux[0][1][1]$b$14603 [3] $memory\u_core.u_th0.mem$rdmux[0][1][1]$b$14603 [4:3] $memory\u_core.u_th0.mem$rdmux[0][1][1]$b$14603 [1] $memory\u_core.u_th0.mem$rdmux[0][1][1]$b$14603 [1:0] }, Y={ $memory\u_core.u_th0.mem$rdmux[0][0][0]$b$14597 [81:78] $memory\u_core.u_th0.mem$rdmux[0][0][0]$b$14597 [65:62] $memory\u_core.u_th0.mem$rdmux[0][0][0]$b$14597 [59:56] $memory\u_core.u_th0.mem$rdmux[0][0][0]$b$14597 [54:52] $memory\u_core.u_th0.mem$rdmux[0][0][0]$b$14597 [39:36] $memory\u_core.u_th0.mem$rdmux[0][0][0]$b$14597 [25:16] $memory\u_core.u_th0.mem$rdmux[0][0][0]$b$14597 [4:0] }
      New connections: { $memory\u_core.u_th0.mem$rdmux[0][0][0]$b$14597 [82] $memory\u_core.u_th0.mem$rdmux[0][0][0]$b$14597 [77:66] $memory\u_core.u_th0.mem$rdmux[0][0][0]$b$14597 [61:60] $memory\u_core.u_th0.mem$rdmux[0][0][0]$b$14597 [55] $memory\u_core.u_th0.mem$rdmux[0][0][0]$b$14597 [51:40] $memory\u_core.u_th0.mem$rdmux[0][0][0]$b$14597 [35:26] $memory\u_core.u_th0.mem$rdmux[0][0][0]$b$14597 [15:5] } = { $memory\u_core.u_th0.mem$rdmux[0][0][0]$b$14597 [25] 12'000000000000 $memory\u_core.u_th0.mem$rdmux[0][0][0]$b$14597 [4] $memory\u_core.u_th0.mem$rdmux[0][0][0]$b$14597 [52] $memory\u_core.u_th0.mem$rdmux[0][0][0]$b$14597 [53] 12'000000000000 $memory\u_core.u_th0.mem$rdmux[0][0][0]$b$14597 [25] $memory\u_core.u_th0.mem$rdmux[0][0][0]$b$14597 [25] $memory\u_core.u_th0.mem$rdmux[0][0][0]$b$14597 [25] $memory\u_core.u_th0.mem$rdmux[0][0][0]$b$14597 [25] $memory\u_core.u_th0.mem$rdmux[0][0][0]$b$14597 [25] $memory\u_core.u_th0.mem$rdmux[0][0][0]$b$14597 [25] $memory\u_core.u_th0.mem$rdmux[0][0][0]$b$14597 [25] $memory\u_core.u_th0.mem$rdmux[0][0][0]$b$14597 [25] $memory\u_core.u_th0.mem$rdmux[0][0][0]$b$14597 [25] $memory\u_core.u_th0.mem$rdmux[0][0][0]$b$14597 [25] 11'00000000000 }
    Consolidated identical input bits for $mux cell $flatten\u_core.$procmux$6719:
      Old ports: A={ $auto$alumacc.cc:501:replace_alu$9935 [7:3] \u_core.q [0] 2'11 }, B=$flatten\u_core.$3\nidx[7:0], Y=\u_core.nidx
      New ports: A=2'11, B=$flatten\u_core.$3\nidx[7:0] [1:0], Y=\u_core.nidx [1:0]
      New connections: \u_core.nidx [7:2] = { $auto$alumacc.cc:501:replace_alu$9935 [7:3] \u_core.q [0] }
  Optimizing cells in module \spark_chip.
    Consolidated identical input bits for $mux cell $memory\u_core.u_th0.mem$rdmux[0][0][0]$14595:
      Old ports: A=$memory\u_core.u_th0.mem$rdmux[0][0][0]$a$14596, B=$memory\u_core.u_th0.mem$rdmux[0][0][0]$b$14597, Y=$\u_core.u_th0.mem$rdreg[0]$d
      New ports: A={ $memory\u_core.u_th0.mem$rdmux[0][0][0]$a$14596 [81:78] $memory\u_core.u_th0.mem$rdmux[0][0][0]$a$14596 [21] $memory\u_core.u_th0.mem$rdmux[0][0][0]$a$14596 [64:57] 1'0 $memory\u_core.u_th0.mem$rdmux[0][0][0]$a$14596 [55:52] $memory\u_core.u_th0.mem$rdmux[0][0][0]$a$14596 [24] $memory\u_core.u_th0.mem$rdmux[0][0][0]$a$14596 [40:36] 1'0 $memory\u_core.u_th0.mem$rdmux[0][0][0]$a$14596 [24:16] $memory\u_core.u_th0.mem$rdmux[0][0][0]$a$14596 [6:0] }, B={ $memory\u_core.u_th0.mem$rdmux[0][0][0]$b$14597 [81:78] $memory\u_core.u_th0.mem$rdmux[0][0][0]$b$14597 [65:62] $memory\u_core.u_th0.mem$rdmux[0][0][0]$b$14597 [4] $memory\u_core.u_th0.mem$rdmux[0][0][0]$b$14597 [52] $memory\u_core.u_th0.mem$rdmux[0][0][0]$b$14597 [59:56] $memory\u_core.u_th0.mem$rdmux[0][0][0]$b$14597 [53] $memory\u_core.u_th0.mem$rdmux[0][0][0]$b$14597 [54:52] 2'00 $memory\u_core.u_th0.mem$rdmux[0][0][0]$b$14597 [39:36] $memory\u_core.u_th0.mem$rdmux[0][0][0]$b$14597 [25:16] 2'00 $memory\u_core.u_th0.mem$rdmux[0][0][0]$b$14597 [4:0] }, Y={ $\u_core.u_th0.mem$rdreg[0]$d [81:78] $\u_core.u_th0.mem$rdreg[0]$d [65:52] $\u_core.u_th0.mem$rdreg[0]$d [41:36] $\u_core.u_th0.mem$rdreg[0]$d [25:16] $\u_core.u_th0.mem$rdreg[0]$d [6:0] }
      New connections: { $\u_core.u_th0.mem$rdreg[0]$d [82] $\u_core.u_th0.mem$rdreg[0]$d [77:66] $\u_core.u_th0.mem$rdreg[0]$d [51:42] $\u_core.u_th0.mem$rdreg[0]$d [35:26] $\u_core.u_th0.mem$rdreg[0]$d [15:7] } = { $\u_core.u_th0.mem$rdreg[0]$d [25] $\u_core.u_th0.mem$rdreg[0]$d [41] $\u_core.u_th0.mem$rdreg[0]$d [41] $\u_core.u_th0.mem$rdreg[0]$d [41] $\u_core.u_th0.mem$rdreg[0]$d [41] $\u_core.u_th0.mem$rdreg[0]$d [41] $\u_core.u_th0.mem$rdreg[0]$d [41] $\u_core.u_th0.mem$rdreg[0]$d [41] $\u_core.u_th0.mem$rdreg[0]$d [41] $\u_core.u_th0.mem$rdreg[0]$d [41] $\u_core.u_th0.mem$rdreg[0]$d [41] $\u_core.u_th0.mem$rdreg[0]$d [41] $\u_core.u_th0.mem$rdreg[0]$d [41] $\u_core.u_th0.mem$rdreg[0]$d [41] $\u_core.u_th0.mem$rdreg[0]$d [41] $\u_core.u_th0.mem$rdreg[0]$d [41] $\u_core.u_th0.mem$rdreg[0]$d [41] $\u_core.u_th0.mem$rdreg[0]$d [41] $\u_core.u_th0.mem$rdreg[0]$d [41] $\u_core.u_th0.mem$rdreg[0]$d [41] $\u_core.u_th0.mem$rdreg[0]$d [41] $\u_core.u_th0.mem$rdreg[0]$d [41] $\u_core.u_th0.mem$rdreg[0]$d [41] $\u_core.u_th0.mem$rdreg[0]$d [25] $\u_core.u_th0.mem$rdreg[0]$d [25] $\u_core.u_th0.mem$rdreg[0]$d [25] $\u_core.u_th0.mem$rdreg[0]$d [25] $\u_core.u_th0.mem$rdreg[0]$d [25] $\u_core.u_th0.mem$rdreg[0]$d [25] $\u_core.u_th0.mem$rdreg[0]$d [25] $\u_core.u_th0.mem$rdreg[0]$d [25] $\u_core.u_th0.mem$rdreg[0]$d [25] $\u_core.u_th0.mem$rdreg[0]$d [25] $\u_core.u_th0.mem$rdreg[0]$d [6] $\u_core.u_th0.mem$rdreg[0]$d [6] $\u_core.u_th0.mem$rdreg[0]$d [6] $\u_core.u_th0.mem$rdreg[0]$d [6] $\u_core.u_th0.mem$rdreg[0]$d [6] $\u_core.u_th0.mem$rdreg[0]$d [6] $\u_core.u_th0.mem$rdreg[0]$d [6] $\u_core.u_th0.mem$rdreg[0]$d [6] $\u_core.u_th0.mem$rdreg[0]$d [6] }
    Consolidated identical input bits for $mux cell $memory\u_core.u_th1.mem$rdmux[0][0][0]$14640:
      Old ports: A=$memory\u_core.u_th1.mem$rdmux[0][0][0]$a$14641, B=$memory\u_core.u_th1.mem$rdmux[0][0][0]$b$14642, Y=$\u_core.u_th1.mem$rdreg[0]$d
      New ports: A={ $memory\u_core.u_th1.mem$rdmux[0][0][0]$a$14641 [115:112] $memory\u_core.u_th1.mem$rdmux[0][0][0]$a$14641 [98] $memory\u_core.u_th1.mem$rdmux[0][0][0]$a$14641 [98:96] $memory\u_core.u_th1.mem$rdmux[0][0][0]$a$14641 [33] $memory\u_core.u_th1.mem$rdmux[0][0][0]$a$14641 [33] $memory\u_core.u_th1.mem$rdmux[0][0][0]$a$14641 [81] $memory\u_core.u_th1.mem$rdmux[0][0][0]$a$14641 [2] $memory\u_core.u_th1.mem$rdmux[0][0][0]$a$14641 [67:66] $memory\u_core.u_th1.mem$rdmux[0][0][0]$a$14641 [34] $memory\u_core.u_th1.mem$rdmux[0][0][0]$a$14641 [64] $memory\u_core.u_th1.mem$rdmux[0][0][0]$a$14641 [51:48] $memory\u_core.u_th1.mem$rdmux[0][0][0]$a$14641 [34] $memory\u_core.u_th1.mem$rdmux[0][0][0]$a$14641 [34:32] $memory\u_core.u_th1.mem$rdmux[0][0][0]$a$14641 [19:16] $memory\u_core.u_th1.mem$rdmux[0][0][0]$a$14641 [3] $memory\u_core.u_th1.mem$rdmux[0][0][0]$a$14641 [3:0] }, B={ $memory\u_core.u_th1.mem$rdmux[0][0][0]$b$14642 [113] $memory\u_core.u_th1.mem$rdmux[0][0][0]$b$14642 [114:112] $memory\u_core.u_th1.mem$rdmux[0][0][0]$b$14642 [99:96] $memory\u_core.u_th1.mem$rdmux[0][0][0]$b$14642 [83:82] $memory\u_core.u_th1.mem$rdmux[0][0][0]$b$14642 [19] $memory\u_core.u_th1.mem$rdmux[0][0][0]$b$14642 [80] $memory\u_core.u_th1.mem$rdmux[0][0][0]$b$14642 [67] $memory\u_core.u_th1.mem$rdmux[0][0][0]$b$14642 [50] $memory\u_core.u_th1.mem$rdmux[0][0][0]$b$14642 [32] $memory\u_core.u_th1.mem$rdmux[0][0][0]$b$14642 [64] $memory\u_core.u_th1.mem$rdmux[0][0][0]$b$14642 [50] $memory\u_core.u_th1.mem$rdmux[0][0][0]$b$14642 [50:48] $memory\u_core.u_th1.mem$rdmux[0][0][0]$b$14642 [35:32] $memory\u_core.u_th1.mem$rdmux[0][0][0]$b$14642 [19:16] $memory\u_core.u_th1.mem$rdmux[0][0][0]$b$14642 [2] $memory\u_core.u_th1.mem$rdmux[0][0][0]$b$14642 [3:0] }, Y={ $\u_core.u_th1.mem$rdreg[0]$d [115:112] $\u_core.u_th1.mem$rdreg[0]$d [99:96] $\u_core.u_th1.mem$rdreg[0]$d [83:80] $\u_core.u_th1.mem$rdreg[0]$d [67:64] $\u_core.u_th1.mem$rdreg[0]$d [51:48] $\u_core.u_th1.mem$rdreg[0]$d [35:32] $\u_core.u_th1.mem$rdreg[0]$d [19:16] $\u_core.u_th1.mem$rdreg[0]$d [4:0] }
      New connections: { $\u_core.u_th1.mem$rdreg[0]$d [127:116] $\u_core.u_th1.mem$rdreg[0]$d [111:100] $\u_core.u_th1.mem$rdreg[0]$d [95:84] $\u_core.u_th1.mem$rdreg[0]$d [79:68] $\u_core.u_th1.mem$rdreg[0]$d [63:52] $\u_core.u_th1.mem$rdreg[0]$d [47:36] $\u_core.u_th1.mem$rdreg[0]$d [31:20] $\u_core.u_th1.mem$rdreg[0]$d [15:5] } = { $\u_core.u_th1.mem$rdreg[0]$d [115] $\u_core.u_th1.mem$rdreg[0]$d [115] $\u_core.u_th1.mem$rdreg[0]$d [115] $\u_core.u_th1.mem$rdreg[0]$d [115] $\u_core.u_th1.mem$rdreg[0]$d [115] $\u_core.u_th1.mem$rdreg[0]$d [115] $\u_core.u_th1.mem$rdreg[0]$d [115] $\u_core.u_th1.mem$rdreg[0]$d [115] $\u_core.u_th1.mem$rdreg[0]$d [115] $\u_core.u_th1.mem$rdreg[0]$d [115] $\u_core.u_th1.mem$rdreg[0]$d [115] $\u_core.u_th1.mem$rdreg[0]$d [115] $\u_core.u_th1.mem$rdreg[0]$d [99] $\u_core.u_th1.mem$rdreg[0]$d [99] $\u_core.u_th1.mem$rdreg[0]$d [99] $\u_core.u_th1.mem$rdreg[0]$d [99] $\u_core.u_th1.mem$rdreg[0]$d [99] $\u_core.u_th1.mem$rdreg[0]$d [99] $\u_core.u_th1.mem$rdreg[0]$d [99] $\u_core.u_th1.mem$rdreg[0]$d [99] $\u_core.u_th1.mem$rdreg[0]$d [99] $\u_core.u_th1.mem$rdreg[0]$d [99] $\u_core.u_th1.mem$rdreg[0]$d [99] $\u_core.u_th1.mem$rdreg[0]$d [99] $\u_core.u_th1.mem$rdreg[0]$d [83] $\u_core.u_th1.mem$rdreg[0]$d [83] $\u_core.u_th1.mem$rdreg[0]$d [83] $\u_core.u_th1.mem$rdreg[0]$d [83] $\u_core.u_th1.mem$rdreg[0]$d [83] $\u_core.u_th1.mem$rdreg[0]$d [83] $\u_core.u_th1.mem$rdreg[0]$d [83] $\u_core.u_th1.mem$rdreg[0]$d [83] $\u_core.u_th1.mem$rdreg[0]$d [83] $\u_core.u_th1.mem$rdreg[0]$d [83] $\u_core.u_th1.mem$rdreg[0]$d [83] $\u_core.u_th1.mem$rdreg[0]$d [83] $\u_core.u_th1.mem$rdreg[0]$d [67] $\u_core.u_th1.mem$rdreg[0]$d [67] $\u_core.u_th1.mem$rdreg[0]$d [67] $\u_core.u_th1.mem$rdreg[0]$d [67] $\u_core.u_th1.mem$rdreg[0]$d [67] $\u_core.u_th1.mem$rdreg[0]$d [67] $\u_core.u_th1.mem$rdreg[0]$d [67] $\u_core.u_th1.mem$rdreg[0]$d [67] $\u_core.u_th1.mem$rdreg[0]$d [67] $\u_core.u_th1.mem$rdreg[0]$d [67] $\u_core.u_th1.mem$rdreg[0]$d [67] $\u_core.u_th1.mem$rdreg[0]$d [67] $\u_core.u_th1.mem$rdreg[0]$d [51] $\u_core.u_th1.mem$rdreg[0]$d [51] $\u_core.u_th1.mem$rdreg[0]$d [51] $\u_core.u_th1.mem$rdreg[0]$d [51] $\u_core.u_th1.mem$rdreg[0]$d [51] $\u_core.u_th1.mem$rdreg[0]$d [51] $\u_core.u_th1.mem$rdreg[0]$d [51] $\u_core.u_th1.mem$rdreg[0]$d [51] $\u_core.u_th1.mem$rdreg[0]$d [51] $\u_core.u_th1.mem$rdreg[0]$d [51] $\u_core.u_th1.mem$rdreg[0]$d [51] $\u_core.u_th1.mem$rdreg[0]$d [51] $\u_core.u_th1.mem$rdreg[0]$d [35] $\u_core.u_th1.mem$rdreg[0]$d [35] $\u_core.u_th1.mem$rdreg[0]$d [35] $\u_core.u_th1.mem$rdreg[0]$d [35] $\u_core.u_th1.mem$rdreg[0]$d [35] $\u_core.u_th1.mem$rdreg[0]$d [35] $\u_core.u_th1.mem$rdreg[0]$d [35] $\u_core.u_th1.mem$rdreg[0]$d [35] $\u_core.u_th1.mem$rdreg[0]$d [35] $\u_core.u_th1.mem$rdreg[0]$d [35] $\u_core.u_th1.mem$rdreg[0]$d [35] $\u_core.u_th1.mem$rdreg[0]$d [35] $\u_core.u_th1.mem$rdreg[0]$d [19] $\u_core.u_th1.mem$rdreg[0]$d [19] $\u_core.u_th1.mem$rdreg[0]$d [19] $\u_core.u_th1.mem$rdreg[0]$d [19] $\u_core.u_th1.mem$rdreg[0]$d [19] $\u_core.u_th1.mem$rdreg[0]$d [19] $\u_core.u_th1.mem$rdreg[0]$d [19] $\u_core.u_th1.mem$rdreg[0]$d [19] $\u_core.u_th1.mem$rdreg[0]$d [19] $\u_core.u_th1.mem$rdreg[0]$d [19] $\u_core.u_th1.mem$rdreg[0]$d [19] $\u_core.u_th1.mem$rdreg[0]$d [19] $\u_core.u_th1.mem$rdreg[0]$d [4] $\u_core.u_th1.mem$rdreg[0]$d [4] $\u_core.u_th1.mem$rdreg[0]$d [4] $\u_core.u_th1.mem$rdreg[0]$d [4] $\u_core.u_th1.mem$rdreg[0]$d [4] $\u_core.u_th1.mem$rdreg[0]$d [4] $\u_core.u_th1.mem$rdreg[0]$d [4] $\u_core.u_th1.mem$rdreg[0]$d [4] $\u_core.u_th1.mem$rdreg[0]$d [4] $\u_core.u_th1.mem$rdreg[0]$d [4] $\u_core.u_th1.mem$rdreg[0]$d [4] }
  Optimizing cells in module \spark_chip.
Performed a total of 65 changes.

9.20.5. Executing OPT_MERGE pass (detect identical cells).
Finding identical cells in module `\spark_chip'.
<suppressed ~42 debug messages>
Removed a total of 14 cells.

9.20.6. Executing OPT_SHARE pass.
    Found cells that share an operand and can be merged by moving the $pmux $flatten\u_core.$procmux$6638 in front of them:
        $flatten\u_core.$procmux$5415
        $flatten\u_core.$procmux$6013

    Found cells that share an operand and can be merged by moving the $pmux $flatten\u_core.$procmux$6643 in front of them:
        $flatten\u_core.$procmux$5421
        $flatten\u_core.$procmux$6023

    Found cells that share an operand and can be merged by moving the $pmux $flatten\u_core.$procmux$6648 in front of them:
        $flatten\u_core.$procmux$5427
        $flatten\u_core.$procmux$6033

    Found cells that share an operand and can be merged by moving the $pmux $flatten\u_core.$procmux$6653 in front of them:
        $flatten\u_core.$procmux$5433
        $flatten\u_core.$procmux$6043

    Found cells that share an operand and can be merged by moving the $pmux $flatten\u_core.$procmux$6881 in front of them:
        $flatten\u_core.\u_w2.\u.$shiftx$../spark_mem_sky130.v:0$2119
        $flatten\u_core.\u_w3.\u.$shiftx$../spark_mem_sky130.v:0$2119

9.20.7. Executing OPT_DFF pass (perform DFF optimizations).
Adding SRST signal on $\u_core.u_th0.mem$rdreg[0] ($dff) from module spark_chip (D = $memory\u_core.u_th0.mem$rdmux[0][1][0]$b$14600 [4], Q = \u_core.u_th0.rd [5], rval = 1'0).
Adding SRST signal on $\u_core.u_th0.mem$rdreg[0] ($dff) from module spark_chip (D = $memory\u_core.u_th0.mem$rdmux[0][0][0]$b$14597 [56], Q = \u_core.u_th0.rd [68], rval = 1'0).
Adding SRST signal on $\u_core.u_th0.mem$rdreg[0] ($dff) from module spark_chip (D = $memory\u_core.u_th0.mem$rdmux[0][0][0]$a$14596 [40], Q = \u_core.u_th0.rd [52], rval = 1'0).
Adding SRST signal on $\u_core.nzc$rdreg[0] ($dff) from module spark_chip (D = $auto$rtlil.cc:2498:Mux$11310, Q = $\u_core.nzc$rdreg[0]$q, rval = 2'00).

9.20.8. Executing OPT_CLEAN pass (remove unused cells and wires).
Finding unused cells or wires in module \spark_chip..
Removed 7 unused cells and 670 unused wires.
<suppressed ~17 debug messages>

9.20.9. Executing OPT_EXPR pass (perform const folding).
Optimizing module spark_chip.
<suppressed ~18 debug messages>

9.20.10. Rerunning OPT passes. (Maybe there is more to do..)

9.20.11. Executing OPT_MUXTREE pass (detect dead branches in mux trees).
Running muxtree optimizer on module \spark_chip..
  Creating internal representation of mux trees.
  Evaluating internal representation of mux trees.
  Analyzing evaluation results.
Removed 0 multiplexer ports.
<suppressed ~384 debug messages>

9.20.12. Executing OPT_REDUCE pass (consolidate $*mux and $reduce_* inputs).
  Optimizing cells in module \spark_chip.
    New ctrl vector for $pmux cell $flatten\u_core.$procmux$6638: { $flatten\u_core.$procmux$4152_CMP $auto$opt_reduce.cc:134:opt_pmux$14712 }
    New ctrl vector for $pmux cell $flatten\u_core.$procmux$6643: { $flatten\u_core.$procmux$4152_CMP $auto$opt_reduce.cc:134:opt_pmux$14714 }
    New ctrl vector for $pmux cell $flatten\u_core.$procmux$6648: { $flatten\u_core.$procmux$4152_CMP $auto$opt_reduce.cc:134:opt_pmux$14716 }
    New ctrl vector for $pmux cell $flatten\u_core.$procmux$6653: { $flatten\u_core.$procmux$4152_CMP $auto$opt_reduce.cc:134:opt_pmux$14718 }
    New ctrl vector for $pmux cell $flatten\u_core.$procmux$6881: { $flatten\u_core.$eq$../../rtl/spark_core.v:109$1238_Y $flatten\u_core.$procmux$4428_CMP }
    Consolidated identical input bits for $mux cell $memory\u_core.u_th0.mem$rdmux[0][2][0]$14604:
      Old ports: A={ $memory\u_core.u_th0.mem$rdmux[0][2][0]$a$14605 [80:79] $memory\u_core.u_th0.mem$rdmux[0][2][0]$a$14605 [80:79] 1'0 $memory\u_core.u_th0.mem$rdmux[0][2][0]$a$14605 [80] 2'11 $memory\u_core.u_th0.mem$rdmux[0][2][0]$a$14605 [79] $memory\u_core.u_th0.mem$rdmux[0][2][0]$a$14605 [79] $memory\u_core.u_th0.mem$rdmux[0][2][0]$a$14605 [80] 3'010 }, B={ 2'01 $memory\u_core.u_th0.mem$rdmux[0][2][0]$a$14605 [80:79] $memory\u_core.u_th0.mem$rdmux[0][2][0]$a$14605 [79] $memory\u_core.u_th0.mem$rdmux[0][2][0]$a$14605 [79] $memory\u_core.u_th0.mem$rdmux[0][2][0]$a$14605 [79] $memory\u_core.u_th0.mem$rdmux[0][2][0]$a$14605 [80] $memory\u_core.u_th0.mem$rdmux[0][2][0]$a$14605 [80] 4'0110 $memory\u_core.u_th0.mem$rdmux[0][2][0]$a$14605 [80] }, Y={ $memory\u_core.u_th0.mem$rdmux[0][1][0]$a$14599 [61] $memory\u_core.u_th0.mem$rdmux[0][1][0]$a$14599 [64] $memory\u_core.u_th0.mem$rdmux[0][1][0]$a$14599 [57] $memory\u_core.u_th0.mem$rdmux[0][1][0]$a$14599 [53] $memory\u_core.u_th0.mem$rdmux[0][1][0]$a$14599 [78] $memory\u_core.u_th0.mem$rdmux[0][1][0]$a$14599 [23] $memory\u_core.u_th0.mem$rdmux[0][1][0]$a$14599 [55] $memory\u_core.u_th0.mem$rdmux[0][1][0]$a$14599 [17] $memory\u_core.u_th0.mem$rdmux[0][1][0]$a$14599 [79] $memory\u_core.u_th0.mem$rdmux[0][1][0]$a$14599 [58] $memory\u_core.u_th0.mem$rdmux[0][1][0]$a$14599 [80] $memory\u_core.u_th0.mem$rdmux[0][1][0]$a$14599 [63] $memory\u_core.u_th0.mem$rdmux[0][1][0]$a$14599 [81] $memory\u_core.u_th0.mem$rdmux[0][1][0]$a$14599 [54] }
      New ports: A={ $memory\u_core.u_th0.mem$rdmux[0][2][0]$a$14605 [80:79] 1'0 $memory\u_core.u_th0.mem$rdmux[0][2][0]$a$14605 [80] 2'11 $memory\u_core.u_th0.mem$rdmux[0][2][0]$a$14605 [79] $memory\u_core.u_th0.mem$rdmux[0][2][0]$a$14605 [79] $memory\u_core.u_th0.mem$rdmux[0][2][0]$a$14605 [80] 3'010 }, B={ 2'01 $memory\u_core.u_th0.mem$rdmux[0][2][0]$a$14605 [79] $memory\u_core.u_th0.mem$rdmux[0][2][0]$a$14605 [79] $memory\u_core.u_th0.mem$rdmux[0][2][0]$a$14605 [79] $memory\u_core.u_th0.mem$rdmux[0][2][0]$a$14605 [80] $memory\u_core.u_th0.mem$rdmux[0][2][0]$a$14605 [80] 4'0110 $memory\u_core.u_th0.mem$rdmux[0][2][0]$a$14605 [80] }, Y={ $memory\u_core.u_th0.mem$rdmux[0][1][0]$a$14599 [61] $memory\u_core.u_th0.mem$rdmux[0][1][0]$a$14599 [64] $memory\u_core.u_th0.mem$rdmux[0][1][0]$a$14599 [78] $memory\u_core.u_th0.mem$rdmux[0][1][0]$a$14599 [23] $memory\u_core.u_th0.mem$rdmux[0][1][0]$a$14599 [55] $memory\u_core.u_th0.mem$rdmux[0][1][0]$a$14599 [17] $memory\u_core.u_th0.mem$rdmux[0][1][0]$a$14599 [79] $memory\u_core.u_th0.mem$rdmux[0][1][0]$a$14599 [58] $memory\u_core.u_th0.mem$rdmux[0][1][0]$a$14599 [80] $memory\u_core.u_th0.mem$rdmux[0][1][0]$a$14599 [63] $memory\u_core.u_th0.mem$rdmux[0][1][0]$a$14599 [81] $memory\u_core.u_th0.mem$rdmux[0][1][0]$a$14599 [54] }
      New connections: { $memory\u_core.u_th0.mem$rdmux[0][1][0]$a$14599 [57] $memory\u_core.u_th0.mem$rdmux[0][1][0]$a$14599 [53] } = $memory\u_core.u_th0.mem$rdmux[0][2][0]$a$14605 [80:79]
    Consolidated identical input bits for $mux cell $memory\u_core.u_th0.mem$rdmux[0][2][1]$14607:
      Old ports: A={ 1'0 $memory\u_core.u_th0.mem$rdmux[0][2][0]$a$14605 [79] 1'1 $memory\u_core.u_th0.mem$rdmux[0][2][0]$a$14605 [79] $memory\u_core.u_th0.mem$rdmux[0][2][0]$a$14605 [79] 1'0 $memory\u_core.u_th0.mem$rdmux[0][2][0]$a$14605 [79] $memory\u_core.u_th0.mem$rdmux[0][2][0]$a$14605 [80] $memory\u_core.u_th0.mem$rdmux[0][2][0]$a$14605 [80] 1'0 $memory\u_core.u_th0.mem$rdmux[0][2][0]$a$14605 [80] 1'1 $memory\u_core.u_th0.mem$rdmux[0][2][0]$a$14605 [80] }, B={ 3'100 $memory\u_core.u_th0.mem$rdmux[0][2][0]$a$14605 [79] 1'1 $memory\u_core.u_th0.mem$rdmux[0][2][0]$a$14605 [79] $memory\u_core.u_th0.mem$rdmux[0][2][0]$a$14605 [80:79] $memory\u_core.u_th0.mem$rdmux[0][2][0]$a$14605 [80] $memory\u_core.u_th0.mem$rdmux[0][2][0]$a$14605 [80] 1'0 $memory\u_core.u_th0.mem$rdmux[0][2][0]$a$14605 [80] 1'1 }, Y={ $memory\u_core.u_th0.mem$rdmux[0][1][0]$b$14600 [79] $memory\u_core.u_th0.mem$rdmux[0][1][0]$b$14600 [80] $memory\u_core.u_th0.mem$rdmux[0][1][0]$b$14600 [57] $memory\u_core.u_th0.mem$rdmux[0][1][0]$b$14600 [53] $memory\u_core.u_th0.mem$rdmux[0][1][0]$b$14600 [64] $memory\u_core.u_th0.mem$rdmux[0][1][0]$b$14600 [77] $memory\u_core.u_th0.mem$rdmux[0][1][0]$b$14600 [23] $memory\u_core.u_th0.mem$rdmux[0][1][0]$b$14600 [18] $memory\u_core.u_th0.mem$rdmux[0][1][0]$b$14600 [58] $memory\u_core.u_th0.mem$rdmux[0][1][0]$b$14600 [17] $memory\u_core.u_th0.mem$rdmux[0][1][0]$b$14600 [65] $memory\u_core.u_th0.mem$rdmux[0][1][0]$b$14600 [78] $memory\u_core.u_th0.mem$rdmux[0][1][0]$b$14600 [81] }
      New ports: A={ 1'0 $memory\u_core.u_th0.mem$rdmux[0][2][0]$a$14605 [79] 1'1 $memory\u_core.u_th0.mem$rdmux[0][2][0]$a$14605 [79] 1'0 $memory\u_core.u_th0.mem$rdmux[0][2][0]$a$14605 [79] $memory\u_core.u_th0.mem$rdmux[0][2][0]$a$14605 [80] 1'0 $memory\u_core.u_th0.mem$rdmux[0][2][0]$a$14605 [80] 1'1 $memory\u_core.u_th0.mem$rdmux[0][2][0]$a$14605 [80] }, B={ 4'1001 $memory\u_core.u_th0.mem$rdmux[0][2][0]$a$14605 [79] $memory\u_core.u_th0.mem$rdmux[0][2][0]$a$14605 [80:79] $memory\u_core.u_th0.mem$rdmux[0][2][0]$a$14605 [80] 1'0 $memory\u_core.u_th0.mem$rdmux[0][2][0]$a$14605 [80] 1'1 }, Y={ $memory\u_core.u_th0.mem$rdmux[0][1][0]$b$14600 [79] $memory\u_core.u_th0.mem$rdmux[0][1][0]$b$14600 [80] $memory\u_core.u_th0.mem$rdmux[0][1][0]$b$14600 [57] $memory\u_core.u_th0.mem$rdmux[0][1][0]$b$14600 [64] $memory\u_core.u_th0.mem$rdmux[0][1][0]$b$14600 [77] $memory\u_core.u_th0.mem$rdmux[0][1][0]$b$14600 [23] $memory\u_core.u_th0.mem$rdmux[0][1][0]$b$14600 [18:17] $memory\u_core.u_th0.mem$rdmux[0][1][0]$b$14600 [65] $memory\u_core.u_th0.mem$rdmux[0][1][0]$b$14600 [78] $memory\u_core.u_th0.mem$rdmux[0][1][0]$b$14600 [81] }
      New connections: { $memory\u_core.u_th0.mem$rdmux[0][1][0]$b$14600 [53] $memory\u_core.u_th0.mem$rdmux[0][1][0]$b$14600 [58] } = { $memory\u_core.u_th0.mem$rdmux[0][2][0]$a$14605 [79] $memory\u_core.u_th0.mem$rdmux[0][2][0]$a$14605 [80] }
    Consolidated identical input bits for $mux cell $memory\u_core.u_th0.mem$rdmux[0][2][2]$14610:
      Old ports: A={ 1'1 $memory\u_core.u_th0.mem$rdmux[0][2][2]$a$14611 [79] $memory\u_core.u_th0.mem$rdmux[0][2][2]$a$14611 [80] 1'0 $memory\u_core.u_th0.mem$rdmux[0][2][2]$a$14611 [80:79] 3'100 $memory\u_core.u_th0.mem$rdmux[0][2][2]$a$14611 [80:79] $memory\u_core.u_th0.mem$rdmux[0][2][2]$a$14611 [80] 1'1 }, B={ $memory\u_core.u_th0.mem$rdmux[0][2][2]$a$14611 [79] $memory\u_core.u_th0.mem$rdmux[0][2][2]$a$14611 [80:79] $memory\u_core.u_th0.mem$rdmux[0][2][2]$a$14611 [80] $memory\u_core.u_th0.mem$rdmux[0][2][2]$a$14611 [80:79] 2'01 $memory\u_core.u_th0.mem$rdmux[0][2][2]$a$14611 [79] 3'100 $memory\u_core.u_th0.mem$rdmux[0][2][2]$a$14611 [80] }, Y={ $memory\u_core.u_th0.mem$rdmux[0][1][1]$a$14602 [65] $memory\u_core.u_th0.mem$rdmux[0][1][1]$a$14602 [79] $memory\u_core.u_th0.mem$rdmux[0][1][1]$a$14602 [62] $memory\u_core.u_th0.mem$rdmux[0][1][1]$a$14602 [64] $memory\u_core.u_th0.mem$rdmux[0][1][1]$a$14602 [80] $memory\u_core.u_th0.mem$rdmux[0][1][1]$a$14602 [38:37] $memory\u_core.u_th0.mem$rdmux[0][1][1]$a$14602 [78] $memory\u_core.u_th0.mem$rdmux[0][1][1]$a$14602 [82] $memory\u_core.u_th0.mem$rdmux[0][1][1]$a$14602 [3] $memory\u_core.u_th0.mem$rdmux[0][1][1]$a$14602 [57] $memory\u_core.u_th0.mem$rdmux[0][1][1]$a$14602 [1] $memory\u_core.u_th0.mem$rdmux[0][1][1]$a$14602 [81] }
      New ports: A={ 1'1 $memory\u_core.u_th0.mem$rdmux[0][2][2]$a$14611 [79] $memory\u_core.u_th0.mem$rdmux[0][2][2]$a$14611 [80] 4'0100 $memory\u_core.u_th0.mem$rdmux[0][2][2]$a$14611 [80:79] $memory\u_core.u_th0.mem$rdmux[0][2][2]$a$14611 [80] 1'1 }, B={ $memory\u_core.u_th0.mem$rdmux[0][2][2]$a$14611 [79] $memory\u_core.u_th0.mem$rdmux[0][2][2]$a$14611 [80:79] $memory\u_core.u_th0.mem$rdmux[0][2][2]$a$14611 [80] 2'01 $memory\u_core.u_th0.mem$rdmux[0][2][2]$a$14611 [79] 3'100 $memory\u_core.u_th0.mem$rdmux[0][2][2]$a$14611 [80] }, Y={ $memory\u_core.u_th0.mem$rdmux[0][1][1]$a$14602 [65] $memory\u_core.u_th0.mem$rdmux[0][1][1]$a$14602 [79] $memory\u_core.u_th0.mem$rdmux[0][1][1]$a$14602 [62] $memory\u_core.u_th0.mem$rdmux[0][1][1]$a$14602 [64] $memory\u_core.u_th0.mem$rdmux[0][1][1]$a$14602 [37] $memory\u_core.u_th0.mem$rdmux[0][1][1]$a$14602 [78] $memory\u_core.u_th0.mem$rdmux[0][1][1]$a$14602 [82] $memory\u_core.u_th0.mem$rdmux[0][1][1]$a$14602 [3] $memory\u_core.u_th0.mem$rdmux[0][1][1]$a$14602 [57] $memory\u_core.u_th0.mem$rdmux[0][1][1]$a$14602 [1] $memory\u_core.u_th0.mem$rdmux[0][1][1]$a$14602 [81] }
      New connections: { $memory\u_core.u_th0.mem$rdmux[0][1][1]$a$14602 [80] $memory\u_core.u_th0.mem$rdmux[0][1][1]$a$14602 [38] } = $memory\u_core.u_th0.mem$rdmux[0][2][2]$a$14611 [80:79]
    Consolidated identical input bits for $mux cell $memory\u_core.u_th1.mem$rdmux[0][2][1]$14652:
      Old ports: A={ 1'0 $memory\u_core.u_th0.mem$rdmux[0][2][0]$a$14605 [80] 2'01 $memory\u_core.u_th0.mem$rdmux[0][2][0]$a$14605 [79] 1'0 $memory\u_core.u_th0.mem$rdmux[0][2][0]$a$14605 [80] 1'1 $memory\u_core.u_th0.mem$rdmux[0][2][0]$a$14605 [79] $memory\u_core.u_th0.mem$rdmux[0][2][0]$a$14605 [80] }, B={ 2'10 $memory\u_core.u_th0.mem$rdmux[0][2][0]$a$14605 [79] $memory\u_core.u_th0.mem$rdmux[0][2][0]$a$14605 [79] $memory\u_core.u_th0.mem$rdmux[0][2][0]$a$14605 [79] $memory\u_core.u_th0.mem$rdmux[0][2][0]$a$14605 [80:79] $memory\u_core.u_th0.mem$rdmux[0][2][0]$a$14605 [80] 2'01 }, Y={ $memory\u_core.u_th1.mem$rdmux[0][1][0]$b$14645 [112:111] $memory\u_core.u_th1.mem$rdmux[0][1][0]$b$14645 [63] $memory\u_core.u_th1.mem$rdmux[0][1][0]$b$14645 [95] $memory\u_core.u_th1.mem$rdmux[0][1][0]$b$14645 [65] $memory\u_core.u_th1.mem$rdmux[0][1][0]$b$14645 [114] $memory\u_core.u_th1.mem$rdmux[0][1][0]$b$14645 [97] $memory\u_core.u_th1.mem$rdmux[0][1][0]$b$14645 [80] $memory\u_core.u_th1.mem$rdmux[0][1][0]$b$14645 [18] $memory\u_core.u_th1.mem$rdmux[0][1][0]$b$14645 [64] }
      New ports: A={ 1'0 $memory\u_core.u_th0.mem$rdmux[0][2][0]$a$14605 [80] 3'010 $memory\u_core.u_th0.mem$rdmux[0][2][0]$a$14605 [80] 1'1 $memory\u_core.u_th0.mem$rdmux[0][2][0]$a$14605 [79] $memory\u_core.u_th0.mem$rdmux[0][2][0]$a$14605 [80] }, B={ 2'10 $memory\u_core.u_th0.mem$rdmux[0][2][0]$a$14605 [79] $memory\u_core.u_th0.mem$rdmux[0][2][0]$a$14605 [79] $memory\u_core.u_th0.mem$rdmux[0][2][0]$a$14605 [80:79] $memory\u_core.u_th0.mem$rdmux[0][2][0]$a$14605 [80] 2'01 }, Y={ $memory\u_core.u_th1.mem$rdmux[0][1][0]$b$14645 [112:111] $memory\u_core.u_th1.mem$rdmux[0][1][0]$b$14645 [63] $memory\u_core.u_th1.mem$rdmux[0][1][0]$b$14645 [95] $memory\u_core.u_th1.mem$rdmux[0][1][0]$b$14645 [114] $memory\u_core.u_th1.mem$rdmux[0][1][0]$b$14645 [97] $memory\u_core.u_th1.mem$rdmux[0][1][0]$b$14645 [80] $memory\u_core.u_th1.mem$rdmux[0][1][0]$b$14645 [18] $memory\u_core.u_th1.mem$rdmux[0][1][0]$b$14645 [64] }
      New connections: $memory\u_core.u_th1.mem$rdmux[0][1][0]$b$14645 [65] = $memory\u_core.u_th0.mem$rdmux[0][2][0]$a$14605 [79]
    Consolidated identical input bits for $mux cell $memory\u_core.u_th1.mem$rdmux[0][2][2]$14655:
      Old ports: A={ $memory\u_core.u_th0.mem$rdmux[0][2][2]$a$14611 [79] $memory\u_core.u_th0.mem$rdmux[0][2][2]$a$14611 [80:79] 1'1 $memory\u_core.u_th0.mem$rdmux[0][2][2]$a$14611 [80] $memory\u_core.u_th0.mem$rdmux[0][2][2]$a$14611 [80:79] 3'001 $memory\u_core.u_th0.mem$rdmux[0][2][2]$a$14611 [79] $memory\u_core.u_th0.mem$rdmux[0][2][2]$a$14611 [80] 1'0 }, B={ $memory\u_core.u_th0.mem$rdmux[0][2][2]$a$14611 [79] $memory\u_core.u_th0.mem$rdmux[0][2][2]$a$14611 [80] $memory\u_core.u_th0.mem$rdmux[0][2][2]$a$14611 [80] 4'0011 $memory\u_core.u_th0.mem$rdmux[0][2][2]$a$14611 [79] 1'1 $memory\u_core.u_th0.mem$rdmux[0][2][2]$a$14611 [80] 1'0 $memory\u_core.u_th0.mem$rdmux[0][2][2]$a$14611 [79] $memory\u_core.u_th0.mem$rdmux[0][2][2]$a$14611 [80] }, Y={ $memory\u_core.u_th1.mem$rdmux[0][1][1]$a$14647 [111] $memory\u_core.u_th1.mem$rdmux[0][1][1]$a$14647 [96] $memory\u_core.u_th1.mem$rdmux[0][1][1]$a$14647 [80] $memory\u_core.u_th1.mem$rdmux[0][1][1]$a$14647 [64] $memory\u_core.u_th1.mem$rdmux[0][1][1]$a$14647 [66] $memory\u_core.u_th1.mem$rdmux[0][1][1]$a$14647 [79] $memory\u_core.u_th1.mem$rdmux[0][1][1]$a$14647 [48] $memory\u_core.u_th1.mem$rdmux[0][1][1]$a$14647 [95] $memory\u_core.u_th1.mem$rdmux[0][1][1]$a$14647 [17] $memory\u_core.u_th1.mem$rdmux[0][1][1]$a$14647 [112] $memory\u_core.u_th1.mem$rdmux[0][1][1]$a$14647 [114] $memory\u_core.u_th1.mem$rdmux[0][1][1]$a$14647 [97] $memory\u_core.u_th1.mem$rdmux[0][1][1]$a$14647 [0] }
      New ports: A={ $memory\u_core.u_th0.mem$rdmux[0][2][2]$a$14611 [79] 1'1 $memory\u_core.u_th0.mem$rdmux[0][2][2]$a$14611 [80] $memory\u_core.u_th0.mem$rdmux[0][2][2]$a$14611 [80:79] 3'001 $memory\u_core.u_th0.mem$rdmux[0][2][2]$a$14611 [79] $memory\u_core.u_th0.mem$rdmux[0][2][2]$a$14611 [80] 1'0 }, B={ $memory\u_core.u_th0.mem$rdmux[0][2][2]$a$14611 [80] 4'0011 $memory\u_core.u_th0.mem$rdmux[0][2][2]$a$14611 [79] 1'1 $memory\u_core.u_th0.mem$rdmux[0][2][2]$a$14611 [80] 1'0 $memory\u_core.u_th0.mem$rdmux[0][2][2]$a$14611 [79] $memory\u_core.u_th0.mem$rdmux[0][2][2]$a$14611 [80] }, Y={ $memory\u_core.u_th1.mem$rdmux[0][1][1]$a$14647 [80] $memory\u_core.u_th1.mem$rdmux[0][1][1]$a$14647 [64] $memory\u_core.u_th1.mem$rdmux[0][1][1]$a$14647 [66] $memory\u_core.u_th1.mem$rdmux[0][1][1]$a$14647 [79] $memory\u_core.u_th1.mem$rdmux[0][1][1]$a$14647 [48] $memory\u_core.u_th1.mem$rdmux[0][1][1]$a$14647 [95] $memory\u_core.u_th1.mem$rdmux[0][1][1]$a$14647 [17] $memory\u_core.u_th1.mem$rdmux[0][1][1]$a$14647 [112] $memory\u_core.u_th1.mem$rdmux[0][1][1]$a$14647 [114] $memory\u_core.u_th1.mem$rdmux[0][1][1]$a$14647 [97] $memory\u_core.u_th1.mem$rdmux[0][1][1]$a$14647 [0] }
      New connections: { $memory\u_core.u_th1.mem$rdmux[0][1][1]$a$14647 [111] $memory\u_core.u_th1.mem$rdmux[0][1][1]$a$14647 [96] } = { $memory\u_core.u_th0.mem$rdmux[0][2][2]$a$14611 [79] $memory\u_core.u_th0.mem$rdmux[0][2][2]$a$14611 [80] }
  Optimizing cells in module \spark_chip.
    Consolidated identical input bits for $mux cell $memory\u_core.u_th0.mem$rdmux[0][1][0]$14598:
      Old ports: A={ $memory\u_core.u_th0.mem$rdmux[0][1][0]$a$14599 [81:78] $memory\u_core.u_th0.mem$rdmux[0][1][0]$a$14599 [64:63] $memory\u_core.u_th0.mem$rdmux[0][1][0]$a$14599 [63] $memory\u_core.u_th0.mem$rdmux[0][1][0]$a$14599 [61] $memory\u_core.u_th0.mem$rdmux[0][1][0]$a$14599 [63] $memory\u_core.u_th0.mem$rdmux[0][1][0]$a$14599 [64] $memory\u_core.u_th0.mem$rdmux[0][1][0]$a$14599 [58:57] $memory\u_core.u_th0.mem$rdmux[0][1][0]$a$14599 [55:53] $memory\u_core.u_th0.mem$rdmux[0][1][0]$a$14599 [80] $memory\u_core.u_th0.mem$rdmux[0][1][0]$a$14599 [78] $memory\u_core.u_th0.mem$rdmux[0][1][0]$a$14599 [81] $memory\u_core.u_th0.mem$rdmux[0][1][0]$a$14599 [79] $memory\u_core.u_th0.mem$rdmux[0][1][0]$a$14599 [54] $memory\u_core.u_th0.mem$rdmux[0][1][0]$a$14599 [78] 1'0 $memory\u_core.u_th0.mem$rdmux[0][1][0]$a$14599 [23] $memory\u_core.u_th0.mem$rdmux[0][1][0]$a$14599 [79] $memory\u_core.u_th0.mem$rdmux[0][1][0]$a$14599 [81] 1'1 $memory\u_core.u_th0.mem$rdmux[0][1][0]$a$14599 [63] $memory\u_core.u_th0.mem$rdmux[0][1][0]$a$14599 [55] $memory\u_core.u_th0.mem$rdmux[0][1][0]$a$14599 [17] $memory\u_core.u_th0.mem$rdmux[0][1][0]$a$14599 [79] 2'00 $memory\u_core.u_th0.mem$rdmux[0][1][0]$a$14599 [58] $memory\u_core.u_th0.mem$rdmux[0][1][0]$a$14599 [80] $memory\u_core.u_th0.mem$rdmux[0][1][0]$a$14599 [63] $memory\u_core.u_th0.mem$rdmux[0][1][0]$a$14599 [81] $memory\u_core.u_th0.mem$rdmux[0][1][0]$a$14599 [54] }, B={ $memory\u_core.u_th0.mem$rdmux[0][1][0]$b$14600 [81:78] $memory\u_core.u_th0.mem$rdmux[0][1][0]$b$14600 [64] $memory\u_core.u_th0.mem$rdmux[0][1][0]$b$14600 [80] $memory\u_core.u_th0.mem$rdmux[0][1][0]$b$14600 [77] $memory\u_core.u_th0.mem$rdmux[0][1][0]$b$14600 [65] 2'10 $memory\u_core.u_th0.mem$rdmux[0][1][0]$b$14600 [58:57] $memory\u_core.u_th0.mem$rdmux[0][1][0]$b$14600 [78:77] $memory\u_core.u_th0.mem$rdmux[0][1][0]$b$14600 [53] $memory\u_core.u_th0.mem$rdmux[0][1][0]$b$14600 [78:77] $memory\u_core.u_th0.mem$rdmux[0][1][0]$b$14600 [53] $memory\u_core.u_th0.mem$rdmux[0][1][0]$b$14600 [81] 1'1 $memory\u_core.u_th0.mem$rdmux[0][1][0]$b$14600 [64] $memory\u_core.u_th0.mem$rdmux[0][1][0]$b$14600 [77] $memory\u_core.u_th0.mem$rdmux[0][1][0]$b$14600 [23] 1'1 $memory\u_core.u_th0.mem$rdmux[0][1][0]$b$14600 [65] $memory\u_core.u_th0.mem$rdmux[0][1][0]$b$14600 [81] $memory\u_core.u_th0.mem$rdmux[0][1][0]$b$14600 [23] $memory\u_core.u_th0.mem$rdmux[0][1][0]$b$14600 [18:17] $memory\u_core.u_th0.mem$rdmux[0][1][0]$b$14600 [78] $memory\u_core.u_th0.mem$rdmux[0][1][0]$b$14600 [58] $memory\u_core.u_th0.mem$rdmux[0][1][0]$b$14600 [17] $memory\u_core.u_th0.mem$rdmux[0][1][0]$b$14600 [17] 1'1 $memory\u_core.u_th0.mem$rdmux[0][1][0]$b$14600 [65] $memory\u_core.u_th0.mem$rdmux[0][1][0]$b$14600 [78] $memory\u_core.u_th0.mem$rdmux[0][1][0]$b$14600 [81] }, Y={ $memory\u_core.u_th0.mem$rdmux[0][0][0]$a$14596 [81:78] $memory\u_core.u_th0.mem$rdmux[0][0][0]$a$14596 [64:57] $memory\u_core.u_th0.mem$rdmux[0][0][0]$a$14596 [55:52] $memory\u_core.u_th0.mem$rdmux[0][0][0]$a$14596 [40:36] $memory\u_core.u_th0.mem$rdmux[0][0][0]$a$14596 [77] $memory\u_core.u_th0.mem$rdmux[0][0][0]$a$14596 [23:22] $memory\u_core.u_th0.mem$rdmux[0][0][0]$a$14596 [65] $memory\u_core.u_th0.mem$rdmux[0][0][0]$a$14596 [20:15] $memory\u_core.u_th0.mem$rdmux[0][0][0]$a$14596 [5:0] }
      New ports: A={ $memory\u_core.u_th0.mem$rdmux[0][1][0]$a$14599 [81:78] $memory\u_core.u_th0.mem$rdmux[0][1][0]$a$14599 [64:63] $memory\u_core.u_th0.mem$rdmux[0][1][0]$a$14599 [63] $memory\u_core.u_th0.mem$rdmux[0][1][0]$a$14599 [61] $memory\u_core.u_th0.mem$rdmux[0][1][0]$a$14599 [63] $memory\u_core.u_th0.mem$rdmux[0][1][0]$a$14599 [64] $memory\u_core.u_th0.mem$rdmux[0][1][0]$a$14599 [58] $memory\u_core.u_th0.mem$rdmux[0][2][0]$a$14605 [80] $memory\u_core.u_th0.mem$rdmux[0][1][0]$a$14599 [55:54] $memory\u_core.u_th0.mem$rdmux[0][1][0]$a$14599 [80] $memory\u_core.u_th0.mem$rdmux[0][1][0]$a$14599 [78] $memory\u_core.u_th0.mem$rdmux[0][1][0]$a$14599 [81] $memory\u_core.u_th0.mem$rdmux[0][1][0]$a$14599 [79] $memory\u_core.u_th0.mem$rdmux[0][1][0]$a$14599 [54] $memory\u_core.u_th0.mem$rdmux[0][1][0]$a$14599 [78] 1'0 $memory\u_core.u_th0.mem$rdmux[0][1][0]$a$14599 [23] $memory\u_core.u_th0.mem$rdmux[0][1][0]$a$14599 [79] $memory\u_core.u_th0.mem$rdmux[0][1][0]$a$14599 [81] 1'1 $memory\u_core.u_th0.mem$rdmux[0][1][0]$a$14599 [63] $memory\u_core.u_th0.mem$rdmux[0][1][0]$a$14599 [55] $memory\u_core.u_th0.mem$rdmux[0][1][0]$a$14599 [17] $memory\u_core.u_th0.mem$rdmux[0][1][0]$a$14599 [79] 2'00 $memory\u_core.u_th0.mem$rdmux[0][1][0]$a$14599 [58] $memory\u_core.u_th0.mem$rdmux[0][1][0]$a$14599 [80] $memory\u_core.u_th0.mem$rdmux[0][1][0]$a$14599 [63] $memory\u_core.u_th0.mem$rdmux[0][1][0]$a$14599 [81] $memory\u_core.u_th0.mem$rdmux[0][1][0]$a$14599 [54] }, B={ $memory\u_core.u_th0.mem$rdmux[0][1][0]$b$14600 [81:78] $memory\u_core.u_th0.mem$rdmux[0][1][0]$b$14600 [64] $memory\u_core.u_th0.mem$rdmux[0][1][0]$b$14600 [80] $memory\u_core.u_th0.mem$rdmux[0][1][0]$b$14600 [77] $memory\u_core.u_th0.mem$rdmux[0][1][0]$b$14600 [65] 2'10 $memory\u_core.u_th0.mem$rdmux[0][2][0]$a$14605 [80] $memory\u_core.u_th0.mem$rdmux[0][1][0]$b$14600 [57] $memory\u_core.u_th0.mem$rdmux[0][1][0]$b$14600 [78:77] $memory\u_core.u_th0.mem$rdmux[0][1][0]$b$14600 [78:77] $memory\u_core.u_th0.mem$rdmux[0][2][0]$a$14605 [79] $memory\u_core.u_th0.mem$rdmux[0][1][0]$b$14600 [81] 1'1 $memory\u_core.u_th0.mem$rdmux[0][1][0]$b$14600 [64] $memory\u_core.u_th0.mem$rdmux[0][1][0]$b$14600 [77] $memory\u_core.u_th0.mem$rdmux[0][1][0]$b$14600 [23] 1'1 $memory\u_core.u_th0.mem$rdmux[0][1][0]$b$14600 [65] $memory\u_core.u_th0.mem$rdmux[0][1][0]$b$14600 [81] $memory\u_core.u_th0.mem$rdmux[0][1][0]$b$14600 [23] $memory\u_core.u_th0.mem$rdmux[0][1][0]$b$14600 [18:17] $memory\u_core.u_th0.mem$rdmux[0][1][0]$b$14600 [78] $memory\u_core.u_th0.mem$rdmux[0][2][0]$a$14605 [80] $memory\u_core.u_th0.mem$rdmux[0][1][0]$b$14600 [17] $memory\u_core.u_th0.mem$rdmux[0][1][0]$b$14600 [17] 1'1 $memory\u_core.u_th0.mem$rdmux[0][1][0]$b$14600 [65] $memory\u_core.u_th0.mem$rdmux[0][1][0]$b$14600 [78] $memory\u_core.u_th0.mem$rdmux[0][1][0]$b$14600 [81] }, Y={ $memory\u_core.u_th0.mem$rdmux[0][0][0]$a$14596 [81:78] $memory\u_core.u_th0.mem$rdmux[0][0][0]$a$14596 [64:57] $memory\u_core.u_th0.mem$rdmux[0][0][0]$a$14596 [55:54] $memory\u_core.u_th0.mem$rdmux[0][0][0]$a$14596 [52] $memory\u_core.u_th0.mem$rdmux[0][0][0]$a$14596 [40:36] $memory\u_core.u_th0.mem$rdmux[0][0][0]$a$14596 [77] $memory\u_core.u_th0.mem$rdmux[0][0][0]$a$14596 [23:22] $memory\u_core.u_th0.mem$rdmux[0][0][0]$a$14596 [65] $memory\u_core.u_th0.mem$rdmux[0][0][0]$a$14596 [20:15] $memory\u_core.u_th0.mem$rdmux[0][0][0]$a$14596 [5:0] }
      New connections: $memory\u_core.u_th0.mem$rdmux[0][0][0]$a$14596 [53] = $memory\u_core.u_th0.mem$rdmux[0][2][0]$a$14605 [79]
  Optimizing cells in module \spark_chip.
Performed a total of 11 changes.

9.20.13. Executing OPT_MERGE pass (detect identical cells).
Finding identical cells in module `\spark_chip'.
<suppressed ~21 debug messages>
Removed a total of 7 cells.

9.20.14. Executing OPT_SHARE pass.

9.20.15. Executing OPT_DFF pass (perform DFF optimizations).
Adding EN signal on $memory\u_core.u_sn3.mem[9]$14408 ($dff) from module spark_chip (D = \u_core.u_sn0.wd, Q = \u_core.u_sn3.mem[9]).
Adding EN signal on $memory\u_core.u_sn3.mem[8]$14406 ($dff) from module spark_chip (D = \u_core.u_sn0.wd, Q = \u_core.u_sn3.mem[8]).
Adding EN signal on $memory\u_core.u_sn3.mem[7]$14404 ($dff) from module spark_chip (D = \u_core.u_sn0.wd, Q = \u_core.u_sn3.mem[7]).
Adding EN signal on $memory\u_core.u_sn3.mem[6]$14402 ($dff) from module spark_chip (D = \u_core.u_sn0.wd, Q = \u_core.u_sn3.mem[6]).
Adding EN signal on $memory\u_core.u_sn3.mem[5]$14400 ($dff) from module spark_chip (D = \u_core.u_sn0.wd, Q = \u_core.u_sn3.mem[5]).
Adding EN signal on $memory\u_core.u_sn3.mem[4]$14398 ($dff) from module spark_chip (D = \u_core.u_sn0.wd, Q = \u_core.u_sn3.mem[4]).
Adding EN signal on $memory\u_core.u_sn3.mem[3]$14396 ($dff) from module spark_chip (D = \u_core.u_sn0.wd, Q = \u_core.u_sn3.mem[3]).
Adding EN signal on $memory\u_core.u_sn3.mem[2]$14394 ($dff) from module spark_chip (D = \u_core.u_sn0.wd, Q = \u_core.u_sn3.mem[2]).
Adding EN signal on $memory\u_core.u_sn3.mem[1]$14392 ($dff) from module spark_chip (D = \u_core.u_sn0.wd, Q = \u_core.u_sn3.mem[1]).
Adding EN signal on $memory\u_core.u_sn3.mem[15]$14420 ($dff) from module spark_chip (D = \u_core.u_sn0.wd, Q = \u_core.u_sn3.mem[15]).
Adding EN signal on $memory\u_core.u_sn3.mem[14]$14418 ($dff) from module spark_chip (D = \u_core.u_sn0.wd, Q = \u_core.u_sn3.mem[14]).
Adding EN signal on $memory\u_core.u_sn3.mem[13]$14416 ($dff) from module spark_chip (D = \u_core.u_sn0.wd, Q = \u_core.u_sn3.mem[13]).
Adding EN signal on $memory\u_core.u_sn3.mem[12]$14414 ($dff) from module spark_chip (D = \u_core.u_sn0.wd, Q = \u_core.u_sn3.mem[12]).
Adding EN signal on $memory\u_core.u_sn3.mem[11]$14412 ($dff) from module spark_chip (D = \u_core.u_sn0.wd, Q = \u_core.u_sn3.mem[11]).
Adding EN signal on $memory\u_core.u_sn3.mem[10]$14410 ($dff) from module spark_chip (D = \u_core.u_sn0.wd, Q = \u_core.u_sn3.mem[10]).
Adding EN signal on $memory\u_core.u_sn3.mem[0]$14390 ($dff) from module spark_chip (D = \u_core.u_sn0.wd, Q = \u_core.u_sn3.mem[0]).
Adding EN signal on $memory\u_core.u_sn2.mem[9]$14203 ($dff) from module spark_chip (D = \u_core.u_sn0.wd, Q = \u_core.u_sn2.mem[9]).
Adding EN signal on $memory\u_core.u_sn2.mem[8]$14201 ($dff) from module spark_chip (D = \u_core.u_sn0.wd, Q = \u_core.u_sn2.mem[8]).
Adding EN signal on $memory\u_core.u_sn2.mem[7]$14199 ($dff) from module spark_chip (D = \u_core.u_sn0.wd, Q = \u_core.u_sn2.mem[7]).
Adding EN signal on $memory\u_core.u_sn2.mem[6]$14197 ($dff) from module spark_chip (D = \u_core.u_sn0.wd, Q = \u_core.u_sn2.mem[6]).
Adding EN signal on $memory\u_core.u_sn2.mem[5]$14195 ($dff) from module spark_chip (D = \u_core.u_sn0.wd, Q = \u_core.u_sn2.mem[5]).
Adding EN signal on $memory\u_core.u_sn2.mem[4]$14193 ($dff) from module spark_chip (D = \u_core.u_sn0.wd, Q = \u_core.u_sn2.mem[4]).
Adding EN signal on $memory\u_core.u_sn2.mem[3]$14191 ($dff) from module spark_chip (D = \u_core.u_sn0.wd, Q = \u_core.u_sn2.mem[3]).
Adding EN signal on $memory\u_core.u_sn2.mem[2]$14189 ($dff) from module spark_chip (D = \u_core.u_sn0.wd, Q = \u_core.u_sn2.mem[2]).
Adding EN signal on $memory\u_core.u_sn2.mem[1]$14187 ($dff) from module spark_chip (D = \u_core.u_sn0.wd, Q = \u_core.u_sn2.mem[1]).
Adding EN signal on $memory\u_core.u_sn2.mem[15]$14215 ($dff) from module spark_chip (D = \u_core.u_sn0.wd, Q = \u_core.u_sn2.mem[15]).
Adding EN signal on $memory\u_core.u_sn2.mem[14]$14213 ($dff) from module spark_chip (D = \u_core.u_sn0.wd, Q = \u_core.u_sn2.mem[14]).
Adding EN signal on $memory\u_core.u_sn2.mem[13]$14211 ($dff) from module spark_chip (D = \u_core.u_sn0.wd, Q = \u_core.u_sn2.mem[13]).
Adding EN signal on $memory\u_core.u_sn2.mem[12]$14209 ($dff) from module spark_chip (D = \u_core.u_sn0.wd, Q = \u_core.u_sn2.mem[12]).
Adding EN signal on $memory\u_core.u_sn2.mem[11]$14207 ($dff) from module spark_chip (D = \u_core.u_sn0.wd, Q = \u_core.u_sn2.mem[11]).
Adding EN signal on $memory\u_core.u_sn2.mem[10]$14205 ($dff) from module spark_chip (D = \u_core.u_sn0.wd, Q = \u_core.u_sn2.mem[10]).
Adding EN signal on $memory\u_core.u_sn2.mem[0]$14185 ($dff) from module spark_chip (D = \u_core.u_sn0.wd, Q = \u_core.u_sn2.mem[0]).
Adding EN signal on $memory\u_core.u_sn1.mem[9]$13998 ($dff) from module spark_chip (D = \u_core.u_sn0.wd, Q = \u_core.u_sn1.mem[9]).
Adding EN signal on $memory\u_core.u_sn1.mem[8]$13996 ($dff) from module spark_chip (D = \u_core.u_sn0.wd, Q = \u_core.u_sn1.mem[8]).
Adding EN signal on $memory\u_core.u_sn1.mem[7]$13994 ($dff) from module spark_chip (D = \u_core.u_sn0.wd, Q = \u_core.u_sn1.mem[7]).
Adding EN signal on $memory\u_core.u_sn1.mem[6]$13992 ($dff) from module spark_chip (D = \u_core.u_sn0.wd, Q = \u_core.u_sn1.mem[6]).
Adding EN signal on $memory\u_core.u_sn1.mem[5]$13990 ($dff) from module spark_chip (D = \u_core.u_sn0.wd, Q = \u_core.u_sn1.mem[5]).
Adding EN signal on $memory\u_core.u_sn1.mem[4]$13988 ($dff) from module spark_chip (D = \u_core.u_sn0.wd, Q = \u_core.u_sn1.mem[4]).
Adding EN signal on $memory\u_core.u_sn1.mem[3]$13986 ($dff) from module spark_chip (D = \u_core.u_sn0.wd, Q = \u_core.u_sn1.mem[3]).
Adding EN signal on $memory\u_core.u_sn1.mem[2]$13984 ($dff) from module spark_chip (D = \u_core.u_sn0.wd, Q = \u_core.u_sn1.mem[2]).
Adding EN signal on $memory\u_core.u_sn1.mem[1]$13982 ($dff) from module spark_chip (D = \u_core.u_sn0.wd, Q = \u_core.u_sn1.mem[1]).
Adding EN signal on $memory\u_core.u_sn1.mem[15]$14010 ($dff) from module spark_chip (D = \u_core.u_sn0.wd, Q = \u_core.u_sn1.mem[15]).
Adding EN signal on $memory\u_core.u_sn1.mem[14]$14008 ($dff) from module spark_chip (D = \u_core.u_sn0.wd, Q = \u_core.u_sn1.mem[14]).
Adding EN signal on $memory\u_core.u_sn1.mem[13]$14006 ($dff) from module spark_chip (D = \u_core.u_sn0.wd, Q = \u_core.u_sn1.mem[13]).
Adding EN signal on $memory\u_core.u_sn1.mem[12]$14004 ($dff) from module spark_chip (D = \u_core.u_sn0.wd, Q = \u_core.u_sn1.mem[12]).
Adding EN signal on $memory\u_core.u_sn1.mem[11]$14002 ($dff) from module spark_chip (D = \u_core.u_sn0.wd, Q = \u_core.u_sn1.mem[11]).
Adding EN signal on $memory\u_core.u_sn1.mem[10]$14000 ($dff) from module spark_chip (D = \u_core.u_sn0.wd, Q = \u_core.u_sn1.mem[10]).
Adding EN signal on $memory\u_core.u_sn1.mem[0]$13980 ($dff) from module spark_chip (D = \u_core.u_sn0.wd, Q = \u_core.u_sn1.mem[0]).
Adding EN signal on $memory\u_core.u_sn0.mem[9]$13667 ($dff) from module spark_chip (D = \u_core.u_sn0.wd, Q = \u_core.u_sn0.mem[9]).
Adding EN signal on $memory\u_core.u_sn0.mem[8]$13665 ($dff) from module spark_chip (D = \u_core.u_sn0.wd, Q = \u_core.u_sn0.mem[8]).
Adding EN signal on $memory\u_core.u_sn0.mem[7]$13663 ($dff) from module spark_chip (D = \u_core.u_sn0.wd, Q = \u_core.u_sn0.mem[7]).
Adding EN signal on $memory\u_core.u_sn0.mem[6]$13661 ($dff) from module spark_chip (D = \u_core.u_sn0.wd, Q = \u_core.u_sn0.mem[6]).
Adding EN signal on $memory\u_core.u_sn0.mem[5]$13659 ($dff) from module spark_chip (D = \u_core.u_sn0.wd, Q = \u_core.u_sn0.mem[5]).
Adding EN signal on $memory\u_core.u_sn0.mem[4]$13657 ($dff) from module spark_chip (D = \u_core.u_sn0.wd, Q = \u_core.u_sn0.mem[4]).
Adding EN signal on $memory\u_core.u_sn0.mem[3]$13655 ($dff) from module spark_chip (D = \u_core.u_sn0.wd, Q = \u_core.u_sn0.mem[3]).
Adding EN signal on $memory\u_core.u_sn0.mem[2]$13653 ($dff) from module spark_chip (D = \u_core.u_sn0.wd, Q = \u_core.u_sn0.mem[2]).
Adding EN signal on $memory\u_core.u_sn0.mem[23]$13695 ($dff) from module spark_chip (D = \u_core.u_sn0.wd, Q = \u_core.u_sn0.mem[23]).
Adding EN signal on $memory\u_core.u_sn0.mem[22]$13693 ($dff) from module spark_chip (D = \u_core.u_sn0.wd, Q = \u_core.u_sn0.mem[22]).
Adding EN signal on $memory\u_core.u_sn0.mem[21]$13691 ($dff) from module spark_chip (D = \u_core.u_sn0.wd, Q = \u_core.u_sn0.mem[21]).
Adding EN signal on $memory\u_core.u_sn0.mem[20]$13689 ($dff) from module spark_chip (D = \u_core.u_sn0.wd, Q = \u_core.u_sn0.mem[20]).
Adding EN signal on $memory\u_core.u_sn0.mem[1]$13651 ($dff) from module spark_chip (D = \u_core.u_sn0.wd, Q = \u_core.u_sn0.mem[1]).
Adding EN signal on $memory\u_core.u_sn0.mem[19]$13687 ($dff) from module spark_chip (D = \u_core.u_sn0.wd, Q = \u_core.u_sn0.mem[19]).
Adding EN signal on $memory\u_core.u_sn0.mem[18]$13685 ($dff) from module spark_chip (D = \u_core.u_sn0.wd, Q = \u_core.u_sn0.mem[18]).
Adding EN signal on $memory\u_core.u_sn0.mem[17]$13683 ($dff) from module spark_chip (D = \u_core.u_sn0.wd, Q = \u_core.u_sn0.mem[17]).
Adding EN signal on $memory\u_core.u_sn0.mem[16]$13681 ($dff) from module spark_chip (D = \u_core.u_sn0.wd, Q = \u_core.u_sn0.mem[16]).
Adding EN signal on $memory\u_core.u_sn0.mem[15]$13679 ($dff) from module spark_chip (D = \u_core.u_sn0.wd, Q = \u_core.u_sn0.mem[15]).
Adding EN signal on $memory\u_core.u_sn0.mem[14]$13677 ($dff) from module spark_chip (D = \u_core.u_sn0.wd, Q = \u_core.u_sn0.mem[14]).
Adding EN signal on $memory\u_core.u_sn0.mem[13]$13675 ($dff) from module spark_chip (D = \u_core.u_sn0.wd, Q = \u_core.u_sn0.mem[13]).
Adding EN signal on $memory\u_core.u_sn0.mem[12]$13673 ($dff) from module spark_chip (D = \u_core.u_sn0.wd, Q = \u_core.u_sn0.mem[12]).
Adding EN signal on $memory\u_core.u_sn0.mem[11]$13671 ($dff) from module spark_chip (D = \u_core.u_sn0.wd, Q = \u_core.u_sn0.mem[11]).
Adding EN signal on $memory\u_core.u_sn0.mem[10]$13669 ($dff) from module spark_chip (D = \u_core.u_sn0.wd, Q = \u_core.u_sn0.mem[10]).
Adding EN signal on $memory\u_core.u_sn0.mem[0]$13649 ($dff) from module spark_chip (D = \u_core.u_sn0.wd, Q = \u_core.u_sn0.mem[0]).
Adding EN signal on $memory\u_core.u_s1.mem[9]$13526 ($dff) from module spark_chip (D = \u_core.u_s0.wd, Q = \u_core.u_s1.mem[9]).
Adding EN signal on $memory\u_core.u_s1.mem[8]$13524 ($dff) from module spark_chip (D = \u_core.u_s0.wd, Q = \u_core.u_s1.mem[8]).
Adding EN signal on $memory\u_core.u_s1.mem[7]$13522 ($dff) from module spark_chip (D = \u_core.u_s0.wd, Q = \u_core.u_s1.mem[7]).
Adding EN signal on $memory\u_core.u_s1.mem[6]$13520 ($dff) from module spark_chip (D = \u_core.u_s0.wd, Q = \u_core.u_s1.mem[6]).
Adding EN signal on $memory\u_core.u_s1.mem[5]$13518 ($dff) from module spark_chip (D = \u_core.u_s0.wd, Q = \u_core.u_s1.mem[5]).
Adding EN signal on $memory\u_core.u_s1.mem[4]$13516 ($dff) from module spark_chip (D = \u_core.u_s0.wd, Q = \u_core.u_s1.mem[4]).
Adding EN signal on $memory\u_core.u_s1.mem[3]$13514 ($dff) from module spark_chip (D = \u_core.u_s0.wd, Q = \u_core.u_s1.mem[3]).
Adding EN signal on $memory\u_core.u_s1.mem[2]$13512 ($dff) from module spark_chip (D = \u_core.u_s0.wd, Q = \u_core.u_s1.mem[2]).
Adding EN signal on $memory\u_core.u_s1.mem[1]$13510 ($dff) from module spark_chip (D = \u_core.u_s0.wd, Q = \u_core.u_s1.mem[1]).
Adding EN signal on $memory\u_core.u_s1.mem[15]$13538 ($dff) from module spark_chip (D = \u_core.u_s0.wd, Q = \u_core.u_s1.mem[15]).
Adding EN signal on $memory\u_core.u_s1.mem[14]$13536 ($dff) from module spark_chip (D = \u_core.u_s0.wd, Q = \u_core.u_s1.mem[14]).
Adding EN signal on $memory\u_core.u_s1.mem[13]$13534 ($dff) from module spark_chip (D = \u_core.u_s0.wd, Q = \u_core.u_s1.mem[13]).
Adding EN signal on $memory\u_core.u_s1.mem[12]$13532 ($dff) from module spark_chip (D = \u_core.u_s0.wd, Q = \u_core.u_s1.mem[12]).
Adding EN signal on $memory\u_core.u_s1.mem[11]$13530 ($dff) from module spark_chip (D = \u_core.u_s0.wd, Q = \u_core.u_s1.mem[11]).
Adding EN signal on $memory\u_core.u_s1.mem[10]$13528 ($dff) from module spark_chip (D = \u_core.u_s0.wd, Q = \u_core.u_s1.mem[10]).
Adding EN signal on $memory\u_core.u_s1.mem[0]$13508 ($dff) from module spark_chip (D = \u_core.u_s0.wd, Q = \u_core.u_s1.mem[0]).
Adding EN signal on $memory\u_core.u_s0.mem[9]$13385 ($dff) from module spark_chip (D = \u_core.u_s0.wd, Q = \u_core.u_s0.mem[9]).
Adding EN signal on $memory\u_core.u_s0.mem[8]$13383 ($dff) from module spark_chip (D = \u_core.u_s0.wd, Q = \u_core.u_s0.mem[8]).
Adding EN signal on $memory\u_core.u_s0.mem[7]$13381 ($dff) from module spark_chip (D = \u_core.u_s0.wd, Q = \u_core.u_s0.mem[7]).
Adding EN signal on $memory\u_core.u_s0.mem[6]$13379 ($dff) from module spark_chip (D = \u_core.u_s0.wd, Q = \u_core.u_s0.mem[6]).
Adding EN signal on $memory\u_core.u_s0.mem[5]$13377 ($dff) from module spark_chip (D = \u_core.u_s0.wd, Q = \u_core.u_s0.mem[5]).
Adding EN signal on $memory\u_core.u_s0.mem[4]$13375 ($dff) from module spark_chip (D = \u_core.u_s0.wd, Q = \u_core.u_s0.mem[4]).
Adding EN signal on $memory\u_core.u_s0.mem[3]$13373 ($dff) from module spark_chip (D = \u_core.u_s0.wd, Q = \u_core.u_s0.mem[3]).
Adding EN signal on $memory\u_core.u_s0.mem[2]$13371 ($dff) from module spark_chip (D = \u_core.u_s0.wd, Q = \u_core.u_s0.mem[2]).
Adding EN signal on $memory\u_core.u_s0.mem[1]$13369 ($dff) from module spark_chip (D = \u_core.u_s0.wd, Q = \u_core.u_s0.mem[1]).
Adding EN signal on $memory\u_core.u_s0.mem[15]$13397 ($dff) from module spark_chip (D = \u_core.u_s0.wd, Q = \u_core.u_s0.mem[15]).
Adding EN signal on $memory\u_core.u_s0.mem[14]$13395 ($dff) from module spark_chip (D = \u_core.u_s0.wd, Q = \u_core.u_s0.mem[14]).
Adding EN signal on $memory\u_core.u_s0.mem[13]$13393 ($dff) from module spark_chip (D = \u_core.u_s0.wd, Q = \u_core.u_s0.mem[13]).
Adding EN signal on $memory\u_core.u_s0.mem[12]$13391 ($dff) from module spark_chip (D = \u_core.u_s0.wd, Q = \u_core.u_s0.mem[12]).
Adding EN signal on $memory\u_core.u_s0.mem[11]$13389 ($dff) from module spark_chip (D = \u_core.u_s0.wd, Q = \u_core.u_s0.mem[11]).
Adding EN signal on $memory\u_core.u_s0.mem[10]$13387 ($dff) from module spark_chip (D = \u_core.u_s0.wd, Q = \u_core.u_s0.mem[10]).
Adding EN signal on $memory\u_core.u_s0.mem[0]$13367 ($dff) from module spark_chip (D = \u_core.u_s0.wd, Q = \u_core.u_s0.mem[0]).
Adding EN signal on $memory\u_core.u_h1.mem[9]$13180 ($dff) from module spark_chip (D = \u_core.u_h0.wd, Q = \u_core.u_h1.mem[9]).
Adding EN signal on $memory\u_core.u_h1.mem[8]$13178 ($dff) from module spark_chip (D = \u_core.u_h0.wd, Q = \u_core.u_h1.mem[8]).
Adding EN signal on $memory\u_core.u_h1.mem[7]$13176 ($dff) from module spark_chip (D = \u_core.u_h0.wd, Q = \u_core.u_h1.mem[7]).
Adding EN signal on $memory\u_core.u_h1.mem[6]$13174 ($dff) from module spark_chip (D = \u_core.u_h0.wd, Q = \u_core.u_h1.mem[6]).
Adding EN signal on $memory\u_core.u_h1.mem[5]$13172 ($dff) from module spark_chip (D = \u_core.u_h0.wd, Q = \u_core.u_h1.mem[5]).
Adding EN signal on $memory\u_core.u_h1.mem[4]$13170 ($dff) from module spark_chip (D = \u_core.u_h0.wd, Q = \u_core.u_h1.mem[4]).
Adding EN signal on $memory\u_core.u_h1.mem[3]$13168 ($dff) from module spark_chip (D = \u_core.u_h0.wd, Q = \u_core.u_h1.mem[3]).
Adding EN signal on $memory\u_core.u_h1.mem[2]$13166 ($dff) from module spark_chip (D = \u_core.u_h0.wd, Q = \u_core.u_h1.mem[2]).
Adding EN signal on $memory\u_core.u_h1.mem[1]$13164 ($dff) from module spark_chip (D = \u_core.u_h0.wd, Q = \u_core.u_h1.mem[1]).
Adding EN signal on $memory\u_core.u_h1.mem[15]$13192 ($dff) from module spark_chip (D = \u_core.u_h0.wd, Q = \u_core.u_h1.mem[15]).
Adding EN signal on $memory\u_core.u_h1.mem[14]$13190 ($dff) from module spark_chip (D = \u_core.u_h0.wd, Q = \u_core.u_h1.mem[14]).
Adding EN signal on $memory\u_core.u_h1.mem[13]$13188 ($dff) from module spark_chip (D = \u_core.u_h0.wd, Q = \u_core.u_h1.mem[13]).
Adding EN signal on $memory\u_core.u_h1.mem[12]$13186 ($dff) from module spark_chip (D = \u_core.u_h0.wd, Q = \u_core.u_h1.mem[12]).
Adding EN signal on $memory\u_core.u_h1.mem[11]$13184 ($dff) from module spark_chip (D = \u_core.u_h0.wd, Q = \u_core.u_h1.mem[11]).
Adding EN signal on $memory\u_core.u_h1.mem[10]$13182 ($dff) from module spark_chip (D = \u_core.u_h0.wd, Q = \u_core.u_h1.mem[10]).
Adding EN signal on $memory\u_core.u_h1.mem[0]$13162 ($dff) from module spark_chip (D = \u_core.u_h0.wd, Q = \u_core.u_h1.mem[0]).
Adding EN signal on $memory\u_core.u_h0.mem[9]$12975 ($dff) from module spark_chip (D = \u_core.u_h0.wd, Q = \u_core.u_h0.mem[9]).
Adding EN signal on $memory\u_core.u_h0.mem[8]$12973 ($dff) from module spark_chip (D = \u_core.u_h0.wd, Q = \u_core.u_h0.mem[8]).
Adding EN signal on $memory\u_core.u_h0.mem[7]$12971 ($dff) from module spark_chip (D = \u_core.u_h0.wd, Q = \u_core.u_h0.mem[7]).
Adding EN signal on $memory\u_core.u_h0.mem[6]$12969 ($dff) from module spark_chip (D = \u_core.u_h0.wd, Q = \u_core.u_h0.mem[6]).
Adding EN signal on $memory\u_core.u_h0.mem[5]$12967 ($dff) from module spark_chip (D = \u_core.u_h0.wd, Q = \u_core.u_h0.mem[5]).
Adding EN signal on $memory\u_core.u_h0.mem[4]$12965 ($dff) from module spark_chip (D = \u_core.u_h0.wd, Q = \u_core.u_h0.mem[4]).
Adding EN signal on $memory\u_core.u_h0.mem[3]$12963 ($dff) from module spark_chip (D = \u_core.u_h0.wd, Q = \u_core.u_h0.mem[3]).
Adding EN signal on $memory\u_core.u_h0.mem[2]$12961 ($dff) from module spark_chip (D = \u_core.u_h0.wd, Q = \u_core.u_h0.mem[2]).
Adding EN signal on $memory\u_core.u_h0.mem[1]$12959 ($dff) from module spark_chip (D = \u_core.u_h0.wd, Q = \u_core.u_h0.mem[1]).
Adding EN signal on $memory\u_core.u_h0.mem[15]$12987 ($dff) from module spark_chip (D = \u_core.u_h0.wd, Q = \u_core.u_h0.mem[15]).
Adding EN signal on $memory\u_core.u_h0.mem[14]$12985 ($dff) from module spark_chip (D = \u_core.u_h0.wd, Q = \u_core.u_h0.mem[14]).
Adding EN signal on $memory\u_core.u_h0.mem[13]$12983 ($dff) from module spark_chip (D = \u_core.u_h0.wd, Q = \u_core.u_h0.mem[13]).
Adding EN signal on $memory\u_core.u_h0.mem[12]$12981 ($dff) from module spark_chip (D = \u_core.u_h0.wd, Q = \u_core.u_h0.mem[12]).
Adding EN signal on $memory\u_core.u_h0.mem[11]$12979 ($dff) from module spark_chip (D = \u_core.u_h0.wd, Q = \u_core.u_h0.mem[11]).
Adding EN signal on $memory\u_core.u_h0.mem[10]$12977 ($dff) from module spark_chip (D = \u_core.u_h0.wd, Q = \u_core.u_h0.mem[10]).
Adding EN signal on $memory\u_core.u_h0.mem[0]$12957 ($dff) from module spark_chip (D = \u_core.u_h0.wd, Q = \u_core.u_h0.mem[0]).
Adding EN signal on $memory\u_core.u_acc3.mem[9]$12574 ($dff) from module spark_chip (D = \u_core.u_acc3.wd, Q = \u_core.u_acc3.mem[9]).
Adding EN signal on $memory\u_core.u_acc3.mem[8]$12572 ($dff) from module spark_chip (D = \u_core.u_acc3.wd, Q = \u_core.u_acc3.mem[8]).
Adding EN signal on $memory\u_core.u_acc3.mem[7]$12570 ($dff) from module spark_chip (D = \u_core.u_acc3.wd, Q = \u_core.u_acc3.mem[7]).
Adding EN signal on $memory\u_core.u_acc3.mem[6]$12568 ($dff) from module spark_chip (D = \u_core.u_acc3.wd, Q = \u_core.u_acc3.mem[6]).
Adding EN signal on $memory\u_core.u_acc3.mem[5]$12566 ($dff) from module spark_chip (D = \u_core.u_acc3.wd, Q = \u_core.u_acc3.mem[5]).
Adding EN signal on $memory\u_core.u_acc3.mem[4]$12564 ($dff) from module spark_chip (D = \u_core.u_acc3.wd, Q = \u_core.u_acc3.mem[4]).
Adding EN signal on $memory\u_core.u_acc3.mem[3]$12562 ($dff) from module spark_chip (D = \u_core.u_acc3.wd, Q = \u_core.u_acc3.mem[3]).
Adding EN signal on $memory\u_core.u_acc3.mem[31]$12618 ($dff) from module spark_chip (D = \u_core.u_acc3.wd, Q = \u_core.u_acc3.mem[31]).
Adding EN signal on $memory\u_core.u_acc3.mem[30]$12616 ($dff) from module spark_chip (D = \u_core.u_acc3.wd, Q = \u_core.u_acc3.mem[30]).
Adding EN signal on $memory\u_core.u_acc3.mem[2]$12560 ($dff) from module spark_chip (D = \u_core.u_acc3.wd, Q = \u_core.u_acc3.mem[2]).
Adding EN signal on $memory\u_core.u_acc3.mem[29]$12614 ($dff) from module spark_chip (D = \u_core.u_acc3.wd, Q = \u_core.u_acc3.mem[29]).
Adding EN signal on $memory\u_core.u_acc3.mem[28]$12612 ($dff) from module spark_chip (D = \u_core.u_acc3.wd, Q = \u_core.u_acc3.mem[28]).
Adding EN signal on $memory\u_core.u_acc3.mem[27]$12610 ($dff) from module spark_chip (D = \u_core.u_acc3.wd, Q = \u_core.u_acc3.mem[27]).
Adding EN signal on $memory\u_core.u_acc3.mem[26]$12608 ($dff) from module spark_chip (D = \u_core.u_acc3.wd, Q = \u_core.u_acc3.mem[26]).
Adding EN signal on $memory\u_core.u_acc3.mem[25]$12606 ($dff) from module spark_chip (D = \u_core.u_acc3.wd, Q = \u_core.u_acc3.mem[25]).
Adding EN signal on $memory\u_core.u_acc3.mem[24]$12604 ($dff) from module spark_chip (D = \u_core.u_acc3.wd, Q = \u_core.u_acc3.mem[24]).
Adding EN signal on $memory\u_core.u_acc3.mem[23]$12602 ($dff) from module spark_chip (D = \u_core.u_acc3.wd, Q = \u_core.u_acc3.mem[23]).
Adding EN signal on $memory\u_core.u_acc3.mem[22]$12600 ($dff) from module spark_chip (D = \u_core.u_acc3.wd, Q = \u_core.u_acc3.mem[22]).
Adding EN signal on $memory\u_core.u_acc3.mem[21]$12598 ($dff) from module spark_chip (D = \u_core.u_acc3.wd, Q = \u_core.u_acc3.mem[21]).
Adding EN signal on $memory\u_core.u_acc3.mem[20]$12596 ($dff) from module spark_chip (D = \u_core.u_acc3.wd, Q = \u_core.u_acc3.mem[20]).
Adding EN signal on $memory\u_core.u_acc3.mem[1]$12558 ($dff) from module spark_chip (D = \u_core.u_acc3.wd, Q = \u_core.u_acc3.mem[1]).
Adding EN signal on $memory\u_core.u_acc3.mem[19]$12594 ($dff) from module spark_chip (D = \u_core.u_acc3.wd, Q = \u_core.u_acc3.mem[19]).
Adding EN signal on $memory\u_core.u_acc3.mem[18]$12592 ($dff) from module spark_chip (D = \u_core.u_acc3.wd, Q = \u_core.u_acc3.mem[18]).
Adding EN signal on $memory\u_core.u_acc3.mem[17]$12590 ($dff) from module spark_chip (D = \u_core.u_acc3.wd, Q = \u_core.u_acc3.mem[17]).
Adding EN signal on $memory\u_core.u_acc3.mem[16]$12588 ($dff) from module spark_chip (D = \u_core.u_acc3.wd, Q = \u_core.u_acc3.mem[16]).
Adding EN signal on $memory\u_core.u_acc3.mem[15]$12586 ($dff) from module spark_chip (D = \u_core.u_acc3.wd, Q = \u_core.u_acc3.mem[15]).
Adding EN signal on $memory\u_core.u_acc3.mem[14]$12584 ($dff) from module spark_chip (D = \u_core.u_acc3.wd, Q = \u_core.u_acc3.mem[14]).
Adding EN signal on $memory\u_core.u_acc3.mem[13]$12582 ($dff) from module spark_chip (D = \u_core.u_acc3.wd, Q = \u_core.u_acc3.mem[13]).
Adding EN signal on $memory\u_core.u_acc3.mem[12]$12580 ($dff) from module spark_chip (D = \u_core.u_acc3.wd, Q = \u_core.u_acc3.mem[12]).
Adding EN signal on $memory\u_core.u_acc3.mem[11]$12578 ($dff) from module spark_chip (D = \u_core.u_acc3.wd, Q = \u_core.u_acc3.mem[11]).
Adding EN signal on $memory\u_core.u_acc3.mem[10]$12576 ($dff) from module spark_chip (D = \u_core.u_acc3.wd, Q = \u_core.u_acc3.mem[10]).
Adding EN signal on $memory\u_core.u_acc3.mem[0]$12556 ($dff) from module spark_chip (D = \u_core.u_acc3.wd, Q = \u_core.u_acc3.mem[0]).
Adding EN signal on $memory\u_core.u_acc2.mem[9]$12173 ($dff) from module spark_chip (D = \u_core.u_acc2.wd, Q = \u_core.u_acc2.mem[9]).
Adding EN signal on $memory\u_core.u_acc2.mem[8]$12171 ($dff) from module spark_chip (D = \u_core.u_acc2.wd, Q = \u_core.u_acc2.mem[8]).
Adding EN signal on $memory\u_core.u_acc2.mem[7]$12169 ($dff) from module spark_chip (D = \u_core.u_acc2.wd, Q = \u_core.u_acc2.mem[7]).
Adding EN signal on $memory\u_core.u_acc2.mem[6]$12167 ($dff) from module spark_chip (D = \u_core.u_acc2.wd, Q = \u_core.u_acc2.mem[6]).
Adding EN signal on $memory\u_core.u_acc2.mem[5]$12165 ($dff) from module spark_chip (D = \u_core.u_acc2.wd, Q = \u_core.u_acc2.mem[5]).
Adding EN signal on $memory\u_core.u_acc2.mem[4]$12163 ($dff) from module spark_chip (D = \u_core.u_acc2.wd, Q = \u_core.u_acc2.mem[4]).
Adding EN signal on $memory\u_core.u_acc2.mem[3]$12161 ($dff) from module spark_chip (D = \u_core.u_acc2.wd, Q = \u_core.u_acc2.mem[3]).
Adding EN signal on $memory\u_core.u_acc2.mem[31]$12217 ($dff) from module spark_chip (D = \u_core.u_acc2.wd, Q = \u_core.u_acc2.mem[31]).
Adding EN signal on $memory\u_core.u_acc2.mem[30]$12215 ($dff) from module spark_chip (D = \u_core.u_acc2.wd, Q = \u_core.u_acc2.mem[30]).
Adding EN signal on $memory\u_core.u_acc2.mem[2]$12159 ($dff) from module spark_chip (D = \u_core.u_acc2.wd, Q = \u_core.u_acc2.mem[2]).
Adding EN signal on $memory\u_core.u_acc2.mem[29]$12213 ($dff) from module spark_chip (D = \u_core.u_acc2.wd, Q = \u_core.u_acc2.mem[29]).
Adding EN signal on $memory\u_core.u_acc2.mem[28]$12211 ($dff) from module spark_chip (D = \u_core.u_acc2.wd, Q = \u_core.u_acc2.mem[28]).
Adding EN signal on $memory\u_core.u_acc2.mem[27]$12209 ($dff) from module spark_chip (D = \u_core.u_acc2.wd, Q = \u_core.u_acc2.mem[27]).
Adding EN signal on $memory\u_core.u_acc2.mem[26]$12207 ($dff) from module spark_chip (D = \u_core.u_acc2.wd, Q = \u_core.u_acc2.mem[26]).
Adding EN signal on $memory\u_core.u_acc2.mem[25]$12205 ($dff) from module spark_chip (D = \u_core.u_acc2.wd, Q = \u_core.u_acc2.mem[25]).
Adding EN signal on $memory\u_core.u_acc2.mem[24]$12203 ($dff) from module spark_chip (D = \u_core.u_acc2.wd, Q = \u_core.u_acc2.mem[24]).
Adding EN signal on $memory\u_core.u_acc2.mem[23]$12201 ($dff) from module spark_chip (D = \u_core.u_acc2.wd, Q = \u_core.u_acc2.mem[23]).
Adding EN signal on $memory\u_core.u_acc2.mem[22]$12199 ($dff) from module spark_chip (D = \u_core.u_acc2.wd, Q = \u_core.u_acc2.mem[22]).
Adding EN signal on $memory\u_core.u_acc2.mem[21]$12197 ($dff) from module spark_chip (D = \u_core.u_acc2.wd, Q = \u_core.u_acc2.mem[21]).
Adding EN signal on $memory\u_core.u_acc2.mem[20]$12195 ($dff) from module spark_chip (D = \u_core.u_acc2.wd, Q = \u_core.u_acc2.mem[20]).
Adding EN signal on $memory\u_core.u_acc2.mem[1]$12157 ($dff) from module spark_chip (D = \u_core.u_acc2.wd, Q = \u_core.u_acc2.mem[1]).
Adding EN signal on $memory\u_core.u_acc2.mem[19]$12193 ($dff) from module spark_chip (D = \u_core.u_acc2.wd, Q = \u_core.u_acc2.mem[19]).
Adding EN signal on $memory\u_core.u_acc2.mem[18]$12191 ($dff) from module spark_chip (D = \u_core.u_acc2.wd, Q = \u_core.u_acc2.mem[18]).
Adding EN signal on $memory\u_core.u_acc2.mem[17]$12189 ($dff) from module spark_chip (D = \u_core.u_acc2.wd, Q = \u_core.u_acc2.mem[17]).
Adding EN signal on $memory\u_core.u_acc2.mem[16]$12187 ($dff) from module spark_chip (D = \u_core.u_acc2.wd, Q = \u_core.u_acc2.mem[16]).
Adding EN signal on $memory\u_core.u_acc2.mem[15]$12185 ($dff) from module spark_chip (D = \u_core.u_acc2.wd, Q = \u_core.u_acc2.mem[15]).
Adding EN signal on $memory\u_core.u_acc2.mem[14]$12183 ($dff) from module spark_chip (D = \u_core.u_acc2.wd, Q = \u_core.u_acc2.mem[14]).
Adding EN signal on $memory\u_core.u_acc2.mem[13]$12181 ($dff) from module spark_chip (D = \u_core.u_acc2.wd, Q = \u_core.u_acc2.mem[13]).
Adding EN signal on $memory\u_core.u_acc2.mem[12]$12179 ($dff) from module spark_chip (D = \u_core.u_acc2.wd, Q = \u_core.u_acc2.mem[12]).
Adding EN signal on $memory\u_core.u_acc2.mem[11]$12177 ($dff) from module spark_chip (D = \u_core.u_acc2.wd, Q = \u_core.u_acc2.mem[11]).
Adding EN signal on $memory\u_core.u_acc2.mem[10]$12175 ($dff) from module spark_chip (D = \u_core.u_acc2.wd, Q = \u_core.u_acc2.mem[10]).
Adding EN signal on $memory\u_core.u_acc2.mem[0]$12155 ($dff) from module spark_chip (D = \u_core.u_acc2.wd, Q = \u_core.u_acc2.mem[0]).
Adding EN signal on $memory\u_core.u_acc1.mem[9]$11968 ($dff) from module spark_chip (D = \u_core.u_acc1.wd, Q = \u_core.u_acc1.mem[9]).
Adding EN signal on $memory\u_core.u_acc1.mem[8]$11966 ($dff) from module spark_chip (D = \u_core.u_acc1.wd, Q = \u_core.u_acc1.mem[8]).
Adding EN signal on $memory\u_core.u_acc1.mem[7]$11964 ($dff) from module spark_chip (D = \u_core.u_acc1.wd, Q = \u_core.u_acc1.mem[7]).
Adding EN signal on $memory\u_core.u_acc1.mem[6]$11962 ($dff) from module spark_chip (D = \u_core.u_acc1.wd, Q = \u_core.u_acc1.mem[6]).
Adding EN signal on $memory\u_core.u_acc1.mem[5]$11960 ($dff) from module spark_chip (D = \u_core.u_acc1.wd, Q = \u_core.u_acc1.mem[5]).
Adding EN signal on $memory\u_core.u_acc1.mem[4]$11958 ($dff) from module spark_chip (D = \u_core.u_acc1.wd, Q = \u_core.u_acc1.mem[4]).
Adding EN signal on $memory\u_core.u_acc1.mem[3]$11956 ($dff) from module spark_chip (D = \u_core.u_acc1.wd, Q = \u_core.u_acc1.mem[3]).
Adding EN signal on $memory\u_core.u_acc1.mem[2]$11954 ($dff) from module spark_chip (D = \u_core.u_acc1.wd, Q = \u_core.u_acc1.mem[2]).
Adding EN signal on $memory\u_core.u_acc1.mem[1]$11952 ($dff) from module spark_chip (D = \u_core.u_acc1.wd, Q = \u_core.u_acc1.mem[1]).
Adding EN signal on $memory\u_core.u_acc1.mem[15]$11980 ($dff) from module spark_chip (D = \u_core.u_acc1.wd, Q = \u_core.u_acc1.mem[15]).
Adding EN signal on $memory\u_core.u_acc1.mem[14]$11978 ($dff) from module spark_chip (D = \u_core.u_acc1.wd, Q = \u_core.u_acc1.mem[14]).
Adding EN signal on $memory\u_core.u_acc1.mem[13]$11976 ($dff) from module spark_chip (D = \u_core.u_acc1.wd, Q = \u_core.u_acc1.mem[13]).
Adding EN signal on $memory\u_core.u_acc1.mem[12]$11974 ($dff) from module spark_chip (D = \u_core.u_acc1.wd, Q = \u_core.u_acc1.mem[12]).
Adding EN signal on $memory\u_core.u_acc1.mem[11]$11972 ($dff) from module spark_chip (D = \u_core.u_acc1.wd, Q = \u_core.u_acc1.mem[11]).
Adding EN signal on $memory\u_core.u_acc1.mem[10]$11970 ($dff) from module spark_chip (D = \u_core.u_acc1.wd, Q = \u_core.u_acc1.mem[10]).
Adding EN signal on $memory\u_core.u_acc1.mem[0]$11950 ($dff) from module spark_chip (D = \u_core.u_acc1.wd, Q = \u_core.u_acc1.mem[0]).
Adding EN signal on $memory\u_core.u_acc0.mem[9]$11763 ($dff) from module spark_chip (D = \u_core.u_acc0.wd, Q = \u_core.u_acc0.mem[9]).
Adding EN signal on $memory\u_core.u_acc0.mem[8]$11761 ($dff) from module spark_chip (D = \u_core.u_acc0.wd, Q = \u_core.u_acc0.mem[8]).
Adding EN signal on $memory\u_core.u_acc0.mem[7]$11759 ($dff) from module spark_chip (D = \u_core.u_acc0.wd, Q = \u_core.u_acc0.mem[7]).
Adding EN signal on $memory\u_core.u_acc0.mem[6]$11757 ($dff) from module spark_chip (D = \u_core.u_acc0.wd, Q = \u_core.u_acc0.mem[6]).
Adding EN signal on $memory\u_core.u_acc0.mem[5]$11755 ($dff) from module spark_chip (D = \u_core.u_acc0.wd, Q = \u_core.u_acc0.mem[5]).
Adding EN signal on $memory\u_core.u_acc0.mem[4]$11753 ($dff) from module spark_chip (D = \u_core.u_acc0.wd, Q = \u_core.u_acc0.mem[4]).
Adding EN signal on $memory\u_core.u_acc0.mem[3]$11751 ($dff) from module spark_chip (D = \u_core.u_acc0.wd, Q = \u_core.u_acc0.mem[3]).
Adding EN signal on $memory\u_core.u_acc0.mem[2]$11749 ($dff) from module spark_chip (D = \u_core.u_acc0.wd, Q = \u_core.u_acc0.mem[2]).
Adding EN signal on $memory\u_core.u_acc0.mem[1]$11747 ($dff) from module spark_chip (D = \u_core.u_acc0.wd, Q = \u_core.u_acc0.mem[1]).
Adding EN signal on $memory\u_core.u_acc0.mem[15]$11775 ($dff) from module spark_chip (D = \u_core.u_acc0.wd, Q = \u_core.u_acc0.mem[15]).
Adding EN signal on $memory\u_core.u_acc0.mem[14]$11773 ($dff) from module spark_chip (D = \u_core.u_acc0.wd, Q = \u_core.u_acc0.mem[14]).
Adding EN signal on $memory\u_core.u_acc0.mem[13]$11771 ($dff) from module spark_chip (D = \u_core.u_acc0.wd, Q = \u_core.u_acc0.mem[13]).
Adding EN signal on $memory\u_core.u_acc0.mem[12]$11769 ($dff) from module spark_chip (D = \u_core.u_acc0.wd, Q = \u_core.u_acc0.mem[12]).
Adding EN signal on $memory\u_core.u_acc0.mem[11]$11767 ($dff) from module spark_chip (D = \u_core.u_acc0.wd, Q = \u_core.u_acc0.mem[11]).
Adding EN signal on $memory\u_core.u_acc0.mem[10]$11765 ($dff) from module spark_chip (D = \u_core.u_acc0.wd, Q = \u_core.u_acc0.mem[10]).
Adding EN signal on $memory\u_core.u_acc0.mem[0]$11745 ($dff) from module spark_chip (D = \u_core.u_acc0.wd, Q = \u_core.u_acc0.mem[0]).
Adding EN signal on $memory\u_core.nzc[3]$11684 ($dff) from module spark_chip (D = $auto$rtlil.cc:2498:Mux$11327, Q = \u_core.nzc[3]).
Adding EN signal on $memory\u_core.nzc[2]$11682 ($dff) from module spark_chip (D = $memory\u_core.nzc$wrmux[2][1][0]$y$11734, Q = \u_core.nzc[2]).
Adding EN signal on $memory\u_core.nzc[1]$11680 ($dff) from module spark_chip (D = $memory\u_core.nzc$wrmux[1][1][0]$y$11722, Q = \u_core.nzc[1]).
Adding EN signal on $memory\u_core.nzc[0]$11678 ($dff) from module spark_chip (D = $memory\u_core.nzc$wrmux[0][1][0]$y$11710, Q = \u_core.nzc[0]).
Adding EN signal on $memory\cfgb[6]$11582 ($dff) from module spark_chip (D = \u_rx.data, Q = \cfgb[6]).
Adding EN signal on $memory\cfgb[5]$11580 ($dff) from module spark_chip (D = \u_rx.data, Q = \cfgb[5]).
Adding EN signal on $memory\cfgb[4]$11578 ($dff) from module spark_chip (D = \u_rx.data, Q = \cfgb[4]).
Adding EN signal on $memory\cfgb[3]$11576 ($dff) from module spark_chip (D = \u_rx.data, Q = \cfgb[3]).
Adding EN signal on $memory\cfgb[2]$11574 ($dff) from module spark_chip (D = \u_rx.data, Q = \cfgb[2]).
Adding EN signal on $memory\cfgb[1]$11572 ($dff) from module spark_chip (D = \u_rx.data, Q = \cfgb[1]).
Adding EN signal on $memory\cfgb[0]$11570 ($dff) from module spark_chip (D = \u_rx.data, Q = \cfgb[0]).
Setting constant 0-bit at position 3 on $auto$ff.cc:266:slice$8716 ($sdffe) from module spark_chip.
Setting constant 1-bit at position 8 on $auto$ff.cc:266:slice$8835 ($dffe) from module spark_chip.
Setting constant 0-bit at position 24 on $auto$ff.cc:266:slice$9078 ($sdffe) from module spark_chip.
Setting constant 0-bit at position 25 on $auto$ff.cc:266:slice$9078 ($sdffe) from module spark_chip.
Setting constant 0-bit at position 26 on $auto$ff.cc:266:slice$9078 ($sdffe) from module spark_chip.
Setting constant 0-bit at position 27 on $auto$ff.cc:266:slice$9078 ($sdffe) from module spark_chip.
Setting constant 0-bit at position 28 on $auto$ff.cc:266:slice$9078 ($sdffe) from module spark_chip.
Setting constant 0-bit at position 29 on $auto$ff.cc:266:slice$9078 ($sdffe) from module spark_chip.
Setting constant 0-bit at position 30 on $auto$ff.cc:266:slice$9078 ($sdffe) from module spark_chip.
Setting constant 0-bit at position 31 on $auto$ff.cc:266:slice$9078 ($sdffe) from module spark_chip.

9.20.16. Executing OPT_CLEAN pass (remove unused cells and wires).
Finding unused cells or wires in module \spark_chip..
Removed 240 unused cells and 258 unused wires.
<suppressed ~241 debug messages>

9.20.17. Executing OPT_EXPR pass (perform const folding).
Optimizing module spark_chip.
<suppressed ~6 debug messages>

9.20.18. Rerunning OPT passes. (Maybe there is more to do..)

9.20.19. Executing OPT_MUXTREE pass (detect dead branches in mux trees).
Running muxtree optimizer on module \spark_chip..
  Creating internal representation of mux trees.
  Evaluating internal representation of mux trees.
  Analyzing evaluation results.
Removed 0 multiplexer ports.
<suppressed ~141 debug messages>

9.20.20. Executing OPT_REDUCE pass (consolidate $*mux and $reduce_* inputs).
  Optimizing cells in module \spark_chip.
    Consolidated identical input bits for $mux cell $flatten\u_core.$procmux$6664:
      Old ports: A=43'0000000000000000000000000000000000000000000, B={ 9'100000000 \u_core.ctx_prev [23:0] \u_core.byte_r $auto$wreduce.cc:461:run$9249 [1:0] }, Y=$flatten\u_core.$1\t_wd[42:0]
      New ports: A=35'00000000000000000000000000000000000, B={ 1'1 \u_core.ctx_prev [23:0] \u_core.byte_r $auto$wreduce.cc:461:run$9249 [1:0] }, Y={ $flatten\u_core.$1\t_wd[42:0] [42] $flatten\u_core.$1\t_wd[42:0] [33:0] }
      New connections: $flatten\u_core.$1\t_wd[42:0] [41:34] = 8'00000000
  Optimizing cells in module \spark_chip.
    Consolidated identical input bits for $mux cell $flatten\u_core.$procmux$4923:
      Old ports: A=$flatten\u_core.$1\t_wd[42:0], B=43'0000000000000000000000000000000000000000000, Y=\u_core.t_wd
      New ports: A={ $flatten\u_core.$1\t_wd[42:0] [42] $flatten\u_core.$1\t_wd[42:0] [33:0] }, B=35'00000000000000000000000000000000000, Y={ \u_core.t_wd [42] \u_core.t_wd [33:0] }
      New connections: \u_core.t_wd [41:34] = 8'00000000
  Optimizing cells in module \spark_chip.
Performed a total of 2 changes.

9.20.21. Executing OPT_MERGE pass (detect identical cells).
Finding identical cells in module `\spark_chip'.
Removed a total of 0 cells.

9.20.22. Executing OPT_SHARE pass.

9.20.23. Executing OPT_DFF pass (perform DFF optimizations).
Adding SRST signal on $auto$ff.cc:266:slice$14969 ($dffe) from module spark_chip (D = \tx_data [7], Q = \u_tx.sh [7], rval = 1'1).
Adding SRST signal on $auto$ff.cc:266:slice$14958 ($dffe) from module spark_chip (D = $auto$rtlil.cc:2498:Mux$11327, Q = \u_core.nzc[0], rval = 16'0000000000000000).
Adding SRST signal on $auto$ff.cc:266:slice$14955 ($dffe) from module spark_chip (D = $auto$rtlil.cc:2498:Mux$11327, Q = \u_core.nzc[1], rval = 16'0000000000000000).
Adding SRST signal on $auto$ff.cc:266:slice$14952 ($dffe) from module spark_chip (D = $auto$rtlil.cc:2498:Mux$11327, Q = \u_core.nzc[2], rval = 16'0000000000000000).

9.20.24. Executing OPT_CLEAN pass (remove unused cells and wires).
Finding unused cells or wires in module \spark_chip..
Removed 3 unused cells and 6 unused wires.
<suppressed ~4 debug messages>

9.20.25. Executing OPT_EXPR pass (perform const folding).
Optimizing module spark_chip.

9.20.26. Rerunning OPT passes. (Maybe there is more to do..)

9.20.27. Executing OPT_MUXTREE pass (detect dead branches in mux trees).
Running muxtree optimizer on module \spark_chip..
  Creating internal representation of mux trees.
  Evaluating internal representation of mux trees.
  Analyzing evaluation results.
Removed 0 multiplexer ports.
<suppressed ~138 debug messages>

9.20.28. Executing OPT_REDUCE pass (consolidate $*mux and $reduce_* inputs).
  Optimizing cells in module \spark_chip.
Performed a total of 0 changes.

9.20.29. Executing OPT_MERGE pass (detect identical cells).
Finding identical cells in module `\spark_chip'.
Removed a total of 0 cells.

9.20.30. Executing OPT_SHARE pass.

9.20.31. Executing OPT_DFF pass (perform DFF optimizations).

9.20.32. Executing OPT_CLEAN pass (remove unused cells and wires).
Finding unused cells or wires in module \spark_chip..

9.20.33. Executing OPT_EXPR pass (perform const folding).
Optimizing module spark_chip.

9.20.34. Finished OPT passes. (There is nothing left to do.)

9.21. Executing TECHMAP pass (map to technology primitives).

9.21.1. Executing Verilog-2005 frontend: /usr/bin/../share/yosys/techmap.v
Parsing Verilog input from `/usr/bin/../share/yosys/techmap.v' to AST representation.
Generating RTLIL representation for module `\_90_simplemap_bool_ops'.
Generating RTLIL representation for module `\_90_simplemap_reduce_ops'.
Generating RTLIL representation for module `\_90_simplemap_logic_ops'.
Generating RTLIL representation for module `\_90_simplemap_compare_ops'.
Generating RTLIL representation for module `\_90_simplemap_various'.
Generating RTLIL representation for module `\_90_simplemap_registers'.
Generating RTLIL representation for module `\_90_shift_ops_shr_shl_sshl_sshr'.
Generating RTLIL representation for module `\_90_shift_shiftx'.
Generating RTLIL representation for module `\_90_fa'.
Generating RTLIL representation for module `\_90_lcu'.
Generating RTLIL representation for module `\_90_alu'.
Generating RTLIL representation for module `\_90_macc'.
Generating RTLIL representation for module `\_90_alumacc'.
Generating RTLIL representation for module `\$__div_mod_u'.
Generating RTLIL representation for module `\$__div_mod_trunc'.
Generating RTLIL representation for module `\_90_div'.
Generating RTLIL representation for module `\_90_mod'.
Generating RTLIL representation for module `\$__div_mod_floor'.
Generating RTLIL representation for module `\_90_divfloor'.
Generating RTLIL representation for module `\_90_modfloor'.
Generating RTLIL representation for module `\_90_pow'.
Generating RTLIL representation for module `\_90_pmux'.
Generating RTLIL representation for module `\_90_demux'.
Generating RTLIL representation for module `\_90_lut'.
Successfully finished Verilog frontend.

9.21.2. Continuing TECHMAP pass.
Using extmapper simplemap for cells of type $and.
Using extmapper simplemap for cells of type $mux.
Using extmapper simplemap for cells of type $dffe.
Using extmapper simplemap for cells of type $xor.
Using extmapper simplemap for cells of type $or.
Using extmapper simplemap for cells of type $reduce_and.
Using extmapper simplemap for cells of type $eq.
Using extmapper simplemap for cells of type $sdffce.
Using extmapper simplemap for cells of type $not.
Using extmapper simplemap for cells of type $logic_not.
Using extmapper simplemap for cells of type $logic_and.
Using template $paramod$1d1e68f77481583066c6d429218f48ea9d5739b3\_90_alu for cells of type $alu.
Using extmapper simplemap for cells of type $logic_or.
Using template $paramod$e830d104b5de63a966ae948f6aff012e63986700\_90_pmux for cells of type $pmux.
Using extmapper simplemap for cells of type $reduce_or.
Using template $paramod$645fe0cc96ae5edb83bff90cc2c78f4a20ca3e3c\_90_pmux for cells of type $pmux.
Using template $paramod$32a7b7b86c07519b7537abc18e96f0331f97914d\_90_alu for cells of type $alu.
Using template $paramod$c2e415ef15bc3ccd2723772353a6b450d3d76206\_90_pmux for cells of type $pmux.
Using extmapper simplemap for cells of type $sdff.
Using extmapper simplemap for cells of type $sdffe.
Using extmapper simplemap for cells of type $adff.
Using extmapper simplemap for cells of type $dff.
Using template $paramod$97565c3687be688407d1272a293bd9d0ae6852dc\_90_pmux for cells of type $pmux.
Using template $paramod$0d149ffe75563ef6fcc1a3dddc59d00af28651a7\_90_pmux for cells of type $pmux.
Using template $paramod$2af30114e9bd4ccb04dad757b3f0a8f6bf0615b0\_90_alu for cells of type $alu.
Using template $paramod$8742280fdebca84e1c87f2a86ed84f62d558f4cc\_90_alu for cells of type $alu.
Using template $paramod$3ef7d3dd227da7627a99c5e5a6a4deb817573e39\_90_alu for cells of type $alu.
Using extmapper simplemap for cells of type $ne.
Using extmapper simplemap for cells of type $reduce_bool.
Using extmapper maccmap for cells of type $macc.
  add \u_core.hl * 8'01110011 (16x8 bits, signed)
Using template $paramod$2653f68ddb8eab7b1907b4a20767b72a824a7a36\_90_alu for cells of type $alu.
Using template $paramod$f2a3337f8be4f72f12f086eac58a9f6d30e48135\_90_alu for cells of type $alu.
Using template $paramod$constmap:bb9358e85f16c33ff42a48744b6c99b5a55857e8$paramod$e3fc5f9ed32b8b797df1dd5c8305580723c073f9\_90_shift_shiftx for cells of type $shiftx.
Using template $paramod$constmap:3bdc95c4f04e65274b3e6dc55283868d18a06f33$paramod$c5ca872e30a8bfd4b384efaeaba043435182e24e\_90_shift_shiftx for cells of type $shiftx.
Using template $paramod$constmap:d52fb5c79053939d5dc2a6fa996717194549edb4$paramod$958f67b8481f0085798c73d1b2b5ba0ce4c14c1f\_90_shift_shiftx for cells of type $shiftx.
Using template $paramod$constmap:8d725965b4345b93a463cf613bda6b40f5fc4212$paramod$9a5e85de2634293e098361b0804876bff8c5a36f\_90_shift_shiftx for cells of type $shiftx.
Using template $paramod$constmap:f94352283e3b2c9fa1d11d87b8386e759cec56c1$paramod$38a90700d8cd9d1651fba6a872f3c2bcd7e28883\_90_shift_shiftx for cells of type $shiftx.
Using template $paramod$8fabc56b80a569262acfc42757a02ca0b8e91278\_90_pmux for cells of type $pmux.
Using template $paramod$54d740639e1393b22262823179ff783ea9f17a35\_90_pmux for cells of type $pmux.
Using template $paramod$e95b69d3115bf069a0763f3951e78119084acbbc\_90_pmux for cells of type $pmux.
Using template $paramod$c5c783b17ab1d780abfad8cfe6563a0a7b47a3b0\_90_pmux for cells of type $pmux.
Using template $paramod$fedb90247e1daaa8b0af86a595f377181f141d27\_90_pmux for cells of type $pmux.
Using template $paramod$bf2533632d512eac76dd186c0da49367e29b8e98\_90_pmux for cells of type $pmux.
Using template $paramod$70d30c21ff772b34d0d1da2801fbd781dc3c70e4\_90_pmux for cells of type $pmux.
Using template $paramod$fc16b9f758000d363d24f130038bd99b46b4fa1b\_90_pmux for cells of type $pmux.
Using template $paramod$521ce43182eecb9f60c72393a788160d2c356bf5\_90_pmux for cells of type $pmux.
Using template $paramod$d629d85c8826a74239b9178d1930215a43b0ceb0\_90_pmux for cells of type $pmux.
Using template $paramod$ee6aae96ac61c94691bfe8c461d15653a85f16ef\_90_pmux for cells of type $pmux.
Using template $paramod$f28fc3f2e267d7716249e826e8c90c34ca9542c1\_90_alu for cells of type $alu.
Using template $paramod$ed0bb9616228df1e6c226f91f8133e751815f1b1\_90_pmux for cells of type $pmux.
Using template $paramod$ae63dc3b50d8e8327f3f28c91126b1f0b8c3a12c\_90_pmux for cells of type $pmux.
Using template $paramod$c4905825bb8ecc38b98eb4167e8b007447af7884\_90_alu for cells of type $alu.
Using template $paramod$117a422dd91271f31dcbd629d7b52dc0eb1e49ab\_90_alu for cells of type $alu.
Using template $paramod$6df0329addda9228fcc2546de2aaf14ad26c98e1\_90_alu for cells of type $alu.
Using template $paramod$d4c0c20b0ee59f495e14575c4397dc0a6dd9e8e6\_90_alu for cells of type $alu.
Using template $paramod$3ef274a4ad1e446c08416d1cf6cb5ab03146d407\_90_alu for cells of type $alu.
Using template $paramod$constmap:a2331dc0813356c8f6f6d65ef5f409e965f54919$paramod$ce55a091b10898838ad26aade7b445d84ab9783a\_90_shift_shiftx for cells of type $shift.
Analyzing pattern of constant bits for this cell:
  Constant input on bit 0 of port A: 1'1
  Constant input on bit 1 of port A: 1'1
  Constant input on bit 2 of port A: 1'1
  Constant input on bit 3 of port A: 1'1
  Constant input on bit 4 of port A: 1'1
  Constant input on bit 5 of port A: 1'1
  Constant input on bit 6 of port A: 1'1
  Constant input on bit 7 of port A: 1'1
  Constant input on bit 8 of port A: 1'1
  Constant input on bit 9 of port A: 1'1
  Constant input on bit 10 of port A: 1'1
  Constant input on bit 11 of port A: 1'1
  Constant input on bit 12 of port A: 1'1
  Constant input on bit 13 of port A: 1'1
  Constant input on bit 14 of port A: 1'1
  Constant input on bit 15 of port A: 1'1
Creating constmapped module `$paramod$constmap:ed500a28162eec6329bdc0ffa60bfac8c5883157$paramod$ce55a091b10898838ad26aade7b445d84ab9783a\_90_shift_shiftx'.

9.21.95. Executing OPT_MUXTREE pass (detect dead branches in mux trees).
Running muxtree optimizer on module $paramod$constmap:ed500a28162eec6329bdc0ffa60bfac8c5883157$paramod$ce55a091b10898838ad26aade7b445d84ab9783a\_90_shift_shiftx..
  Creating internal representation of mux trees.
  Evaluating internal representation of mux trees.
  Analyzing evaluation results.
    dead port 2/2 on $mux $procmux$64194.
    dead port 2/2 on $mux $procmux$64188.
    dead port 2/2 on $mux $procmux$64182.
    dead port 2/2 on $mux $procmux$64176.
    dead port 2/2 on $mux $procmux$64170.
    dead port 2/2 on $mux $procmux$64164.
Removed 6 multiplexer ports.
<suppressed ~3618 debug messages>

9.21.96. Executing OPT_EXPR pass (perform const folding).
Optimizing module $paramod$constmap:ed500a28162eec6329bdc0ffa60bfac8c5883157$paramod$ce55a091b10898838ad26aade7b445d84ab9783a\_90_shift_shiftx.
<suppressed ~28 debug messages>
Removed 0 unused cells and 11 unused wires.
Using template $paramod$constmap:ed500a28162eec6329bdc0ffa60bfac8c5883157$paramod$ce55a091b10898838ad26aade7b445d84ab9783a\_90_shift_shiftx for cells of type $shift.
Using template $paramod$dcb69476c4ea50ae33010ee411a8318aa586292f\_90_alu for cells of type $alu.
Using template $paramod$b8a7a49af93c9972e4faced050a7ddb2a5968b70\_90_alu for cells of type $alu.
Using template $paramod$328330d437327b1770eb4f7a48b5592faae794c6\_90_alu for cells of type $alu.
Using template $paramod$constmap:fe85ff9f5578ad4f77221d4960347efe47d3e528$paramod$9c26dffc1f26fbb5e41a0e9b38f441f6f7e95103\_90_shift_shiftx for cells of type $shift.
Analyzing pattern of constant bits for this cell:
  Constant input on bit 0 of port A: 1'1
  Constant input on bit 1 of port A: 1'1
  Constant input on bit 2 of port A: 1'1
  Constant input on bit 3 of port A: 1'1
  Constant input on bit 4 of port A: 1'1
  Constant input on bit 5 of port A: 1'1
  Constant input on bit 6 of port A: 1'1
  Constant input on bit 7 of port A: 1'1
  Constant input on bit 8 of port A: 1'1
  Constant input on bit 9 of port A: 1'1
  Constant input on bit 10 of port A: 1'1
  Constant input on bit 11 of port A: 1'1
  Constant input on bit 12 of port A: 1'1
  Constant input on bit 13 of port A: 1'1
  Constant input on bit 14 of port A: 1'1
  Constant input on bit 15 of port A: 1'1
  Constant input on bit 16 of port A: 1'1
  Constant input on bit 17 of port A: 1'1
  Constant input on bit 18 of port A: 1'1
  Constant input on bit 19 of port A: 1'1
  Constant input on bit 20 of port A: 1'1
  Constant input on bit 21 of port A: 1'1
  Constant input on bit 22 of port A: 1'1
  Constant input on bit 23 of port A: 1'1
  Constant input on bit 24 of port A: 1'1
  Constant input on bit 25 of port A: 1'1
  Constant input on bit 26 of port A: 1'1
  Constant input on bit 27 of port A: 1'1
  Constant input on bit 28 of port A: 1'1
  Constant input on bit 29 of port A: 1'1
  Constant input on bit 30 of port A: 1'1
  Constant input on bit 31 of port A: 1'1
  Constant input on bit 32 of port A: 1'1
  Constant input on bit 33 of port A: 1'1
  Constant input on bit 34 of port A: 1'1
  Constant input on bit 35 of port A: 1'1
  Constant input on bit 36 of port A: 1'1
  Constant input on bit 37 of port A: 1'1
  Constant input on bit 38 of port A: 1'1
  Constant input on bit 39 of port A: 1'1
  Constant input on bit 40 of port A: 1'1
  Constant input on bit 41 of port A: 1'1
  Constant input on bit 42 of port A: 1'1
  Constant input on bit 43 of port A: 1'1
  Constant input on bit 44 of port A: 1'1
  Constant input on bit 45 of port A: 1'1
  Constant input on bit 46 of port A: 1'1
  Constant input on bit 47 of port A: 1'1
  Constant input on bit 48 of port A: 1'1
  Constant input on bit 49 of port A: 1'1
  Constant input on bit 50 of port A: 1'1
  Constant input on bit 51 of port A: 1'1
  Constant input on bit 52 of port A: 1'1
  Constant input on bit 53 of port A: 1'1
  Constant input on bit 54 of port A: 1'1
  Constant input on bit 55 of port A: 1'1
  Constant input on bit 56 of port A: 1'1
  Constant input on bit 57 of port A: 1'1
  Constant input on bit 58 of port A: 1'1
  Constant input on bit 59 of port A: 1'1
  Constant input on bit 60 of port A: 1'1
  Constant input on bit 61 of port A: 1'1
  Constant input on bit 62 of port A: 1'1
  Constant input on bit 63 of port A: 1'1
Creating constmapped module `$paramod$constmap:cc961cae736138edb535fa40add44575f0357d44$paramod$9c26dffc1f26fbb5e41a0e9b38f441f6f7e95103\_90_shift_shiftx'.

9.21.108. Executing OPT_MUXTREE pass (detect dead branches in mux trees).
Running muxtree optimizer on module $paramod$constmap:cc961cae736138edb535fa40add44575f0357d44$paramod$9c26dffc1f26fbb5e41a0e9b38f441f6f7e95103\_90_shift_shiftx..
  Creating internal representation of mux trees.
  Evaluating internal representation of mux trees.
  Analyzing evaluation results.
    dead port 2/2 on $mux $procmux$64755.
    dead port 2/2 on $mux $procmux$64749.
    dead port 2/2 on $mux $procmux$64743.
    dead port 2/2 on $mux $procmux$64737.
    dead port 2/2 on $mux $procmux$64731.
    dead port 2/2 on $mux $procmux$64725.
    dead port 2/2 on $mux $procmux$64719.
    dead port 2/2 on $mux $procmux$64713.
Removed 8 multiplexer ports.
<suppressed ~328 debug messages>

9.21.109. Executing OPT_EXPR pass (perform const folding).
Optimizing module $paramod$constmap:cc961cae736138edb535fa40add44575f0357d44$paramod$9c26dffc1f26fbb5e41a0e9b38f441f6f7e95103\_90_shift_shiftx.
<suppressed ~26 debug messages>
Removed 0 unused cells and 13 unused wires.
Using template $paramod$constmap:cc961cae736138edb535fa40add44575f0357d44$paramod$9c26dffc1f26fbb5e41a0e9b38f441f6f7e95103\_90_shift_shiftx for cells of type $shift.
Using template $paramod$175e67c02b86e96b1288b9dc100122520d7240d8\_90_alu for cells of type $alu.
Using template $paramod$constmap:9b2bb9f3fd8e611fc0be4fdd30a9b22674ada952$paramod$d50b24baafc5b9e1f981e0c2062b98c049aa49eb\_90_shift_shiftx for cells of type $shiftx.
Using template $paramod$2470b7ea32c975a55c3ab8b283381b72d09e16d3\_90_alu for cells of type $alu.
Using template $paramod$bbdca6511838b4dd7a0f812c948877d0129b9ffa\_90_alu for cells of type $alu.
Using template $paramod$821d2886e47353e724eaca46af4992e9c3e6ac1d\_90_alu for cells of type $alu.
Using template $paramod$constmap:5bb736f28100a66674c02e4dcb544fb4c600c498$paramod$038383553253758e8f741c3dc0591b3c7e80f6b8\_90_shift_shiftx for cells of type $shiftx.
Using template $paramod$98fdd47e93ebd6ee7b239851ea6e44b4909054e6\_90_alu for cells of type $alu.
Using template $paramod$constmap:96db1c8882733f290d4b3012b59af5a420ef500e$paramod$d26ceb004b1c92f0df605bf9b3fc829369ac4a34\_90_shift_shiftx for cells of type $shift.
Analyzing pattern of constant bits for this cell:
  Constant input on bit 0 of port A: 1'1
  Constant input on bit 1 of port A: 1'1
  Constant input on bit 2 of port A: 1'1
  Constant input on bit 3 of port A: 1'1
Creating constmapped module `$paramod$constmap:79ee240afdfd622112cdf973c4ee8d97acf4a125$paramod$d26ceb004b1c92f0df605bf9b3fc829369ac4a34\_90_shift_shiftx'.

9.21.135. Executing OPT_MUXTREE pass (detect dead branches in mux trees).
Running muxtree optimizer on module $paramod$constmap:79ee240afdfd622112cdf973c4ee8d97acf4a125$paramod$d26ceb004b1c92f0df605bf9b3fc829369ac4a34\_90_shift_shiftx..
  Creating internal representation of mux trees.
  Evaluating internal representation of mux trees.
  Analyzing evaluation results.
    dead port 2/2 on $mux $procmux$65256.
    dead port 2/2 on $mux $procmux$65250.
    dead port 2/2 on $mux $procmux$65244.
    dead port 2/2 on $mux $procmux$65238.
    dead port 2/2 on $mux $procmux$65232.
    dead port 2/2 on $mux $procmux$65226.
Removed 6 multiplexer ports.
<suppressed ~700 debug messages>

9.21.136. Executing OPT_EXPR pass (perform const folding).
Optimizing module $paramod$constmap:79ee240afdfd622112cdf973c4ee8d97acf4a125$paramod$d26ceb004b1c92f0df605bf9b3fc829369ac4a34\_90_shift_shiftx.
<suppressed ~28 debug messages>
Removed 0 unused cells and 11 unused wires.
Using template $paramod$constmap:79ee240afdfd622112cdf973c4ee8d97acf4a125$paramod$d26ceb004b1c92f0df605bf9b3fc829369ac4a34\_90_shift_shiftx for cells of type $shift.
Using template $paramod$constmap:fef2dea0d08d3b0491c1bdccaa8a1b8243d36a83$paramod$21dee603dc19e4530a14795556c80eafcc4f26b8\_90_shift_shiftx for cells of type $shift.
Analyzing pattern of constant bits for this cell:
  Constant input on bit 0 of port A: 1'1
Creating constmapped module `$paramod$constmap:53f81d327ce76cbf6a8a98434119a90a4847620f$paramod$21dee603dc19e4530a14795556c80eafcc4f26b8\_90_shift_shiftx'.

9.21.142. Executing OPT_MUXTREE pass (detect dead branches in mux trees).
Running muxtree optimizer on module $paramod$constmap:53f81d327ce76cbf6a8a98434119a90a4847620f$paramod$21dee603dc19e4530a14795556c80eafcc4f26b8\_90_shift_shiftx..
  Creating internal representation of mux trees.
  Evaluating internal representation of mux trees.
  Analyzing evaluation results.
    dead port 2/2 on $mux $procmux$65454.
    dead port 2/2 on $mux $procmux$65448.
    dead port 2/2 on $mux $procmux$65442.
    dead port 2/2 on $mux $procmux$65436.
Removed 4 multiplexer ports.
<suppressed ~243 debug messages>

9.21.143. Executing OPT_EXPR pass (perform const folding).
Optimizing module $paramod$constmap:53f81d327ce76cbf6a8a98434119a90a4847620f$paramod$21dee603dc19e4530a14795556c80eafcc4f26b8\_90_shift_shiftx.
<suppressed ~29 debug messages>
Removed 0 unused cells and 9 unused wires.
Using template $paramod$constmap:53f81d327ce76cbf6a8a98434119a90a4847620f$paramod$21dee603dc19e4530a14795556c80eafcc4f26b8\_90_shift_shiftx for cells of type $shift.
Using template $paramod$7e708ae28ab761f11d0fb59d3ffc72f6a4baf5d9\_90_alu for cells of type $alu.
Using template $paramod$bee2d9b174e5d569acba3e70eed4e815564102b5\_90_alu for cells of type $alu.
  add \u_core.n_dl (8 bits, unsigned)
  add $auto$wreduce.cc:461:run$9281 [1:0] (2 bits, unsigned)
  add bits { \u_core.chg_rd [2] \u_core.chg_rd [3] \u_core.chg_rd [4] \u_core.chg_rd [5] \u_core.chg_rd [6] \u_core.chg_rd [7] } (6 bits)
  packed 3 (3) bits / 3 words into adder tree
  add { 8'00000000 \u_core.ctx_prev [23:0] } * 32'10011110001101110111100110110001 (32x32 bits, unsigned)
Using template $paramod$0a77e3c00010cb33e399decd813a7380c6e25cba\_90_alu for cells of type $alu.
Using template $paramod$adbaf76fa5a3091a329503792521395f8ff4d1a4\_90_alu for cells of type $alu.
Using template $paramod$6a42b6fefed750f8a1c58eab59479d960557103c\_90_alu for cells of type $alu.
Using template $paramod$103b4016182df467cceab67bcf3e18e6361ec0fd\_90_alu for cells of type $alu.
Using template $paramod$754650b284649a026620fc6856e5b6886cbfe794\_90_alu for cells of type $alu.
Using template $paramod$e82bc780abe45b949d821aa3d0d92433ac3b9e09\_90_alu for cells of type $alu.
  add \u_core.ev_v * \u_core.w_rd [3:0] (5x4 bits, signed)
Using template $paramod$fa8d9e4c2749d63ae521a69564d54ead1ad1232d\_90_alu for cells of type $alu.
  add 32'10011110001101110111100110110001 * \u_core.ctx [23:0] (32x24 bits, unsigned)
Using template $paramod$constmap:100c7a537617e70a5ea2c19346202cad4aa0c0ce$paramod$562ec6d6a69b56f57f5064f60993430f2dca6795\_90_shift_shiftx for cells of type $shiftx.
Using template $paramod$constmap:c81ca6220226ba63c49fdaa5cf7e24282dc50fc1$paramod$57a5f1a272e0827b84978429ccca4556ff24617e\_90_shift_shiftx for cells of type $shiftx.
Using template $paramod$constmap:491a332f3f1e0ffc589976a5f135d2ae965cbaa0$paramod$92bdcd5cc7a56d910078f9ff33586896cd725f39\_90_shift_shiftx for cells of type $shiftx.
Using template $paramod$18182f1e6654f3565ccaca8ae55e911ad72397ee\_90_alu for cells of type $alu.
Using template $paramod$3a2994e7fb2bb40f4f276dbd9a2c73466b1c6a8f\_90_alu for cells of type $alu.
Using template $paramod$bd91b1311a7e26328ec7b35acb363a89aa87e033\_90_alu for cells of type $alu.
Using template $paramod$3ace65afedd5f6a6849996376b6c02262a5f23eb\_90_alu for cells of type $alu.
Using template $paramod$f05836d85e1860e75a2ae13f8f5d94b1462396f8\_90_alu for cells of type $alu.
Using template $paramod$672c22484b44e0408ee981dbe2b7113511883732\_90_alu for cells of type $alu.
Using template $paramod$a7484d8e632daaa55385ba6c07492b56f14fc153\_90_alu for cells of type $alu.
Using template $paramod$958ce0e0aa199c3dc84773be7e605163a9a47c02\_90_alu for cells of type $alu.
Using template $paramod$672a140277c71df8314410f22acc08d55222c3c7\_90_alu for cells of type $alu.
  add \u_core.n_nz (8 bits, unsigned)
  add $auto$wreduce.cc:461:run$9280 [1:0] (2 bits, unsigned)
  add bits { \u_core.srcnz_rd [2] \u_core.srcnz_rd [3] \u_core.srcnz_rd [4] \u_core.srcnz_rd [5] \u_core.srcnz_rd [6] \u_core.srcnz_rd [7] } (6 bits)
  packed 3 (3) bits / 3 words into adder tree
  add $flatten\u_core.$shiftx$../../rtl/spark_core.v:0$1442_Y * 8'01110011 (16x8 bits, signed)
Using template $paramod$a1bc51c02ce12ac21eb18988e83292af48ed7d72\_90_alu for cells of type $alu.
  add $auto$wreduce.cc:461:run$9315 * 8'01110011 (16x8 bits, signed)
  add $auto$wreduce.cc:461:run$9313 * 8'01110011 (16x8 bits, signed)
  add \u_core.ev_v * \u_core.w_rd [31:28] (5x4 bits, signed)
  add \u_core.ev_v * \u_core.w_rd [27:24] (5x4 bits, signed)
  add \u_core.ev_v * \u_core.w_rd [23:20] (5x4 bits, signed)
  add \u_core.ev_v * \u_core.w_rd [19:16] (5x4 bits, signed)
  add \u_core.ev_v * \u_core.w_rd [15:12] (5x4 bits, signed)
  add \u_core.ev_v * \u_core.w_rd [11:8] (5x4 bits, signed)
  add \u_core.ev_v * \u_core.w_rd [7:4] (5x4 bits, signed)
Using template $paramod$dc04b7d98e503a7bab16fce2df70e6e2c5ca34d6\_90_alu for cells of type $alu.
Using template $paramod$1a3a0c35c4a4896fbfd612699525c057298e72d2\_90_alu for cells of type $alu.
Using template $paramod$740b056ede97228d3eae64ea2fdc81f0a33e0fe7\_90_alu for cells of type $alu.
Using extmapper simplemap for cells of type $pos.
Using template $paramod\_90_lcu\WIDTH=32'00000000000000000000000000000100 for cells of type $lcu.
Using template $paramod\_90_lcu\WIDTH=32'00000000000000000000000000010000 for cells of type $lcu.
Using template $paramod\_90_lcu\WIDTH=32'00000000000000000000000000000011 for cells of type $lcu.
Using template $paramod\_90_lcu\WIDTH=32'00000000000000000000000000000010 for cells of type $lcu.
Using template $paramod\_90_fa\WIDTH=32'00000000000000000000000000011000 for cells of type $fa.
Using template $paramod$e82d3fc1811c5751348a3964470632b35a435fc7\_90_alu for cells of type $alu.
Using template $paramod\_90_lcu\WIDTH=32'00000000000000000000000000100000 for cells of type $lcu.
Using template $paramod\_90_lcu\WIDTH=32'00000000000000000000000000000111 for cells of type $lcu.
Using template $paramod\_90_lcu\WIDTH=32'00000000000000000000000000100001 for cells of type $lcu.
Using template $paramod\_90_lcu\WIDTH=32'00000000000000000000000000010001 for cells of type $lcu.
Using template $paramod\_90_lcu\WIDTH=32'00000000000000000000000000001100 for cells of type $lcu.
Using template $paramod\_90_lcu\WIDTH=32'00000000000000000000000000001101 for cells of type $lcu.
Using template $paramod\_90_lcu\WIDTH=32'00000000000000000000000000000110 for cells of type $lcu.
Using template $paramod\_90_fa\WIDTH=32'00000000000000000000000000001000 for cells of type $fa.
Using template $paramod\_90_fa\WIDTH=32'00000000000000000000000000100000 for cells of type $fa.
Using template $paramod$fbc7873bff55778c0b3173955b7e4bce1d9d6834\_90_alu for cells of type $alu.
Using template $paramod\_90_lcu\WIDTH=32'00000000000000000000000000001000 for cells of type $lcu.
Using template $paramod\_90_lcu\WIDTH=32'00000000000000000000000000000001 for cells of type $lcu.
Using template $paramod\_90_lcu\WIDTH=32'00000000000000000000000000001010 for cells of type $lcu.
Using template $paramod\_90_fa\WIDTH=32'00000000000000000000000000001001 for cells of type $fa.
Using template $paramod$d2fa05d38998afabc6d4f34471305d0af4b8b2df\_90_alu for cells of type $alu.
Using template $paramod\_90_fa\WIDTH=32'00000000000000000000000000011111 for cells of type $fa.
Using template $paramod\_90_lcu\WIDTH=32'00000000000000000000000000000101 for cells of type $lcu.
Using template $paramod\_90_lcu\WIDTH=32'00000000000000000000000000010010 for cells of type $lcu.
Using template $paramod\_90_lcu\WIDTH=32'00000000000000000000000000011010 for cells of type $lcu.
Using template $paramod\_90_lcu\WIDTH=32'00000000000000000000000000001011 for cells of type $lcu.
Using template $paramod\_90_lcu\WIDTH=32'00000000000000000000000000011000 for cells of type $lcu.
Using template $paramod\_90_lcu\WIDTH=32'00000000000000000000000000001001 for cells of type $lcu.
No more expansions possible.
<suppressed ~13548 debug messages>

9.22. Executing OPT pass (performing simple optimizations).

9.22.1. Executing OPT_EXPR pass (perform const folding).
Optimizing module spark_chip.
<suppressed ~37994 debug messages>

9.22.2. Executing OPT_MERGE pass (detect identical cells).
Finding identical cells in module `\spark_chip'.
<suppressed ~18381 debug messages>
Removed a total of 6127 cells.

9.22.3. Executing OPT_DFF pass (perform DFF optimizations).
Adding SRST signal on $auto$ff.cc:266:slice$49481 ($_DFF_P_) from module spark_chip (D = $memory\u_core.u_th0.mem$rdmux[0][1][0]$a$14599 [57], Q = \u_core.u_th0.rd [15], rval = 1'0).
Adding SRST signal on $auto$ff.cc:266:slice$49501 ($_DFF_P_) from module spark_chip (D = $memory\u_core.u_th0.mem$rdmux[0][0][0]$b$14597 [82], Q = \u_core.u_th0.rd [47], rval = 1'0).
Adding SRST signal on $auto$ff.cc:266:slice$49541 ($_DFF_P_) from module spark_chip (D = $memory\u_core.u_th0.mem$rdmux[0][0][0]$a$14596 [77], Q = \u_core.u_th0.rd [111], rval = 1'0).

9.22.4. Executing OPT_CLEAN pass (remove unused cells and wires).
Finding unused cells or wires in module \spark_chip..
Removed 4894 unused cells and 10868 unused wires.
<suppressed ~4895 debug messages>

9.22.5. Rerunning OPT passes. (Removed registers in this run.)

9.22.6. Executing OPT_EXPR pass (perform const folding).
Optimizing module spark_chip.
<suppressed ~166 debug messages>

9.22.7. Executing OPT_MERGE pass (detect identical cells).
Finding identical cells in module `\spark_chip'.
<suppressed ~138 debug messages>
Removed a total of 46 cells.

9.22.8. Executing OPT_DFF pass (perform DFF optimizations).
Adding SRST signal on $auto$ff.cc:266:slice$44741 ($_DFFE_PP_) from module spark_chip (D = $flatten\u_core.$procmux$4245.Y_B [5], Q = \u_core.c [5], rval = 1'0).
Adding SRST signal on $auto$ff.cc:266:slice$44740 ($_DFFE_PP_) from module spark_chip (D = $flatten\u_core.$procmux$4245.Y_B [4], Q = \u_core.c [4], rval = 1'0).
Adding SRST signal on $auto$ff.cc:266:slice$44739 ($_DFFE_PP_) from module spark_chip (D = $flatten\u_core.$procmux$4245.Y_B [3], Q = \u_core.c [3], rval = 1'0).
Adding SRST signal on $auto$ff.cc:266:slice$44738 ($_DFFE_PP_) from module spark_chip (D = $flatten\u_core.$procmux$4245.Y_B [2], Q = \u_core.c [2], rval = 1'0).
Adding SRST signal on $auto$ff.cc:266:slice$44737 ($_DFFE_PP_) from module spark_chip (D = $flatten\u_core.$procmux$4245.Y_B [1], Q = \u_core.c [1], rval = 1'0).
Adding SRST signal on $auto$ff.cc:266:slice$44736 ($_DFFE_PP_) from module spark_chip (D = $flatten\u_core.$procmux$4245.Y_B [0], Q = \u_core.c [0], rval = 1'0).
Adding SRST signal on $auto$ff.cc:266:slice$17860 ($_SDFFCE_PP0P_) from module spark_chip (D = $flatten\u_core.$procmux$4427.B_AND_S [2], Q = \u_core.path [0], rval = 1'0).

9.22.9. Executing OPT_CLEAN pass (remove unused cells and wires).
Finding unused cells or wires in module \spark_chip..
Removed 7 unused cells and 94 unused wires.
<suppressed ~8 debug messages>

9.22.10. Rerunning OPT passes. (Removed registers in this run.)

9.22.11. Executing OPT_EXPR pass (perform const folding).
Optimizing module spark_chip.

9.22.12. Executing OPT_MERGE pass (detect identical cells).
Finding identical cells in module `\spark_chip'.
Removed a total of 0 cells.

9.22.13. Executing OPT_DFF pass (perform DFF optimizations).

9.22.14. Executing OPT_CLEAN pass (remove unused cells and wires).
Finding unused cells or wires in module \spark_chip..

9.22.15. Finished fast OPT passes.

9.23. Executing ABC pass (technology mapping using ABC).

9.23.1. Extracting gate netlist of module `\spark_chip' to `<abc-temp-dir>/input.blif'..
Extracted 40250 gates and 63395 wires to a netlist network with 23142 inputs and 3014 outputs.

9.23.1.1. Executing ABC.
Running ABC command: "<yosys-exe-dir>/yosys-abc" -s -f <abc-temp-dir>/abc.script 2>&1
ABC: ABC command line: "source <abc-temp-dir>/abc.script".
ABC: 
ABC: + read_blif <abc-temp-dir>/input.blif 
ABC: + read_library <abc-temp-dir>/stdcells.genlib 
ABC: Entered genlib library with 13 gates from file "<abc-temp-dir>/stdcells.genlib".
ABC: + strash 
ABC: + dretime 
ABC: + map 
ABC: + write_blif <abc-temp-dir>/output.blif 

9.23.1.2. Re-integrating ABC results.
ABC RESULTS:               MUX cells:    21425
ABC RESULTS:              XNOR cells:      997
ABC RESULTS:               NOR cells:     1129
ABC RESULTS:             ORNOT cells:      802
ABC RESULTS:               NOT cells:     1573
ABC RESULTS:                OR cells:     4349
ABC RESULTS:              NAND cells:      593
ABC RESULTS:            ANDNOT cells:     6411
ABC RESULTS:               AND cells:      638
ABC RESULTS:               XOR cells:     2470
ABC RESULTS:        internal signals:    37239
ABC RESULTS:           input signals:    23142
ABC RESULTS:          output signals:     3014
Removing temp directory.

9.24. Executing OPT pass (performing simple optimizations).

9.24.1. Executing OPT_EXPR pass (perform const folding).
Optimizing module spark_chip.
<suppressed ~2252 debug messages>

9.24.2. Executing OPT_MERGE pass (detect identical cells).
Finding identical cells in module `\spark_chip'.
<suppressed ~258 debug messages>
Removed a total of 86 cells.

9.24.3. Executing OPT_DFF pass (perform DFF optimizations).

9.24.4. Executing OPT_CLEAN pass (remove unused cells and wires).
Finding unused cells or wires in module \spark_chip..
Removed 17 unused cells and 30755 unused wires.
<suppressed ~105 debug messages>

9.24.5. Finished fast OPT passes.

9.25. Executing HIERARCHY pass (managing design hierarchy).

9.25.1. Analyzing design hierarchy..
Top module:  \spark_chip

9.25.2. Analyzing design hierarchy..
Top module:  \spark_chip
Removed 0 unused modules.

9.26. Printing statistics.

=== spark_chip ===

   Number of wires:              38826
   Number of wire bits:          69808
   Number of public wires:         665
   Number of public wire bits:   30258
   Number of memories:               0
   Number of memory bits:            0
   Number of processes:              0
   Number of cells:              62288
     $_ANDNOT_                    6403
     $_AND_                        631
     $_DFFE_PN_                     32
     $_DFFE_PP_                  20408
     $_DFF_PN1_                      2
     $_DFF_P_                     1050
     $_MUX_                      21422
     $_NAND_                       591
     $_NOR_                       1096
     $_NOT_                       1555
     $_ORNOT_                      799
     $_OR_                        4348
     $_SDFFCE_PN0P_                151
     $_SDFFCE_PN1P_                  5
     $_SDFFCE_PP0P_                  8
     $_SDFFCE_PP1P_                  1
     $_SDFFE_PP0N_                  40
     $_SDFFE_PP0P_                 241
     $_SDFFE_PP1N_                   1
     $_SDFFE_PP1P_                   6
     $_SDFF_PN0_                     2
     $_SDFF_PP0_                    12
     $_SDFF_PP1_                     1
     $_XNOR_                       995
     $_XOR_                       2444
     sky130_sram_2kbyte_1rw1r_32x512_8     44

9.27. Executing CHECK pass (checking for obvious problems).
Checking module spark_chip...
Found and reported 0 problems.

10. Executing DFFLIBMAP pass (mapping DFF cells to sequential cells from liberty file).
Warning: Found unsupported expression 'D&!SCE|SCD&SCE' in pin attribute of cell 'sky130_fd_sc_hd__sdfbbn_1' - skipping.
Warning: Found unsupported expression 'D&!SCE|SCD&SCE' in pin attribute of cell 'sky130_fd_sc_hd__sdfbbn_2' - skipping.
Warning: Found unsupported expression 'D&!SCE|SCD&SCE' in pin attribute of cell 'sky130_fd_sc_hd__sdfrtn_1' - skipping.
Warning: Found unsupported expression 'D&DE|IQ&!DE' in pin attribute of cell 'sky130_fd_sc_hd__edfxbp_1' - skipping.
Warning: Found unsupported expression 'D&DE|IQ&!DE' in pin attribute of cell 'sky130_fd_sc_hd__edfxtp_1' - skipping.
Warning: Found unsupported expression 'D&!SCE|SCD&SCE' in pin attribute of cell 'sky130_fd_sc_hd__sdfbbp_1' - skipping.
Warning: Found unsupported expression 'D&!SCE|SCD&SCE' in pin attribute of cell 'sky130_fd_sc_hd__sdfrbp_1' - skipping.
Warning: Found unsupported expression 'D&!SCE|SCD&SCE' in pin attribute of cell 'sky130_fd_sc_hd__sdfrbp_2' - skipping.
Warning: Found unsupported expression 'D&!SCE|SCD&SCE' in pin attribute of cell 'sky130_fd_sc_hd__sdfrtp_1' - skipping.
Warning: Found unsupported expression 'D&!SCE|SCD&SCE' in pin attribute of cell 'sky130_fd_sc_hd__sdfrtp_2' - skipping.
Warning: Found unsupported expression 'D&!SCE|SCD&SCE' in pin attribute of cell 'sky130_fd_sc_hd__sdfrtp_4' - skipping.
Warning: Found unsupported expression 'D&!SCE|SCD&SCE' in pin attribute of cell 'sky130_fd_sc_hd__sdfsbp_1' - skipping.
Warning: Found unsupported expression 'D&!SCE|SCD&SCE' in pin attribute of cell 'sky130_fd_sc_hd__sdfsbp_2' - skipping.
Warning: Found unsupported expression 'D&!SCE|SCD&SCE' in pin attribute of cell 'sky130_fd_sc_hd__sdfstp_1' - skipping.
Warning: Found unsupported expression 'D&!SCE|SCD&SCE' in pin attribute of cell 'sky130_fd_sc_hd__sdfstp_2' - skipping.
Warning: Found unsupported expression 'D&!SCE|SCD&SCE' in pin attribute of cell 'sky130_fd_sc_hd__sdfstp_4' - skipping.
Warning: Found unsupported expression 'D&!SCE|SCD&SCE' in pin attribute of cell 'sky130_fd_sc_hd__sdfxbp_1' - skipping.
Warning: Found unsupported expression 'D&!SCE|SCD&SCE' in pin attribute of cell 'sky130_fd_sc_hd__sdfxbp_2' - skipping.
Warning: Found unsupported expression 'D&!SCE|SCD&SCE' in pin attribute of cell 'sky130_fd_sc_hd__sdfxtp_1' - skipping.
Warning: Found unsupported expression 'D&!SCE|SCD&SCE' in pin attribute of cell 'sky130_fd_sc_hd__sdfxtp_2' - skipping.
Warning: Found unsupported expression 'D&!SCE|SCD&SCE' in pin attribute of cell 'sky130_fd_sc_hd__sdfxtp_4' - skipping.
Warning: Found unsupported expression 'D&DE&!SCE|IQ&!DE&!SCE|SCD&SCE' in pin attribute of cell 'sky130_fd_sc_hd__sedfxbp_1' - skipping.
Warning: Found unsupported expression 'D&DE&!SCE|IQ&!DE&!SCE|SCD&SCE' in pin attribute of cell 'sky130_fd_sc_hd__sedfxbp_2' - skipping.
Warning: Found unsupported expression 'D&DE&!SCE|IQ&!DE&!SCE|SCD&SCE' in pin attribute of cell 'sky130_fd_sc_hd__sedfxtp_1' - skipping.
Warning: Found unsupported expression 'D&DE&!SCE|IQ&!DE&!SCE|SCD&SCE' in pin attribute of cell 'sky130_fd_sc_hd__sedfxtp_2' - skipping.
Warning: Found unsupported expression 'D&DE&!SCE|IQ&!DE&!SCE|SCD&SCE' in pin attribute of cell 'sky130_fd_sc_hd__sedfxtp_4' - skipping.
  cell sky130_fd_sc_hd__dfxtp_1 (noninv, pins=3, area=20.02) is a direct match for cell type $_DFF_P_.
Warning: Found unsupported expression 'D&!SCE|SCD&SCE' in pin attribute of cell 'sky130_fd_sc_hd__sdfbbn_1' - skipping.
Warning: Found unsupported expression 'D&!SCE|SCD&SCE' in pin attribute of cell 'sky130_fd_sc_hd__sdfbbn_2' - skipping.
Warning: Found unsupported expression 'D&!SCE|SCD&SCE' in pin attribute of cell 'sky130_fd_sc_hd__sdfrtn_1' - skipping.
  cell sky130_fd_sc_hd__dfrtn_1 (noninv, pins=4, area=25.02) is a direct match for cell type $_DFF_NN0_.
Warning: Found unsupported expression 'D&!SCE|SCD&SCE' in pin attribute of cell 'sky130_fd_sc_hd__sdfbbn_1' - skipping.
Warning: Found unsupported expression 'D&!SCE|SCD&SCE' in pin attribute of cell 'sky130_fd_sc_hd__sdfbbn_2' - skipping.
Warning: Found unsupported expression 'D&!SCE|SCD&SCE' in pin attribute of cell 'sky130_fd_sc_hd__sdfrtn_1' - skipping.
Warning: Found unsupported expression 'D&!SCE|SCD&SCE' in pin attribute of cell 'sky130_fd_sc_hd__sdfbbn_1' - skipping.
Warning: Found unsupported expression 'D&!SCE|SCD&SCE' in pin attribute of cell 'sky130_fd_sc_hd__sdfbbn_2' - skipping.
Warning: Found unsupported expression 'D&!SCE|SCD&SCE' in pin attribute of cell 'sky130_fd_sc_hd__sdfrtn_1' - skipping.
Warning: Found unsupported expression 'D&!SCE|SCD&SCE' in pin attribute of cell 'sky130_fd_sc_hd__sdfbbn_1' - skipping.
Warning: Found unsupported expression 'D&!SCE|SCD&SCE' in pin attribute of cell 'sky130_fd_sc_hd__sdfbbn_2' - skipping.
Warning: Found unsupported expression 'D&!SCE|SCD&SCE' in pin attribute of cell 'sky130_fd_sc_hd__sdfrtn_1' - skipping.
Warning: Found unsupported expression 'D&DE|IQ&!DE' in pin attribute of cell 'sky130_fd_sc_hd__edfxbp_1' - skipping.
Warning: Found unsupported expression 'D&DE|IQ&!DE' in pin attribute of cell 'sky130_fd_sc_hd__edfxtp_1' - skipping.
Warning: Found unsupported expression 'D&!SCE|SCD&SCE' in pin attribute of cell 'sky130_fd_sc_hd__sdfbbp_1' - skipping.
Warning: Found unsupported expression 'D&!SCE|SCD&SCE' in pin attribute of cell 'sky130_fd_sc_hd__sdfrbp_1' - skipping.
Warning: Found unsupported expression 'D&!SCE|SCD&SCE' in pin attribute of cell 'sky130_fd_sc_hd__sdfrbp_2' - skipping.
Warning: Found unsupported expression 'D&!SCE|SCD&SCE' in pin attribute of cell 'sky130_fd_sc_hd__sdfrtp_1' - skipping.
Warning: Found unsupported expression 'D&!SCE|SCD&SCE' in pin attribute of cell 'sky130_fd_sc_hd__sdfrtp_2' - skipping.
Warning: Found unsupported expression 'D&!SCE|SCD&SCE' in pin attribute of cell 'sky130_fd_sc_hd__sdfrtp_4' - skipping.
Warning: Found unsupported expression 'D&!SCE|SCD&SCE' in pin attribute of cell 'sky130_fd_sc_hd__sdfsbp_1' - skipping.
Warning: Found unsupported expression 'D&!SCE|SCD&SCE' in pin attribute of cell 'sky130_fd_sc_hd__sdfsbp_2' - skipping.
Warning: Found unsupported expression 'D&!SCE|SCD&SCE' in pin attribute of cell 'sky130_fd_sc_hd__sdfstp_1' - skipping.
Warning: Found unsupported expression 'D&!SCE|SCD&SCE' in pin attribute of cell 'sky130_fd_sc_hd__sdfstp_2' - skipping.
Warning: Found unsupported expression 'D&!SCE|SCD&SCE' in pin attribute of cell 'sky130_fd_sc_hd__sdfstp_4' - skipping.
Warning: Found unsupported expression 'D&!SCE|SCD&SCE' in pin attribute of cell 'sky130_fd_sc_hd__sdfxbp_1' - skipping.
Warning: Found unsupported expression 'D&!SCE|SCD&SCE' in pin attribute of cell 'sky130_fd_sc_hd__sdfxbp_2' - skipping.
Warning: Found unsupported expression 'D&!SCE|SCD&SCE' in pin attribute of cell 'sky130_fd_sc_hd__sdfxtp_1' - skipping.
Warning: Found unsupported expression 'D&!SCE|SCD&SCE' in pin attribute of cell 'sky130_fd_sc_hd__sdfxtp_2' - skipping.
Warning: Found unsupported expression 'D&!SCE|SCD&SCE' in pin attribute of cell 'sky130_fd_sc_hd__sdfxtp_4' - skipping.
Warning: Found unsupported expression 'D&DE&!SCE|IQ&!DE&!SCE|SCD&SCE' in pin attribute of cell 'sky130_fd_sc_hd__sedfxbp_1' - skipping.
Warning: Found unsupported expression 'D&DE&!SCE|IQ&!DE&!SCE|SCD&SCE' in pin attribute of cell 'sky130_fd_sc_hd__sedfxbp_2' - skipping.
Warning: Found unsupported expression 'D&DE&!SCE|IQ&!DE&!SCE|SCD&SCE' in pin attribute of cell 'sky130_fd_sc_hd__sedfxtp_1' - skipping.
Warning: Found unsupported expression 'D&DE&!SCE|IQ&!DE&!SCE|SCD&SCE' in pin attribute of cell 'sky130_fd_sc_hd__sedfxtp_2' - skipping.
Warning: Found unsupported expression 'D&DE&!SCE|IQ&!DE&!SCE|SCD&SCE' in pin attribute of cell 'sky130_fd_sc_hd__sedfxtp_4' - skipping.
  cell sky130_fd_sc_hd__dfrtp_1 (noninv, pins=4, area=25.02) is a direct match for cell type $_DFF_PN0_.
Warning: Found unsupported expression 'D&DE|IQ&!DE' in pin attribute of cell 'sky130_fd_sc_hd__edfxbp_1' - skipping.
Warning: Found unsupported expression 'D&DE|IQ&!DE' in pin attribute of cell 'sky130_fd_sc_hd__edfxtp_1' - skipping.
Warning: Found unsupported expression 'D&!SCE|SCD&SCE' in pin attribute of cell 'sky130_fd_sc_hd__sdfbbp_1' - skipping.
Warning: Found unsupported expression 'D&!SCE|SCD&SCE' in pin attribute of cell 'sky130_fd_sc_hd__sdfrbp_1' - skipping.
Warning: Found unsupported expression 'D&!SCE|SCD&SCE' in pin attribute of cell 'sky130_fd_sc_hd__sdfrbp_2' - skipping.
Warning: Found unsupported expression 'D&!SCE|SCD&SCE' in pin attribute of cell 'sky130_fd_sc_hd__sdfrtp_1' - skipping.
Warning: Found unsupported expression 'D&!SCE|SCD&SCE' in pin attribute of cell 'sky130_fd_sc_hd__sdfrtp_2' - skipping.
Warning: Found unsupported expression 'D&!SCE|SCD&SCE' in pin attribute of cell 'sky130_fd_sc_hd__sdfrtp_4' - skipping.
Warning: Found unsupported expression 'D&!SCE|SCD&SCE' in pin attribute of cell 'sky130_fd_sc_hd__sdfsbp_1' - skipping.
Warning: Found unsupported expression 'D&!SCE|SCD&SCE' in pin attribute of cell 'sky130_fd_sc_hd__sdfsbp_2' - skipping.
Warning: Found unsupported expression 'D&!SCE|SCD&SCE' in pin attribute of cell 'sky130_fd_sc_hd__sdfstp_1' - skipping.
Warning: Found unsupported expression 'D&!SCE|SCD&SCE' in pin attribute of cell 'sky130_fd_sc_hd__sdfstp_2' - skipping.
Warning: Found unsupported expression 'D&!SCE|SCD&SCE' in pin attribute of cell 'sky130_fd_sc_hd__sdfstp_4' - skipping.
Warning: Found unsupported expression 'D&!SCE|SCD&SCE' in pin attribute of cell 'sky130_fd_sc_hd__sdfxbp_1' - skipping.
Warning: Found unsupported expression 'D&!SCE|SCD&SCE' in pin attribute of cell 'sky130_fd_sc_hd__sdfxbp_2' - skipping.
Warning: Found unsupported expression 'D&!SCE|SCD&SCE' in pin attribute of cell 'sky130_fd_sc_hd__sdfxtp_1' - skipping.
Warning: Found unsupported expression 'D&!SCE|SCD&SCE' in pin attribute of cell 'sky130_fd_sc_hd__sdfxtp_2' - skipping.
Warning: Found unsupported expression 'D&!SCE|SCD&SCE' in pin attribute of cell 'sky130_fd_sc_hd__sdfxtp_4' - skipping.
Warning: Found unsupported expression 'D&DE&!SCE|IQ&!DE&!SCE|SCD&SCE' in pin attribute of cell 'sky130_fd_sc_hd__sedfxbp_1' - skipping.
Warning: Found unsupported expression 'D&DE&!SCE|IQ&!DE&!SCE|SCD&SCE' in pin attribute of cell 'sky130_fd_sc_hd__sedfxbp_2' - skipping.
Warning: Found unsupported expression 'D&DE&!SCE|IQ&!DE&!SCE|SCD&SCE' in pin attribute of cell 'sky130_fd_sc_hd__sedfxtp_1' - skipping.
Warning: Found unsupported expression 'D&DE&!SCE|IQ&!DE&!SCE|SCD&SCE' in pin attribute of cell 'sky130_fd_sc_hd__sedfxtp_2' - skipping.
Warning: Found unsupported expression 'D&DE&!SCE|IQ&!DE&!SCE|SCD&SCE' in pin attribute of cell 'sky130_fd_sc_hd__sedfxtp_4' - skipping.
  cell sky130_fd_sc_hd__dfstp_2 (noninv, pins=4, area=26.28) is a direct match for cell type $_DFF_PN1_.
Warning: Found unsupported expression 'D&DE|IQ&!DE' in pin attribute of cell 'sky130_fd_sc_hd__edfxbp_1' - skipping.
Warning: Found unsupported expression 'D&DE|IQ&!DE' in pin attribute of cell 'sky130_fd_sc_hd__edfxtp_1' - skipping.
Warning: Found unsupported expression 'D&!SCE|SCD&SCE' in pin attribute of cell 'sky130_fd_sc_hd__sdfbbp_1' - skipping.
Warning: Found unsupported expression 'D&!SCE|SCD&SCE' in pin attribute of cell 'sky130_fd_sc_hd__sdfrbp_1' - skipping.
Warning: Found unsupported expression 'D&!SCE|SCD&SCE' in pin attribute of cell 'sky130_fd_sc_hd__sdfrbp_2' - skipping.
Warning: Found unsupported expression 'D&!SCE|SCD&SCE' in pin attribute of cell 'sky130_fd_sc_hd__sdfrtp_1' - skipping.
Warning: Found unsupported expression 'D&!SCE|SCD&SCE' in pin attribute of cell 'sky130_fd_sc_hd__sdfrtp_2' - skipping.
Warning: Found unsupported expression 'D&!SCE|SCD&SCE' in pin attribute of cell 'sky130_fd_sc_hd__sdfrtp_4' - skipping.
Warning: Found unsupported expression 'D&!SCE|SCD&SCE' in pin attribute of cell 'sky130_fd_sc_hd__sdfsbp_1' - skipping.
Warning: Found unsupported expression 'D&!SCE|SCD&SCE' in pin attribute of cell 'sky130_fd_sc_hd__sdfsbp_2' - skipping.
Warning: Found unsupported expression 'D&!SCE|SCD&SCE' in pin attribute of cell 'sky130_fd_sc_hd__sdfstp_1' - skipping.
Warning: Found unsupported expression 'D&!SCE|SCD&SCE' in pin attribute of cell 'sky130_fd_sc_hd__sdfstp_2' - skipping.
Warning: Found unsupported expression 'D&!SCE|SCD&SCE' in pin attribute of cell 'sky130_fd_sc_hd__sdfstp_4' - skipping.
Warning: Found unsupported expression 'D&!SCE|SCD&SCE' in pin attribute of cell 'sky130_fd_sc_hd__sdfxbp_1' - skipping.
Warning: Found unsupported expression 'D&!SCE|SCD&SCE' in pin attribute of cell 'sky130_fd_sc_hd__sdfxbp_2' - skipping.
Warning: Found unsupported expression 'D&!SCE|SCD&SCE' in pin attribute of cell 'sky130_fd_sc_hd__sdfxtp_1' - skipping.
Warning: Found unsupported expression 'D&!SCE|SCD&SCE' in pin attribute of cell 'sky130_fd_sc_hd__sdfxtp_2' - skipping.
Warning: Found unsupported expression 'D&!SCE|SCD&SCE' in pin attribute of cell 'sky130_fd_sc_hd__sdfxtp_4' - skipping.
Warning: Found unsupported expression 'D&DE&!SCE|IQ&!DE&!SCE|SCD&SCE' in pin attribute of cell 'sky130_fd_sc_hd__sedfxbp_1' - skipping.
Warning: Found unsupported expression 'D&DE&!SCE|IQ&!DE&!SCE|SCD&SCE' in pin attribute of cell 'sky130_fd_sc_hd__sedfxbp_2' - skipping.
Warning: Found unsupported expression 'D&DE&!SCE|IQ&!DE&!SCE|SCD&SCE' in pin attribute of cell 'sky130_fd_sc_hd__sedfxtp_1' - skipping.
Warning: Found unsupported expression 'D&DE&!SCE|IQ&!DE&!SCE|SCD&SCE' in pin attribute of cell 'sky130_fd_sc_hd__sedfxtp_2' - skipping.
Warning: Found unsupported expression 'D&DE&!SCE|IQ&!DE&!SCE|SCD&SCE' in pin attribute of cell 'sky130_fd_sc_hd__sedfxtp_4' - skipping.
Warning: Found unsupported expression 'D&DE|IQ&!DE' in pin attribute of cell 'sky130_fd_sc_hd__edfxbp_1' - skipping.
Warning: Found unsupported expression 'D&DE|IQ&!DE' in pin attribute of cell 'sky130_fd_sc_hd__edfxtp_1' - skipping.
Warning: Found unsupported expression 'D&!SCE|SCD&SCE' in pin attribute of cell 'sky130_fd_sc_hd__sdfbbp_1' - skipping.
Warning: Found unsupported expression 'D&!SCE|SCD&SCE' in pin attribute of cell 'sky130_fd_sc_hd__sdfrbp_1' - skipping.
Warning: Found unsupported expression 'D&!SCE|SCD&SCE' in pin attribute of cell 'sky130_fd_sc_hd__sdfrbp_2' - skipping.
Warning: Found unsupported expression 'D&!SCE|SCD&SCE' in pin attribute of cell 'sky130_fd_sc_hd__sdfrtp_1' - skipping.
Warning: Found unsupported expression 'D&!SCE|SCD&SCE' in pin attribute of cell 'sky130_fd_sc_hd__sdfrtp_2' - skipping.
Warning: Found unsupported expression 'D&!SCE|SCD&SCE' in pin attribute of cell 'sky130_fd_sc_hd__sdfrtp_4' - skipping.
Warning: Found unsupported expression 'D&!SCE|SCD&SCE' in pin attribute of cell 'sky130_fd_sc_hd__sdfsbp_1' - skipping.
Warning: Found unsupported expression 'D&!SCE|SCD&SCE' in pin attribute of cell 'sky130_fd_sc_hd__sdfsbp_2' - skipping.
Warning: Found unsupported expression 'D&!SCE|SCD&SCE' in pin attribute of cell 'sky130_fd_sc_hd__sdfstp_1' - skipping.
Warning: Found unsupported expression 'D&!SCE|SCD&SCE' in pin attribute of cell 'sky130_fd_sc_hd__sdfstp_2' - skipping.
Warning: Found unsupported expression 'D&!SCE|SCD&SCE' in pin attribute of cell 'sky130_fd_sc_hd__sdfstp_4' - skipping.
Warning: Found unsupported expression 'D&!SCE|SCD&SCE' in pin attribute of cell 'sky130_fd_sc_hd__sdfxbp_1' - skipping.
Warning: Found unsupported expression 'D&!SCE|SCD&SCE' in pin attribute of cell 'sky130_fd_sc_hd__sdfxbp_2' - skipping.
Warning: Found unsupported expression 'D&!SCE|SCD&SCE' in pin attribute of cell 'sky130_fd_sc_hd__sdfxtp_1' - skipping.
Warning: Found unsupported expression 'D&!SCE|SCD&SCE' in pin attribute of cell 'sky130_fd_sc_hd__sdfxtp_2' - skipping.
Warning: Found unsupported expression 'D&!SCE|SCD&SCE' in pin attribute of cell 'sky130_fd_sc_hd__sdfxtp_4' - skipping.
Warning: Found unsupported expression 'D&DE&!SCE|IQ&!DE&!SCE|SCD&SCE' in pin attribute of cell 'sky130_fd_sc_hd__sedfxbp_1' - skipping.
Warning: Found unsupported expression 'D&DE&!SCE|IQ&!DE&!SCE|SCD&SCE' in pin attribute of cell 'sky130_fd_sc_hd__sedfxbp_2' - skipping.
Warning: Found unsupported expression 'D&DE&!SCE|IQ&!DE&!SCE|SCD&SCE' in pin attribute of cell 'sky130_fd_sc_hd__sedfxtp_1' - skipping.
Warning: Found unsupported expression 'D&DE&!SCE|IQ&!DE&!SCE|SCD&SCE' in pin attribute of cell 'sky130_fd_sc_hd__sedfxtp_2' - skipping.
Warning: Found unsupported expression 'D&DE&!SCE|IQ&!DE&!SCE|SCD&SCE' in pin attribute of cell 'sky130_fd_sc_hd__sedfxtp_4' - skipping.
Warning: Found unsupported expression 'D&!SCE|SCD&SCE' in pin attribute of cell 'sky130_fd_sc_hd__sdfbbn_1' - skipping.
Warning: Found unsupported expression 'D&!SCE|SCD&SCE' in pin attribute of cell 'sky130_fd_sc_hd__sdfbbn_2' - skipping.
Warning: Found unsupported expression 'D&!SCE|SCD&SCE' in pin attribute of cell 'sky130_fd_sc_hd__sdfrtn_1' - skipping.
  cell sky130_fd_sc_hd__dfbbn_1 (noninv, pins=6, area=32.53) is a direct match for cell type $_DFFSR_NNN_.
Warning: Found unsupported expression 'D&!SCE|SCD&SCE' in pin attribute of cell 'sky130_fd_sc_hd__sdfbbn_1' - skipping.
Warning: Found unsupported expression 'D&!SCE|SCD&SCE' in pin attribute of cell 'sky130_fd_sc_hd__sdfbbn_2' - skipping.
Warning: Found unsupported expression 'D&!SCE|SCD&SCE' in pin attribute of cell 'sky130_fd_sc_hd__sdfrtn_1' - skipping.
Warning: Found unsupported expression 'D&!SCE|SCD&SCE' in pin attribute of cell 'sky130_fd_sc_hd__sdfbbn_1' - skipping.
Warning: Found unsupported expression 'D&!SCE|SCD&SCE' in pin attribute of cell 'sky130_fd_sc_hd__sdfbbn_2' - skipping.
Warning: Found unsupported expression 'D&!SCE|SCD&SCE' in pin attribute of cell 'sky130_fd_sc_hd__sdfrtn_1' - skipping.
Warning: Found unsupported expression 'D&!SCE|SCD&SCE' in pin attribute of cell 'sky130_fd_sc_hd__sdfbbn_1' - skipping.
Warning: Found unsupported expression 'D&!SCE|SCD&SCE' in pin attribute of cell 'sky130_fd_sc_hd__sdfbbn_2' - skipping.
Warning: Found unsupported expression 'D&!SCE|SCD&SCE' in pin attribute of cell 'sky130_fd_sc_hd__sdfrtn_1' - skipping.
Warning: Found unsupported expression 'D&DE|IQ&!DE' in pin attribute of cell 'sky130_fd_sc_hd__edfxbp_1' - skipping.
Warning: Found unsupported expression 'D&DE|IQ&!DE' in pin attribute of cell 'sky130_fd_sc_hd__edfxtp_1' - skipping.
Warning: Found unsupported expression 'D&!SCE|SCD&SCE' in pin attribute of cell 'sky130_fd_sc_hd__sdfbbp_1' - skipping.
Warning: Found unsupported expression 'D&!SCE|SCD&SCE' in pin attribute of cell 'sky130_fd_sc_hd__sdfrbp_1' - skipping.
Warning: Found unsupported expression 'D&!SCE|SCD&SCE' in pin attribute of cell 'sky130_fd_sc_hd__sdfrbp_2' - skipping.
Warning: Found unsupported expression 'D&!SCE|SCD&SCE' in pin attribute of cell 'sky130_fd_sc_hd__sdfrtp_1' - skipping.
Warning: Found unsupported expression 'D&!SCE|SCD&SCE' in pin attribute of cell 'sky130_fd_sc_hd__sdfrtp_2' - skipping.
Warning: Found unsupported expression 'D&!SCE|SCD&SCE' in pin attribute of cell 'sky130_fd_sc_hd__sdfrtp_4' - skipping.
Warning: Found unsupported expression 'D&!SCE|SCD&SCE' in pin attribute of cell 'sky130_fd_sc_hd__sdfsbp_1' - skipping.
Warning: Found unsupported expression 'D&!SCE|SCD&SCE' in pin attribute of cell 'sky130_fd_sc_hd__sdfsbp_2' - skipping.
Warning: Found unsupported expression 'D&!SCE|SCD&SCE' in pin attribute of cell 'sky130_fd_sc_hd__sdfstp_1' - skipping.
Warning: Found unsupported expression 'D&!SCE|SCD&SCE' in pin attribute of cell 'sky130_fd_sc_hd__sdfstp_2' - skipping.
Warning: Found unsupported expression 'D&!SCE|SCD&SCE' in pin attribute of cell 'sky130_fd_sc_hd__sdfstp_4' - skipping.
Warning: Found unsupported expression 'D&!SCE|SCD&SCE' in pin attribute of cell 'sky130_fd_sc_hd__sdfxbp_1' - skipping.
Warning: Found unsupported expression 'D&!SCE|SCD&SCE' in pin attribute of cell 'sky130_fd_sc_hd__sdfxbp_2' - skipping.
Warning: Found unsupported expression 'D&!SCE|SCD&SCE' in pin attribute of cell 'sky130_fd_sc_hd__sdfxtp_1' - skipping.
Warning: Found unsupported expression 'D&!SCE|SCD&SCE' in pin attribute of cell 'sky130_fd_sc_hd__sdfxtp_2' - skipping.
Warning: Found unsupported expression 'D&!SCE|SCD&SCE' in pin attribute of cell 'sky130_fd_sc_hd__sdfxtp_4' - skipping.
Warning: Found unsupported expression 'D&DE&!SCE|IQ&!DE&!SCE|SCD&SCE' in pin attribute of cell 'sky130_fd_sc_hd__sedfxbp_1' - skipping.
Warning: Found unsupported expression 'D&DE&!SCE|IQ&!DE&!SCE|SCD&SCE' in pin attribute of cell 'sky130_fd_sc_hd__sedfxbp_2' - skipping.
Warning: Found unsupported expression 'D&DE&!SCE|IQ&!DE&!SCE|SCD&SCE' in pin attribute of cell 'sky130_fd_sc_hd__sedfxtp_1' - skipping.
Warning: Found unsupported expression 'D&DE&!SCE|IQ&!DE&!SCE|SCD&SCE' in pin attribute of cell 'sky130_fd_sc_hd__sedfxtp_2' - skipping.
Warning: Found unsupported expression 'D&DE&!SCE|IQ&!DE&!SCE|SCD&SCE' in pin attribute of cell 'sky130_fd_sc_hd__sedfxtp_4' - skipping.
  cell sky130_fd_sc_hd__dfbbp_1 (noninv, pins=6, area=32.53) is a direct match for cell type $_DFFSR_PNN_.
Warning: Found unsupported expression 'D&DE|IQ&!DE' in pin attribute of cell 'sky130_fd_sc_hd__edfxbp_1' - skipping.
Warning: Found unsupported expression 'D&DE|IQ&!DE' in pin attribute of cell 'sky130_fd_sc_hd__edfxtp_1' - skipping.
Warning: Found unsupported expression 'D&!SCE|SCD&SCE' in pin attribute of cell 'sky130_fd_sc_hd__sdfbbp_1' - skipping.
Warning: Found unsupported expression 'D&!SCE|SCD&SCE' in pin attribute of cell 'sky130_fd_sc_hd__sdfrbp_1' - skipping.
Warning: Found unsupported expression 'D&!SCE|SCD&SCE' in pin attribute of cell 'sky130_fd_sc_hd__sdfrbp_2' - skipping.
Warning: Found unsupported expression 'D&!SCE|SCD&SCE' in pin attribute of cell 'sky130_fd_sc_hd__sdfrtp_1' - skipping.
Warning: Found unsupported expression 'D&!SCE|SCD&SCE' in pin attribute of cell 'sky130_fd_sc_hd__sdfrtp_2' - skipping.
Warning: Found unsupported expression 'D&!SCE|SCD&SCE' in pin attribute of cell 'sky130_fd_sc_hd__sdfrtp_4' - skipping.
Warning: Found unsupported expression 'D&!SCE|SCD&SCE' in pin attribute of cell 'sky130_fd_sc_hd__sdfsbp_1' - skipping.
Warning: Found unsupported expression 'D&!SCE|SCD&SCE' in pin attribute of cell 'sky130_fd_sc_hd__sdfsbp_2' - skipping.
Warning: Found unsupported expression 'D&!SCE|SCD&SCE' in pin attribute of cell 'sky130_fd_sc_hd__sdfstp_1' - skipping.
Warning: Found unsupported expression 'D&!SCE|SCD&SCE' in pin attribute of cell 'sky130_fd_sc_hd__sdfstp_2' - skipping.
Warning: Found unsupported expression 'D&!SCE|SCD&SCE' in pin attribute of cell 'sky130_fd_sc_hd__sdfstp_4' - skipping.
Warning: Found unsupported expression 'D&!SCE|SCD&SCE' in pin attribute of cell 'sky130_fd_sc_hd__sdfxbp_1' - skipping.
Warning: Found unsupported expression 'D&!SCE|SCD&SCE' in pin attribute of cell 'sky130_fd_sc_hd__sdfxbp_2' - skipping.
Warning: Found unsupported expression 'D&!SCE|SCD&SCE' in pin attribute of cell 'sky130_fd_sc_hd__sdfxtp_1' - skipping.
Warning: Found unsupported expression 'D&!SCE|SCD&SCE' in pin attribute of cell 'sky130_fd_sc_hd__sdfxtp_2' - skipping.
Warning: Found unsupported expression 'D&!SCE|SCD&SCE' in pin attribute of cell 'sky130_fd_sc_hd__sdfxtp_4' - skipping.
Warning: Found unsupported expression 'D&DE&!SCE|IQ&!DE&!SCE|SCD&SCE' in pin attribute of cell 'sky130_fd_sc_hd__sedfxbp_1' - skipping.
Warning: Found unsupported expression 'D&DE&!SCE|IQ&!DE&!SCE|SCD&SCE' in pin attribute of cell 'sky130_fd_sc_hd__sedfxbp_2' - skipping.
Warning: Found unsupported expression 'D&DE&!SCE|IQ&!DE&!SCE|SCD&SCE' in pin attribute of cell 'sky130_fd_sc_hd__sedfxtp_1' - skipping.
Warning: Found unsupported expression 'D&DE&!SCE|IQ&!DE&!SCE|SCD&SCE' in pin attribute of cell 'sky130_fd_sc_hd__sedfxtp_2' - skipping.
Warning: Found unsupported expression 'D&DE&!SCE|IQ&!DE&!SCE|SCD&SCE' in pin attribute of cell 'sky130_fd_sc_hd__sedfxtp_4' - skipping.
Warning: Found unsupported expression 'D&DE|IQ&!DE' in pin attribute of cell 'sky130_fd_sc_hd__edfxbp_1' - skipping.
Warning: Found unsupported expression 'D&DE|IQ&!DE' in pin attribute of cell 'sky130_fd_sc_hd__edfxtp_1' - skipping.
Warning: Found unsupported expression 'D&!SCE|SCD&SCE' in pin attribute of cell 'sky130_fd_sc_hd__sdfbbp_1' - skipping.
Warning: Found unsupported expression 'D&!SCE|SCD&SCE' in pin attribute of cell 'sky130_fd_sc_hd__sdfrbp_1' - skipping.
Warning: Found unsupported expression 'D&!SCE|SCD&SCE' in pin attribute of cell 'sky130_fd_sc_hd__sdfrbp_2' - skipping.
Warning: Found unsupported expression 'D&!SCE|SCD&SCE' in pin attribute of cell 'sky130_fd_sc_hd__sdfrtp_1' - skipping.
Warning: Found unsupported expression 'D&!SCE|SCD&SCE' in pin attribute of cell 'sky130_fd_sc_hd__sdfrtp_2' - skipping.
Warning: Found unsupported expression 'D&!SCE|SCD&SCE' in pin attribute of cell 'sky130_fd_sc_hd__sdfrtp_4' - skipping.
Warning: Found unsupported expression 'D&!SCE|SCD&SCE' in pin attribute of cell 'sky130_fd_sc_hd__sdfsbp_1' - skipping.
Warning: Found unsupported expression 'D&!SCE|SCD&SCE' in pin attribute of cell 'sky130_fd_sc_hd__sdfsbp_2' - skipping.
Warning: Found unsupported expression 'D&!SCE|SCD&SCE' in pin attribute of cell 'sky130_fd_sc_hd__sdfstp_1' - skipping.
Warning: Found unsupported expression 'D&!SCE|SCD&SCE' in pin attribute of cell 'sky130_fd_sc_hd__sdfstp_2' - skipping.
Warning: Found unsupported expression 'D&!SCE|SCD&SCE' in pin attribute of cell 'sky130_fd_sc_hd__sdfstp_4' - skipping.
Warning: Found unsupported expression 'D&!SCE|SCD&SCE' in pin attribute of cell 'sky130_fd_sc_hd__sdfxbp_1' - skipping.
Warning: Found unsupported expression 'D&!SCE|SCD&SCE' in pin attribute of cell 'sky130_fd_sc_hd__sdfxbp_2' - skipping.
Warning: Found unsupported expression 'D&!SCE|SCD&SCE' in pin attribute of cell 'sky130_fd_sc_hd__sdfxtp_1' - skipping.
Warning: Found unsupported expression 'D&!SCE|SCD&SCE' in pin attribute of cell 'sky130_fd_sc_hd__sdfxtp_2' - skipping.
Warning: Found unsupported expression 'D&!SCE|SCD&SCE' in pin attribute of cell 'sky130_fd_sc_hd__sdfxtp_4' - skipping.
Warning: Found unsupported expression 'D&DE&!SCE|IQ&!DE&!SCE|SCD&SCE' in pin attribute of cell 'sky130_fd_sc_hd__sedfxbp_1' - skipping.
Warning: Found unsupported expression 'D&DE&!SCE|IQ&!DE&!SCE|SCD&SCE' in pin attribute of cell 'sky130_fd_sc_hd__sedfxbp_2' - skipping.
Warning: Found unsupported expression 'D&DE&!SCE|IQ&!DE&!SCE|SCD&SCE' in pin attribute of cell 'sky130_fd_sc_hd__sedfxtp_1' - skipping.
Warning: Found unsupported expression 'D&DE&!SCE|IQ&!DE&!SCE|SCD&SCE' in pin attribute of cell 'sky130_fd_sc_hd__sedfxtp_2' - skipping.
Warning: Found unsupported expression 'D&DE&!SCE|IQ&!DE&!SCE|SCD&SCE' in pin attribute of cell 'sky130_fd_sc_hd__sedfxtp_4' - skipping.
Warning: Found unsupported expression 'D&DE|IQ&!DE' in pin attribute of cell 'sky130_fd_sc_hd__edfxbp_1' - skipping.
Warning: Found unsupported expression 'D&DE|IQ&!DE' in pin attribute of cell 'sky130_fd_sc_hd__edfxtp_1' - skipping.
Warning: Found unsupported expression 'D&!SCE|SCD&SCE' in pin attribute of cell 'sky130_fd_sc_hd__sdfbbp_1' - skipping.
Warning: Found unsupported expression 'D&!SCE|SCD&SCE' in pin attribute of cell 'sky130_fd_sc_hd__sdfrbp_1' - skipping.
Warning: Found unsupported expression 'D&!SCE|SCD&SCE' in pin attribute of cell 'sky130_fd_sc_hd__sdfrbp_2' - skipping.
Warning: Found unsupported expression 'D&!SCE|SCD&SCE' in pin attribute of cell 'sky130_fd_sc_hd__sdfrtp_1' - skipping.
Warning: Found unsupported expression 'D&!SCE|SCD&SCE' in pin attribute of cell 'sky130_fd_sc_hd__sdfrtp_2' - skipping.
Warning: Found unsupported expression 'D&!SCE|SCD&SCE' in pin attribute of cell 'sky130_fd_sc_hd__sdfrtp_4' - skipping.
Warning: Found unsupported expression 'D&!SCE|SCD&SCE' in pin attribute of cell 'sky130_fd_sc_hd__sdfsbp_1' - skipping.
Warning: Found unsupported expression 'D&!SCE|SCD&SCE' in pin attribute of cell 'sky130_fd_sc_hd__sdfsbp_2' - skipping.
Warning: Found unsupported expression 'D&!SCE|SCD&SCE' in pin attribute of cell 'sky130_fd_sc_hd__sdfstp_1' - skipping.
Warning: Found unsupported expression 'D&!SCE|SCD&SCE' in pin attribute of cell 'sky130_fd_sc_hd__sdfstp_2' - skipping.
Warning: Found unsupported expression 'D&!SCE|SCD&SCE' in pin attribute of cell 'sky130_fd_sc_hd__sdfstp_4' - skipping.
Warning: Found unsupported expression 'D&!SCE|SCD&SCE' in pin attribute of cell 'sky130_fd_sc_hd__sdfxbp_1' - skipping.
Warning: Found unsupported expression 'D&!SCE|SCD&SCE' in pin attribute of cell 'sky130_fd_sc_hd__sdfxbp_2' - skipping.
Warning: Found unsupported expression 'D&!SCE|SCD&SCE' in pin attribute of cell 'sky130_fd_sc_hd__sdfxtp_1' - skipping.
Warning: Found unsupported expression 'D&!SCE|SCD&SCE' in pin attribute of cell 'sky130_fd_sc_hd__sdfxtp_2' - skipping.
Warning: Found unsupported expression 'D&!SCE|SCD&SCE' in pin attribute of cell 'sky130_fd_sc_hd__sdfxtp_4' - skipping.
Warning: Found unsupported expression 'D&DE&!SCE|IQ&!DE&!SCE|SCD&SCE' in pin attribute of cell 'sky130_fd_sc_hd__sedfxbp_1' - skipping.
Warning: Found unsupported expression 'D&DE&!SCE|IQ&!DE&!SCE|SCD&SCE' in pin attribute of cell 'sky130_fd_sc_hd__sedfxbp_2' - skipping.
Warning: Found unsupported expression 'D&DE&!SCE|IQ&!DE&!SCE|SCD&SCE' in pin attribute of cell 'sky130_fd_sc_hd__sedfxtp_1' - skipping.
Warning: Found unsupported expression 'D&DE&!SCE|IQ&!DE&!SCE|SCD&SCE' in pin attribute of cell 'sky130_fd_sc_hd__sedfxtp_2' - skipping.
Warning: Found unsupported expression 'D&DE&!SCE|IQ&!DE&!SCE|SCD&SCE' in pin attribute of cell 'sky130_fd_sc_hd__sedfxtp_4' - skipping.
  final dff cell mappings:
    unmapped dff cell: $_DFF_N_
    \sky130_fd_sc_hd__dfxtp_1 _DFF_P_ (.CLK( C), .D( D), .Q( Q));
    \sky130_fd_sc_hd__dfrtn_1 _DFF_NN0_ (.CLK_N( C), .D( D), .Q( Q), .RESET_B( R));
    unmapped dff cell: $_DFF_NN1_
    unmapped dff cell: $_DFF_NP0_
    unmapped dff cell: $_DFF_NP1_
    \sky130_fd_sc_hd__dfrtp_1 _DFF_PN0_ (.CLK( C), .D( D), .Q( Q), .RESET_B( R));
    \sky130_fd_sc_hd__dfstp_2 _DFF_PN1_ (.CLK( C), .D( D), .Q( Q), .SET_B( R));
    unmapped dff cell: $_DFF_PP0_
    unmapped dff cell: $_DFF_PP1_
    \sky130_fd_sc_hd__dfbbn_1 _DFFSR_NNN_ (.CLK_N( C), .D( D), .Q( Q), .Q_N(~Q), .RESET_B( R), .SET_B( S));
    unmapped dff cell: $_DFFSR_NNP_
    unmapped dff cell: $_DFFSR_NPN_
    unmapped dff cell: $_DFFSR_NPP_
    \sky130_fd_sc_hd__dfbbp_1 _DFFSR_PNN_ (.CLK( C), .D( D), .Q( Q), .Q_N(~Q), .RESET_B( R), .SET_B( S));
    unmapped dff cell: $_DFFSR_PNP_
    unmapped dff cell: $_DFFSR_PPN_
    unmapped dff cell: $_DFFSR_PPP_

10.1. Executing DFFLEGALIZE pass (convert FFs to types supported by the target).
Mapping DFF cells in module `\spark_chip':
  mapped 2 $_DFF_PN1_ cells to \sky130_fd_sc_hd__dfstp_2 cells.
  mapped 21958 $_DFF_P_ cells to \sky130_fd_sc_hd__dfxtp_1 cells.

11. Executing ABC pass (technology mapping using ABC).

11.1. Extracting gate netlist of module `\spark_chip' to `<abc-temp-dir>/input.blif'..
Extracted 61645 gates and 84907 wires to a netlist network with 23260 inputs and 22090 outputs.

11.1.1. Executing ABC.
Running ABC command: "<yosys-exe-dir>/yosys-abc" -s -f <abc-temp-dir>/abc.script 2>&1
ABC: ABC command line: "source <abc-temp-dir>/abc.script".
ABC: 
ABC: + read_blif <abc-temp-dir>/input.blif 
ABC: + read_lib -w /home/user/gpu2.0/hw/asic/syn_chip/hd_tt_dontuse.lib 
ABC: Parsing finished successfully.  Parsing time =     0.09 sec
ABC: Scl_LibertyReadGenlib() skipped cell "sky130_fd_sc_hd__decap_12" without logic function.
ABC: Scl_LibertyReadGenlib() skipped cell "sky130_fd_sc_hd__decap_3" without logic function.
ABC: Scl_LibertyReadGenlib() skipped cell "sky130_fd_sc_hd__decap_4" without logic function.
ABC: Scl_LibertyReadGenlib() skipped cell "sky130_fd_sc_hd__decap_6" without logic function.
ABC: Scl_LibertyReadGenlib() skipped cell "sky130_fd_sc_hd__decap_8" without logic function.
ABC: Scl_LibertyReadGenlib() skipped sequential cell "sky130_fd_sc_hd__dfbbn_1".
ABC: Scl_LibertyReadGenlib() skipped sequential cell "sky130_fd_sc_hd__dfbbn_2".
ABC: Scl_LibertyReadGenlib() skipped sequential cell "sky130_fd_sc_hd__dfbbp_1".
ABC: Scl_LibertyReadGenlib() skipped sequential cell "sky130_fd_sc_hd__dfrbp_1".
ABC: Scl_LibertyReadGenlib() skipped sequential cell "sky130_fd_sc_hd__dfrbp_2".
ABC: Scl_LibertyReadGenlib() skipped sequential cell "sky130_fd_sc_hd__dfrtn_1".
ABC: Scl_LibertyReadGenlib() skipped sequential cell "sky130_fd_sc_hd__dfrtp_1".
ABC: Scl_LibertyReadGenlib() skipped sequential cell "sky130_fd_sc_hd__dfrtp_2".
ABC: Scl_LibertyReadGenlib() skipped sequential cell "sky130_fd_sc_hd__dfrtp_4".
ABC: Scl_LibertyReadGenlib() skipped sequential cell "sky130_fd_sc_hd__dfsbp_1".
ABC: Scl_LibertyReadGenlib() skipped sequential cell "sky130_fd_sc_hd__dfsbp_2".
ABC: Scl_LibertyReadGenlib() skipped sequential cell "sky130_fd_sc_hd__dfstp_1".
ABC: Scl_LibertyReadGenlib() skipped sequential cell "sky130_fd_sc_hd__dfstp_2".
ABC: Scl_LibertyReadGenlib() skipped sequential cell "sky130_fd_sc_hd__dfstp_4".
ABC: Scl_LibertyReadGenlib() skipped sequential cell "sky130_fd_sc_hd__dfxbp_1".
ABC: Scl_LibertyReadGenlib() skipped sequential cell "sky130_fd_sc_hd__dfxbp_2".
ABC: Scl_LibertyReadGenlib() skipped sequential cell "sky130_fd_sc_hd__dfxtp_1".
ABC: Scl_LibertyReadGenlib() skipped sequential cell "sky130_fd_sc_hd__dfxtp_2".
ABC: Scl_LibertyReadGenlib() skipped sequential cell "sky130_fd_sc_hd__dfxtp_4".
ABC: Scl_LibertyReadGenlib() skipped cell "sky130_fd_sc_hd__diode_2" without logic function.
ABC: Scl_LibertyReadGenlib() skipped cell "sky130_fd_sc_hd__dlclkp_1" without logic function.
ABC: Scl_LibertyReadGenlib() skipped cell "sky130_fd_sc_hd__dlclkp_2" without logic function.
ABC: Scl_LibertyReadGenlib() skipped cell "sky130_fd_sc_hd__dlclkp_4" without logic function.
ABC: Scl_LibertyReadGenlib() skipped sequential cell "sky130_fd_sc_hd__dlrbn_1".
ABC: Scl_LibertyReadGenlib() skipped sequential cell "sky130_fd_sc_hd__dlrbn_2".
ABC: Scl_LibertyReadGenlib() skipped sequential cell "sky130_fd_sc_hd__dlrbp_1".
ABC: Scl_LibertyReadGenlib() skipped sequential cell "sky130_fd_sc_hd__dlrbp_2".
ABC: Scl_LibertyReadGenlib() skipped sequential cell "sky130_fd_sc_hd__dlrtn_1".
ABC: Scl_LibertyReadGenlib() skipped sequential cell "sky130_fd_sc_hd__dlrtn_2".
ABC: Scl_LibertyReadGenlib() skipped sequential cell "sky130_fd_sc_hd__dlrtn_4".
ABC: Scl_LibertyReadGenlib() skipped sequential cell "sky130_fd_sc_hd__dlrtp_1".
ABC: Scl_LibertyReadGenlib() skipped sequential cell "sky130_fd_sc_hd__dlrtp_2".
ABC: Scl_LibertyReadGenlib() skipped sequential cell "sky130_fd_sc_hd__dlrtp_4".
ABC: Scl_LibertyReadGenlib() skipped sequential cell "sky130_fd_sc_hd__dlxbn_1".
ABC: Scl_LibertyReadGenlib() skipped sequential cell "sky130_fd_sc_hd__dlxbn_2".
ABC: Scl_LibertyReadGenlib() skipped sequential cell "sky130_fd_sc_hd__dlxbp_1".
ABC: Scl_LibertyReadGenlib() skipped sequential cell "sky130_fd_sc_hd__dlxtn_1".
ABC: Scl_LibertyReadGenlib() skipped sequential cell "sky130_fd_sc_hd__dlxtn_2".
ABC: Scl_LibertyReadGenlib() skipped sequential cell "sky130_fd_sc_hd__dlxtn_4".
ABC: Scl_LibertyReadGenlib() skipped sequential cell "sky130_fd_sc_hd__dlxtp_1".
ABC: Scl_LibertyReadGenlib() skipped three-state cell "sky130_fd_sc_hd__ebufn_1".
ABC: Scl_LibertyReadGenlib() skipped three-state cell "sky130_fd_sc_hd__ebufn_2".
ABC: Scl_LibertyReadGenlib() skipped three-state cell "sky130_fd_sc_hd__ebufn_4".
ABC: Scl_LibertyReadGenlib() skipped three-state cell "sky130_fd_sc_hd__ebufn_8".
ABC: Scl_LibertyReadGenlib() skipped sequential cell "sky130_fd_sc_hd__edfxbp_1".
ABC: Scl_LibertyReadGenlib() skipped sequential cell "sky130_fd_sc_hd__edfxtp_1".
ABC: Scl_LibertyReadGenlib() skipped three-state cell "sky130_fd_sc_hd__einvn_0".
ABC: Scl_LibertyReadGenlib() skipped three-state cell "sky130_fd_sc_hd__einvn_1".
ABC: Scl_LibertyReadGenlib() skipped three-state cell "sky130_fd_sc_hd__einvn_2".
ABC: Scl_LibertyReadGenlib() skipped three-state cell "sky130_fd_sc_hd__einvn_4".
ABC: Scl_LibertyReadGenlib() skipped three-state cell "sky130_fd_sc_hd__einvn_8".
ABC: Scl_LibertyReadGenlib() skipped three-state cell "sky130_fd_sc_hd__einvp_1".
ABC: Scl_LibertyReadGenlib() skipped three-state cell "sky130_fd_sc_hd__einvp_2".
ABC: Scl_LibertyReadGenlib() skipped three-state cell "sky130_fd_sc_hd__einvp_4".
ABC: Scl_LibertyReadGenlib() skipped three-state cell "sky130_fd_sc_hd__einvp_8".
ABC: Scl_LibertyReadGenlib() skipped cell "sky130_fd_sc_hd__lpflow_bleeder_1" due to dont_use attribute.
ABC: Scl_LibertyReadGenlib() skipped cell "sky130_fd_sc_hd__lpflow_clkbufkapwr_1" due to dont_use attribute.
ABC: Scl_LibertyReadGenlib() skipped cell "sky130_fd_sc_hd__lpflow_clkbufkapwr_16" due to dont_use attribute.
ABC: Scl_LibertyReadGenlib() skipped cell "sky130_fd_sc_hd__lpflow_clkbufkapwr_2" due to dont_use attribute.
ABC: Scl_LibertyReadGenlib() skipped cell "sky130_fd_sc_hd__lpflow_clkbufkapwr_4" due to dont_use attribute.
ABC: Scl_LibertyReadGenlib() skipped cell "sky130_fd_sc_hd__lpflow_clkbufkapwr_8" due to dont_use attribute.
ABC: Scl_LibertyReadGenlib() skipped cell "sky130_fd_sc_hd__lpflow_clkinvkapwr_1" due to dont_use attribute.
ABC: Scl_LibertyReadGenlib() skipped cell "sky130_fd_sc_hd__lpflow_clkinvkapwr_16" due to dont_use attribute.
ABC: Scl_LibertyReadGenlib() skipped cell "sky130_fd_sc_hd__lpflow_clkinvkapwr_2" due to dont_use attribute.
ABC: Scl_LibertyReadGenlib() skipped cell "sky130_fd_sc_hd__lpflow_clkinvkapwr_4" due to dont_use attribute.
ABC: Scl_LibertyReadGenlib() skipped cell "sky130_fd_sc_hd__lpflow_clkinvkapwr_8" due to dont_use attribute.
ABC: Scl_LibertyReadGenlib() skipped cell "sky130_fd_sc_hd__lpflow_decapkapwr_12" due to dont_use attribute.
ABC: Scl_LibertyReadGenlib() skipped cell "sky130_fd_sc_hd__lpflow_decapkapwr_3" due to dont_use attribute.
ABC: Scl_LibertyReadGenlib() skipped cell "sky130_fd_sc_hd__lpflow_decapkapwr_4" due to dont_use attribute.
ABC: Scl_LibertyReadGenlib() skipped cell "sky130_fd_sc_hd__lpflow_decapkapwr_6" due to dont_use attribute.
ABC: Scl_LibertyReadGenlib() skipped cell "sky130_fd_sc_hd__lpflow_decapkapwr_8" due to dont_use attribute.
ABC: Scl_LibertyReadGenlib() skipped cell "sky130_fd_sc_hd__lpflow_inputiso0n_1" due to dont_use attribute.
ABC: Scl_LibertyReadGenlib() skipped cell "sky130_fd_sc_hd__lpflow_inputiso0p_1" due to dont_use attribute.
ABC: Scl_LibertyReadGenlib() skipped cell "sky130_fd_sc_hd__lpflow_inputiso1n_1" due to dont_use attribute.
ABC: Scl_LibertyReadGenlib() skipped cell "sky130_fd_sc_hd__lpflow_inputiso1p_1" due to dont_use attribute.
ABC: Scl_LibertyReadGenlib() skipped sequential cell "sky130_fd_sc_hd__lpflow_inputisolatch_1".
ABC: Scl_LibertyReadGenlib() skipped cell "sky130_fd_sc_hd__lpflow_isobufsrc_1" due to dont_use attribute.
ABC: Scl_LibertyReadGenlib() skipped cell "sky130_fd_sc_hd__lpflow_isobufsrc_16" due to dont_use attribute.
ABC: Scl_LibertyReadGenlib() skipped cell "sky130_fd_sc_hd__lpflow_isobufsrc_2" due to dont_use attribute.
ABC: Scl_LibertyReadGenlib() skipped cell "sky130_fd_sc_hd__lpflow_isobufsrc_4" due to dont_use attribute.
ABC: Scl_LibertyReadGenlib() skipped cell "sky130_fd_sc_hd__lpflow_isobufsrc_8" due to dont_use attribute.
ABC: Scl_LibertyReadGenlib() skipped cell "sky130_fd_sc_hd__lpflow_isobufsrckapwr_16" due to dont_use attribute.
ABC: Scl_LibertyReadGenlib() skipped cell "sky130_fd_sc_hd__lpflow_lsbuf_lh_hl_isowell_tap_1" due to dont_use attribute.
ABC: Scl_LibertyReadGenlib() skipped cell "sky130_fd_sc_hd__lpflow_lsbuf_lh_hl_isowell_tap_2" due to dont_use attribute.
ABC: Scl_LibertyReadGenlib() skipped cell "sky130_fd_sc_hd__lpflow_lsbuf_lh_hl_isowell_tap_4" due to dont_use attribute.
ABC: Scl_LibertyReadGenlib() skipped cell "sky130_fd_sc_hd__lpflow_lsbuf_lh_isowell_4" due to dont_use attribute.
ABC: Scl_LibertyReadGenlib() skipped cell "sky130_fd_sc_hd__lpflow_lsbuf_lh_isowell_tap_1" due to dont_use attribute.
ABC: Scl_LibertyReadGenlib() skipped cell "sky130_fd_sc_hd__lpflow_lsbuf_lh_isowell_tap_2" due to dont_use attribute.
ABC: Scl_LibertyReadGenlib() skipped cell "sky130_fd_sc_hd__lpflow_lsbuf_lh_isowell_tap_4" due to dont_use attribute.
ABC: Scl_LibertyReadGenlib() skipped cell "sky130_fd_sc_hd__probe_p_8" due to dont_use attribute.
ABC: Scl_LibertyReadGenlib() skipped cell "sky130_fd_sc_hd__probec_p_8" due to dont_use attribute.
ABC: Scl_LibertyReadGenlib() skipped sequential cell "sky130_fd_sc_hd__sdfbbn_1".
ABC: Scl_LibertyReadGenlib() skipped sequential cell "sky130_fd_sc_hd__sdfbbn_2".
ABC: Scl_LibertyReadGenlib() skipped sequential cell "sky130_fd_sc_hd__sdfbbp_1".
ABC: Scl_LibertyReadGenlib() skipped sequential cell "sky130_fd_sc_hd__sdfrbp_1".
ABC: Scl_LibertyReadGenlib() skipped sequential cell "sky130_fd_sc_hd__sdfrbp_2".
ABC: Scl_LibertyReadGenlib() skipped sequential cell "sky130_fd_sc_hd__sdfrtn_1".
ABC: Scl_LibertyReadGenlib() skipped sequential cell "sky130_fd_sc_hd__sdfrtp_1".
ABC: Scl_LibertyReadGenlib() skipped sequential cell "sky130_fd_sc_hd__sdfrtp_2".
ABC: Scl_LibertyReadGenlib() skipped sequential cell "sky130_fd_sc_hd__sdfrtp_4".
ABC: Scl_LibertyReadGenlib() skipped sequential cell "sky130_fd_sc_hd__sdfsbp_1".
ABC: Scl_LibertyReadGenlib() skipped sequential cell "sky130_fd_sc_hd__sdfsbp_2".
ABC: Scl_LibertyReadGenlib() skipped sequential cell "sky130_fd_sc_hd__sdfstp_1".
ABC: Scl_LibertyReadGenlib() skipped sequential cell "sky130_fd_sc_hd__sdfstp_2".
ABC: Scl_LibertyReadGenlib() skipped sequential cell "sky130_fd_sc_hd__sdfstp_4".
ABC: Scl_LibertyReadGenlib() skipped sequential cell "sky130_fd_sc_hd__sdfxbp_1".
ABC: Scl_LibertyReadGenlib() skipped sequential cell "sky130_fd_sc_hd__sdfxbp_2".
ABC: Scl_LibertyReadGenlib() skipped sequential cell "sky130_fd_sc_hd__sdfxtp_1".
ABC: Scl_LibertyReadGenlib() skipped sequential cell "sky130_fd_sc_hd__sdfxtp_2".
ABC: Scl_LibertyReadGenlib() skipped sequential cell "sky130_fd_sc_hd__sdfxtp_4".
ABC: Scl_LibertyReadGenlib() skipped cell "sky130_fd_sc_hd__sdlclkp_1" without logic function.
ABC: Scl_LibertyReadGenlib() skipped cell "sky130_fd_sc_hd__sdlclkp_2" without logic function.
ABC: Scl_LibertyReadGenlib() skipped cell "sky130_fd_sc_hd__sdlclkp_4" without logic function.
ABC: Scl_LibertyReadGenlib() skipped sequential cell "sky130_fd_sc_hd__sedfxbp_1".
ABC: Scl_LibertyReadGenlib() skipped sequential cell "sky130_fd_sc_hd__sedfxbp_2".
ABC: Scl_LibertyReadGenlib() skipped sequential cell "sky130_fd_sc_hd__sedfxtp_1".
ABC: Scl_LibertyReadGenlib() skipped sequential cell "sky130_fd_sc_hd__sedfxtp_2".
ABC: Scl_LibertyReadGenlib() skipped sequential cell "sky130_fd_sc_hd__sedfxtp_4".
ABC: Library "sky130_fd_sc_hd__tt_025C_1v80" from "/home/user/gpu2.0/hw/asic/syn_chip/hd_tt_dontuse.lib" has 305 cells (88 skipped: 63 seq; 13 tri-state; 12 no func; 35 dont_use).  Time =     0.13 sec
ABC: Memory =   19.85 MB. Time =     0.13 sec
ABC: Warning: Detected 9 multi-output gates (for example, "sky130_fd_sc_hd__fa_1").
ABC: + strash 
ABC: + &get -n 
ABC: + &fraig -x 
ABC: + &put 
ABC: + scorr 
ABC: Warning: The network is combinational (run "fraig" or "fraig_sweep").
ABC: + dc2 
ABC: + dretime 
ABC: + retime -o -D 20000 
ABC: + strash 
ABC: + &get -n 
ABC: + &dch -f 
ABC: + &nf -D 20000 
ABC: + &put 
ABC: + write_blif <abc-temp-dir>/output.blif 

11.1.2. Re-integrating ABC results.
ABC RESULTS:   sky130_fd_sc_hd__o221a_1 cells:       16
ABC RESULTS:   sky130_fd_sc_hd__a222oi_1 cells:       47
ABC RESULTS:   sky130_fd_sc_hd__o32ai_1 cells:        6
ABC RESULTS:   sky130_fd_sc_hd__a32oi_1 cells:       21
ABC RESULTS:   sky130_fd_sc_hd__o32a_1 cells:        4
ABC RESULTS:   sky130_fd_sc_hd__a311oi_1 cells:        2
ABC RESULTS:   sky130_fd_sc_hd__o2bb2ai_1 cells:        2
ABC RESULTS:   sky130_fd_sc_hd__xor3_1 cells:       20
ABC RESULTS:   sky130_fd_sc_hd__xnor3_1 cells:       45
ABC RESULTS:   sky130_fd_sc_hd__nor4bb_1 cells:        6
ABC RESULTS:   sky130_fd_sc_hd__or3b_1 cells:        3
ABC RESULTS:   sky130_fd_sc_hd__a2111o_1 cells:        1
ABC RESULTS:   sky130_fd_sc_hd__o41a_1 cells:        2
ABC RESULTS:   sky130_fd_sc_hd__and4b_1 cells:       10
ABC RESULTS:   sky130_fd_sc_hd__a211o_1 cells:        9
ABC RESULTS:   sky130_fd_sc_hd__a2bb2oi_1 cells:        5
ABC RESULTS:   sky130_fd_sc_hd__o31a_1 cells:       14
ABC RESULTS:   sky130_fd_sc_hd__a41o_1 cells:        4
ABC RESULTS:   sky130_fd_sc_hd__o21bai_1 cells:       27
ABC RESULTS:   sky130_fd_sc_hd__a21bo_1 cells:        1
ABC RESULTS:   sky130_fd_sc_hd__a21boi_0 cells:       32
ABC RESULTS:   sky130_fd_sc_hd__o2111a_1 cells:        2
ABC RESULTS:   sky130_fd_sc_hd__o211a_1 cells:        2
ABC RESULTS:   sky130_fd_sc_hd__a31o_1 cells:        6
ABC RESULTS:   sky130_fd_sc_hd__o22a_1 cells:       27
ABC RESULTS:   sky130_fd_sc_hd__mux4_2 cells:     2156
ABC RESULTS:   sky130_fd_sc_hd__o21a_1 cells:      193
ABC RESULTS:   sky130_fd_sc_hd__and4_1 cells:        4
ABC RESULTS:   sky130_fd_sc_hd__xnor2_1 cells:     1540
ABC RESULTS:   sky130_fd_sc_hd__a221o_1 cells:      128
ABC RESULTS:   sky130_fd_sc_hd__maj3_1 cells:      541
ABC RESULTS:   sky130_fd_sc_hd__o22ai_1 cells:       75
ABC RESULTS:   sky130_fd_sc_hd__clkinv_1 cells:      350
ABC RESULTS:   sky130_fd_sc_hd__a32o_1 cells:        6
ABC RESULTS:   sky130_fd_sc_hd__o41ai_1 cells:        7
ABC RESULTS:   sky130_fd_sc_hd__o311ai_0 cells:      854
ABC RESULTS:   sky130_fd_sc_hd__nor4b_1 cells:        6
ABC RESULTS:   sky130_fd_sc_hd__a41oi_1 cells:        9
ABC RESULTS:   sky130_fd_sc_hd__and3b_1 cells:        3
ABC RESULTS:   sky130_fd_sc_hd__a2111oi_0 cells:       10
ABC RESULTS:   sky130_fd_sc_hd__and2_0 cells:       99
ABC RESULTS:   sky130_fd_sc_hd__o2111ai_1 cells:       23
ABC RESULTS:   sky130_fd_sc_hd__o221ai_1 cells:      709
ABC RESULTS:   sky130_fd_sc_hd__o311a_1 cells:       18
ABC RESULTS:   sky130_fd_sc_hd__a211oi_1 cells:      639
ABC RESULTS:   sky130_fd_sc_hd__nand4b_1 cells:        6
ABC RESULTS:   sky130_fd_sc_hd__nor4_1 cells:       76
ABC RESULTS:   sky130_fd_sc_hd__a22oi_1 cells:      227
ABC RESULTS:   sky130_fd_sc_hd__a21o_1 cells:      115
ABC RESULTS:   sky130_fd_sc_hd__and3_1 cells:       98
ABC RESULTS:   sky130_fd_sc_hd__xor2_1 cells:      701
ABC RESULTS:   sky130_fd_sc_hd__nor3b_1 cells:       29
ABC RESULTS:   sky130_fd_sc_hd__or4_1 cells:       19
ABC RESULTS:   sky130_fd_sc_hd__nand3_1 cells:      497
ABC RESULTS:   sky130_fd_sc_hd__or2_0 cells:      151
ABC RESULTS:   sky130_fd_sc_hd__nor2b_1 cells:      170
ABC RESULTS:   sky130_fd_sc_hd__mux2_1 cells:      238
ABC RESULTS:   sky130_fd_sc_hd__nor3_1 cells:      709
ABC RESULTS:   sky130_fd_sc_hd__a22o_1 cells:      324
ABC RESULTS:   sky130_fd_sc_hd__mux2i_1 cells:     2064
ABC RESULTS:   sky130_fd_sc_hd__nand2b_1 cells:      381
ABC RESULTS:   sky130_fd_sc_hd__a221oi_1 cells:     1770
ABC RESULTS:   sky130_fd_sc_hd__nand3b_1 cells:       14
ABC RESULTS:   sky130_fd_sc_hd__o211ai_1 cells:       95
ABC RESULTS:   sky130_fd_sc_hd__a31oi_1 cells:      360
ABC RESULTS:   sky130_fd_sc_hd__or3_1 cells:      310
ABC RESULTS:   sky130_fd_sc_hd__nand4_1 cells:       80
ABC RESULTS:   sky130_fd_sc_hd__o31ai_1 cells:     2861
ABC RESULTS:   sky130_fd_sc_hd__nand2_1 cells:    22450
ABC RESULTS:   sky130_fd_sc_hd__o21ai_0 cells:    13141
ABC RESULTS:   sky130_fd_sc_hd__a21oi_1 cells:    10666
ABC RESULTS:   sky130_fd_sc_hd__nor2_1 cells:     7840
ABC RESULTS:        internal signals:    39557
ABC RESULTS:           input signals:    23260
ABC RESULTS:          output signals:    22090
Removing temp directory.

12. Executing SETUNDEF pass (replace undef values with defined constants).

13. Executing SPLITNETS pass (splitting up multi-bit signals).

14. Executing OPT_CLEAN pass (remove unused cells and wires).
Finding unused cells or wires in module \spark_chip..
Removed 0 unused cells and 91058 unused wires.
<suppressed ~6814 debug messages>

15. Executing HILOMAP pass (mapping to constant drivers).

16. Executing INSBUF pass (insert buffer cells for connected wires).

17. Executing OPT_CLEAN pass (remove unused cells and wires).
Finding unused cells or wires in module \spark_chip..

18. Printing statistics.

=== spark_chip ===

   Number of wires:              96790
   Number of wire bits:          96790
   Number of public wires:       23445
   Number of public wire bits:   23445
   Number of memories:               0
   Number of memory bits:            0
   Number of processes:              0
   Number of cells:              95423
     sky130_fd_sc_hd__a2111o_1       1
     sky130_fd_sc_hd__a2111oi_0     10
     sky130_fd_sc_hd__a211o_1        9
     sky130_fd_sc_hd__a211oi_1     639
     sky130_fd_sc_hd__a21bo_1        1
     sky130_fd_sc_hd__a21boi_0      32
     sky130_fd_sc_hd__a21o_1       115
     sky130_fd_sc_hd__a21oi_1    10666
     sky130_fd_sc_hd__a221o_1      128
     sky130_fd_sc_hd__a221oi_1    1770
     sky130_fd_sc_hd__a222oi_1      47
     sky130_fd_sc_hd__a22o_1       324
     sky130_fd_sc_hd__a22oi_1      227
     sky130_fd_sc_hd__a2bb2oi_1      5
     sky130_fd_sc_hd__a311oi_1       2
     sky130_fd_sc_hd__a31o_1         6
     sky130_fd_sc_hd__a31oi_1      360
     sky130_fd_sc_hd__a32o_1         6
     sky130_fd_sc_hd__a32oi_1       21
     sky130_fd_sc_hd__a41o_1         4
     sky130_fd_sc_hd__a41oi_1        9
     sky130_fd_sc_hd__and2_0        99
     sky130_fd_sc_hd__and3_1        98
     sky130_fd_sc_hd__and3b_1        3
     sky130_fd_sc_hd__and4_1         4
     sky130_fd_sc_hd__and4b_1       10
     sky130_fd_sc_hd__clkinv_1     350
     sky130_fd_sc_hd__conb_1       343
     sky130_fd_sc_hd__dfstp_2        2
     sky130_fd_sc_hd__dfxtp_1    21958
     sky130_fd_sc_hd__maj3_1       541
     sky130_fd_sc_hd__mux2_1       238
     sky130_fd_sc_hd__mux2i_1     2064
     sky130_fd_sc_hd__mux4_2      2156
     sky130_fd_sc_hd__nand2_1    22450
     sky130_fd_sc_hd__nand2b_1     381
     sky130_fd_sc_hd__nand3_1      497
     sky130_fd_sc_hd__nand3b_1      14
     sky130_fd_sc_hd__nand4_1       80
     sky130_fd_sc_hd__nand4b_1       6
     sky130_fd_sc_hd__nor2_1      7840
     sky130_fd_sc_hd__nor2b_1      170
     sky130_fd_sc_hd__nor3_1       709
     sky130_fd_sc_hd__nor3b_1       29
     sky130_fd_sc_hd__nor4_1        76
     sky130_fd_sc_hd__nor4b_1        6
     sky130_fd_sc_hd__nor4bb_1       6
     sky130_fd_sc_hd__o2111a_1       2
     sky130_fd_sc_hd__o2111ai_1     23
     sky130_fd_sc_hd__o211a_1        2
     sky130_fd_sc_hd__o211ai_1      95
     sky130_fd_sc_hd__o21a_1       193
     sky130_fd_sc_hd__o21ai_0    13141
     sky130_fd_sc_hd__o21bai_1      27
     sky130_fd_sc_hd__o221a_1       16
     sky130_fd_sc_hd__o221ai_1     709
     sky130_fd_sc_hd__o22a_1        27
     sky130_fd_sc_hd__o22ai_1       75
     sky130_fd_sc_hd__o2bb2ai_1      2
     sky130_fd_sc_hd__o311a_1       18
     sky130_fd_sc_hd__o311ai_0     854
     sky130_fd_sc_hd__o31a_1        14
     sky130_fd_sc_hd__o31ai_1     2861
     sky130_fd_sc_hd__o32a_1         4
     sky130_fd_sc_hd__o32ai_1        6
     sky130_fd_sc_hd__o41a_1         2
     sky130_fd_sc_hd__o41ai_1        7
     sky130_fd_sc_hd__or2_0        151
     sky130_fd_sc_hd__or3_1        310
     sky130_fd_sc_hd__or3b_1         3
     sky130_fd_sc_hd__or4_1         19
     sky130_fd_sc_hd__xnor2_1     1540
     sky130_fd_sc_hd__xnor3_1       45
     sky130_fd_sc_hd__xor2_1       701
     sky130_fd_sc_hd__xor3_1        20
     sky130_sram_2kbyte_1rw1r_32x512_8     44

   Chip area for module '\spark_chip': 13378367.643199

19. Executing Verilog backend.
Dumping module `\spark_chip'.

Warnings: 46 unique messages, 273 total
End of script. Logfile hash: defcfb5727, CPU: user 41.46s system 0.25s, MEM: 352.41 MB peak
Yosys 0.33 (git sha1 2584903a060)
Time spent: 45% 2x abc (32 sec), 15% 97x opt_expr (10 sec), ...
