OpenROAD f12e2f474102bfb875eeee57fb610d7d7de17770 
This program is licensed under the BSD-3 license. See the LICENSE file for details.
Components of this program may be licensed under more restrictive licenses which must be honored.
[INFO ORD-0030] Using 4 thread(s).
[INFO ODB-0222] Reading LEF file: /opt/eda_pdk/share/pdk/sky130A/libs.ref/sky130_fd_sc_hd/techlef/sky130_fd_sc_hd__nom.tlef
[INFO ODB-0223]     Created 14 technology layers
[INFO ODB-0224]     Created 25 technology vias
[INFO ODB-0226] Finished LEF file:  /opt/eda_pdk/share/pdk/sky130A/libs.ref/sky130_fd_sc_hd/techlef/sky130_fd_sc_hd__nom.tlef
[INFO ODB-0222] Reading LEF file: /opt/eda_pdk/share/pdk/sky130A/libs.ref/sky130_fd_sc_hd/lef/sky130_fd_sc_hd.lef
[WARNING ODB-0220] WARNING (LEFPARS-2008): NOWIREEXTENSIONATPIN statement is obsolete in version 5.6 or later.
The NOWIREEXTENSIONATPIN statement will be ignored. See file /opt/eda_pdk/share/pdk/sky130A/libs.ref/sky130_fd_sc_hd/lef/sky130_fd_sc_hd.lef at line 2.

[INFO ODB-0225]     Created 437 library cells
[INFO ODB-0226] Finished LEF file:  /opt/eda_pdk/share/pdk/sky130A/libs.ref/sky130_fd_sc_hd/lef/sky130_fd_sc_hd.lef
[INFO ODB-0222] Reading LEF file: /opt/sky130_sram_macros/sky130_sram_2kbyte_1rw1r_32x512_8/sky130_sram_2kbyte_1rw1r_32x512_8.lef
[INFO ODB-0225]     Created 1 library cells
[INFO ODB-0226] Finished LEF file:  /opt/sky130_sram_macros/sky130_sram_2kbyte_1rw1r_32x512_8/sky130_sram_2kbyte_1rw1r_32x512_8.lef
[WARNING IFP-0028] Core area lower left (10.000, 10.000) snapped to (10.120, 10.880).
[INFO IFP-0001] Added 1315 rows of 13651 sites.
placed 44 SRAM macros
[INFO TAP-0001] Found 44 macro blocks.
[INFO TAP-0002] Original rows: 1315
[INFO TAP-0003] Created 6976 rows for a total of 8291 rows.
[INFO TAP-0004] Inserted 16582 endcaps.
[INFO TAP-0005] Inserted 124667 tapcells.
[INFO PDN-0008] Design name is spark_core.
[INFO PDN-0009] Reading technology data.
[INFO PDN-0011] ****** INFO ******
Type: stdcell, stdcell_grid
    Stdcell Rails
      Layer: met1  -  width: 0.480  pitch: 5.440 
    Straps
      Layer: met4  -  width: 1.600  pitch: 56.000  offset: 2.000 
      Layer: met5  -  width: 1.600  pitch: 56.000  offset: 2.000 
    Connect: {met1 met4} {met4 met5}
Type: macro, macro -grid_over_pg_pins
    Macro: sky130_sram_2kbyte_1rw1r_32x512_8
    Connect: {met4 met5}
[INFO PDN-0012] **** END INFO ****
[INFO PDN-0013] Inserting stdcell grid - stdcell_grid.
[WARNING PDN-0040] No via added at (4771.32 143.92 4772.5 144.24) because the full height of met1 (0.48) is not covered by the overlap.
[WARNING PDN-0040] No via added at (5555.32 143.92 5555.42 144.24) because the full height of met1 (0.48) is not covered by the overlap.
[WARNING PDN-0040] No via added at (4771.32 1705.38 4772.5 1705.68) because the full height of met1 (0.48) is not covered by the overlap.
[WARNING PDN-0040] No via added at (5555.32 1705.38 5555.42 1705.68) because the full height of met1 (0.48) is not covered by the overlap.
[WARNING PDN-0042] No via added at (123.32 572.3 124.92 573.44) because the full height of met5 (1.6) is not covered by the overlap.
[WARNING PDN-0042] No via added at (179.32 572.3 180.92 573.44) because the full height of met5 (1.6) is not covered by the overlap.
[WARNING PDN-0042] No via added at (235.32 572.3 236.92 573.44) because the full height of met5 (1.6) is not covered by the overlap.
[WARNING PDN-0042] No via added at (291.32 572.3 292.92 573.44) because the full height of met5 (1.6) is not covered by the overlap.
[WARNING PDN-0042] No via added at (347.32 572.3 348.92 573.44) because the full height of met5 (1.6) is not covered by the overlap.
[WARNING PDN-0042] No via added at (403.32 572.3 404.92 573.44) because the full height of met5 (1.6) is not covered by the overlap.
[WARNING PDN-0042] No via added at (459.32 572.3 460.92 573.44) because the full height of met5 (1.6) is not covered by the overlap.
[WARNING PDN-0042] No via added at (515.32 572.3 516.92 573.44) because the full height of met5 (1.6) is not covered by the overlap.
[WARNING PDN-0042] No via added at (571.32 572.3 572.92 573.44) because the full height of met5 (1.6) is not covered by the overlap.
[WARNING PDN-0042] No via added at (627.32 572.3 628.92 573.44) because the full height of met5 (1.6) is not covered by the overlap.
[WARNING PDN-0042] No via added at (683.32 572.3 684.92 573.44) because the full height of met5 (1.6) is not covered by the overlap.
[WARNING PDN-0042] No via added at (739.32 572.3 740.92 573.44) because the full height of met5 (1.6) is not covered by the overlap.
[WARNING PDN-0042] No via added at (907.32 572.3 908.92 573.44) because the full height of met5 (1.6) is not covered by the overlap.
[WARNING PDN-0042] No via added at (963.32 572.3 964.92 573.44) because the full height of met5 (1.6) is not covered by the overlap.
[WARNING PDN-0042] No via added at (1019.32 572.3 1020.92 573.44) because the full height of met5 (1.6) is not covered by the overlap.
[WARNING PDN-0042] No via added at (1075.32 572.3 1076.92 573.44) because the full height of met5 (1.6) is not covered by the overlap.
[WARNING PDN-0042] No via added at (1131.32 572.3 1132.92 573.44) because the full height of met5 (1.6) is not covered by the overlap.
[WARNING PDN-0042] No via added at (1187.32 572.3 1188.92 573.44) because the full height of met5 (1.6) is not covered by the overlap.
[WARNING PDN-0042] No via added at (1243.32 572.3 1244.92 573.44) because the full height of met5 (1.6) is not covered by the overlap.
[WARNING PDN-0042] No via added at (1299.32 572.3 1300.92 573.44) because the full height of met5 (1.6) is not covered by the overlap.
[WARNING PDN-0042] No via added at (1355.32 572.3 1356.92 573.44) because the full height of met5 (1.6) is not covered by the overlap.
[WARNING PDN-0042] No via added at (1411.32 572.3 1412.92 573.44) because the full height of met5 (1.6) is not covered by the overlap.
[WARNING PDN-0042] No via added at (1467.32 572.3 1468.92 573.44) because the full height of met5 (1.6) is not covered by the overlap.
[WARNING PDN-0042] No via added at (1523.32 572.3 1524.92 573.44) because the full height of met5 (1.6) is not covered by the overlap.
[WARNING PDN-0042] No via added at (1691.32 572.3 1692.92 573.44) because the full height of met5 (1.6) is not covered by the overlap.
[WARNING PDN-0042] No via added at (1747.32 572.3 1748.92 573.44) because the full height of met5 (1.6) is not covered by the overlap.
[WARNING PDN-0042] No via added at (1803.32 572.3 1804.92 573.44) because the full height of met5 (1.6) is not covered by the overlap.
[WARNING PDN-0042] No via added at (1859.32 572.3 1860.92 573.44) because the full height of met5 (1.6) is not covered by the overlap.
[WARNING PDN-0042] No via added at (1915.32 572.3 1916.92 573.44) because the full height of met5 (1.6) is not covered by the overlap.
[WARNING PDN-0042] No via added at (1971.32 572.3 1972.92 573.44) because the full height of met5 (1.6) is not covered by the overlap.
[WARNING PDN-0042] No via added at (2027.32 572.3 2028.92 573.44) because the full height of met5 (1.6) is not covered by the overlap.
[WARNING PDN-0042] No via added at (2083.32 572.3 2084.92 573.44) because the full height of met5 (1.6) is not covered by the overlap.
[WARNING PDN-0042] No via added at (2139.32 572.3 2140.92 573.44) because the full height of met5 (1.6) is not covered by the overlap.
[WARNING PDN-0042] No via added at (2195.32 572.3 2196.92 573.44) because the full height of met5 (1.6) is not covered by the overlap.
[WARNING PDN-0042] No via added at (2251.32 572.3 2252.92 573.44) because the full height of met5 (1.6) is not covered by the overlap.
[WARNING PDN-0042] No via added at (2307.32 572.3 2308.92 573.44) because the full height of met5 (1.6) is not covered by the overlap.
[WARNING PDN-0042] No via added at (2475.32 572.3 2476.92 573.44) because the full height of met5 (1.6) is not covered by the overlap.
[WARNING PDN-0042] No via added at (2531.32 572.3 2532.92 573.44) because the full height of met5 (1.6) is not covered by the overlap.
[WARNING PDN-0042] No via added at (2587.32 572.3 2588.92 573.44) because the full height of met5 (1.6) is not covered by the overlap.
[WARNING PDN-0042] No via added at (2643.32 572.3 2644.92 573.44) because the full height of met5 (1.6) is not covered by the overlap.
[WARNING PDN-0042] No via added at (2699.32 572.3 2700.92 573.44) because the full height of met5 (1.6) is not covered by the overlap.
[WARNING PDN-0042] No via added at (2755.32 572.3 2756.92 573.44) because the full height of met5 (1.6) is not covered by the overlap.
[WARNING PDN-0042] No via added at (2811.32 572.3 2812.92 573.44) because the full height of met5 (1.6) is not covered by the overlap.
[WARNING PDN-0042] No via added at (2867.32 572.3 2868.92 573.44) because the full height of met5 (1.6) is not covered by the overlap.
[WARNING PDN-0042] No via added at (2923.32 572.3 2924.92 573.44) because the full height of met5 (1.6) is not covered by the overlap.
[WARNING PDN-0042] No via added at (2979.32 572.3 2980.92 573.44) because the full height of met5 (1.6) is not covered by the overlap.
[WARNING PDN-0042] No via added at (3035.32 572.3 3036.92 573.44) because the full height of met5 (1.6) is not covered by the overlap.
[WARNING PDN-0042] No via added at (3091.32 572.3 3092.92 573.44) because the full height of met5 (1.6) is not covered by the overlap.
[WARNING PDN-0042] No via added at (3259.32 572.3 3260.92 573.44) because the full height of met5 (1.6) is not covered by the overlap.
[WARNING PDN-0042] No via added at (3315.32 572.3 3316.92 573.44) because the full height of met5 (1.6) is not covered by the overlap.
[WARNING PDN-0042] No via added at (3371.32 572.3 3372.92 573.44) because the full height of met5 (1.6) is not covered by the overlap.
[WARNING PDN-0042] No via added at (3427.32 572.3 3428.92 573.44) because the full height of met5 (1.6) is not covered by the overlap.
[WARNING PDN-0042] No via added at (3483.32 572.3 3484.92 573.44) because the full height of met5 (1.6) is not covered by the overlap.
[WARNING PDN-0042] No via added at (3539.32 572.3 3540.92 573.44) because the full height of met5 (1.6) is not covered by the overlap.
[WARNING PDN-0042] No via added at (3595.32 572.3 3596.92 573.44) because the full height of met5 (1.6) is not covered by the overlap.
[WARNING PDN-0042] No via added at (3651.32 572.3 3652.92 573.44) because the full height of met5 (1.6) is not covered by the overlap.
[WARNING PDN-0042] No via added at (3707.32 572.3 3708.92 573.44) because the full height of met5 (1.6) is not covered by the overlap.
[WARNING PDN-0042] No via added at (3763.32 572.3 3764.92 573.44) because the full height of met5 (1.6) is not covered by the overlap.
[WARNING PDN-0042] No via added at (3819.32 572.3 3820.92 573.44) because the full height of met5 (1.6) is not covered by the overlap.
[WARNING PDN-0042] No via added at (3875.32 572.3 3876.92 573.44) because the full height of met5 (1.6) is not covered by the overlap.
[WARNING PDN-0042] No via added at (4043.32 572.3 4044.92 573.44) because the full height of met5 (1.6) is not covered by the overlap.
[WARNING PDN-0042] No via added at (4099.32 572.3 4100.92 573.44) because the full height of met5 (1.6) is not covered by the overlap.
[WARNING PDN-0042] No via added at (4155.32 572.3 4156.92 573.44) because the full height of met5 (1.6) is not covered by the overlap.
[WARNING PDN-0042] No via added at (4211.32 572.3 4212.92 573.44) because the full height of met5 (1.6) is not covered by the overlap.
[WARNING PDN-0042] No via added at (4267.32 572.3 4268.92 573.44) because the full height of met5 (1.6) is not covered by the overlap.
[WARNING PDN-0042] No via added at (4323.32 572.3 4324.92 573.44) because the full height of met5 (1.6) is not covered by the overlap.
[WARNING PDN-0042] No via added at (4379.32 572.3 4380.92 573.44) because the full height of met5 (1.6) is not covered by the overlap.
[WARNING PDN-0042] No via added at (4435.32 572.3 4436.92 573.44) because the full height of met5 (1.6) is not covered by the overlap.
[WARNING PDN-0042] No via added at (4491.32 572.3 4492.92 573.44) because the full height of met5 (1.6) is not covered by the overlap.
[WARNING PDN-0042] No via added at (4547.32 572.3 4548.92 573.44) because the full height of met5 (1.6) is not covered by the overlap.
[WARNING PDN-0042] No via added at (4603.32 572.3 4604.92 573.44) because the full height of met5 (1.6) is not covered by the overlap.
[WARNING PDN-0042] No via added at (4659.32 572.3 4660.92 573.44) because the full height of met5 (1.6) is not covered by the overlap.
[WARNING PDN-0042] No via added at (4771.32 572.3 4772.92 573.44) because the full height of met5 (1.6) is not covered by the overlap.
[WARNING PDN-0042] No via added at (4827.32 572.3 4828.92 573.44) because the full height of met5 (1.6) is not covered by the overlap.
[WARNING PDN-0042] No via added at (4883.32 572.3 4884.92 573.44) because the full height of met5 (1.6) is not covered by the overlap.
[WARNING PDN-0042] No via added at (4939.32 572.3 4940.92 573.44) because the full height of met5 (1.6) is not covered by the overlap.
[WARNING PDN-0042] No via added at (4995.32 572.3 4996.92 573.44) because the full height of met5 (1.6) is not covered by the overlap.
[WARNING PDN-0042] No via added at (5051.32 572.3 5052.92 573.44) because the full height of met5 (1.6) is not covered by the overlap.
[WARNING PDN-0042] No via added at (5107.32 572.3 5108.92 573.44) because the full height of met5 (1.6) is not covered by the overlap.
[WARNING PDN-0042] No via added at (5163.32 572.3 5164.92 573.44) because the full height of met5 (1.6) is not covered by the overlap.
[WARNING PDN-0042] No via added at (5219.32 572.3 5220.92 573.44) because the full height of met5 (1.6) is not covered by the overlap.
[WARNING PDN-0042] No via added at (5275.32 572.3 5276.92 573.44) because the full height of met5 (1.6) is not covered by the overlap.
[WARNING PDN-0042] No via added at (5331.32 572.3 5332.92 573.44) because the full height of met5 (1.6) is not covered by the overlap.
[WARNING PDN-0042] No via added at (5387.32 572.3 5388.92 573.44) because the full height of met5 (1.6) is not covered by the overlap.
[WARNING PDN-0042] No via added at (5443.32 572.3 5444.92 573.44) because the full height of met5 (1.6) is not covered by the overlap.
[WARNING PDN-0042] No via added at (5555.32 572.3 5556.92 573.44) because the full height of met5 (1.6) is not covered by the overlap.
[WARNING PDN-0042] No via added at (5611.32 572.3 5612.92 573.44) because the full height of met5 (1.6) is not covered by the overlap.
[WARNING PDN-0042] No via added at (5667.32 572.3 5668.92 573.44) because the full height of met5 (1.6) is not covered by the overlap.
[WARNING PDN-0042] No via added at (5723.32 572.3 5724.92 573.44) because the full height of met5 (1.6) is not covered by the overlap.
[WARNING PDN-0042] No via added at (5779.32 572.3 5780.92 573.44) because the full height of met5 (1.6) is not covered by the overlap.
[WARNING PDN-0042] No via added at (5835.32 572.3 5836.92 573.44) because the full height of met5 (1.6) is not covered by the overlap.
[WARNING PDN-0042] No via added at (5891.32 572.3 5892.92 573.44) because the full height of met5 (1.6) is not covered by the overlap.
[WARNING PDN-0042] No via added at (5947.32 572.3 5948.92 573.44) because the full height of met5 (1.6) is not covered by the overlap.
[WARNING PDN-0042] No via added at (6003.32 572.3 6004.92 573.44) because the full height of met5 (1.6) is not covered by the overlap.
[WARNING PDN-0042] No via added at (6059.32 572.3 6060.92 573.44) because the full height of met5 (1.6) is not covered by the overlap.
[WARNING PDN-0042] No via added at (6115.32 572.3 6116.92 573.44) because the full height of met5 (1.6) is not covered by the overlap.
[WARNING PDN-0042] No via added at (6171.32 572.3 6172.92 573.44) because the full height of met5 (1.6) is not covered by the overlap.
[WARNING PDN-0042] No via added at (6227.32 572.3 6228.92 573.44) because the full height of met5 (1.6) is not covered by the overlap.
[WARNING PDN-0043] No via added at (2335.42 146.64 2336.92 147.12) because the full width of met4 (1.6) is not covered by the overlap.
[WARNING PDN-0043] No via added at (2335.42 152.08 2336.92 152.56) because the full width of met4 (1.6) is not covered by the overlap.
[WARNING PDN-0043] No via added at (2335.42 157.52 2336.92 158.0) because the full width of met4 (1.6) is not covered by the overlap.
[WARNING PDN-0043] No via added at (2335.42 162.96 2336.92 163.44) because the full width of met4 (1.6) is not covered by the overlap.
[WARNING PDN-0043] No via added at (2335.42 168.4 2336.92 168.88) because the full width of met4 (1.6) is not covered by the overlap.
[WARNING PDN-0043] No via added at (2335.42 173.84 2336.92 174.32) because the full width of met4 (1.6) is not covered by the overlap.
[WARNING PDN-0043] No via added at (2335.42 179.28 2336.92 179.76) because the full width of met4 (1.6) is not covered by the overlap.
[WARNING PDN-0043] No via added at (2335.42 184.72 2336.92 185.2) because the full width of met4 (1.6) is not covered by the overlap.
[WARNING PDN-0043] No via added at (2335.42 190.16 2336.92 190.64) because the full width of met4 (1.6) is not covered by the overlap.
[WARNING PDN-0043] No via added at (2335.42 195.6 2336.92 196.08) because the full width of met4 (1.6) is not covered by the overlap.
[WARNING PDN-0043] No via added at (2335.42 201.04 2336.92 201.52) because the full width of met4 (1.6) is not covered by the overlap.
[WARNING PDN-0043] No via added at (2335.42 206.48 2336.92 206.96) because the full width of met4 (1.6) is not covered by the overlap.
[WARNING PDN-0043] No via added at (2335.42 211.92 2336.92 212.4) because the full width of met4 (1.6) is not covered by the overlap.
[WARNING PDN-0043] No via added at (2335.42 217.36 2336.92 217.84) because the full width of met4 (1.6) is not covered by the overlap.
[WARNING PDN-0043] No via added at (2335.42 222.8 2336.92 223.28) because the full width of met4 (1.6) is not covered by the overlap.
[WARNING PDN-0043] No via added at (2335.42 228.24 2336.92 228.72) because the full width of met4 (1.6) is not covered by the overlap.
[WARNING PDN-0043] No via added at (2335.42 233.68 2336.92 234.16) because the full width of met4 (1.6) is not covered by the overlap.
[WARNING PDN-0043] No via added at (2335.42 239.12 2336.92 239.6) because the full width of met4 (1.6) is not covered by the overlap.
[WARNING PDN-0043] No via added at (2335.42 244.56 2336.92 245.04) because the full width of met4 (1.6) is not covered by the overlap.
[WARNING PDN-0043] No via added at (2335.42 250.0 2336.92 250.48) because the full width of met4 (1.6) is not covered by the overlap.
[WARNING PDN-0043] No via added at (2335.42 255.44 2336.92 255.92) because the full width of met4 (1.6) is not covered by the overlap.
[WARNING PDN-0043] No via added at (2335.42 260.88 2336.92 261.36) because the full width of met4 (1.6) is not covered by the overlap.
[WARNING PDN-0043] No via added at (2335.42 266.32 2336.92 266.8) because the full width of met4 (1.6) is not covered by the overlap.
[WARNING PDN-0043] No via added at (2335.42 271.76 2336.92 272.24) because the full width of met4 (1.6) is not covered by the overlap.
[WARNING PDN-0043] No via added at (2335.42 277.2 2336.92 277.68) because the full width of met4 (1.6) is not covered by the overlap.
[WARNING PDN-0043] No via added at (2335.42 282.64 2336.92 283.12) because the full width of met4 (1.6) is not covered by the overlap.
[WARNING PDN-0043] No via added at (2335.42 288.08 2336.92 288.56) because the full width of met4 (1.6) is not covered by the overlap.
[WARNING PDN-0043] No via added at (2335.42 293.52 2336.92 294.0) because the full width of met4 (1.6) is not covered by the overlap.
[WARNING PDN-0043] No via added at (2335.42 298.96 2336.92 299.44) because the full width of met4 (1.6) is not covered by the overlap.
[WARNING PDN-0043] No via added at (2335.42 304.4 2336.92 304.88) because the full width of met4 (1.6) is not covered by the overlap.
[WARNING PDN-0043] No via added at (2335.42 309.84 2336.92 310.32) because the full width of met4 (1.6) is not covered by the overlap.
[WARNING PDN-0043] No via added at (2335.42 315.28 2336.92 315.76) because the full width of met4 (1.6) is not covered by the overlap.
[WARNING PDN-0043] No via added at (2335.42 320.72 2336.92 321.2) because the full width of met4 (1.6) is not covered by the overlap.
[WARNING PDN-0043] No via added at (2335.42 326.16 2336.92 326.64) because the full width of met4 (1.6) is not covered by the overlap.
[WARNING PDN-0043] No via added at (2335.42 331.6 2336.92 332.08) because the full width of met4 (1.6) is not covered by the overlap.
[WARNING PDN-0043] No via added at (2335.42 337.04 2336.92 337.52) because the full width of met4 (1.6) is not covered by the overlap.
[WARNING PDN-0043] No via added at (2335.42 342.48 2336.92 342.96) because the full width of met4 (1.6) is not covered by the overlap.
[WARNING PDN-0043] No via added at (2335.42 347.92 2336.92 348.4) because the full width of met4 (1.6) is not covered by the overlap.
[WARNING PDN-0043] No via added at (2335.42 353.36 2336.92 353.84) because the full width of met4 (1.6) is not covered by the overlap.
[WARNING PDN-0043] No via added at (2335.42 358.8 2336.92 359.28) because the full width of met4 (1.6) is not covered by the overlap.
[WARNING PDN-0043] No via added at (2335.42 364.24 2336.92 364.72) because the full width of met4 (1.6) is not covered by the overlap.
[WARNING PDN-0043] No via added at (2335.42 369.68 2336.92 370.16) because the full width of met4 (1.6) is not covered by the overlap.
[WARNING PDN-0043] No via added at (2335.42 375.12 2336.92 375.6) because the full width of met4 (1.6) is not covered by the overlap.
[WARNING PDN-0043] No via added at (2335.42 380.56 2336.92 381.04) because the full width of met4 (1.6) is not covered by the overlap.
[WARNING PDN-0043] No via added at (2335.42 386.0 2336.92 386.48) because the full width of met4 (1.6) is not covered by the overlap.
[WARNING PDN-0043] No via added at (2335.42 391.44 2336.92 391.92) because the full width of met4 (1.6) is not covered by the overlap.
[WARNING PDN-0043] No via added at (2335.42 396.88 2336.92 397.36) because the full width of met4 (1.6) is not covered by the overlap.
[WARNING PDN-0043] No via added at (2335.42 402.32 2336.92 402.8) because the full width of met4 (1.6) is not covered by the overlap.
[WARNING PDN-0043] No via added at (2335.42 407.76 2336.92 408.24) because the full width of met4 (1.6) is not covered by the overlap.
[WARNING PDN-0043] No via added at (2335.42 413.2 2336.92 413.68) because the full width of met4 (1.6) is not covered by the overlap.
[WARNING PDN-0043] No via added at (2335.42 418.64 2336.92 419.12) because the full width of met4 (1.6) is not covered by the overlap.
[WARNING PDN-0043] No via added at (2335.42 424.08 2336.92 424.56) because the full width of met4 (1.6) is not covered by the overlap.
[WARNING PDN-0043] No via added at (2335.42 429.52 2336.92 430.0) because the full width of met4 (1.6) is not covered by the overlap.
[WARNING PDN-0043] No via added at (2335.42 434.96 2336.92 435.44) because the full width of met4 (1.6) is not covered by the overlap.
[WARNING PDN-0043] No via added at (2335.42 440.4 2336.92 440.88) because the full width of met4 (1.6) is not covered by the overlap.
[WARNING PDN-0043] No via added at (2335.42 445.84 2336.92 446.32) because the full width of met4 (1.6) is not covered by the overlap.
[WARNING PDN-0043] No via added at (2335.42 451.28 2336.92 451.76) because the full width of met4 (1.6) is not covered by the overlap.
[WARNING PDN-0043] No via added at (2335.42 456.72 2336.92 457.2) because the full width of met4 (1.6) is not covered by the overlap.
[WARNING PDN-0043] No via added at (2335.42 462.16 2336.92 462.64) because the full width of met4 (1.6) is not covered by the overlap.
[WARNING PDN-0043] No via added at (2335.42 467.6 2336.92 468.08) because the full width of met4 (1.6) is not covered by the overlap.
[WARNING PDN-0043] No via added at (2335.42 473.04 2336.92 473.52) because the full width of met4 (1.6) is not covered by the overlap.
[WARNING PDN-0043] No via added at (2335.42 478.48 2336.92 478.96) because the full width of met4 (1.6) is not covered by the overlap.
[WARNING PDN-0043] No via added at (2335.42 483.92 2336.92 484.4) because the full width of met4 (1.6) is not covered by the overlap.
[WARNING PDN-0043] No via added at (2335.42 489.36 2336.92 489.84) because the full width of met4 (1.6) is not covered by the overlap.
[WARNING PDN-0043] No via added at (2335.42 494.8 2336.92 495.28) because the full width of met4 (1.6) is not covered by the overlap.
[WARNING PDN-0043] No via added at (2335.42 500.24 2336.92 500.72) because the full width of met4 (1.6) is not covered by the overlap.
[WARNING PDN-0043] No via added at (2335.42 505.68 2336.92 506.16) because the full width of met4 (1.6) is not covered by the overlap.
[WARNING PDN-0043] No via added at (2335.42 511.12 2336.92 511.6) because the full width of met4 (1.6) is not covered by the overlap.
[WARNING PDN-0043] No via added at (2335.42 516.56 2336.92 517.04) because the full width of met4 (1.6) is not covered by the overlap.
[WARNING PDN-0043] No via added at (2335.42 522.0 2336.92 522.48) because the full width of met4 (1.6) is not covered by the overlap.
[WARNING PDN-0043] No via added at (2335.42 527.44 2336.92 527.92) because the full width of met4 (1.6) is not covered by the overlap.
[WARNING PDN-0043] No via added at (2335.42 532.88 2336.92 533.36) because the full width of met4 (1.6) is not covered by the overlap.
[WARNING PDN-0043] No via added at (2335.42 538.32 2336.92 538.8) because the full width of met4 (1.6) is not covered by the overlap.
[WARNING PDN-0043] No via added at (2335.42 543.76 2336.92 544.24) because the full width of met4 (1.6) is not covered by the overlap.
[WARNING PDN-0043] No via added at (2335.42 549.2 2336.92 549.68) because the full width of met4 (1.6) is not covered by the overlap.
[WARNING PDN-0043] No via added at (2335.42 554.64 2336.92 555.12) because the full width of met4 (1.6) is not covered by the overlap.
[WARNING PDN-0043] No via added at (2335.42 560.08 2336.92 560.56) because the full width of met4 (1.6) is not covered by the overlap.
[WARNING PDN-0043] No via added at (2335.42 565.52 2336.92 566.0) because the full width of met4 (1.6) is not covered by the overlap.
[WARNING PDN-0043] No via added at (2335.42 570.96 2336.92 571.44) because the full width of met4 (1.6) is not covered by the overlap.
[WARNING PDN-0043] No via added at (2335.42 712.4 2336.92 712.88) because the full width of met4 (1.6) is not covered by the overlap.
[WARNING PDN-0043] No via added at (2335.42 717.84 2336.92 718.32) because the full width of met4 (1.6) is not covered by the overlap.
[WARNING PDN-0043] No via added at (2335.42 723.28 2336.92 723.76) because the full width of met4 (1.6) is not covered by the overlap.
[WARNING PDN-0043] No via added at (2335.42 728.72 2336.92 729.2) because the full width of met4 (1.6) is not covered by the overlap.
[WARNING PDN-0043] No via added at (2335.42 734.16 2336.92 734.64) because the full width of met4 (1.6) is not covered by the overlap.
[WARNING PDN-0043] No via added at (2335.42 739.6 2336.92 740.08) because the full width of met4 (1.6) is not covered by the overlap.
[WARNING PDN-0043] No via added at (2335.42 745.04 2336.92 745.52) because the full width of met4 (1.6) is not covered by the overlap.
[WARNING PDN-0043] No via added at (2335.42 750.48 2336.92 750.96) because the full width of met4 (1.6) is not covered by the overlap.
[WARNING PDN-0043] No via added at (2335.42 755.92 2336.92 756.4) because the full width of met4 (1.6) is not covered by the overlap.
[WARNING PDN-0043] No via added at (2335.42 761.36 2336.92 761.84) because the full width of met4 (1.6) is not covered by the overlap.
[WARNING PDN-0043] No via added at (2335.42 766.8 2336.92 767.28) because the full width of met4 (1.6) is not covered by the overlap.
[WARNING PDN-0043] No via added at (2335.42 772.24 2336.92 772.72) because the full width of met4 (1.6) is not covered by the overlap.
[WARNING PDN-0043] No via added at (2335.42 777.68 2336.92 778.16) because the full width of met4 (1.6) is not covered by the overlap.
[WARNING PDN-0043] No via added at (2335.42 783.12 2336.92 783.6) because the full width of met4 (1.6) is not covered by the overlap.
[WARNING PDN-0043] No via added at (2335.42 788.56 2336.92 789.04) because the full width of met4 (1.6) is not covered by the overlap.
[WARNING PDN-0043] No via added at (2335.42 794.0 2336.92 794.48) because the full width of met4 (1.6) is not covered by the overlap.
[WARNING PDN-0043] No via added at (2335.42 799.44 2336.92 799.92) because the full width of met4 (1.6) is not covered by the overlap.
[WARNING PDN-0043] No via added at (2335.42 804.88 2336.92 805.36) because the full width of met4 (1.6) is not covered by the overlap.
[WARNING PDN-0043] No via added at (2335.42 810.32 2336.92 810.8) because the full width of met4 (1.6) is not covered by the overlap.
[WARNING PDN-0043] No via added at (2335.42 815.76 2336.92 816.24) because the full width of met4 (1.6) is not covered by the overlap.
[WARNING PDN-0043] No via added at (2335.42 821.2 2336.92 821.68) because the full width of met4 (1.6) is not covered by the overlap.
[WARNING PDN-0043] No via added at (2335.42 826.64 2336.92 827.12) because the full width of met4 (1.6) is not covered by the overlap.
[WARNING PDN-0043] No via added at (2335.42 832.08 2336.92 832.56) because the full width of met4 (1.6) is not covered by the overlap.
[WARNING PDN-0043] No via added at (2335.42 837.52 2336.92 838.0) because the full width of met4 (1.6) is not covered by the overlap.
[WARNING PDN-0043] No via added at (2335.42 842.96 2336.92 843.44) because the full width of met4 (1.6) is not covered by the overlap.
[WARNING PDN-0043] No via added at (2335.42 848.4 2336.92 848.88) because the full width of met4 (1.6) is not covered by the overlap.
[WARNING PDN-0043] No via added at (2335.42 853.84 2336.92 854.32) because the full width of met4 (1.6) is not covered by the overlap.
[WARNING PDN-0043] No via added at (2335.42 859.28 2336.92 859.76) because the full width of met4 (1.6) is not covered by the overlap.
[WARNING PDN-0043] No via added at (2335.42 864.72 2336.92 865.2) because the full width of met4 (1.6) is not covered by the overlap.
[WARNING PDN-0043] No via added at (2335.42 870.16 2336.92 870.64) because the full width of met4 (1.6) is not covered by the overlap.
[WARNING PDN-0043] No via added at (2335.42 875.6 2336.92 876.08) because the full width of met4 (1.6) is not covered by the overlap.
[WARNING PDN-0043] No via added at (2335.42 881.04 2336.92 881.52) because the full width of met4 (1.6) is not covered by the overlap.
[WARNING PDN-0043] No via added at (2335.42 886.48 2336.92 886.96) because the full width of met4 (1.6) is not covered by the overlap.
[WARNING PDN-0043] No via added at (2335.42 891.92 2336.92 892.4) because the full width of met4 (1.6) is not covered by the overlap.
[WARNING PDN-0043] No via added at (2335.42 897.36 2336.92 897.84) because the full width of met4 (1.6) is not covered by the overlap.
[WARNING PDN-0043] No via added at (2335.42 902.8 2336.92 903.28) because the full width of met4 (1.6) is not covered by the overlap.
[WARNING PDN-0043] No via added at (2335.42 908.24 2336.92 908.72) because the full width of met4 (1.6) is not covered by the overlap.
[WARNING PDN-0043] No via added at (2335.42 913.68 2336.92 914.16) because the full width of met4 (1.6) is not covered by the overlap.
[WARNING PDN-0043] No via added at (2335.42 919.12 2336.92 919.6) because the full width of met4 (1.6) is not covered by the overlap.
[WARNING PDN-0043] No via added at (2335.42 924.56 2336.92 925.04) because the full width of met4 (1.6) is not covered by the overlap.
[WARNING PDN-0043] No via added at (2335.42 930.0 2336.92 930.48) because the full width of met4 (1.6) is not covered by the overlap.
[WARNING PDN-0043] No via added at (2335.42 935.44 2336.92 935.92) because the full width of met4 (1.6) is not covered by the overlap.
[WARNING PDN-0043] No via added at (2335.42 940.88 2336.92 941.36) because the full width of met4 (1.6) is not covered by the overlap.
[WARNING PDN-0043] No via added at (2335.42 946.32 2336.92 946.8) because the full width of met4 (1.6) is not covered by the overlap.
[WARNING PDN-0043] No via added at (2335.42 951.76 2336.92 952.24) because the full width of met4 (1.6) is not covered by the overlap.
[WARNING PDN-0043] No via added at (2335.42 957.2 2336.92 957.68) because the full width of met4 (1.6) is not covered by the overlap.
[WARNING PDN-0043] No via added at (2335.42 962.64 2336.92 963.12) because the full width of met4 (1.6) is not covered by the overlap.
[WARNING PDN-0043] No via added at (2335.42 968.08 2336.92 968.56) because the full width of met4 (1.6) is not covered by the overlap.
[WARNING PDN-0043] No via added at (2335.42 973.52 2336.92 974.0) because the full width of met4 (1.6) is not covered by the overlap.
[WARNING PDN-0043] No via added at (2335.42 978.96 2336.92 979.44) because the full width of met4 (1.6) is not covered by the overlap.
[WARNING PDN-0043] No via added at (2335.42 984.4 2336.92 984.88) because the full width of met4 (1.6) is not covered by the overlap.
[WARNING PDN-0043] No via added at (2335.42 989.84 2336.92 990.32) because the full width of met4 (1.6) is not covered by the overlap.
[WARNING PDN-0043] No via added at (2335.42 995.28 2336.92 995.76) because the full width of met4 (1.6) is not covered by the overlap.
[WARNING PDN-0043] No via added at (2335.42 1000.72 2336.92 1001.2) because the full width of met4 (1.6) is not covered by the overlap.
[WARNING PDN-0043] No via added at (2335.42 1006.16 2336.92 1006.64) because the full width of met4 (1.6) is not covered by the overlap.
[WARNING PDN-0043] No via added at (2335.42 1011.6 2336.92 1012.08) because the full width of met4 (1.6) is not covered by the overlap.
[WARNING PDN-0043] No via added at (2335.42 1017.04 2336.92 1017.52) because the full width of met4 (1.6) is not covered by the overlap.
[WARNING PDN-0043] No via added at (2335.42 1022.48 2336.92 1022.96) because the full width of met4 (1.6) is not covered by the overlap.
[WARNING PDN-0043] No via added at (2335.42 1027.92 2336.92 1028.4) because the full width of met4 (1.6) is not covered by the overlap.
[WARNING PDN-0043] No via added at (2335.42 1033.36 2336.92 1033.84) because the full width of met4 (1.6) is not covered by the overlap.
[WARNING PDN-0043] No via added at (2335.42 1038.8 2336.92 1039.28) because the full width of met4 (1.6) is not covered by the overlap.
[WARNING PDN-0043] No via added at (2335.42 1044.24 2336.92 1044.72) because the full width of met4 (1.6) is not covered by the overlap.
[WARNING PDN-0043] No via added at (2335.42 1049.68 2336.92 1050.16) because the full width of met4 (1.6) is not covered by the overlap.
[WARNING PDN-0043] No via added at (2335.42 1055.12 2336.92 1055.6) because the full width of met4 (1.6) is not covered by the overlap.
[WARNING PDN-0043] No via added at (2335.42 1060.56 2336.92 1061.04) because the full width of met4 (1.6) is not covered by the overlap.
[WARNING PDN-0043] No via added at (2335.42 1066.0 2336.92 1066.48) because the full width of met4 (1.6) is not covered by the overlap.
[WARNING PDN-0043] No via added at (2335.42 1071.44 2336.92 1071.92) because the full width of met4 (1.6) is not covered by the overlap.
[WARNING PDN-0043] No via added at (2335.42 1076.88 2336.92 1077.36) because the full width of met4 (1.6) is not covered by the overlap.
[WARNING PDN-0043] No via added at (2335.42 1082.32 2336.92 1082.8) because the full width of met4 (1.6) is not covered by the overlap.
[WARNING PDN-0043] No via added at (2335.42 1087.76 2336.92 1088.24) because the full width of met4 (1.6) is not covered by the overlap.
[WARNING PDN-0043] No via added at (2335.42 1093.2 2336.92 1093.68) because the full width of met4 (1.6) is not covered by the overlap.
[WARNING PDN-0043] No via added at (2335.42 1098.64 2336.92 1099.12) because the full width of met4 (1.6) is not covered by the overlap.
[WARNING PDN-0043] No via added at (2335.42 1104.08 2336.92 1104.56) because the full width of met4 (1.6) is not covered by the overlap.
[WARNING PDN-0043] No via added at (2335.42 1109.52 2336.92 1110.0) because the full width of met4 (1.6) is not covered by the overlap.
[WARNING PDN-0043] No via added at (2335.42 1114.96 2336.92 1115.44) because the full width of met4 (1.6) is not covered by the overlap.
[WARNING PDN-0043] No via added at (2335.42 1120.4 2336.92 1120.88) because the full width of met4 (1.6) is not covered by the overlap.
[WARNING PDN-0043] No via added at (2335.42 1125.84 2336.92 1126.32) because the full width of met4 (1.6) is not covered by the overlap.
[WARNING PDN-0043] No via added at (2335.42 1131.28 2336.92 1131.76) because the full width of met4 (1.6) is not covered by the overlap.
[WARNING PDN-0043] No via added at (2335.42 1136.72 2336.92 1137.2) because the full width of met4 (1.6) is not covered by the overlap.
[WARNING PDN-0043] No via added at (2335.42 1278.16 2336.92 1278.64) because the full width of met4 (1.6) is not covered by the overlap.
[WARNING PDN-0043] No via added at (2335.42 1283.6 2336.92 1284.08) because the full width of met4 (1.6) is not covered by the overlap.
[WARNING PDN-0043] No via added at (2335.42 1289.04 2336.92 1289.52) because the full width of met4 (1.6) is not covered by the overlap.
[WARNING PDN-0043] No via added at (2335.42 1294.48 2336.92 1294.96) because the full width of met4 (1.6) is not covered by the overlap.
[WARNING PDN-0043] No via added at (2335.42 1299.92 2336.92 1300.4) because the full width of met4 (1.6) is not covered by the overlap.
[WARNING PDN-0043] No via added at (2335.42 1305.36 2336.92 1305.84) because the full width of met4 (1.6) is not covered by the overlap.
[WARNING PDN-0043] No via added at (2335.42 1310.8 2336.92 1311.28) because the full width of met4 (1.6) is not covered by the overlap.
[WARNING PDN-0043] No via added at (2335.42 1316.24 2336.92 1316.72) because the full width of met4 (1.6) is not covered by the overlap.
[WARNING PDN-0043] No via added at (2335.42 1321.68 2336.92 1322.16) because the full width of met4 (1.6) is not covered by the overlap.
[WARNING PDN-0043] No via added at (2335.42 1327.12 2336.92 1327.6) because the full width of met4 (1.6) is not covered by the overlap.
[WARNING PDN-0043] No via added at (2335.42 1332.56 2336.92 1333.04) because the full width of met4 (1.6) is not covered by the overlap.
[WARNING PDN-0043] No via added at (2335.42 1338.0 2336.92 1338.48) because the full width of met4 (1.6) is not covered by the overlap.
[WARNING PDN-0043] No via added at (2335.42 1343.44 2336.92 1343.92) because the full width of met4 (1.6) is not covered by the overlap.
[WARNING PDN-0043] No via added at (2335.42 1348.88 2336.92 1349.36) because the full width of met4 (1.6) is not covered by the overlap.
[WARNING PDN-0043] No via added at (2335.42 1354.32 2336.92 1354.8) because the full width of met4 (1.6) is not covered by the overlap.
[WARNING PDN-0043] No via added at (2335.42 1359.76 2336.92 1360.24) because the full width of met4 (1.6) is not covered by the overlap.
[WARNING PDN-0043] No via added at (2335.42 1365.2 2336.92 1365.68) because the full width of met4 (1.6) is not covered by the overlap.
[WARNING PDN-0043] No via added at (2335.42 1370.64 2336.92 1371.12) because the full width of met4 (1.6) is not covered by the overlap.
[WARNING PDN-0043] No via added at (2335.42 1376.08 2336.92 1376.56) because the full width of met4 (1.6) is not covered by the overlap.
[WARNING PDN-0043] No via added at (2335.42 1381.52 2336.92 1382.0) because the full width of met4 (1.6) is not covered by the overlap.
[WARNING PDN-0043] No via added at (2335.42 1386.96 2336.92 1387.44) because the full width of met4 (1.6) is not covered by the overlap.
[WARNING PDN-0043] No via added at (2335.42 1392.4 2336.92 1392.88) because the full width of met4 (1.6) is not covered by the overlap.
[WARNING PDN-0043] No via added at (2335.42 1397.84 2336.92 1398.32) because the full width of met4 (1.6) is not covered by the overlap.
[WARNING PDN-0043] No via added at (2335.42 1403.28 2336.92 1403.76) because the full width of met4 (1.6) is not covered by the overlap.
[WARNING PDN-0043] No via added at (2335.42 1408.72 2336.92 1409.2) because the full width of met4 (1.6) is not covered by the overlap.
[WARNING PDN-0043] No via added at (2335.42 1414.16 2336.92 1414.64) because the full width of met4 (1.6) is not covered by the overlap.
[WARNING PDN-0043] No via added at (2335.42 1419.6 2336.92 1420.08) because the full width of met4 (1.6) is not covered by the overlap.
[WARNING PDN-0043] No via added at (2335.42 1425.04 2336.92 1425.52) because the full width of met4 (1.6) is not covered by the overlap.
[WARNING PDN-0043] No via added at (2335.42 1430.48 2336.92 1430.96) because the full width of met4 (1.6) is not covered by the overlap.
[WARNING PDN-0043] No via added at (2335.42 1435.92 2336.92 1436.4) because the full width of met4 (1.6) is not covered by the overlap.
[WARNING PDN-0043] No via added at (2335.42 1441.36 2336.92 1441.84) because the full width of met4 (1.6) is not covered by the overlap.
[WARNING PDN-0043] No via added at (2335.42 1446.8 2336.92 1447.28) because the full width of met4 (1.6) is not covered by the overlap.
[WARNING PDN-0043] No via added at (2335.42 1452.24 2336.92 1452.72) because the full width of met4 (1.6) is not covered by the overlap.
[WARNING PDN-0043] No via added at (2335.42 1457.68 2336.92 1458.16) because the full width of met4 (1.6) is not covered by the overlap.
[WARNING PDN-0043] No via added at (2335.42 1463.12 2336.92 1463.6) because the full width of met4 (1.6) is not covered by the overlap.
[WARNING PDN-0043] No via added at (2335.42 1468.56 2336.92 1469.04) because the full width of met4 (1.6) is not covered by the overlap.
[WARNING PDN-0043] No via added at (2335.42 1474.0 2336.92 1474.48) because the full width of met4 (1.6) is not covered by the overlap.
[WARNING PDN-0043] No via added at (2335.42 1479.44 2336.92 1479.92) because the full width of met4 (1.6) is not covered by the overlap.
[WARNING PDN-0043] No via added at (2335.42 1484.88 2336.92 1485.36) because the full width of met4 (1.6) is not covered by the overlap.
[WARNING PDN-0043] No via added at (2335.42 1490.32 2336.92 1490.8) because the full width of met4 (1.6) is not covered by the overlap.
[WARNING PDN-0043] No via added at (2335.42 1495.76 2336.92 1496.24) because the full width of met4 (1.6) is not covered by the overlap.
[WARNING PDN-0043] No via added at (2335.42 1501.2 2336.92 1501.68) because the full width of met4 (1.6) is not covered by the overlap.
[WARNING PDN-0043] No via added at (2335.42 1506.64 2336.92 1507.12) because the full width of met4 (1.6) is not covered by the overlap.
[WARNING PDN-0043] No via added at (2335.42 1512.08 2336.92 1512.56) because the full width of met4 (1.6) is not covered by the overlap.
[WARNING PDN-0043] No via added at (2335.42 1517.52 2336.92 1518.0) because the full width of met4 (1.6) is not covered by the overlap.
[WARNING PDN-0043] No via added at (2335.42 1522.96 2336.92 1523.44) because the full width of met4 (1.6) is not covered by the overlap.
[WARNING PDN-0043] No via added at (2335.42 1528.4 2336.92 1528.88) because the full width of met4 (1.6) is not covered by the overlap.
[WARNING PDN-0043] No via added at (2335.42 1533.84 2336.92 1534.32) because the full width of met4 (1.6) is not covered by the overlap.
[WARNING PDN-0043] No via added at (2335.42 1539.28 2336.92 1539.76) because the full width of met4 (1.6) is not covered by the overlap.
[WARNING PDN-0043] No via added at (2335.42 1544.72 2336.92 1545.2) because the full width of met4 (1.6) is not covered by the overlap.
[WARNING PDN-0043] No via added at (2335.42 1550.16 2336.92 1550.64) because the full width of met4 (1.6) is not covered by the overlap.
[WARNING PDN-0043] No via added at (2335.42 1555.6 2336.92 1556.08) because the full width of met4 (1.6) is not covered by the overlap.
[WARNING PDN-0043] No via added at (2335.42 1561.04 2336.92 1561.52) because the full width of met4 (1.6) is not covered by the overlap.
[WARNING PDN-0043] No via added at (2335.42 1566.48 2336.92 1566.96) because the full width of met4 (1.6) is not covered by the overlap.
[WARNING PDN-0043] No via added at (2335.42 1571.92 2336.92 1572.4) because the full width of met4 (1.6) is not covered by the overlap.
[WARNING PDN-0043] No via added at (2335.42 1577.36 2336.92 1577.84) because the full width of met4 (1.6) is not covered by the overlap.
[WARNING PDN-0043] No via added at (2335.42 1582.8 2336.92 1583.28) because the full width of met4 (1.6) is not covered by the overlap.
[WARNING PDN-0043] No via added at (2335.42 1588.24 2336.92 1588.72) because the full width of met4 (1.6) is not covered by the overlap.
[WARNING PDN-0043] No via added at (2335.42 1593.68 2336.92 1594.16) because the full width of met4 (1.6) is not covered by the overlap.
[WARNING PDN-0043] No via added at (2335.42 1599.12 2336.92 1599.6) because the full width of met4 (1.6) is not covered by the overlap.
[WARNING PDN-0043] No via added at (2335.42 1604.56 2336.92 1605.04) because the full width of met4 (1.6) is not covered by the overlap.
[WARNING PDN-0043] No via added at (2335.42 1610.0 2336.92 1610.48) because the full width of met4 (1.6) is not covered by the overlap.
[WARNING PDN-0043] No via added at (2335.42 1615.44 2336.92 1615.92) because the full width of met4 (1.6) is not covered by the overlap.
[WARNING PDN-0043] No via added at (2335.42 1620.88 2336.92 1621.36) because the full width of met4 (1.6) is not covered by the overlap.
[WARNING PDN-0043] No via added at (2335.42 1626.32 2336.92 1626.8) because the full width of met4 (1.6) is not covered by the overlap.
[WARNING PDN-0043] No via added at (2335.42 1631.76 2336.92 1632.24) because the full width of met4 (1.6) is not covered by the overlap.
[WARNING PDN-0043] No via added at (2335.42 1637.2 2336.92 1637.68) because the full width of met4 (1.6) is not covered by the overlap.
[WARNING PDN-0043] No via added at (2335.42 1642.64 2336.92 1643.12) because the full width of met4 (1.6) is not covered by the overlap.
[WARNING PDN-0043] No via added at (2335.42 1648.08 2336.92 1648.56) because the full width of met4 (1.6) is not covered by the overlap.
[WARNING PDN-0043] No via added at (2335.42 1653.52 2336.92 1654.0) because the full width of met4 (1.6) is not covered by the overlap.
[WARNING PDN-0043] No via added at (2335.42 1658.96 2336.92 1659.44) because the full width of met4 (1.6) is not covered by the overlap.
[WARNING PDN-0043] No via added at (2335.42 1664.4 2336.92 1664.88) because the full width of met4 (1.6) is not covered by the overlap.
[WARNING PDN-0043] No via added at (2335.42 1669.84 2336.92 1670.32) because the full width of met4 (1.6) is not covered by the overlap.
[WARNING PDN-0043] No via added at (2335.42 1675.28 2336.92 1675.76) because the full width of met4 (1.6) is not covered by the overlap.
[WARNING PDN-0043] No via added at (2335.42 1680.72 2336.92 1681.2) because the full width of met4 (1.6) is not covered by the overlap.
[WARNING PDN-0043] No via added at (2335.42 1686.16 2336.92 1686.64) because the full width of met4 (1.6) is not covered by the overlap.
[WARNING PDN-0043] No via added at (2335.42 1691.6 2336.92 1692.08) because the full width of met4 (1.6) is not covered by the overlap.
[WARNING PDN-0043] No via added at (2335.42 1697.04 2336.92 1697.52) because the full width of met4 (1.6) is not covered by the overlap.
[WARNING PDN-0043] No via added at (2335.42 1702.48 2336.92 1702.96) because the full width of met4 (1.6) is not covered by the overlap.
[WARNING PDN-0043] No via added at (2335.42 1843.92 2336.92 1844.4) because the full width of met4 (1.6) is not covered by the overlap.
[WARNING PDN-0043] No via added at (2335.42 1849.36 2336.92 1849.84) because the full width of met4 (1.6) is not covered by the overlap.
[WARNING PDN-0043] No via added at (2335.42 1854.8 2336.92 1855.28) because the full width of met4 (1.6) is not covered by the overlap.
[WARNING PDN-0043] No via added at (2335.42 1860.24 2336.92 1860.72) because the full width of met4 (1.6) is not covered by the overlap.
[WARNING PDN-0043] No via added at (2335.42 1865.68 2336.92 1866.16) because the full width of met4 (1.6) is not covered by the overlap.
[WARNING PDN-0043] No via added at (2335.42 1871.12 2336.92 1871.6) because the full width of met4 (1.6) is not covered by the overlap.
[WARNING PDN-0043] No via added at (2335.42 1876.56 2336.92 1877.04) because the full width of met4 (1.6) is not covered by the overlap.
[WARNING PDN-0043] No via added at (2335.42 1882.0 2336.92 1882.48) because the full width of met4 (1.6) is not covered by the overlap.
[WARNING PDN-0043] No via added at (2335.42 1887.44 2336.92 1887.92) because the full width of met4 (1.6) is not covered by the overlap.
[WARNING PDN-0043] No via added at (2335.42 1892.88 2336.92 1893.36) because the full width of met4 (1.6) is not covered by the overlap.
[WARNING PDN-0043] No via added at (2335.42 1898.32 2336.92 1898.8) because the full width of met4 (1.6) is not covered by the overlap.
[WARNING PDN-0043] No via added at (2335.42 1903.76 2336.92 1904.24) because the full width of met4 (1.6) is not covered by the overlap.
[WARNING PDN-0043] No via added at (2335.42 1909.2 2336.92 1909.68) because the full width of met4 (1.6) is not covered by the overlap.
[WARNING PDN-0043] No via added at (2335.42 1914.64 2336.92 1915.12) because the full width of met4 (1.6) is not covered by the overlap.
[WARNING PDN-0043] No via added at (2335.42 1920.08 2336.92 1920.56) because the full width of met4 (1.6) is not covered by the overlap.
[WARNING PDN-0043] No via added at (2335.42 1925.52 2336.92 1926.0) because the full width of met4 (1.6) is not covered by the overlap.
[WARNING PDN-0043] No via added at (2335.42 1930.96 2336.92 1931.44) because the full width of met4 (1.6) is not covered by the overlap.
[WARNING PDN-0043] No via added at (2335.42 1936.4 2336.92 1936.88) because the full width of met4 (1.6) is not covered by the overlap.
[WARNING PDN-0043] No via added at (2335.42 1941.84 2336.92 1942.32) because the full width of met4 (1.6) is not covered by the overlap.
[WARNING PDN-0043] No via added at (2335.42 1947.28 2336.92 1947.76) because the full width of met4 (1.6) is not covered by the overlap.
[WARNING PDN-0043] No via added at (2335.42 1952.72 2336.92 1953.2) because the full width of met4 (1.6) is not covered by the overlap.
[WARNING PDN-0043] No via added at (2335.42 1958.16 2336.92 1958.64) because the full width of met4 (1.6) is not covered by the overlap.
[WARNING PDN-0043] No via added at (2335.42 1963.6 2336.92 1964.08) because the full width of met4 (1.6) is not covered by the overlap.
[WARNING PDN-0043] No via added at (2335.42 1969.04 2336.92 1969.52) because the full width of met4 (1.6) is not covered by the overlap.
[WARNING PDN-0043] No via added at (2335.42 1974.48 2336.92 1974.96) because the full width of met4 (1.6) is not covered by the overlap.
[WARNING PDN-0043] No via added at (2335.42 1979.92 2336.92 1980.4) because the full width of met4 (1.6) is not covered by the overlap.
[WARNING PDN-0043] No via added at (2335.42 1985.36 2336.92 1985.84) because the full width of met4 (1.6) is not covered by the overlap.
[WARNING PDN-0043] No via added at (2335.42 1990.8 2336.92 1991.28) because the full width of met4 (1.6) is not covered by the overlap.
[WARNING PDN-0043] No via added at (2335.42 1996.24 2336.92 1996.72) because the full width of met4 (1.6) is not covered by the overlap.
[WARNING PDN-0043] No via added at (2335.42 2001.68 2336.92 2002.16) because the full width of met4 (1.6) is not covered by the overlap.
[WARNING PDN-0043] No via added at (2335.42 2007.12 2336.92 2007.6) because the full width of met4 (1.6) is not covered by the overlap.
[WARNING PDN-0043] No via added at (2335.42 2012.56 2336.92 2013.04) because the full width of met4 (1.6) is not covered by the overlap.
[WARNING PDN-0043] No via added at (2335.42 2018.0 2336.92 2018.48) because the full width of met4 (1.6) is not covered by the overlap.
[WARNING PDN-0043] No via added at (2335.42 2023.44 2336.92 2023.92) because the full width of met4 (1.6) is not covered by the overlap.
[WARNING PDN-0043] No via added at (2335.42 2028.88 2336.92 2029.36) because the full width of met4 (1.6) is not covered by the overlap.
[WARNING PDN-0043] No via added at (2335.42 2034.32 2336.92 2034.8) because the full width of met4 (1.6) is not covered by the overlap.
[WARNING PDN-0043] No via added at (2335.42 2039.76 2336.92 2040.24) because the full width of met4 (1.6) is not covered by the overlap.
[WARNING PDN-0043] No via added at (2335.42 2045.2 2336.92 2045.68) because the full width of met4 (1.6) is not covered by the overlap.
[WARNING PDN-0043] No via added at (2335.42 2050.64 2336.92 2051.12) because the full width of met4 (1.6) is not covered by the overlap.
[WARNING PDN-0043] No via added at (2335.42 2056.08 2336.92 2056.56) because the full width of met4 (1.6) is not covered by the overlap.
[WARNING PDN-0043] No via added at (2335.42 2061.52 2336.92 2062.0) because the full width of met4 (1.6) is not covered by the overlap.
[WARNING PDN-0043] No via added at (2335.42 2066.96 2336.92 2067.44) because the full width of met4 (1.6) is not covered by the overlap.
[WARNING PDN-0043] No via added at (2335.42 2072.4 2336.92 2072.88) because the full width of met4 (1.6) is not covered by the overlap.
[WARNING PDN-0043] No via added at (2335.42 2077.84 2336.92 2078.32) because the full width of met4 (1.6) is not covered by the overlap.
[WARNING PDN-0043] No via added at (2335.42 2083.28 2336.92 2083.76) because the full width of met4 (1.6) is not covered by the overlap.
[WARNING PDN-0043] No via added at (2335.42 2088.72 2336.92 2089.2) because the full width of met4 (1.6) is not covered by the overlap.
[WARNING PDN-0043] No via added at (2335.42 2094.16 2336.92 2094.64) because the full width of met4 (1.6) is not covered by the overlap.
[WARNING PDN-0043] No via added at (2335.42 2099.6 2336.92 2100.08) because the full width of met4 (1.6) is not covered by the overlap.
[WARNING PDN-0043] No via added at (2335.42 2105.04 2336.92 2105.52) because the full width of met4 (1.6) is not covered by the overlap.
[WARNING PDN-0043] No via added at (2335.42 2110.48 2336.92 2110.96) because the full width of met4 (1.6) is not covered by the overlap.
[WARNING PDN-0043] No via added at (2335.42 2115.92 2336.92 2116.4) because the full width of met4 (1.6) is not covered by the overlap.
[WARNING PDN-0043] No via added at (2335.42 2121.36 2336.92 2121.84) because the full width of met4 (1.6) is not covered by the overlap.
[WARNING PDN-0043] No via added at (2335.42 2126.8 2336.92 2127.28) because the full width of met4 (1.6) is not covered by the overlap.
[WARNING PDN-0043] No via added at (2335.42 2132.24 2336.92 2132.72) because the full width of met4 (1.6) is not covered by the overlap.
[WARNING PDN-0043] No via added at (2335.42 2137.68 2336.92 2138.16) because the full width of met4 (1.6) is not covered by the overlap.
[WARNING PDN-0043] No via added at (2335.42 2143.12 2336.92 2143.6) because the full width of met4 (1.6) is not covered by the overlap.
[WARNING PDN-0043] No via added at (2335.42 2148.56 2336.92 2149.04) because the full width of met4 (1.6) is not covered by the overlap.
[WARNING PDN-0043] No via added at (2335.42 2154.0 2336.92 2154.48) because the full width of met4 (1.6) is not covered by the overlap.
[WARNING PDN-0043] No via added at (2335.42 2159.44 2336.92 2159.92) because the full width of met4 (1.6) is not covered by the overlap.
[WARNING PDN-0043] No via added at (2335.42 2164.88 2336.92 2165.36) because the full width of met4 (1.6) is not covered by the overlap.
[WARNING PDN-0043] No via added at (2335.42 2170.32 2336.92 2170.8) because the full width of met4 (1.6) is not covered by the overlap.
[WARNING PDN-0043] No via added at (2335.42 2175.76 2336.92 2176.24) because the full width of met4 (1.6) is not covered by the overlap.
[WARNING PDN-0043] No via added at (2335.42 2181.2 2336.92 2181.68) because the full width of met4 (1.6) is not covered by the overlap.
[WARNING PDN-0043] No via added at (2335.42 2186.64 2336.92 2187.12) because the full width of met4 (1.6) is not covered by the overlap.
[WARNING PDN-0043] No via added at (2335.42 2192.08 2336.92 2192.56) because the full width of met4 (1.6) is not covered by the overlap.
[WARNING PDN-0043] No via added at (2335.42 2197.52 2336.92 2198.0) because the full width of met4 (1.6) is not covered by the overlap.
[WARNING PDN-0043] No via added at (2335.42 2202.96 2336.92 2203.44) because the full width of met4 (1.6) is not covered by the overlap.
[WARNING PDN-0043] No via added at (2335.42 2208.4 2336.92 2208.88) because the full width of met4 (1.6) is not covered by the overlap.
[WARNING PDN-0043] No via added at (2335.42 2213.84 2336.92 2214.32) because the full width of met4 (1.6) is not covered by the overlap.
[WARNING PDN-0043] No via added at (2335.42 2219.28 2336.92 2219.76) because the full width of met4 (1.6) is not covered by the overlap.
[WARNING PDN-0043] No via added at (2335.42 2224.72 2336.92 2225.2) because the full width of met4 (1.6) is not covered by the overlap.
[WARNING PDN-0043] No via added at (2335.42 2230.16 2336.92 2230.64) because the full width of met4 (1.6) is not covered by the overlap.
[WARNING PDN-0043] No via added at (2335.42 2235.6 2336.92 2236.08) because the full width of met4 (1.6) is not covered by the overlap.
[WARNING PDN-0043] No via added at (2335.42 2241.04 2336.92 2241.52) because the full width of met4 (1.6) is not covered by the overlap.
[WARNING PDN-0043] No via added at (2335.42 2246.48 2336.92 2246.96) because the full width of met4 (1.6) is not covered by the overlap.
[WARNING PDN-0043] No via added at (2335.42 2251.92 2336.92 2252.4) because the full width of met4 (1.6) is not covered by the overlap.
[WARNING PDN-0043] No via added at (2335.42 2257.36 2336.92 2257.84) because the full width of met4 (1.6) is not covered by the overlap.
[WARNING PDN-0043] No via added at (2335.42 2262.8 2336.92 2263.28) because the full width of met4 (1.6) is not covered by the overlap.
[WARNING PDN-0043] No via added at (2335.42 2268.24 2336.92 2268.72) because the full width of met4 (1.6) is not covered by the overlap.
[WARNING PDN-0043] No via added at (2335.42 2415.12 2336.92 2415.6) because the full width of met4 (1.6) is not covered by the overlap.
[WARNING PDN-0043] No via added at (2335.42 2420.56 2336.92 2421.04) because the full width of met4 (1.6) is not covered by the overlap.
[WARNING PDN-0043] No via added at (2335.42 2426.0 2336.92 2426.48) because the full width of met4 (1.6) is not covered by the overlap.
[WARNING PDN-0043] No via added at (2335.42 2431.44 2336.92 2431.92) because the full width of met4 (1.6) is not covered by the overlap.
[WARNING PDN-0043] No via added at (2335.42 2436.88 2336.92 2437.36) because the full width of met4 (1.6) is not covered by the overlap.
[WARNING PDN-0043] No via added at (2335.42 2442.32 2336.92 2442.8) because the full width of met4 (1.6) is not covered by the overlap.
[WARNING PDN-0043] No via added at (2335.42 2447.76 2336.92 2448.24) because the full width of met4 (1.6) is not covered by the overlap.
[WARNING PDN-0043] No via added at (2335.42 2453.2 2336.92 2453.68) because the full width of met4 (1.6) is not covered by the overlap.
[WARNING PDN-0043] No via added at (2335.42 2458.64 2336.92 2459.12) because the full width of met4 (1.6) is not covered by the overlap.
[WARNING PDN-0043] No via added at (2335.42 2464.08 2336.92 2464.56) because the full width of met4 (1.6) is not covered by the overlap.
[WARNING PDN-0043] No via added at (2335.42 2469.52 2336.92 2470.0) because the full width of met4 (1.6) is not covered by the overlap.
[WARNING PDN-0043] No via added at (2335.42 2474.96 2336.92 2475.44) because the full width of met4 (1.6) is not covered by the overlap.
[WARNING PDN-0043] No via added at (2335.42 2480.4 2336.92 2480.88) because the full width of met4 (1.6) is not covered by the overlap.
[WARNING PDN-0043] No via added at (2335.42 2485.84 2336.92 2486.32) because the full width of met4 (1.6) is not covered by the overlap.
[WARNING PDN-0043] No via added at (2335.42 2491.28 2336.92 2491.76) because the full width of met4 (1.6) is not covered by the overlap.
[WARNING PDN-0043] No via added at (2335.42 2496.72 2336.92 2497.2) because the full width of met4 (1.6) is not covered by the overlap.
[WARNING PDN-0043] No via added at (2335.42 2502.16 2336.92 2502.64) because the full width of met4 (1.6) is not covered by the overlap.
[WARNING PDN-0043] No via added at (2335.42 2507.6 2336.92 2508.08) because the full width of met4 (1.6) is not covered by the overlap.
[WARNING PDN-0043] No via added at (2335.42 2513.04 2336.92 2513.52) because the full width of met4 (1.6) is not covered by the overlap.
[WARNING PDN-0043] No via added at (2335.42 2518.48 2336.92 2518.96) because the full width of met4 (1.6) is not covered by the overlap.
[WARNING PDN-0043] No via added at (2335.42 2523.92 2336.92 2524.4) because the full width of met4 (1.6) is not covered by the overlap.
[WARNING PDN-0043] No via added at (2335.42 2529.36 2336.92 2529.84) because the full width of met4 (1.6) is not covered by the overlap.
[WARNING PDN-0043] No via added at (2335.42 2534.8 2336.92 2535.28) because the full width of met4 (1.6) is not covered by the overlap.
[WARNING PDN-0043] No via added at (2335.42 2540.24 2336.92 2540.72) because the full width of met4 (1.6) is not covered by the overlap.
[WARNING PDN-0043] No via added at (2335.42 2545.68 2336.92 2546.16) because the full width of met4 (1.6) is not covered by the overlap.
[WARNING PDN-0043] No via added at (2335.42 2551.12 2336.92 2551.6) because the full width of met4 (1.6) is not covered by the overlap.
[WARNING PDN-0043] No via added at (2335.42 2556.56 2336.92 2557.04) because the full width of met4 (1.6) is not covered by the overlap.
[WARNING PDN-0043] No via added at (2335.42 2562.0 2336.92 2562.48) because the full width of met4 (1.6) is not covered by the overlap.
[WARNING PDN-0043] No via added at (2335.42 2567.44 2336.92 2567.92) because the full width of met4 (1.6) is not covered by the overlap.
[WARNING PDN-0043] No via added at (2335.42 2572.88 2336.92 2573.36) because the full width of met4 (1.6) is not covered by the overlap.
[WARNING PDN-0043] No via added at (2335.42 2578.32 2336.92 2578.8) because the full width of met4 (1.6) is not covered by the overlap.
[WARNING PDN-0043] No via added at (2335.42 2583.76 2336.92 2584.24) because the full width of met4 (1.6) is not covered by the overlap.
[WARNING PDN-0043] No via added at (2335.42 2589.2 2336.92 2589.68) because the full width of met4 (1.6) is not covered by the overlap.
[WARNING PDN-0043] No via added at (2335.42 2594.64 2336.92 2595.12) because the full width of met4 (1.6) is not covered by the overlap.
[WARNING PDN-0043] No via added at (2335.42 2600.08 2336.92 2600.56) because the full width of met4 (1.6) is not covered by the overlap.
[WARNING PDN-0043] No via added at (2335.42 2605.52 2336.92 2606.0) because the full width of met4 (1.6) is not covered by the overlap.
[WARNING PDN-0043] No via added at (2335.42 2610.96 2336.92 2611.44) because the full width of met4 (1.6) is not covered by the overlap.
[WARNING PDN-0043] No via added at (2335.42 2616.4 2336.92 2616.88) because the full width of met4 (1.6) is not covered by the overlap.
[WARNING PDN-0043] No via added at (2335.42 2621.84 2336.92 2622.32) because the full width of met4 (1.6) is not covered by the overlap.
[WARNING PDN-0043] No via added at (2335.42 2627.28 2336.92 2627.76) because the full width of met4 (1.6) is not covered by the overlap.
[WARNING PDN-0043] No via added at (2335.42 2632.72 2336.92 2633.2) because the full width of met4 (1.6) is not covered by the overlap.
[WARNING PDN-0043] No via added at (2335.42 2638.16 2336.92 2638.64) because the full width of met4 (1.6) is not covered by the overlap.
[WARNING PDN-0043] No via added at (2335.42 2643.6 2336.92 2644.08) because the full width of met4 (1.6) is not covered by the overlap.
[WARNING PDN-0043] No via added at (2335.42 2649.04 2336.92 2649.52) because the full width of met4 (1.6) is not covered by the overlap.
[WARNING PDN-0043] No via added at (2335.42 2654.48 2336.92 2654.96) because the full width of met4 (1.6) is not covered by the overlap.
[WARNING PDN-0043] No via added at (2335.42 2659.92 2336.92 2660.4) because the full width of met4 (1.6) is not covered by the overlap.
[WARNING PDN-0043] No via added at (2335.42 2665.36 2336.92 2665.84) because the full width of met4 (1.6) is not covered by the overlap.
[WARNING PDN-0043] No via added at (2335.42 2670.8 2336.92 2671.28) because the full width of met4 (1.6) is not covered by the overlap.
[WARNING PDN-0043] No via added at (2335.42 2676.24 2336.92 2676.72) because the full width of met4 (1.6) is not covered by the overlap.
[WARNING PDN-0043] No via added at (2335.42 2681.68 2336.92 2682.16) because the full width of met4 (1.6) is not covered by the overlap.
[WARNING PDN-0043] No via added at (2335.42 2687.12 2336.92 2687.6) because the full width of met4 (1.6) is not covered by the overlap.
[WARNING PDN-0043] No via added at (2335.42 2692.56 2336.92 2693.04) because the full width of met4 (1.6) is not covered by the overlap.
[WARNING PDN-0043] No via added at (2335.42 2698.0 2336.92 2698.48) because the full width of met4 (1.6) is not covered by the overlap.
[WARNING PDN-0043] No via added at (2335.42 2703.44 2336.92 2703.92) because the full width of met4 (1.6) is not covered by the overlap.
[WARNING PDN-0043] No via added at (2335.42 2708.88 2336.92 2709.36) because the full width of met4 (1.6) is not covered by the overlap.
[WARNING PDN-0043] No via added at (2335.42 2714.32 2336.92 2714.8) because the full width of met4 (1.6) is not covered by the overlap.
[WARNING PDN-0043] No via added at (2335.42 2719.76 2336.92 2720.24) because the full width of met4 (1.6) is not covered by the overlap.
[WARNING PDN-0043] No via added at (2335.42 2725.2 2336.92 2725.68) because the full width of met4 (1.6) is not covered by the overlap.
[WARNING PDN-0043] No via added at (2335.42 2730.64 2336.92 2731.12) because the full width of met4 (1.6) is not covered by the overlap.
[WARNING PDN-0043] No via added at (2335.42 2736.08 2336.92 2736.56) because the full width of met4 (1.6) is not covered by the overlap.
[WARNING PDN-0043] No via added at (2335.42 2741.52 2336.92 2742.0) because the full width of met4 (1.6) is not covered by the overlap.
[WARNING PDN-0043] No via added at (2335.42 2746.96 2336.92 2747.44) because the full width of met4 (1.6) is not covered by the overlap.
[WARNING PDN-0043] No via added at (2335.42 2752.4 2336.92 2752.88) because the full width of met4 (1.6) is not covered by the overlap.
[WARNING PDN-0043] No via added at (2335.42 2757.84 2336.92 2758.32) because the full width of met4 (1.6) is not covered by the overlap.
[WARNING PDN-0043] No via added at (2335.42 2763.28 2336.92 2763.76) because the full width of met4 (1.6) is not covered by the overlap.
[WARNING PDN-0043] No via added at (2335.42 2768.72 2336.92 2769.2) because the full width of met4 (1.6) is not covered by the overlap.
[WARNING PDN-0043] No via added at (2335.42 2774.16 2336.92 2774.64) because the full width of met4 (1.6) is not covered by the overlap.
[WARNING PDN-0043] No via added at (2335.42 2779.6 2336.92 2780.08) because the full width of met4 (1.6) is not covered by the overlap.
[WARNING PDN-0043] No via added at (2335.42 2785.04 2336.92 2785.52) because the full width of met4 (1.6) is not covered by the overlap.
[WARNING PDN-0043] No via added at (2335.42 2790.48 2336.92 2790.96) because the full width of met4 (1.6) is not covered by the overlap.
[WARNING PDN-0043] No via added at (2335.42 2795.92 2336.92 2796.4) because the full width of met4 (1.6) is not covered by the overlap.
[WARNING PDN-0043] No via added at (2335.42 2801.36 2336.92 2801.84) because the full width of met4 (1.6) is not covered by the overlap.
[WARNING PDN-0043] No via added at (2335.42 2806.8 2336.92 2807.28) because the full width of met4 (1.6) is not covered by the overlap.
[WARNING PDN-0043] No via added at (2335.42 2812.24 2336.92 2812.72) because the full width of met4 (1.6) is not covered by the overlap.
[WARNING PDN-0043] No via added at (2335.42 2817.68 2336.92 2818.16) because the full width of met4 (1.6) is not covered by the overlap.
[WARNING PDN-0043] No via added at (2335.42 2823.12 2336.92 2823.6) because the full width of met4 (1.6) is not covered by the overlap.
[WARNING PDN-0043] No via added at (2335.42 2828.56 2336.92 2829.04) because the full width of met4 (1.6) is not covered by the overlap.
[WARNING PDN-0043] No via added at (2335.42 2834.0 2336.92 2834.48) because the full width of met4 (1.6) is not covered by the overlap.
[WARNING PDN-0043] No via added at (2335.42 2980.88 2336.92 2981.36) because the full width of met4 (1.6) is not covered by the overlap.
[WARNING PDN-0043] No via added at (2335.42 2986.32 2336.92 2986.8) because the full width of met4 (1.6) is not covered by the overlap.
[WARNING PDN-0043] No via added at (2335.42 2991.76 2336.92 2992.24) because the full width of met4 (1.6) is not covered by the overlap.
[WARNING PDN-0043] No via added at (2335.42 2997.2 2336.92 2997.68) because the full width of met4 (1.6) is not covered by the overlap.
[WARNING PDN-0043] No via added at (2335.42 3002.64 2336.92 3003.12) because the full width of met4 (1.6) is not covered by the overlap.
[WARNING PDN-0043] No via added at (2335.42 3008.08 2336.92 3008.56) because the full width of met4 (1.6) is not covered by the overlap.
[WARNING PDN-0043] No via added at (2335.42 3013.52 2336.92 3014.0) because the full width of met4 (1.6) is not covered by the overlap.
[WARNING PDN-0043] No via added at (2335.42 3018.96 2336.92 3019.44) because the full width of met4 (1.6) is not covered by the overlap.
[WARNING PDN-0043] No via added at (2335.42 3024.4 2336.92 3024.88) because the full width of met4 (1.6) is not covered by the overlap.
[WARNING PDN-0043] No via added at (2335.42 3029.84 2336.92 3030.32) because the full width of met4 (1.6) is not covered by the overlap.
[WARNING PDN-0043] No via added at (2335.42 3035.28 2336.92 3035.76) because the full width of met4 (1.6) is not covered by the overlap.
[WARNING PDN-0043] No via added at (2335.42 3040.72 2336.92 3041.2) because the full width of met4 (1.6) is not covered by the overlap.
[WARNING PDN-0043] No via added at (2335.42 3046.16 2336.92 3046.64) because the full width of met4 (1.6) is not covered by the overlap.
[WARNING PDN-0043] No via added at (2335.42 3051.6 2336.92 3052.08) because the full width of met4 (1.6) is not covered by the overlap.
[WARNING PDN-0043] No via added at (2335.42 3057.04 2336.92 3057.52) because the full width of met4 (1.6) is not covered by the overlap.
[WARNING PDN-0043] No via added at (2335.42 3062.48 2336.92 3062.96) because the full width of met4 (1.6) is not covered by the overlap.
[WARNING PDN-0043] No via added at (2335.42 3067.92 2336.92 3068.4) because the full width of met4 (1.6) is not covered by the overlap.
[WARNING PDN-0043] No via added at (2335.42 3073.36 2336.92 3073.84) because the full width of met4 (1.6) is not covered by the overlap.
[WARNING PDN-0043] No via added at (2335.42 3078.8 2336.92 3079.28) because the full width of met4 (1.6) is not covered by the overlap.
[WARNING PDN-0043] No via added at (2335.42 3084.24 2336.92 3084.72) because the full width of met4 (1.6) is not covered by the overlap.
[WARNING PDN-0043] No via added at (2335.42 3089.68 2336.92 3090.16) because the full width of met4 (1.6) is not covered by the overlap.
[WARNING PDN-0043] No via added at (2335.42 3095.12 2336.92 3095.6) because the full width of met4 (1.6) is not covered by the overlap.
[WARNING PDN-0043] No via added at (2335.42 3100.56 2336.92 3101.04) because the full width of met4 (1.6) is not covered by the overlap.
[WARNING PDN-0043] No via added at (2335.42 3106.0 2336.92 3106.48) because the full width of met4 (1.6) is not covered by the overlap.
[WARNING PDN-0043] No via added at (2335.42 3111.44 2336.92 3111.92) because the full width of met4 (1.6) is not covered by the overlap.
[WARNING PDN-0043] No via added at (2335.42 3116.88 2336.92 3117.36) because the full width of met4 (1.6) is not covered by the overlap.
[WARNING PDN-0043] No via added at (2335.42 3122.32 2336.92 3122.8) because the full width of met4 (1.6) is not covered by the overlap.
[WARNING PDN-0043] No via added at (2335.42 3127.76 2336.92 3128.24) because the full width of met4 (1.6) is not covered by the overlap.
[WARNING PDN-0043] No via added at (2335.42 3133.2 2336.92 3133.68) because the full width of met4 (1.6) is not covered by the overlap.
[WARNING PDN-0043] No via added at (2335.42 3138.64 2336.92 3139.12) because the full width of met4 (1.6) is not covered by the overlap.
[WARNING PDN-0043] No via added at (2335.42 3144.08 2336.92 3144.56) because the full width of met4 (1.6) is not covered by the overlap.
[WARNING PDN-0043] No via added at (2335.42 3149.52 2336.92 3150.0) because the full width of met4 (1.6) is not covered by the overlap.
[WARNING PDN-0043] No via added at (2335.42 3154.96 2336.92 3155.44) because the full width of met4 (1.6) is not covered by the overlap.
[WARNING PDN-0043] No via added at (2335.42 3160.4 2336.92 3160.88) because the full width of met4 (1.6) is not covered by the overlap.
[WARNING PDN-0043] No via added at (2335.42 3165.84 2336.92 3166.32) because the full width of met4 (1.6) is not covered by the overlap.
[WARNING PDN-0043] No via added at (2335.42 3171.28 2336.92 3171.76) because the full width of met4 (1.6) is not covered by the overlap.
[WARNING PDN-0043] No via added at (2335.42 3176.72 2336.92 3177.2) because the full width of met4 (1.6) is not covered by the overlap.
[WARNING PDN-0043] No via added at (2335.42 3182.16 2336.92 3182.64) because the full width of met4 (1.6) is not covered by the overlap.
[WARNING PDN-0043] No via added at (2335.42 3187.6 2336.92 3188.08) because the full width of met4 (1.6) is not covered by the overlap.
[WARNING PDN-0043] No via added at (2335.42 3193.04 2336.92 3193.52) because the full width of met4 (1.6) is not covered by the overlap.
[WARNING PDN-0043] No via added at (2335.42 3198.48 2336.92 3198.96) because the full width of met4 (1.6) is not covered by the overlap.
[WARNING PDN-0043] No via added at (2335.42 3203.92 2336.92 3204.4) because the full width of met4 (1.6) is not covered by the overlap.
[WARNING PDN-0043] No via added at (2335.42 3209.36 2336.92 3209.84) because the full width of met4 (1.6) is not covered by the overlap.
[WARNING PDN-0043] No via added at (2335.42 3214.8 2336.92 3215.28) because the full width of met4 (1.6) is not covered by the overlap.
[WARNING PDN-0043] No via added at (2335.42 3220.24 2336.92 3220.72) because the full width of met4 (1.6) is not covered by the overlap.
[WARNING PDN-0043] No via added at (2335.42 3225.68 2336.92 3226.16) because the full width of met4 (1.6) is not covered by the overlap.
[WARNING PDN-0043] No via added at (2335.42 3231.12 2336.92 3231.6) because the full width of met4 (1.6) is not covered by the overlap.
[WARNING PDN-0043] No via added at (2335.42 3236.56 2336.92 3237.04) because the full width of met4 (1.6) is not covered by the overlap.
[WARNING PDN-0043] No via added at (2335.42 3242.0 2336.92 3242.48) because the full width of met4 (1.6) is not covered by the overlap.
[WARNING PDN-0043] No via added at (2335.42 3247.44 2336.92 3247.92) because the full width of met4 (1.6) is not covered by the overlap.
[WARNING PDN-0043] No via added at (2335.42 3252.88 2336.92 3253.36) because the full width of met4 (1.6) is not covered by the overlap.
[WARNING PDN-0043] No via added at (2335.42 3258.32 2336.92 3258.8) because the full width of met4 (1.6) is not covered by the overlap.
[WARNING PDN-0043] No via added at (2335.42 3263.76 2336.92 3264.24) because the full width of met4 (1.6) is not covered by the overlap.
[WARNING PDN-0043] No via added at (2335.42 3269.2 2336.92 3269.68) because the full width of met4 (1.6) is not covered by the overlap.
[WARNING PDN-0043] No via added at (2335.42 3274.64 2336.92 3275.12) because the full width of met4 (1.6) is not covered by the overlap.
[WARNING PDN-0043] No via added at (2335.42 3280.08 2336.92 3280.56) because the full width of met4 (1.6) is not covered by the overlap.
[WARNING PDN-0043] No via added at (2335.42 3285.52 2336.92 3286.0) because the full width of met4 (1.6) is not covered by the overlap.
[WARNING PDN-0043] No via added at (2335.42 3290.96 2336.92 3291.44) because the full width of met4 (1.6) is not covered by the overlap.
[WARNING PDN-0043] No via added at (2335.42 3296.4 2336.92 3296.88) because the full width of met4 (1.6) is not covered by the overlap.
[WARNING PDN-0043] No via added at (2335.42 3301.84 2336.92 3302.32) because the full width of met4 (1.6) is not covered by the overlap.
[WARNING PDN-0043] No via added at (2335.42 3307.28 2336.92 3307.76) because the full width of met4 (1.6) is not covered by the overlap.
[WARNING PDN-0043] No via added at (2335.42 3312.72 2336.92 3313.2) because the full width of met4 (1.6) is not covered by the overlap.
[WARNING PDN-0043] No via added at (2335.42 3318.16 2336.92 3318.64) because the full width of met4 (1.6) is not covered by the overlap.
[WARNING PDN-0043] No via added at (2335.42 3323.6 2336.92 3324.08) because the full width of met4 (1.6) is not covered by the overlap.
[WARNING PDN-0043] No via added at (2335.42 3329.04 2336.92 3329.52) because the full width of met4 (1.6) is not covered by the overlap.
[WARNING PDN-0043] No via added at (2335.42 3334.48 2336.92 3334.96) because the full width of met4 (1.6) is not covered by the overlap.
[WARNING PDN-0043] No via added at (2335.42 3339.92 2336.92 3340.4) because the full width of met4 (1.6) is not covered by the overlap.
[WARNING PDN-0043] No via added at (2335.42 3345.36 2336.92 3345.84) because the full width of met4 (1.6) is not covered by the overlap.
[WARNING PDN-0043] No via added at (2335.42 3350.8 2336.92 3351.28) because the full width of met4 (1.6) is not covered by the overlap.
[WARNING PDN-0043] No via added at (2335.42 3356.24 2336.92 3356.72) because the full width of met4 (1.6) is not covered by the overlap.
[WARNING PDN-0043] No via added at (2335.42 3361.68 2336.92 3362.16) because the full width of met4 (1.6) is not covered by the overlap.
[WARNING PDN-0043] No via added at (2335.42 3367.12 2336.92 3367.6) because the full width of met4 (1.6) is not covered by the overlap.
[WARNING PDN-0043] No via added at (2335.42 3372.56 2336.92 3373.04) because the full width of met4 (1.6) is not covered by the overlap.
[WARNING PDN-0043] No via added at (2335.42 3378.0 2336.92 3378.48) because the full width of met4 (1.6) is not covered by the overlap.
[WARNING PDN-0043] No via added at (2335.42 3383.44 2336.92 3383.92) because the full width of met4 (1.6) is not covered by the overlap.
[WARNING PDN-0043] No via added at (2335.42 3388.88 2336.92 3389.36) because the full width of met4 (1.6) is not covered by the overlap.
[WARNING PDN-0043] No via added at (2335.42 3394.32 2336.92 3394.8) because the full width of met4 (1.6) is not covered by the overlap.
[WARNING PDN-0043] No via added at (2335.42 3399.76 2336.92 3400.24) because the full width of met4 (1.6) is not covered by the overlap.
[INFO PDN-0010] Inserting macro grid for 44 macros.
[INFO PDN-0015] Writing to database.
Found 44 macro blocks.
Using 1u default distance from corners.
[INFO PPL-0010] Tentative 0 to set up sections.
[INFO PPL-0001] Number of slots          4810
[INFO PPL-0002] Number of I/O            514
[INFO PPL-0003] Number of I/O w/sink     514
[INFO PPL-0004] Number of I/O w/o sink   32
[INFO PPL-0005] Slots per section        200
[INFO PPL-0006] Slots increase factor    0.01
[INFO PPL-0008] Successfully assigned pins to sections.
[INFO PPL-0012] I/O nets HPWL: 1271323.50 um.
[INFO GPL-0002] DBU: 1000
[INFO GPL-0003] SiteSize: 460 2720
[INFO GPL-0004] CoreAreaLxLy: 10120 10880
[INFO GPL-0005] CoreAreaUxUy: 6289580 3587680
[INFO GPL-0006] NumInstances: 256800
[INFO GPL-0007] NumPlaceInstances: 101755
[INFO GPL-0008] NumFixedInstances: 141293
[INFO GPL-0009] NumDummyInstances: 13752
[INFO GPL-0010] NumNets: 103345
[INFO GPL-0011] NumPins: 365497
[INFO GPL-0012] DieAreaLxLy: 0 0
[INFO GPL-0013] DieAreaUxUy: 6300000 3600000
[INFO GPL-0014] CoreAreaLxLy: 10120 10880
[INFO GPL-0015] CoreAreaUxUy: 6289580 3587680
[INFO GPL-0016] CoreArea: 22460372528000
[INFO GPL-0017] NonPlaceInstsArea: 13357460091200
[INFO GPL-0018] PlaceInstsArea: 1399569798400
[INFO GPL-0019] Util(%): 15.37
[INFO GPL-0020] StdInstsArea: 1399569798400
[INFO GPL-0021] MacroInstsArea: 0
[InitialPlace]  Iter: 1 CG residual: 0.00405996 HPWL: 12952996960
[InitialPlace]  Iter: 2 CG residual: 0.00024909 HPWL: 7151936402
[InitialPlace]  Iter: 3 CG residual: 0.00012855 HPWL: 6851529291
[InitialPlace]  Iter: 4 CG residual: 0.00018139 HPWL: 6340315208
[InitialPlace]  Iter: 5 CG residual: 0.00009569 HPWL: 5966634970
[InitialPlace]  Iter: 6 CG residual: 0.00002389 HPWL: 5704941529
[InitialPlace]  Iter: 7 CG residual: 0.00001863 HPWL: 5577696392
[InitialPlace]  Iter: 8 CG residual: 0.00001651 HPWL: 5536109625
[InitialPlace]  Iter: 9 CG residual: 0.00000933 HPWL: 5505799943
[INFO GPL-0031] FillerInit: NumGCells: 304050
[INFO GPL-0032] FillerInit: NumGNets: 103345
[INFO GPL-0033] FillerInit: NumGPins: 365497
[INFO GPL-0023] TargetDensity: 0.45
[INFO GPL-0024] AveragePlaceInstArea: 13754309
[INFO GPL-0025] IdealBinArea: 30565132
[INFO GPL-0026] IdealBinCnt: 734836
[INFO GPL-0027] TotalBinArea: 22460372528000
[INFO GPL-0028] BinCnt: 512 512
[INFO GPL-0029] BinSize: 12265 6986
[INFO GPL-0030] NumBins: 262144
[NesterovSolve] Iter: 1 overflow: 0.985708 HPWL: 3237651845
[NesterovSolve] Iter: 10 overflow: 0.976095 HPWL: 3348729681
[NesterovSolve] Iter: 20 overflow: 0.973489 HPWL: 3442184214
[NesterovSolve] Iter: 30 overflow: 0.972588 HPWL: 3491493082
[NesterovSolve] Iter: 40 overflow: 0.970883 HPWL: 3527829900
[NesterovSolve] Iter: 50 overflow: 0.970075 HPWL: 3563665398
[NesterovSolve] Iter: 60 overflow: 0.969262 HPWL: 3593652298
[NesterovSolve] Iter: 70 overflow: 0.969435 HPWL: 3614792272
[NesterovSolve] Iter: 80 overflow: 0.969871 HPWL: 3627495117
[NesterovSolve] Iter: 90 overflow: 0.970421 HPWL: 3631860954
[NesterovSolve] Iter: 100 overflow: 0.971411 HPWL: 3630133937
[NesterovSolve] Iter: 110 overflow: 0.97213 HPWL: 3626711007
[NesterovSolve] Iter: 120 overflow: 0.973081 HPWL: 3625200587
[NesterovSolve] Iter: 130 overflow: 0.973943 HPWL: 3625228140
[NesterovSolve] Iter: 140 overflow: 0.974588 HPWL: 3626916564
[NesterovSolve] Iter: 150 overflow: 0.97498 HPWL: 3631254620
[NesterovSolve] Iter: 160 overflow: 0.975122 HPWL: 3640100888
[NesterovSolve] Iter: 170 overflow: 0.974999 HPWL: 3655283831
[NesterovSolve] Iter: 180 overflow: 0.974506 HPWL: 3680382770
[NesterovSolve] Iter: 190 overflow: 0.973238 HPWL: 3720680264
[NesterovSolve] Iter: 200 overflow: 0.970367 HPWL: 3779397100
[NesterovSolve] Iter: 210 overflow: 0.966005 HPWL: 3859909112
[NesterovSolve] Iter: 220 overflow: 0.95984 HPWL: 3973979888
[NesterovSolve] Iter: 230 overflow: 0.951207 HPWL: 4139216050
[NesterovSolve] Iter: 240 overflow: 0.940693 HPWL: 4465362972
[NesterovSolve] Iter: 250 overflow: 0.925295 HPWL: 4858646513
[NesterovSolve] Iter: 260 overflow: 0.913511 HPWL: 5145359733
[NesterovSolve] Iter: 270 overflow: 0.911543 HPWL: 5390143448
[NesterovSolve] Iter: 280 overflow: 0.893102 HPWL: 5844280841
[NesterovSolve] Iter: 290 overflow: 0.854788 HPWL: 6112762848
[NesterovSolve] Iter: 300 overflow: 0.814609 HPWL: 6384099266
[NesterovSolve] Iter: 310 overflow: 0.76106 HPWL: 6433230616
[NesterovSolve] Iter: 320 overflow: 0.70708 HPWL: 7001838777
[NesterovSolve] Iter: 330 overflow: 0.66765 HPWL: 7745058751
[NesterovSolve] Iter: 340 overflow: 0.6336 HPWL: 7873805476
[NesterovSolve] Iter: 350 overflow: 0.580023 HPWL: 7788031983
[NesterovSolve] Iter: 360 overflow: 0.523731 HPWL: 7981026016
[NesterovSolve] Iter: 370 overflow: 0.483135 HPWL: 7704280091
[NesterovSolve] Iter: 380 overflow: 0.420548 HPWL: 7797005522
[NesterovSolve] Iter: 390 overflow: 0.375443 HPWL: 7563467248
[NesterovSolve] Iter: 400 overflow: 0.328857 HPWL: 7480119959
[NesterovSolve] Iter: 410 overflow: 0.284389 HPWL: 7298530203
[NesterovSolve] Iter: 420 overflow: 0.256512 HPWL: 7087487595
[NesterovSolve] Iter: 430 overflow: 0.22948 HPWL: 6893733327
[NesterovSolve] Iter: 440 overflow: 0.201711 HPWL: 6697207454
[NesterovSolve] Iter: 450 overflow: 0.216542 HPWL: 5784568964
[NesterovSolve] Iter: 460 overflow: 0.181402 HPWL: 5782515266
[NesterovSolve] Iter: 470 overflow: 0.158467 HPWL: 5786259074
[NesterovSolve] Iter: 480 overflow: 0.134955 HPWL: 5792935707
[NesterovSolve] Iter: 490 overflow: 0.113582 HPWL: 5802171277
[NesterovSolve] Finished with Overflow: 0.099514
[INFO RSZ-0058] Using max wire length 3199um.
[INFO RSZ-0034] Found 33399 slew violations.
[INFO RSZ-0036] Found 1340 capacitance violations.
[INFO RSZ-0037] Found 255 long wires.
[INFO RSZ-0038] Inserted 12113 buffers in 34378 nets.
[INFO RSZ-0039] Resized 9599 instances.
Placement Analysis
---------------------------------
total displacement     568098.7 u
average displacement        2.2 u
max displacement          216.0 u
original HPWL         7366377.4 u
legalized HPWL        7709099.0 u
delta HPWL                    5 %

Design area 13727990 u^2 61% utilization.
[INFO CTS-0039] Number of created patterns = 49104.
[INFO CTS-0084] Compiling LUT.
Min. len    Max. len    Min. cap    Max. cap    Min. slew   Max. slew
2           8           1           35          1           83          
[WARNING CTS-0043] 3168 wires are pure wire and no slew degradation.
TritonCTS forced slew degradation on these wires.
[INFO CTS-0046]     Number of wire segments: 49104.
[INFO CTS-0047]     Number of keys in characterization LUT: 1888.
[INFO CTS-0048]     Actual min input cap: 1.
[INFO CTS-0007] Net "clk" found for clock "clk".
[INFO CTS-0010]  Clock net "clk" has 21953 sinks.
[INFO CTS-0008] TritonCTS found 1 clock nets.
[INFO CTS-0097] Characterization used 2 buffer(s) types.
[INFO CTS-0027] Generating H-Tree topology for net clk.
[INFO CTS-0028]  Total number of sinks: 21953.
[INFO CTS-0090]  Sinks will be clustered based on buffer max cap.
[INFO CTS-0030]  Number of static layers: 0.
[INFO CTS-0020]  Wire segment unit: 13000  dbu (13 um).
[INFO CTS-0019]  Total number of sinks after clustering: 10452.
[INFO CTS-0024]  Normalized sink region: [(6.19462, 1.04615), (478.158, 275.666)].
[INFO CTS-0025]     Width:  471.9631.
[INFO CTS-0026]     Height: 274.6200.
 Level 1
    Direction: Horizontal
    Sinks per sub-region: 5226
    Sub-region size: 235.9815 X 274.6200
[INFO CTS-0034]     Segment length (rounded): 118.
    Key: 1020 outSlew: 7 load: 1 length: 8 isBuffered: true
    Key: 1025 outSlew: 7 load: 1 length: 8 isBuffered: true
    Key: 1025 outSlew: 7 load: 1 length: 8 isBuffered: true
    Key: 1025 outSlew: 7 load: 1 length: 8 isBuffered: true
    Key: 1025 outSlew: 7 load: 1 length: 8 isBuffered: true
    Key: 1025 outSlew: 7 load: 1 length: 8 isBuffered: true
    Key: 1025 outSlew: 7 load: 1 length: 8 isBuffered: true
    Key: 1025 outSlew: 7 load: 1 length: 8 isBuffered: true
    Key: 1025 outSlew: 7 load: 1 length: 8 isBuffered: true
    Key: 1025 outSlew: 7 load: 1 length: 8 isBuffered: true
    Key: 1025 outSlew: 7 load: 1 length: 8 isBuffered: true
    Key: 1025 outSlew: 7 load: 1 length: 8 isBuffered: true
    Key: 1025 outSlew: 7 load: 1 length: 8 isBuffered: true
    Key: 1025 outSlew: 7 load: 1 length: 8 isBuffered: true
    Key: 355 outSlew: 7 load: 1 length: 6 isBuffered: true
 Level 2
    Direction: Vertical
    Sinks per sub-region: 2613
    Sub-region size: 235.9815 X 137.3100
[INFO CTS-0034]     Segment length (rounded): 68.
    Key: 1025 outSlew: 7 load: 1 length: 8 isBuffered: true
    Key: 1025 outSlew: 7 load: 1 length: 8 isBuffered: true
    Key: 1025 outSlew: 7 load: 1 length: 8 isBuffered: true
    Key: 1025 outSlew: 7 load: 1 length: 8 isBuffered: true
    Key: 1025 outSlew: 7 load: 1 length: 8 isBuffered: true
    Key: 1025 outSlew: 7 load: 1 length: 8 isBuffered: true
    Key: 1025 outSlew: 7 load: 1 length: 8 isBuffered: true
    Key: 1025 outSlew: 7 load: 1 length: 8 isBuffered: true
    Key: 65 outSlew: 7 load: 1 length: 4 isBuffered: true
 Level 3
    Direction: Horizontal
    Sinks per sub-region: 1307
    Sub-region size: 117.9908 X 137.3100
[INFO CTS-0034]     Segment length (rounded): 58.
    Key: 1025 outSlew: 7 load: 1 length: 8 isBuffered: true
    Key: 1025 outSlew: 7 load: 1 length: 8 isBuffered: true
    Key: 1025 outSlew: 7 load: 1 length: 8 isBuffered: true
    Key: 1025 outSlew: 7 load: 1 length: 8 isBuffered: true
    Key: 1025 outSlew: 7 load: 1 length: 8 isBuffered: true
    Key: 1025 outSlew: 7 load: 1 length: 8 isBuffered: true
    Key: 1025 outSlew: 7 load: 1 length: 8 isBuffered: true
    Key: 19 outSlew: 7 load: 1 length: 2 isBuffered: true
 Level 4
    Direction: Vertical
    Sinks per sub-region: 654
    Sub-region size: 117.9908 X 68.6550
[INFO CTS-0034]     Segment length (rounded): 34.
    Key: 1025 outSlew: 7 load: 1 length: 8 isBuffered: true
    Key: 1025 outSlew: 7 load: 1 length: 8 isBuffered: true
    Key: 1025 outSlew: 7 load: 1 length: 8 isBuffered: true
    Key: 1025 outSlew: 7 load: 1 length: 8 isBuffered: true
    Key: 19 outSlew: 7 load: 1 length: 2 isBuffered: true
 Out of 1024 sinks, 98 sinks closer to other cluster.
 Out of 1066 sinks, 1 sinks closer to other cluster.
 Level 5
    Direction: Horizontal
    Sinks per sub-region: 327
    Sub-region size: 58.9954 X 68.6550
[INFO CTS-0034]     Segment length (rounded): 30.
    Key: 1025 outSlew: 7 load: 1 length: 8 isBuffered: true
    Key: 1025 outSlew: 7 load: 1 length: 8 isBuffered: true
    Key: 1025 outSlew: 7 load: 1 length: 8 isBuffered: true
    Key: 355 outSlew: 7 load: 1 length: 6 isBuffered: true
 Out of 410 sinks, 50 sinks closer to other cluster.
 Out of 614 sinks, 48 sinks closer to other cluster.
 Out of 544 sinks, 1 sinks closer to other cluster.
 Out of 641 sinks, 32 sinks closer to other cluster.
 Level 6
    Direction: Vertical
    Sinks per sub-region: 164
    Sub-region size: 58.9954 X 34.3275
[INFO CTS-0034]     Segment length (rounded): 18.
    Key: 1025 outSlew: 7 load: 1 length: 8 isBuffered: true
    Key: 1025 outSlew: 7 load: 1 length: 8 isBuffered: true
    Key: 19 outSlew: 7 load: 1 length: 2 isBuffered: true
 Out of 164 sinks, 1 sinks closer to other cluster.
 Out of 387 sinks, 32 sinks closer to other cluster.
 Out of 353 sinks, 24 sinks closer to other cluster.
 Out of 404 sinks, 38 sinks closer to other cluster.
 Out of 324 sinks, 19 sinks closer to other cluster.
 Out of 223 sinks, 14 sinks closer to other cluster.
 Out of 240 sinks, 2 sinks closer to other cluster.
 Out of 246 sinks, 10 sinks closer to other cluster.
 Out of 320 sinks, 16 sinks closer to other cluster.
 Out of 246 sinks, 26 sinks closer to other cluster.
 Out of 179 sinks, 19 sinks closer to other cluster.
 Out of 385 sinks, 41 sinks closer to other cluster.
 Out of 445 sinks, 11 sinks closer to other cluster.
 Out of 425 sinks, 61 sinks closer to other cluster.
 Out of 420 sinks, 39 sinks closer to other cluster.
 Level 7
    Direction: Horizontal
    Sinks per sub-region: 82
    Sub-region size: 29.4977 X 34.3275
[INFO CTS-0034]     Segment length (rounded): 14.
    Key: 1025 outSlew: 7 load: 1 length: 8 isBuffered: true
    Key: 355 outSlew: 7 load: 1 length: 6 isBuffered: true
 Out of 66 sinks, 22 sinks closer to other cluster.
 Out of 114 sinks, 23 sinks closer to other cluster.
 Out of 132 sinks, 1 sinks closer to other cluster.
 Out of 115 sinks, 1 sinks closer to other cluster.
 Out of 103 sinks, 5 sinks closer to other cluster.
 Out of 144 sinks, 1 sinks closer to other cluster.
 Out of 99 sinks, 1 sinks closer to other cluster.
 Out of 157 sinks, 1 sinks closer to other cluster.
 Out of 138 sinks, 13 sinks closer to other cluster.
 Out of 128 sinks, 5 sinks closer to other cluster.
 Out of 122 sinks, 14 sinks closer to other cluster.
 Out of 99 sinks, 5 sinks closer to other cluster.
 Out of 72 sinks, 1 sinks closer to other cluster.
 Out of 103 sinks, 29 sinks closer to other cluster.
 Out of 231 sinks, 5 sinks closer to other cluster.
 Level 8
    Direction: Vertical
    Sinks per sub-region: 41
    Sub-region size: 29.4977 X 17.1638
[INFO CTS-0034]     Segment length (rounded): 8.
    Key: 1025 outSlew: 7 load: 1 length: 8 isBuffered: true
 Out of 27 sinks, 8 sinks closer to other cluster.
 Out of 46 sinks, 15 sinks closer to other cluster.
 Out of 53 sinks, 2 sinks closer to other cluster.
 Out of 58 sinks, 4 sinks closer to other cluster.
 Out of 46 sinks, 8 sinks closer to other cluster.
 Out of 60 sinks, 4 sinks closer to other cluster.
 Out of 93 sinks, 16 sinks closer to other cluster.
 Out of 99 sinks, 1 sinks closer to other cluster.
 Out of 102 sinks, 5 sinks closer to other cluster.
 Out of 130 sinks, 6 sinks closer to other cluster.
 Out of 78 sinks, 5 sinks closer to other cluster.
 Out of 63 sinks, 3 sinks closer to other cluster.
 Out of 131 sinks, 1 sinks closer to other cluster.
 Out of 76 sinks, 3 sinks closer to other cluster.
 Out of 78 sinks, 7 sinks closer to other cluster.
 Out of 52 sinks, 2 sinks closer to other cluster.
 Out of 62 sinks, 9 sinks closer to other cluster.
 Out of 69 sinks, 3 sinks closer to other cluster.
 Out of 41 sinks, 4 sinks closer to other cluster.
 Out of 74 sinks, 6 sinks closer to other cluster.
 Out of 75 sinks, 23 sinks closer to other cluster.
 Out of 59 sinks, 17 sinks closer to other cluster.
 Out of 56 sinks, 10 sinks closer to other cluster.
 Out of 98 sinks, 7 sinks closer to other cluster.
 Out of 94 sinks, 2 sinks closer to other cluster.
 Out of 76 sinks, 1 sinks closer to other cluster.
 Out of 84 sinks, 3 sinks closer to other cluster.
 Out of 113 sinks, 5 sinks closer to other cluster.
 Out of 49 sinks, 5 sinks closer to other cluster.
 Out of 60 sinks, 1 sinks closer to other cluster.
 Out of 29 sinks, 3 sinks closer to other cluster.
 Out of 41 sinks, 9 sinks closer to other cluster.
 Out of 62 sinks, 17 sinks closer to other cluster.
 Out of 138 sinks, 1 sinks closer to other cluster.
 Out of 130 sinks, 2 sinks closer to other cluster.
 Out of 89 sinks, 7 sinks closer to other cluster.
 Out of 111 sinks, 6 sinks closer to other cluster.
 Out of 108 sinks, 3 sinks closer to other cluster.
 Out of 48 sinks, 1 sinks closer to other cluster.
 Out of 97 sinks, 2 sinks closer to other cluster.
 Out of 97 sinks, 18 sinks closer to other cluster.
 Out of 73 sinks, 2 sinks closer to other cluster.
 Out of 112 sinks, 3 sinks closer to other cluster.
 Out of 67 sinks, 2 sinks closer to other cluster.
 Level 9
    Direction: Horizontal
    Sinks per sub-region: 21
    Sub-region size: 14.7488 X 17.1638
[INFO CTS-0034]     Segment length (rounded): 8.
    Key: 1025 outSlew: 7 load: 1 length: 8 isBuffered: true
 Out of 11 sinks, 2 sinks closer to other cluster.
 Out of 16 sinks, 1 sinks closer to other cluster.
 Out of 17 sinks, 2 sinks closer to other cluster.
 Out of 19 sinks, 4 sinks closer to other cluster.
 Out of 55 sinks, 1 sinks closer to other cluster.
 Out of 49 sinks, 1 sinks closer to other cluster.
 Out of 61 sinks, 1 sinks closer to other cluster.
 Out of 26 sinks, 2 sinks closer to other cluster.
 Out of 37 sinks, 4 sinks closer to other cluster.
 Out of 24 sinks, 1 sinks closer to other cluster.
 Out of 18 sinks, 2 sinks closer to other cluster.
 Out of 20 sinks, 4 sinks closer to other cluster.
 Out of 16 sinks, 3 sinks closer to other cluster.
 Out of 29 sinks, 8 sinks closer to other cluster.
 Out of 40 sinks, 1 sinks closer to other cluster.
 Out of 25 sinks, 1 sinks closer to other cluster.
 Out of 20 sinks, 1 sinks closer to other cluster.
 Out of 23 sinks, 5 sinks closer to other cluster.
 Out of 38 sinks, 2 sinks closer to other cluster.
 Out of 33 sinks, 4 sinks closer to other cluster.
 Out of 53 sinks, 3 sinks closer to other cluster.
 Out of 21 sinks, 3 sinks closer to other cluster.
 Out of 31 sinks, 1 sinks closer to other cluster.
 Out of 45 sinks, 5 sinks closer to other cluster.
 Out of 30 sinks, 1 sinks closer to other cluster.
 Out of 19 sinks, 1 sinks closer to other cluster.
 Out of 33 sinks, 1 sinks closer to other cluster.
 Out of 15 sinks, 1 sinks closer to other cluster.
 Out of 19 sinks, 1 sinks closer to other cluster.
 Out of 24 sinks, 1 sinks closer to other cluster.
 Out of 31 sinks, 3 sinks closer to other cluster.
 Out of 32 sinks, 3 sinks closer to other cluster.
 Out of 40 sinks, 1 sinks closer to other cluster.
 Out of 37 sinks, 2 sinks closer to other cluster.
 Out of 37 sinks, 1 sinks closer to other cluster.
 Out of 82 sinks, 2 sinks closer to other cluster.
 Out of 62 sinks, 1 sinks closer to other cluster.
 Out of 38 sinks, 2 sinks closer to other cluster.
 Out of 53 sinks, 3 sinks closer to other cluster.
 Out of 44 sinks, 3 sinks closer to other cluster.
 Out of 59 sinks, 2 sinks closer to other cluster.
 Out of 67 sinks, 1 sinks closer to other cluster.
 Out of 73 sinks, 3 sinks closer to other cluster.
 Level 10
    Direction: Vertical
    Sinks per sub-region: 11
    Sub-region size: 14.7488 X 8.5819
[INFO CTS-0034]     Segment length (rounded): 4.
    Key: 65 outSlew: 7 load: 1 length: 4 isBuffered: true
 Out of 7 sinks, 1 sinks closer to other cluster.
 Out of 10 sinks, 3 sinks closer to other cluster.
 Out of 8 sinks, 1 sinks closer to other cluster.
 Out of 13 sinks, 4 sinks closer to other cluster.
 Out of 8 sinks, 2 sinks closer to other cluster.
 Out of 12 sinks, 1 sinks closer to other cluster.
 Out of 16 sinks, 1 sinks closer to other cluster.
 Out of 12 sinks, 1 sinks closer to other cluster.
 Out of 17 sinks, 1 sinks closer to other cluster.
 Out of 23 sinks, 1 sinks closer to other cluster.
 Out of 18 sinks, 1 sinks closer to other cluster.
 Out of 10 sinks, 1 sinks closer to other cluster.
 Out of 14 sinks, 1 sinks closer to other cluster.
 Out of 8 sinks, 1 sinks closer to other cluster.
 Out of 10 sinks, 1 sinks closer to other cluster.
 Out of 33 sinks, 1 sinks closer to other cluster.
 Out of 30 sinks, 3 sinks closer to other cluster.
 Out of 25 sinks, 1 sinks closer to other cluster.
 Out of 17 sinks, 3 sinks closer to other cluster.
 Out of 15 sinks, 1 sinks closer to other cluster.
 Out of 33 sinks, 1 sinks closer to other cluster.
 Out of 14 sinks, 5 sinks closer to other cluster.
 Out of 23 sinks, 2 sinks closer to other cluster.
 Out of 14 sinks, 1 sinks closer to other cluster.
 Out of 20 sinks, 3 sinks closer to other cluster.
 Out of 24 sinks, 1 sinks closer to other cluster.
 Out of 21 sinks, 2 sinks closer to other cluster.
 Out of 20 sinks, 3 sinks closer to other cluster.
 Out of 28 sinks, 1 sinks closer to other cluster.
 Out of 15 sinks, 2 sinks closer to other cluster.
 Out of 38 sinks, 5 sinks closer to other cluster.
 Out of 20 sinks, 1 sinks closer to other cluster.
 Out of 15 sinks, 1 sinks closer to other cluster.
 Out of 19 sinks, 1 sinks closer to other cluster.
 Out of 13 sinks, 1 sinks closer to other cluster.
 Out of 18 sinks, 1 sinks closer to other cluster.
 Out of 13 sinks, 2 sinks closer to other cluster.
 Out of 8 sinks, 3 sinks closer to other cluster.
 Out of 12 sinks, 1 sinks closer to other cluster.
 Out of 11 sinks, 3 sinks closer to other cluster.
 Out of 10 sinks, 3 sinks closer to other cluster.
 Out of 12 sinks, 1 sinks closer to other cluster.
 Out of 18 sinks, 1 sinks closer to other cluster.
 Out of 14 sinks, 1 sinks closer to other cluster.
 Out of 15 sinks, 1 sinks closer to other cluster.
 Out of 15 sinks, 1 sinks closer to other cluster.
 Out of 16 sinks, 3 sinks closer to other cluster.
 Out of 15 sinks, 1 sinks closer to other cluster.
 Out of 16 sinks, 1 sinks closer to other cluster.
 Out of 14 sinks, 1 sinks closer to other cluster.
 Out of 15 sinks, 1 sinks closer to other cluster.
 Out of 13 sinks, 4 sinks closer to other cluster.
 Out of 29 sinks, 3 sinks closer to other cluster.
 Out of 22 sinks, 1 sinks closer to other cluster.
 Out of 14 sinks, 4 sinks closer to other cluster.
 Out of 13 sinks, 4 sinks closer to other cluster.
 Out of 14 sinks, 1 sinks closer to other cluster.
 Out of 19 sinks, 7 sinks closer to other cluster.
 Out of 31 sinks, 3 sinks closer to other cluster.
 Out of 24 sinks, 1 sinks closer to other cluster.
 Out of 21 sinks, 2 sinks closer to other cluster.
 Out of 23 sinks, 2 sinks closer to other cluster.
 Out of 24 sinks, 1 sinks closer to other cluster.
 Out of 26 sinks, 1 sinks closer to other cluster.
 Out of 18 sinks, 1 sinks closer to other cluster.
 Out of 8 sinks, 1 sinks closer to other cluster.
 Out of 13 sinks, 1 sinks closer to other cluster.
 Out of 23 sinks, 1 sinks closer to other cluster.
 Out of 23 sinks, 1 sinks closer to other cluster.
 Out of 20 sinks, 2 sinks closer to other cluster.
 Out of 18 sinks, 5 sinks closer to other cluster.
 Out of 12 sinks, 1 sinks closer to other cluster.
 Out of 12 sinks, 2 sinks closer to other cluster.
 Out of 7 sinks, 1 sinks closer to other cluster.
 Out of 13 sinks, 1 sinks closer to other cluster.
 Out of 22 sinks, 1 sinks closer to other cluster.
 Out of 13 sinks, 2 sinks closer to other cluster.
 Out of 7 sinks, 1 sinks closer to other cluster.
 Out of 5 sinks, 1 sinks closer to other cluster.
 Out of 9 sinks, 1 sinks closer to other cluster.
 Out of 13 sinks, 2 sinks closer to other cluster.
 Out of 11 sinks, 1 sinks closer to other cluster.
 Out of 13 sinks, 1 sinks closer to other cluster.
 Out of 16 sinks, 1 sinks closer to other cluster.
 Out of 10 sinks, 1 sinks closer to other cluster.
 Out of 17 sinks, 1 sinks closer to other cluster.
 Out of 16 sinks, 6 sinks closer to other cluster.
 Out of 10 sinks, 1 sinks closer to other cluster.
 Out of 15 sinks, 1 sinks closer to other cluster.
 Out of 15 sinks, 1 sinks closer to other cluster.
 Out of 14 sinks, 1 sinks closer to other cluster.
 Out of 20 sinks, 3 sinks closer to other cluster.
 Out of 36 sinks, 3 sinks closer to other cluster.
 Out of 37 sinks, 1 sinks closer to other cluster.
 Out of 36 sinks, 6 sinks closer to other cluster.
 Out of 27 sinks, 1 sinks closer to other cluster.
 Out of 34 sinks, 2 sinks closer to other cluster.
 Out of 10 sinks, 1 sinks closer to other cluster.
 Out of 20 sinks, 1 sinks closer to other cluster.
 Out of 42 sinks, 1 sinks closer to other cluster.
 Out of 39 sinks, 1 sinks closer to other cluster.
 Out of 36 sinks, 2 sinks closer to other cluster.
 Out of 23 sinks, 2 sinks closer to other cluster.
 Out of 20 sinks, 1 sinks closer to other cluster.
 Out of 12 sinks, 1 sinks closer to other cluster.
 Out of 40 sinks, 1 sinks closer to other cluster.
 Out of 13 sinks, 1 sinks closer to other cluster.
 Out of 17 sinks, 1 sinks closer to other cluster.
 Out of 25 sinks, 1 sinks closer to other cluster.
 Out of 16 sinks, 1 sinks closer to other cluster.
 Out of 24 sinks, 1 sinks closer to other cluster.
 Out of 23 sinks, 1 sinks closer to other cluster.
 Out of 30 sinks, 1 sinks closer to other cluster.
 Out of 34 sinks, 1 sinks closer to other cluster.
[INFO CTS-0032]  Stop criterion found. Max number of sinks is 15.
[INFO CTS-0035]  Number of sinks covered: 10452.
[INFO CTS-0036]  Average source sink dist: 29448.03 dbu.
[INFO CTS-0037]  Number of outlier sinks: 251.
[INFO CTS-0018]     Created 13466 clock buffers.
[INFO CTS-0012]     Minimum number of buffers in the clock path: 50.
[INFO CTS-0013]     Maximum number of buffers in the clock path: 76.
[INFO CTS-0015]     Created 13466 clock nets.
[INFO CTS-0016]     Fanout distribution for the current clock = 2:8844, 3:1344, 4:57, 5:47, 6:107, 7:88, 8:111, 9:88, 10:105, 11:58, 12:77, 13:56, 14:41, 15:43, 16:20, 17:25, 18:22, 19:13, 20:13, 21:13, 22:7, 23:5, 24:4, 25:3, 27:2, 28:1..
[INFO CTS-0017]     Max level of the clock tree: 10.
[INFO CTS-0098] Clock net "clk"
[INFO CTS-0099]  Sinks 21953
[INFO CTS-0100]  Leaf buffers 10170
[INFO CTS-0101]  Average sink wire length 9505.90 um
[INFO CTS-0102]  Path depth 50 - 76
[INFO RSZ-0058] Using max wire length 3199um.
[INFO RSZ-0047] Found 1 long wires.
[INFO RSZ-0048] Inserted 1 buffers in 1 nets.
Placement Analysis
---------------------------------
total displacement     136638.9 u
average displacement        0.5 u
max displacement          218.5 u
original HPWL         8263469.4 u
legalized HPWL        8336478.8 u
delta HPWL                    1 %

[INFO RSZ-0046] Found 16641 endpoints with hold violations.
[WARNING RSZ-0064] Unable to repair all hold checks within margin.
[INFO RSZ-0032] Inserted 2301 hold buffers.
Placement Analysis
---------------------------------
total displacement      50714.6 u
average displacement        0.2 u
max displacement          213.4 u
original HPWL         8416674.6 u
legalized HPWL        8434000.7 u
delta HPWL                    0 %

[INFO GRT-0020] Min routing layer: met1
[INFO GRT-0021] Max routing layer: met5
[INFO GRT-0022] Global adjustment: 0%
[INFO GRT-0023] Grid origin: (0, 0)
[WARNING GRT-0043] No OR_DEFAULT vias defined.
[INFO GRT-0088] Layer li1     Track-Pitch = 0.4600  line-2-Via Pitch: 0.3400
[INFO GRT-0088] Layer met1    Track-Pitch = 0.3400  line-2-Via Pitch: 0.3400
[INFO GRT-0088] Layer met2    Track-Pitch = 0.4600  line-2-Via Pitch: 0.3500
[INFO GRT-0088] Layer met3    Track-Pitch = 0.6800  line-2-Via Pitch: 0.6150
[INFO GRT-0088] Layer met4    Track-Pitch = 0.9200  line-2-Via Pitch: 1.0400
[INFO GRT-0088] Layer met5    Track-Pitch = 3.4000  line-2-Via Pitch: 3.1100
[INFO GRT-0019] Found 13468 clock nets.
[INFO GRT-0001] Minimum degree: 2
[INFO GRT-0002] Maximum degree: 104
[INFO GRT-0003] Macros: 44
[INFO GRT-0004] Blockages: 374451

[INFO GRT-0053] Routing resources analysis:
          Routing      Original      Derated      Resource
Layer     Direction    Resources     Resources    Reduction (%)
---------------------------------------------------------------
li1        Vertical            0             0          0.00%
met1       Horizontal    9513460       3625050          61.90%
met2       Vertical      7135095       3183360          55.38%
met3       Horizontal    4756730       2124820          55.33%
met4       Vertical      2854038       1215959          57.40%
met5       Horizontal     951346        950304          0.11%
---------------------------------------------------------------

[INFO GRT-0101] Running extra iterations to remove overflow.
[INFO GRT-0197] Via related to pin nodes: 526425
[INFO GRT-0198] Via related Steiner nodes: 1958
[INFO GRT-0199] Via filling finished.
[INFO GRT-0111] Final number of vias: 637998
[INFO GRT-0112] Final usage 3D: 3456204
[WARNING GRT-0115] Global routing finished with overflow.

[INFO GRT-0096] Final congestion report:
Layer         Resource        Demand        Usage (%)    Max H / Max V / Total Overflow
---------------------------------------------------------------------------------------
li1                  0             0            0.00%             0 /  0 /  0
met1           3625050        717425           19.79%             0 /  0 /  0
met2           3183360        503924           15.83%             0 /  0 /  0
met3           2124820        221788           10.44%             0 /  0 /  0
met4           1215959         69608            5.72%             0 /  1 /  3
met5            950304         29465            3.10%             0 /  0 /  0
---------------------------------------------------------------------------------------
Total         11099493       1542210           13.89%             0 /  1 /  3

[INFO GRT-0018] Total wirelength: 12980093 um
[INFO GRT-0014] Routed nets: 131088
[INFO DRT-0149] Reading tech and libs.

Units:                1000
Number of layers:     13
Number of macros:     438
Number of vias:       25
Number of viarulegen: 25

[INFO DRT-0150] Reading design.

Design:                   spark_core
Die area:                 ( 0 0 ) ( 6300000 3600000 )
Number of track patterns: 12
Number of DEF vias:       4
Number of components:     270929
Number of terminals:      516
Number of snets:          2
Number of nets:           131226

[INFO DRT-0167] List of default vias:
  Layer mcon
    default via: L1M1_PR
  Layer via
    default via: M1M2_PR
  Layer via2
    default via: M2M3_PR
  Layer via3
    default via: M3M4_PR
  Layer via4
    default via: M4M5_PR
[INFO DRT-0162] Library cell analysis.
[INFO DRT-0163] Instance analysis.
  Complete 10000 instances.
  Complete 20000 instances.
  Complete 30000 instances.
  Complete 40000 instances.
  Complete 50000 instances.
  Complete 60000 instances.
  Complete 70000 instances.
  Complete 80000 instances.
  Complete 90000 instances.
  Complete 100000 instances.
  Complete 200000 instances.
[INFO DRT-0164] Number of unique instances = 457.
[INFO DRT-0168] Init region query.
[INFO DRT-0018]   Complete 10000 insts.
[INFO DRT-0018]   Complete 20000 insts.
[INFO DRT-0018]   Complete 30000 insts.
[INFO DRT-0018]   Complete 40000 insts.
[INFO DRT-0018]   Complete 50000 insts.
[INFO DRT-0018]   Complete 60000 insts.
[INFO DRT-0018]   Complete 70000 insts.
[INFO DRT-0018]   Complete 80000 insts.
[INFO DRT-0018]   Complete 90000 insts.
[INFO DRT-0019]   Complete 100000 insts.
[INFO DRT-0019]   Complete 200000 insts.
[INFO DRT-0024]   Complete FR_MASTERSLICE.
[INFO DRT-0024]   Complete licon.
[INFO DRT-0024]   Complete li1.
[INFO DRT-0024]   Complete mcon.
[INFO DRT-0024]   Complete met1.
[INFO DRT-0024]   Complete via.
[INFO DRT-0024]   Complete met2.
[INFO DRT-0024]   Complete via2.
[INFO DRT-0024]   Complete met3.
[INFO DRT-0024]   Complete via3.
[INFO DRT-0024]   Complete met4.
[INFO DRT-0024]   Complete via4.
[INFO DRT-0024]   Complete met5.
[INFO DRT-0033] FR_MASTERSLICE shape region query size = 0.
[INFO DRT-0033] licon shape region query size = 0.
[INFO DRT-0033] li1 shape region query size = 4456100.
[INFO DRT-0033] mcon shape region query size = 0.
[INFO DRT-0033] met1 shape region query size = 981189.
[INFO DRT-0033] via shape region query size = 313310.
[INFO DRT-0033] met2 shape region query size = 125874.
[INFO DRT-0033] via2 shape region query size = 250648.
[INFO DRT-0033] met3 shape region query size = 128896.
[INFO DRT-0033] via3 shape region query size = 250648.
[INFO DRT-0033] met4 shape region query size = 82514.
[INFO DRT-0033] via4 shape region query size = 6070.
[INFO DRT-0033] met5 shape region query size = 6326.
[INFO DRT-0165] Start pin access.
[INFO DRT-0076]   Complete 100 pins.
[INFO DRT-0076]   Complete 200 pins.
[INFO DRT-0076]   Complete 300 pins.
[INFO DRT-0076]   Complete 400 pins.
[INFO DRT-0076]   Complete 500 pins.
[INFO DRT-0076]   Complete 600 pins.
[INFO DRT-0076]   Complete 700 pins.
[INFO DRT-0076]   Complete 800 pins.
[INFO DRT-0076]   Complete 900 pins.
[INFO DRT-0077]   Complete 1000 pins.
[INFO DRT-0077]   Complete 2000 pins.
[INFO DRT-0077]   Complete 3000 pins.
[INFO DRT-0077]   Complete 4000 pins.
[INFO DRT-0077]   Complete 5000 pins.
[INFO DRT-0078]   Complete 5729 pins.
[INFO DRT-0079]   Complete 100 unique inst patterns.
[INFO DRT-0079]   Complete 200 unique inst patterns.
[INFO DRT-0079]   Complete 300 unique inst patterns.
[INFO DRT-0079]   Complete 400 unique inst patterns.
[INFO DRT-0081]   Complete 407 unique inst patterns.
[INFO DRT-0082]   Complete 1000 groups.
[INFO DRT-0082]   Complete 2000 groups.
[INFO DRT-0082]   Complete 3000 groups.
[INFO DRT-0082]   Complete 4000 groups.
[INFO DRT-0082]   Complete 5000 groups.
[INFO DRT-0082]   Complete 6000 groups.
[INFO DRT-0082]   Complete 7000 groups.
[INFO DRT-0082]   Complete 8000 groups.
[INFO DRT-0082]   Complete 9000 groups.
[INFO DRT-0083]   Complete 10000 groups.
[INFO DRT-0083]   Complete 20000 groups.
[INFO DRT-0083]   Complete 30000 groups.
[INFO DRT-0083]   Complete 40000 groups.
[INFO DRT-0083]   Complete 50000 groups.
[INFO DRT-0083]   Complete 60000 groups.
[INFO DRT-0083]   Complete 70000 groups.
[INFO DRT-0083]   Complete 80000 groups.
[INFO DRT-0084]   Complete 88741 groups.
#scanned instances     = 270929
#unique  instances     = 457
#stdCellGenAp          = 12724
#stdCellValidPlanarAp  = 139
#stdCellValidViaAp     = 9770
#stdCellPinNoAp        = 0
#stdCellPinCnt         = 416741
#instTermValidViaApCnt = 0
#macroGenAp            = 9480
#macroValidPlanarAp    = 8590
#macroValidViaAp       = 0
#macroNoAp             = 0
[INFO DRT-0166] Complete pin access.
[INFO DRT-0267] cpu time = 00:01:08, elapsed time = 00:00:47, memory = 3751.02 (MB), peak = 3891.21 (MB)
[INFO DRT-0185] Post process initialize RPin region query.

Generating GCell with size = 15 tracks, using layer li1 pitch  = 0.46
li1 V Track-Pitch = 0.46000  line-2-Via Pitch = 0.34000
met1 H Track-Pitch = 0.34000  line-2-Via Pitch = 0.32500
met2 V Track-Pitch = 0.46000  line-2-Via Pitch = 0.34000
met3 H Track-Pitch = 0.68000  line-2-Via Pitch = 0.61000
met4 V Track-Pitch = 0.92000  line-2-Via Pitch = 0.61500
met5 H Track-Pitch = 3.40000  line-2-Via Pitch = 3.11000

initializing congestion map...

start routing resource analysis ...

             Routing   #Avail     #Track     #Total     %Gcell
Layer      Direction    Track    Blocked      Gcell    Blocked
--------------------------------------------------------------
li1             V       13696          0     475673      7.47%
met1            H       10588          0     475673     54.81%
met2            V       13696          0     475673     55.69%
met3            H        5294          0     475673     54.97%
met4            V        6848          0     475673     55.91%
met5            H        1059          0     475673      4.02%
--------------------------------------------------------------
Total                   51181      0.00%    2854038     38.81%

[INFO DRT-0267] cpu time = 00:00:00, elapsed time = 00:00:00, memory = 3826.11 (MB), peak = 3891.21 (MB)


generating net topology...
done net topology...
[INFO DRT-0032] FR_MASTERSLICE grObj region query size = 0.
[INFO DRT-0032] licon grObj region query size = 0.
[INFO DRT-0032] li1 grObj region query size = 323254.
[INFO DRT-0032] mcon grObj region query size = 0.
[INFO DRT-0032] met1 grObj region query size = 0.
[INFO DRT-0032] via grObj region query size = 0.
[INFO DRT-0032] met2 grObj region query size = 0.
[INFO DRT-0032] via2 grObj region query size = 0.
[INFO DRT-0032] met3 grObj region query size = 0.
[INFO DRT-0032] via3 grObj region query size = 0.
[INFO DRT-0032] met4 grObj region query size = 0.
[INFO DRT-0032] via4 grObj region query size = 0.
[INFO DRT-0032] met5 grObj region query size = 0.

start reporting 2D congestion ...

              #OverCon  %OverCon
Direction        GCell     GCell
--------------------------------
    H            5452     1.15%
    V              57     0.01%
worstConH: 1600.00%
worstConV: 118.18%


start 0th optimization iteration ...
[INFO DRT-0267] cpu time = 00:00:09, elapsed time = 00:00:08, memory = 4269.36 (MB), peak = 4268.85 (MB)


start 1st optimization iteration ...
[INFO DRT-0267] cpu time = 00:00:09, elapsed time = 00:00:09, memory = 4309.95 (MB), peak = 4311.47 (MB)


start 2nd optimization iteration ...
[INFO DRT-0267] cpu time = 00:00:25, elapsed time = 00:00:24, memory = 4364.33 (MB), peak = 4363.71 (MB)


start reporting 2D congestion ...

              #OverCon  %OverCon
Direction        GCell     GCell
--------------------------------
    H              63     0.01%
    V               3     0.00%
worstConH: 500.00%
worstConV: 113.64%

layer assignment...
done layer assignment...

start 0th optimization iteration ...
Warning: overlapping disjoint pinGCellNodes detected of net2657
  between non-rootGCellNode and non-rootGCellNode
[INFO DRT-0267] cpu time = 00:00:09, elapsed time = 00:00:07, memory = 4698.42 (MB), peak = 4697.84 (MB)


start reporting 3D congestion ...

---------- li1 ----------
numOverConGCell: 207, %OverConGCell:   0.04%
---------- met1 ----------
numOverConGCell: 152, %OverConGCell:   0.03%
---------- met2 ----------
numOverConGCell: 15, %OverConGCell:   0.00%
---------- met3 ----------
numOverConGCell: 14, %OverConGCell:   0.00%
---------- met4 ----------
numOverConGCell: 3, %OverConGCell:   0.00%
---------- met5 ----------
numOverConGCell: 194, %OverConGCell:   0.04%

[WARNING DRT-0203] dbGcellGrid already exists in db. Clearing existing dbGCellGrid.
[INFO DRT-0151] Reading guide.
[INFO DRT-0156] guideIn read 100000 guides.
[INFO DRT-0156] guideIn read 200000 guides.
[INFO DRT-0156] guideIn read 300000 guides.
[INFO DRT-0156] guideIn read 400000 guides.
[INFO DRT-0156] guideIn read 500000 guides.
[INFO DRT-0156] guideIn read 600000 guides.
[INFO DRT-0156] guideIn read 700000 guides.
[INFO DRT-0156] guideIn read 800000 guides.
[INFO DRT-0156] guideIn read 900000 guides.
[INFO DRT-0157] guideIn read 1000000 guides.
[INFO DRT-0157] guideIn read 2000000 guides.

Number of guides:     2212811

[INFO DRT-0169] Post process guides.
[INFO DRT-0176] GCELLGRID X -5 DO 913 STEP 6900 ;
[INFO DRT-0177] GCELLGRID Y -5 DO 521 STEP 6900 ;
[INFO DRT-0026]   Complete 10000 origin guides.
[INFO DRT-0026]   Complete 20000 origin guides.
[INFO DRT-0026]   Complete 30000 origin guides.
[INFO DRT-0026]   Complete 40000 origin guides.
[INFO DRT-0026]   Complete 50000 origin guides.
[INFO DRT-0026]   Complete 60000 origin guides.
[INFO DRT-0026]   Complete 70000 origin guides.
[INFO DRT-0026]   Complete 80000 origin guides.
[INFO DRT-0026]   Complete 90000 origin guides.
[INFO DRT-0027]   Complete 100000 origin guides.
[INFO DRT-0027]   Complete 200000 origin guides.
[INFO DRT-0027]   Complete 300000 origin guides.
[INFO DRT-0027]   Complete 400000 origin guides.
[INFO DRT-0027]   Complete 500000 origin guides.
[INFO DRT-0027]   Complete 600000 origin guides.
[INFO DRT-0027]   Complete 700000 origin guides.
[INFO DRT-0027]   Complete 800000 origin guides.
[INFO DRT-0027]   Complete 900000 origin guides.
[INFO DRT-0027]   Complete 1000000 origin guides.
[INFO DRT-0027]   Complete 1100000 origin guides.
[INFO DRT-0027]   Complete 1200000 origin guides.
[INFO DRT-0027]   Complete 1300000 origin guides.
[INFO DRT-0027]   Complete 1400000 origin guides.
[INFO DRT-0027]   Complete 1500000 origin guides.
[INFO DRT-0027]   Complete 1600000 origin guides.
[INFO DRT-0027]   Complete 1700000 origin guides.
[INFO DRT-0027]   Complete 1800000 origin guides.
[INFO DRT-0027]   Complete 1900000 origin guides.
[INFO DRT-0027]   Complete 2000000 origin guides.
[INFO DRT-0027]   Complete 2100000 origin guides.
[INFO DRT-0027]   Complete 2200000 origin guides.
[INFO DRT-0028]   Complete FR_MASTERSLICE.
[INFO DRT-0028]   Complete licon.
[INFO DRT-0028]   Complete li1.
[INFO DRT-0028]   Complete mcon.
[INFO DRT-0028]   Complete met1.
[INFO DRT-0028]   Complete via.
[INFO DRT-0028]   Complete met2.
[INFO DRT-0028]   Complete via2.
[INFO DRT-0028]   Complete met3.
[INFO DRT-0028]   Complete via3.
[INFO DRT-0028]   Complete met4.
[INFO DRT-0028]   Complete via4.
[INFO DRT-0028]   Complete met5.
  complete 10000 nets.
  complete 20000 nets.
[WARNING DRT-0225] _025099_ 1 pin not visited, fall back to feedthrough mode.
[WARNING DRT-0225] _025745_ 1 pin not visited, fall back to feedthrough mode.
[WARNING DRT-0225] _027101_ 2 pin not visited, fall back to feedthrough mode.
[WARNING DRT-0225] _027233_ 18 pin not visited, fall back to feedthrough mode.
[WARNING DRT-0225] _029603_ 4 pin not visited, fall back to feedthrough mode.
[WARNING DRT-0225] _029630_ 2 pin not visited, fall back to feedthrough mode.
[WARNING DRT-0225] _029682_ 1 pin not visited, fall back to feedthrough mode.
[WARNING DRT-0225] _029688_ 1 pin not visited, fall back to feedthrough mode.
[WARNING DRT-0225] _029821_ 1 pin not visited, fall back to feedthrough mode.
  complete 30000 nets.
[WARNING DRT-0225] _030351_ 1 pin not visited, fall back to feedthrough mode.
[WARNING DRT-0225] _030976_ 1 pin not visited, fall back to feedthrough mode.
[WARNING DRT-0225] _033332_ 2 pin not visited, fall back to feedthrough mode.
[WARNING DRT-0225] _033813_ 4 pin not visited, fall back to feedthrough mode.
[WARNING DRT-0225] _038828_ 8 pin not visited, fall back to feedthrough mode.
[WARNING DRT-0225] _039566_ 1 pin not visited, fall back to feedthrough mode.
  complete 40000 nets.
  complete 50000 nets.
  complete 60000 nets.
[WARNING DRT-0225] _060179_ 1 pin not visited, fall back to feedthrough mode.
[WARNING DRT-0225] _062678_ 8 pin not visited, fall back to feedthrough mode.
[WARNING DRT-0225] _062810_ 25 pin not visited, fall back to feedthrough mode.
[WARNING DRT-0225] _063518_ 1 pin not visited, fall back to feedthrough mode.
[WARNING DRT-0225] _063614_ 3 pin not visited, fall back to feedthrough mode.
[WARNING DRT-0225] _065348_ 2 pin not visited, fall back to feedthrough mode.
[WARNING DRT-0225] _065425_ 1 pin not visited, fall back to feedthrough mode.
[WARNING DRT-0225] _065522_ 2 pin not visited, fall back to feedthrough mode.
[WARNING DRT-0225] _065532_ 3 pin not visited, fall back to feedthrough mode.
[WARNING DRT-0225] _065616_ 6 pin not visited, fall back to feedthrough mode.
[WARNING DRT-0225] _065636_ 24 pin not visited, fall back to feedthrough mode.
[WARNING DRT-0225] _066013_ 3 pin not visited, fall back to feedthrough mode.
[WARNING DRT-0225] _066015_ 13 pin not visited, fall back to feedthrough mode.
[WARNING DRT-0225] _066963_ 5 pin not visited, fall back to feedthrough mode.
[WARNING DRT-0225] _067426_ 1 pin not visited, fall back to feedthrough mode.
  complete 70000 nets.
  complete 80000 nets.
  complete 90000 nets.
[WARNING DRT-0225] u_s1.mem\[4\]\[7\] 1 pin not visited, fall back to feedthrough mode.
  complete 100000 nets.
[WARNING DRT-0225] net1 9 pin not visited, fall back to feedthrough mode.
[WARNING DRT-0225] net89 3 pin not visited, fall back to feedthrough mode.
[WARNING DRT-0225] net93 23 pin not visited, fall back to feedthrough mode.
[WARNING DRT-0225] net173 12 pin not visited, fall back to feedthrough mode.
[WARNING DRT-0225] net200 1 pin not visited, fall back to feedthrough mode.
[WARNING DRT-0225] net291 31 pin not visited, fall back to feedthrough mode.
[WARNING DRT-0225] net682 8 pin not visited, fall back to feedthrough mode.
[WARNING DRT-0225] net920 2 pin not visited, fall back to feedthrough mode.
[WARNING DRT-0225] net1026 1 pin not visited, fall back to feedthrough mode.
[WARNING DRT-0225] net1102 6 pin not visited, fall back to feedthrough mode.
[WARNING DRT-0225] net1182 1 pin not visited, fall back to feedthrough mode.
[WARNING DRT-0225] net1674 1 pin not visited, fall back to feedthrough mode.
[WARNING DRT-0225] net3369 1 pin not visited, fall back to feedthrough mode.
[WARNING DRT-0225] net3479 7 pin not visited, fall back to feedthrough mode.
[WARNING DRT-0225] net6427 16 pin not visited, fall back to feedthrough mode.
[WARNING DRT-0225] net9196 4 pin not visited, fall back to feedthrough mode.
[WARNING DRT-0225] net9918 1 pin not visited, fall back to feedthrough mode.
[WARNING DRT-0225] net12071 2 pin not visited, fall back to feedthrough mode.
[WARNING DRT-0225] net12073 4 pin not visited, fall back to feedthrough mode.
[WARNING DRT-0225] net12075 4 pin not visited, fall back to feedthrough mode.
[WARNING DRT-0225] net12079 1 pin not visited, fall back to feedthrough mode.
[WARNING DRT-0225] net12081 3 pin not visited, fall back to feedthrough mode.
[WARNING DRT-0225] net12085 2 pin not visited, fall back to feedthrough mode.
[WARNING DRT-0225] clknet_10_104_0_clk 12 pin not visited, fall back to feedthrough mode.
[WARNING DRT-0225] clknet_10_150_0_clk 1 pin not visited, fall back to feedthrough mode.
[WARNING DRT-0225] clknet_10_465_0_clk 6 pin not visited, fall back to feedthrough mode.
[WARNING DRT-0225] clknet_10_776_0_clk 4 pin not visited, fall back to feedthrough mode.
[WARNING DRT-0225] clknet_10_796_0_clk 3 pin not visited, fall back to feedthrough mode.
[WARNING DRT-0225] clknet_10_967_0_clk 7 pin not visited, fall back to feedthrough mode.
[WARNING DRT-0225] net13282 4 pin not visited, fall back to feedthrough mode.
[INFO DRT-0178] Init guide query.
[INFO DRT-0029]   Complete 10000 nets (guide).
[INFO DRT-0029]   Complete 20000 nets (guide).
[INFO DRT-0029]   Complete 30000 nets (guide).
[INFO DRT-0029]   Complete 40000 nets (guide).
[INFO DRT-0029]   Complete 50000 nets (guide).
[INFO DRT-0029]   Complete 60000 nets (guide).
[INFO DRT-0029]   Complete 70000 nets (guide).
[INFO DRT-0029]   Complete 80000 nets (guide).
[INFO DRT-0029]   Complete 90000 nets (guide).
[INFO DRT-0030]   Complete 100000 nets (guide).
[INFO DRT-0035]   Complete FR_MASTERSLICE (guide).
[INFO DRT-0035]   Complete licon (guide).
[INFO DRT-0035]   Complete li1 (guide).
[INFO DRT-0035]   Complete mcon (guide).
[INFO DRT-0035]   Complete met1 (guide).
[INFO DRT-0035]   Complete via (guide).
[INFO DRT-0035]   Complete met2 (guide).
[INFO DRT-0035]   Complete via2 (guide).
[INFO DRT-0035]   Complete met3 (guide).
[INFO DRT-0035]   Complete via3 (guide).
[INFO DRT-0035]   Complete met4 (guide).
[INFO DRT-0035]   Complete via4 (guide).
[INFO DRT-0035]   Complete met5 (guide).
[INFO DRT-0036] FR_MASTERSLICE guide region query size = 0.
[INFO DRT-0036] licon guide region query size = 0.
[INFO DRT-0036] li1 guide region query size = 350254.
[INFO DRT-0036] mcon guide region query size = 0.
[INFO DRT-0036] met1 guide region query size = 283520.
[INFO DRT-0036] via guide region query size = 0.
[INFO DRT-0036] met2 guide region query size = 195388.
[INFO DRT-0036] via2 guide region query size = 0.
[INFO DRT-0036] met3 guide region query size = 90803.
[INFO DRT-0036] via3 guide region query size = 0.
[INFO DRT-0036] met4 guide region query size = 33385.
[INFO DRT-0036] via4 guide region query size = 0.
[INFO DRT-0036] met5 guide region query size = 10952.
[INFO DRT-0179] Init gr pin query.
[INFO DRT-0181] Start track assignment.
[INFO DRT-0184] Done with 579027 vertical wires in 19 frboxes and 385275 horizontal wires in 11 frboxes.
[INFO DRT-0186] Done with 86080 vertical wires in 19 frboxes and 93276 horizontal wires in 11 frboxes.
[INFO DRT-0182] Complete track assignment.
[INFO DRT-0267] cpu time = 00:01:38, elapsed time = 00:01:15, memory = 5802.11 (MB), peak = 5801.68 (MB)
[INFO DRT-0187] Start routing data preparation.
[INFO DRT-0267] cpu time = 00:00:01, elapsed time = 00:00:01, memory = 5905.36 (MB), peak = 5904.93 (MB)
[INFO DRT-0194] Start detail routing.
[INFO DRT-0195] Start 0th optimization iteration.
    Completing 10% with 0 violations.
    elapsed time = 00:01:51, memory = 7267.71 (MB).
    Completing 20% with 4853 violations.
    elapsed time = 00:06:08, memory = 9073.07 (MB).
    Completing 30% with 18173 violations.
    elapsed time = 00:06:40, memory = 9296.81 (MB).
    Completing 40% with 23840 violations.
    elapsed time = 00:11:17, memory = 9296.92 (MB).
    Completing 50% with 36588 violations.
    elapsed time = 00:13:25, memory = 9784.71 (MB).
    Completing 60% with 37085 violations.
    elapsed time = 00:14:50, memory = 9793.82 (MB).
    Completing 70% with 40863 violations.
    elapsed time = 00:20:06, memory = 9797.82 (MB).
    Completing 80% with 53745 violations.
    elapsed time = 00:20:42, memory = 9857.46 (MB).
    Completing 90% with 59087 violations.
    elapsed time = 00:25:55, memory = 9902.59 (MB).
    Completing 100% with 72001 violations.
    elapsed time = 00:28:15, memory = 10174.73 (MB).
[INFO DRT-0199]   Number of violations = 127968.
[INFO DRT-0267] cpu time = 01:20:42, elapsed time = 00:28:23, memory = 10174.73 (MB), peak = 10182.95 (MB)
Total wire length = 10322439 um.
Total wire length on LAYER li1 = 1204215 um.
Total wire length on LAYER met1 = 2505070 um.
Total wire length on LAYER met2 = 2353561 um.
Total wire length on LAYER met3 = 2612461 um.
Total wire length on LAYER met4 = 726966 um.
Total wire length on LAYER met5 = 920165 um.
Total number of vias = 1058056.
Up-via summary (total 1058056):.

--------------------------
 FR_MASTERSLICE          0
            li1     475390
           met1     401937
           met2     125606
           met3      40083
           met4      15040
--------------------------
                   1058056


[INFO DRT-0195] Start 1st optimization iteration.
    Completing 10% with 127968 violations.
    elapsed time = 00:01:03, memory = 10174.73 (MB).
    Completing 20% with 121614 violations.
    elapsed time = 00:04:20, memory = 10174.73 (MB).
    Completing 30% with 103480 violations.
    elapsed time = 00:04:53, memory = 10257.98 (MB).
    Completing 40% with 97687 violations.
    elapsed time = 00:08:06, memory = 10219.06 (MB).
    Completing 50% with 80970 violations.
    elapsed time = 00:09:51, memory = 10279.18 (MB).
    Completing 60% with 80246 violations.
    elapsed time = 00:11:01, memory = 10279.20 (MB).
    Completing 70% with 74259 violations.
    elapsed time = 00:14:23, memory = 10280.31 (MB).
    Completing 80% with 59135 violations.
    elapsed time = 00:14:58, memory = 10280.77 (MB).
    Completing 90% with 53268 violations.
    elapsed time = 00:18:27, memory = 10281.13 (MB).
    Completing 100% with 38864 violations.
    elapsed time = 00:20:08, memory = 10308.55 (MB).
[INFO DRT-0199]   Number of violations = 38981.
[INFO DRT-0267] cpu time = 00:58:18, elapsed time = 00:20:16, memory = 10308.55 (MB), peak = 10308.21 (MB)
Total wire length = 10265751 um.
Total wire length on LAYER li1 = 1222351 um.
Total wire length on LAYER met1 = 2512089 um.
Total wire length on LAYER met2 = 2338267 um.
Total wire length on LAYER met3 = 2602670 um.
Total wire length on LAYER met4 = 715751 um.
Total wire length on LAYER met5 = 874620 um.
Total number of vias = 1044458.
Up-via summary (total 1044458):.

--------------------------
 FR_MASTERSLICE          0
            li1     473014
           met1     399496
           met2     121546
           met3      37665
           met4      12737
--------------------------
                   1044458


[INFO DRT-0195] Start 2nd optimization iteration.
    Completing 10% with 38981 violations.
    elapsed time = 00:01:02, memory = 10308.55 (MB).
    Completing 20% with 38571 violations.
    elapsed time = 00:04:17, memory = 10308.55 (MB).
    Completing 30% with 37944 violations.
    elapsed time = 00:04:38, memory = 10308.55 (MB).
    Completing 40% with 37604 violations.
    elapsed time = 00:07:34, memory = 10308.55 (MB).
    Completing 50% with 36890 violations.
    elapsed time = 00:08:53, memory = 10308.56 (MB).
    Completing 60% with 36874 violations.
    elapsed time = 00:10:05, memory = 10308.56 (MB).
    Completing 70% with 36559 violations.
    elapsed time = 00:13:56, memory = 10308.57 (MB).
    Completing 80% with 35884 violations.
    elapsed time = 00:14:17, memory = 10308.57 (MB).
    Completing 90% with 35646 violations.
    elapsed time = 00:17:31, memory = 10308.57 (MB).
    Completing 100% with 35160 violations.
    elapsed time = 00:19:00, memory = 10308.57 (MB).
[INFO DRT-0199]   Number of violations = 35266.
[INFO DRT-0267] cpu time = 00:52:31, elapsed time = 00:19:07, memory = 10308.57 (MB), peak = 10308.21 (MB)
Total wire length = 10238219 um.
Total wire length on LAYER li1 = 1235815 um.
Total wire length on LAYER met1 = 2514090 um.
Total wire length on LAYER met2 = 2331008 um.
Total wire length on LAYER met3 = 2601049 um.
Total wire length on LAYER met4 = 710382 um.
Total wire length on LAYER met5 = 845873 um.
Total number of vias = 1039200.
Up-via summary (total 1039200):.

--------------------------
 FR_MASTERSLICE          0
            li1     472892
           met1     397976
           met2     119953
           met3      36479
           met4      11900
--------------------------
                   1039200


[INFO DRT-0195] Start 3rd optimization iteration.
    Completing 10% with 35266 violations.
    elapsed time = 00:01:29, memory = 10308.57 (MB).
    Completing 20% with 34621 violations.
    elapsed time = 00:06:45, memory = 10308.57 (MB).
    Completing 30% with 32046 violations.
    elapsed time = 00:07:32, memory = 10308.57 (MB).
    Completing 40% with 31334 violations.
    elapsed time = 00:13:06, memory = 10325.94 (MB).
    Completing 50% with 28722 violations.
    elapsed time = 00:15:26, memory = 10313.05 (MB).
    Completing 60% with 28675 violations.
    elapsed time = 00:17:13, memory = 10313.05 (MB).
    Completing 70% with 28009 violations.
    elapsed time = 00:22:05, memory = 10313.05 (MB).
    Completing 80% with 25943 violations.
    elapsed time = 00:22:47, memory = 10313.05 (MB).
